ecg_id,patient_id,true_class,true_class_id,model_b_pred,model_b_pred_id,b_correct
11,11243.0,NORM,0,NORM,0,True
25,10962.0,NORM,0,NORM,0,True
26,13619.0,STTC,1,CD,2,False
28,13619.0,STTC,1,MI,3,False
31,15348.0,NORM,0,NORM,0,True
32,11154.0,CD,2,NORM,0,False
35,15539.0,NORM,0,NORM,0,True
36,8787.0,NORM,0,NORM,0,True
39,13619.0,MI,3,MI,3,True
40,19501.0,NORM,0,NORM,0,True
43,11315.0,NORM,0,NORM,0,True
46,13180.0,NORM,0,NORM,0,True
47,8295.0,NORM,0,NORM,0,True
52,18153.0,CD,2,NORM,0,False
60,15065.0,NORM,0,NORM,0,True
67,8520.0,NORM,0,NORM,0,True
71,15551.0,NORM,0,NORM,0,True
74,11671.0,NORM,0,NORM,0,True
75,18502.0,NORM,0,NORM,0,True
76,21214.0,NORM,0,NORM,0,True
82,19645.0,NORM,0,NORM,0,True
83,11314.0,NORM,0,NORM,0,True
85,15904.0,NORM,0,NORM,0,True
90,8418.0,NORM,0,NORM,0,True
91,8305.0,NORM,0,NORM,0,True
93,10029.0,NORM,0,NORM,0,True
94,21731.0,NORM,0,NORM,0,True
98,10804.0,NORM,0,CD,2,False
101,9086.0,NORM,0,NORM,0,True
105,18974.0,NORM,0,MI,3,False
106,16066.0,HYP,4,NORM,0,False
111,13266.0,NORM,0,NORM,0,True
116,19695.0,STTC,1,NORM,0,False
120,11860.0,NORM,0,NORM,0,True
124,9730.0,NORM,0,NORM,0,True
129,16463.0,NORM,0,NORM,0,True
131,13698.0,MI,3,NORM,0,False
135,19453.0,STTC,1,STTC,1,True
136,13445.0,NORM,0,NORM,0,True
146,13447.0,HYP,4,MI,3,False
148,16944.0,STTC,1,CD,2,False
149,21700.0,NORM,0,NORM,0,True
169,13688.0,CD,2,NORM,0,False
170,15691.0,STTC,1,HYP,4,False
171,15591.0,STTC,1,STTC,1,True
172,20766.0,CD,2,CD,2,True
176,8172.0,NORM,0,NORM,0,True
184,13112.0,MI,3,CD,2,False
185,17272.0,NORM,0,NORM,0,True
187,15678.0,NORM,0,NORM,0,True
189,13112.0,MI,3,CD,2,False
198,21074.0,NORM,0,NORM,0,True
199,10746.0,HYP,4,NORM,0,False
205,21222.0,NORM,0,NORM,0,True
218,13925.0,CD,2,NORM,0,False
222,10783.0,CD,2,CD,2,True
223,16039.0,HYP,4,CD,2,False
225,13163.0,NORM,0,NORM,0,True
229,19645.0,NORM,0,NORM,0,True
233,20772.0,NORM,0,NORM,0,True
235,15405.0,CD,2,CD,2,True
237,11651.0,NORM,0,NORM,0,True
249,14355.0,NORM,0,NORM,0,True
252,20848.0,NORM,0,NORM,0,True
259,4776.0,STTC,1,STTC,1,True
260,5471.0,CD,2,NORM,0,False
262,6501.0,NORM,0,NORM,0,True
275,1389.0,NORM,0,NORM,0,True
277,6211.0,NORM,0,NORM,0,True
278,1202.0,NORM,0,NORM,0,True
283,4715.0,NORM,0,NORM,0,True
284,3192.0,HYP,4,CD,2,False
285,7744.0,CD,2,CD,2,True
287,6437.0,CD,2,CD,2,True
289,5489.0,NORM,0,NORM,0,True
296,7614.0,HYP,4,HYP,4,True
309,6590.0,NORM,0,NORM,0,True
319,1318.0,MI,3,MI,3,True
321,4188.0,STTC,1,CD,2,False
330,4807.0,NORM,0,NORM,0,True
331,3023.0,CD,2,NORM,0,False
343,4004.0,NORM,0,NORM,0,True
344,1491.0,STTC,1,STTC,1,True
356,15203.0,NORM,0,NORM,0,True
358,14469.0,NORM,0,NORM,0,True
360,9812.0,NORM,0,NORM,0,True
362,13598.0,CD,2,NORM,0,False
365,9158.0,NORM,0,NORM,0,True
376,11674.0,NORM,0,NORM,0,True
379,19267.0,NORM,0,NORM,0,True
389,8599.0,NORM,0,NORM,0,True
390,18420.0,CD,2,NORM,0,False
405,18087.0,NORM,0,NORM,0,True
410,1582.0,NORM,0,NORM,0,True
416,3596.0,STTC,1,STTC,1,True
423,1752.0,CD,2,HYP,4,False
424,5026.0,CD,2,CD,2,True
425,2440.0,HYP,4,HYP,4,True
433,2973.0,NORM,0,NORM,0,True
440,2706.0,NORM,0,NORM,0,True
445,3996.0,NORM,0,NORM,0,True
446,3135.0,NORM,0,NORM,0,True
450,19497.0,STTC,1,STTC,1,True
453,9795.0,MI,3,MI,3,True
454,8113.0,NORM,0,NORM,0,True
464,11625.0,MI,3,CD,2,False
467,6882.0,NORM,0,NORM,0,True
471,2951.0,NORM,0,NORM,0,True
472,1360.0,NORM,0,NORM,0,True
473,2398.0,NORM,0,NORM,0,True
475,4545.0,NORM,0,NORM,0,True
480,5339.0,NORM,0,NORM,0,True
486,943.0,MI,3,MI,3,True
489,7705.0,CD,2,CD,2,True
490,13837.0,NORM,0,NORM,0,True
491,3731.0,NORM,0,NORM,0,True
492,4959.0,MI,3,NORM,0,False
500,1168.0,CD,2,CD,2,True
516,13237.0,HYP,4,HYP,4,True
517,12006.0,CD,2,CD,2,True
522,19497.0,CD,2,STTC,1,False
525,19497.0,STTC,1,STTC,1,True
528,15942.0,CD,2,CD,2,True
531,16818.0,NORM,0,NORM,0,True
532,15942.0,MI,3,CD,2,False
535,15942.0,CD,2,CD,2,True
539,19864.0,NORM,0,NORM,0,True
552,9980.0,NORM,0,CD,2,False
558,15279.0,MI,3,MI,3,True
559,12042.0,NORM,0,NORM,0,True
576,2555.0,STTC,1,STTC,1,True
578,8223.0,NORM,0,NORM,0,True
587,11694.0,NORM,0,NORM,0,True
589,8774.0,NORM,0,NORM,0,True
591,13062.0,NORM,0,NORM,0,True
592,2885.0,CD,2,CD,2,True
607,4843.0,CD,2,CD,2,True
610,441.0,MI,3,MI,3,True
612,6556.0,STTC,1,STTC,1,True
614,938.0,NORM,0,NORM,0,True
615,7655.0,NORM,0,NORM,0,True
618,6417.0,CD,2,CD,2,True
622,6097.0,MI,3,MI,3,True
624,6865.0,NORM,0,NORM,0,True
626,2924.0,CD,2,STTC,1,False
632,1659.0,STTC,1,STTC,1,True
636,441.0,MI,3,HYP,4,False
637,2145.0,CD,2,CD,2,True
638,14577.0,NORM,0,NORM,0,True
647,15636.0,NORM,0,NORM,0,True
654,4285.0,NORM,0,NORM,0,True
655,4315.0,NORM,0,NORM,0,True
656,718.0,STTC,1,STTC,1,True
659,7656.0,CD,2,CD,2,True
661,4279.0,MI,3,MI,3,True
668,1978.0,NORM,0,NORM,0,True
676,5808.0,NORM,0,NORM,0,True
681,8704.0,CD,2,STTC,1,False
697,3879.0,HYP,4,NORM,0,False
708,7065.0,MI,3,MI,3,True
715,7220.0,NORM,0,NORM,0,True
725,5428.0,NORM,0,NORM,0,True
728,6623.0,CD,2,MI,3,False
731,6322.0,CD,2,CD,2,True
733,2391.0,CD,2,CD,2,True
749,11060.0,NORM,0,NORM,0,True
751,419.0,NORM,0,NORM,0,True
752,7189.0,NORM,0,NORM,0,True
753,8965.0,NORM,0,NORM,0,True
758,419.0,NORM,0,NORM,0,True
768,7224.0,CD,2,STTC,1,False
775,20803.0,NORM,0,NORM,0,True
776,15644.0,NORM,0,NORM,0,True
785,14509.0,CD,2,CD,2,True
792,14970.0,NORM,0,NORM,0,True
796,21542.0,CD,2,CD,2,True
798,21542.0,CD,2,CD,2,True
799,18739.0,MI,3,NORM,0,False
800,13874.0,CD,2,CD,2,True
801,15493.0,STTC,1,MI,3,False
805,14400.0,NORM,0,NORM,0,True
810,13249.0,MI,3,NORM,0,False
811,19607.0,STTC,1,STTC,1,True
814,21542.0,CD,2,CD,2,True
817,3820.0,NORM,0,CD,2,False
824,371.0,NORM,0,MI,3,False
832,7624.0,NORM,0,NORM,0,True
837,4719.0,NORM,0,NORM,0,True
846,1923.0,STTC,1,CD,2,False
862,10798.0,NORM,0,NORM,0,True
871,5322.0,CD,2,CD,2,True
874,352.0,NORM,0,NORM,0,True
882,3906.0,NORM,0,STTC,1,False
886,3744.0,NORM,0,NORM,0,True
887,352.0,NORM,0,NORM,0,True
888,3092.0,NORM,0,NORM,0,True
891,2288.0,NORM,0,NORM,0,True
906,4531.0,NORM,0,NORM,0,True
908,2853.0,STTC,1,MI,3,False
911,6027.0,NORM,0,NORM,0,True
913,6560.0,NORM,0,NORM,0,True
916,7887.0,NORM,0,NORM,0,True
920,1802.0,NORM,0,NORM,0,True
922,4888.0,NORM,0,NORM,0,True
925,5897.0,NORM,0,NORM,0,True
933,4829.0,NORM,0,NORM,0,True
935,13282.0,NORM,0,NORM,0,True
939,5257.0,STTC,1,STTC,1,True
951,4205.0,NORM,0,NORM,0,True
955,1514.0,MI,3,MI,3,True
956,2681.0,NORM,0,NORM,0,True
958,14961.0,NORM,0,NORM,0,True
961,306.0,NORM,0,NORM,0,True
964,4910.0,CD,2,CD,2,True
966,16143.0,NORM,0,NORM,0,True
967,7342.0,NORM,0,NORM,0,True
973,306.0,STTC,1,STTC,1,True
975,672.0,CD,2,CD,2,True
985,7407.0,NORM,0,NORM,0,True
1011,7732.0,NORM,0,NORM,0,True
1013,6079.0,HYP,4,STTC,1,False
1016,5676.0,NORM,0,NORM,0,True
1017,6304.0,CD,2,CD,2,True
1021,2446.0,NORM,0,NORM,0,True
1024,10568.0,CD,2,CD,2,True
1025,5578.0,CD,2,HYP,4,False
1028,6661.0,NORM,0,NORM,0,True
1033,3161.0,CD,2,HYP,4,False
1056,7772.0,CD,2,CD,2,True
1057,371.0,NORM,0,MI,3,False
1064,1524.0,CD,2,CD,2,True
1065,627.0,STTC,1,HYP,4,False
1075,627.0,CD,2,CD,2,True
1077,627.0,CD,2,STTC,1,False
1079,6143.0,CD,2,CD,2,True
1084,7374.0,NORM,0,NORM,0,True
1093,1623.0,CD,2,CD,2,True
1108,7629.0,CD,2,CD,2,True
1118,19269.0,NORM,0,NORM,0,True
1126,6610.0,HYP,4,CD,2,False
1146,5213.0,STTC,1,STTC,1,True
1161,2136.0,NORM,0,CD,2,False
1163,5551.0,NORM,0,NORM,0,True
1165,1413.0,NORM,0,NORM,0,True
1167,2744.0,NORM,0,NORM,0,True
1169,3963.0,NORM,0,NORM,0,True
1172,4228.0,NORM,0,CD,2,False
1182,5298.0,NORM,0,NORM,0,True
1195,5047.0,NORM,0,MI,3,False
1197,7417.0,NORM,0,NORM,0,True
1200,5266.0,CD,2,CD,2,True
1206,2502.0,NORM,0,NORM,0,True
1207,6747.0,STTC,1,STTC,1,True
1211,4452.0,HYP,4,NORM,0,False
1215,2711.0,MI,3,HYP,4,False
1229,7112.0,STTC,1,STTC,1,True
1232,421.0,CD,2,CD,2,True
1237,421.0,CD,2,CD,2,True
1240,421.0,CD,2,CD,2,True
1242,7122.0,STTC,1,MI,3,False
1251,8574.0,NORM,0,CD,2,False
1262,10650.0,NORM,0,NORM,0,True
1263,16565.0,NORM,0,NORM,0,True
1271,13738.0,NORM,0,NORM,0,True
1280,14661.0,NORM,0,NORM,0,True
1292,15203.0,NORM,0,NORM,0,True
1301,14598.0,NORM,0,NORM,0,True
1312,18967.0,NORM,0,NORM,0,True
1324,5288.0,MI,3,MI,3,True
1325,6719.0,HYP,4,MI,3,False
1330,3478.0,NORM,0,MI,3,False
1341,2171.0,NORM,0,NORM,0,True
1343,20205.0,MI,3,NORM,0,False
1347,20207.0,CD,2,CD,2,True
1348,4614.0,NORM,0,NORM,0,True
1349,2551.0,NORM,0,NORM,0,True
1354,19041.0,CD,2,NORM,0,False
1358,6025.0,HYP,4,STTC,1,False
1361,13804.0,NORM,0,NORM,0,True
1362,10559.0,MI,3,CD,2,False
1371,15038.0,CD,2,CD,2,True
1380,2833.0,CD,2,NORM,0,False
1383,7863.0,NORM,0,NORM,0,True
1385,802.0,HYP,4,NORM,0,False
1386,7072.0,HYP,4,NORM,0,False
1391,13459.0,CD,2,CD,2,True
1401,5938.0,NORM,0,NORM,0,True
1403,3942.0,CD,2,CD,2,True
1405,16781.0,MI,3,MI,3,True
1413,6541.0,NORM,0,NORM,0,True
1415,3791.0,MI,3,NORM,0,False
1418,2831.0,NORM,0,NORM,0,True
1419,2138.0,CD,2,CD,2,True
1427,20044.0,MI,3,MI,3,True
1437,13352.0,CD,2,CD,2,True
1441,19273.0,MI,3,MI,3,True
1443,8907.0,CD,2,CD,2,True
1444,20476.0,CD,2,CD,2,True
1445,13442.0,STTC,1,HYP,4,False
1446,10445.0,NORM,0,NORM,0,True
1450,10887.0,CD,2,STTC,1,False
1452,12153.0,CD,2,CD,2,True
1457,10593.0,MI,3,MI,3,True
1460,17179.0,NORM,0,NORM,0,True
1468,13411.0,NORM,0,NORM,0,True
1469,4058.0,CD,2,HYP,4,False
1472,2907.0,NORM,0,NORM,0,True
1478,16982.0,CD,2,CD,2,True
1481,15390.0,NORM,0,NORM,0,True
1486,14465.0,HYP,4,CD,2,False
1490,20956.0,MI,3,CD,2,False
1499,14984.0,NORM,0,NORM,0,True
1506,5907.0,NORM,0,NORM,0,True
1526,4061.0,NORM,0,NORM,0,True
1537,356.0,MI,3,MI,3,True
1541,20956.0,MI,3,NORM,0,False
1562,4789.0,STTC,1,HYP,4,False
1566,20956.0,NORM,0,NORM,0,True
1572,1614.0,CD,2,CD,2,True
1584,14929.0,NORM,0,NORM,0,True
1586,6068.0,HYP,4,MI,3,False
1588,3113.0,MI,3,STTC,1,False
1598,21418.0,NORM,0,NORM,0,True
1602,7959.0,CD,2,STTC,1,False
1604,3512.0,NORM,0,NORM,0,True
1605,5385.0,STTC,1,STTC,1,True
1608,4664.0,HYP,4,HYP,4,True
1614,3354.0,NORM,0,NORM,0,True
1630,8804.0,NORM,0,NORM,0,True
1635,7898.0,CD,2,CD,2,True
1642,4640.0,CD,2,NORM,0,False
1645,7424.0,NORM,0,CD,2,False
1646,4841.0,STTC,1,HYP,4,False
1660,2557.0,NORM,0,NORM,0,True
1672,4139.0,NORM,0,NORM,0,True
1679,4062.0,CD,2,NORM,0,False
1682,2330.0,MI,3,MI,3,True
1684,4825.0,CD,2,HYP,4,False
1687,1599.0,HYP,4,MI,3,False
1698,13248.0,NORM,0,NORM,0,True
1707,13248.0,NORM,0,NORM,0,True
1711,10303.0,NORM,0,NORM,0,True
1713,7961.0,CD,2,STTC,1,False
1734,17785.0,NORM,0,NORM,0,True
1735,14879.0,CD,2,CD,2,True
1736,19382.0,STTC,1,MI,3,False
1747,19382.0,MI,3,MI,3,True
1751,11534.0,STTC,1,NORM,0,False
1754,16022.0,CD,2,CD,2,True
1755,1295.0,STTC,1,STTC,1,True
1766,6394.0,CD,2,CD,2,True
1781,2062.0,HYP,4,CD,2,False
1788,2234.0,NORM,0,NORM,0,True
1799,3989.0,CD,2,CD,2,True
1802,4386.0,CD,2,CD,2,True
1803,3090.0,HYP,4,STTC,1,False
1809,361.0,CD,2,MI,3,False
1810,1609.0,CD,2,CD,2,True
1815,411.0,CD,2,CD,2,True
1818,1714.0,NORM,0,NORM,0,True
1827,3966.0,NORM,0,MI,3,False
1829,2887.0,MI,3,NORM,0,False
1831,18924.0,NORM,0,CD,2,False
1835,15162.0,NORM,0,NORM,0,True
1836,12092.0,NORM,0,NORM,0,True
1844,361.0,MI,3,MI,3,True
1845,400.0,NORM,0,NORM,0,True
1847,3620.0,HYP,4,STTC,1,False
1848,5893.0,MI,3,MI,3,True
1869,4461.0,NORM,0,NORM,0,True
1883,5440.0,NORM,0,NORM,0,True
1884,5940.0,NORM,0,NORM,0,True
1886,3682.0,STTC,1,STTC,1,True
1895,7716.0,STTC,1,STTC,1,True
1896,5127.0,NORM,0,NORM,0,True
1902,17320.0,CD,2,CD,2,True
1904,2717.0,NORM,0,STTC,1,False
1914,7539.0,HYP,4,MI,3,False
1915,16166.0,NORM,0,NORM,0,True
1916,400.0,NORM,0,NORM,0,True
1917,2654.0,NORM,0,NORM,0,True
1923,20977.0,NORM,0,NORM,0,True
1931,2535.0,NORM,0,NORM,0,True
1935,6085.0,MI,3,MI,3,True
1937,432.0,CD,2,CD,2,True
1940,1496.0,CD,2,STTC,1,False
1941,432.0,CD,2,CD,2,True
1945,5846.0,NORM,0,NORM,0,True
1952,5865.0,NORM,0,NORM,0,True
1954,1999.0,CD,2,CD,2,True
1959,5839.0,NORM,0,NORM,0,True
1962,2037.0,CD,2,CD,2,True
1965,356.0,HYP,4,MI,3,False
1971,11534.0,NORM,0,NORM,0,True
1973,5970.0,HYP,4,NORM,0,False
1984,13090.0,STTC,1,STTC,1,True
1989,3139.0,NORM,0,NORM,0,True
1996,471.0,HYP,4,CD,2,False
2002,4617.0,MI,3,MI,3,True
2010,4727.0,NORM,0,NORM,0,True
2021,909.0,NORM,0,NORM,0,True
2029,2066.0,MI,3,NORM,0,False
2031,3972.0,STTC,1,STTC,1,True
2034,7497.0,CD,2,CD,2,True
2036,3309.0,NORM,0,CD,2,False
2037,3782.0,NORM,0,NORM,0,True
2043,21035.0,NORM,0,NORM,0,True
2047,6859.0,CD,2,CD,2,True
2056,6309.0,NORM,0,NORM,0,True
2061,2289.0,NORM,0,NORM,0,True
2069,3311.0,NORM,0,NORM,0,True
2071,6300.0,NORM,0,NORM,0,True
2073,471.0,MI,3,MI,3,True
2079,19936.0,NORM,0,NORM,0,True
2084,1669.0,NORM,0,NORM,0,True
2096,411.0,CD,2,CD,2,True
2097,921.0,NORM,0,NORM,0,True
2102,771.0,NORM,0,NORM,0,True
2106,947.0,STTC,1,STTC,1,True
2121,6887.0,CD,2,NORM,0,False
2122,3263.0,NORM,0,NORM,0,True
2125,5190.0,STTC,1,STTC,1,True
2126,14478.0,NORM,0,NORM,0,True
2130,7893.0,NORM,0,CD,2,False
2142,16143.0,HYP,4,NORM,0,False
2146,5629.0,CD,2,NORM,0,False
2153,20353.0,CD,2,CD,2,True
2158,21397.0,NORM,0,NORM,0,True
2161,20411.0,NORM,0,NORM,0,True
2166,12414.0,NORM,0,NORM,0,True
2177,12237.0,STTC,1,NORM,0,False
2180,14400.0,STTC,1,STTC,1,True
2185,782.0,NORM,0,NORM,0,True
2187,19061.0,NORM,0,NORM,0,True
2190,7925.0,NORM,0,NORM,0,True
2198,416.0,NORM,0,NORM,0,True
2202,4799.0,MI,3,MI,3,True
2204,7838.0,NORM,0,NORM,0,True
2206,5344.0,CD,2,HYP,4,False
2211,416.0,NORM,0,STTC,1,False
2212,7795.0,NORM,0,NORM,0,True
2213,7283.0,HYP,4,STTC,1,False
2214,3421.0,NORM,0,NORM,0,True
2223,7480.0,MI,3,MI,3,True
2224,6810.0,NORM,0,NORM,0,True
2225,6757.0,CD,2,CD,2,True
2229,3524.0,HYP,4,NORM,0,False
2234,5168.0,HYP,4,STTC,1,False
2244,957.0,MI,3,NORM,0,False
2246,4803.0,HYP,4,NORM,0,False
2247,7914.0,CD,2,NORM,0,False
2253,420.0,CD,2,CD,2,True
2258,5159.0,CD,2,CD,2,True
2260,7039.0,HYP,4,CD,2,False
2264,20956.0,CD,2,NORM,0,False
2266,4208.0,NORM,0,NORM,0,True
2271,6539.0,CD,2,CD,2,True
2277,3450.0,NORM,0,NORM,0,True
2278,5260.0,NORM,0,NORM,0,True
2282,5991.0,NORM,0,NORM,0,True
2283,3200.0,NORM,0,NORM,0,True
2285,2208.0,CD,2,NORM,0,False
2287,16683.0,NORM,0,NORM,0,True
2291,2504.0,MI,3,MI,3,True
2292,19916.0,NORM,0,NORM,0,True
2306,14343.0,NORM,0,NORM,0,True
2309,1134.0,NORM,0,NORM,0,True
2317,2689.0,HYP,4,NORM,0,False
2319,2577.0,NORM,0,NORM,0,True
2321,5933.0,NORM,0,CD,2,False
2324,13883.0,CD,2,CD,2,True
2326,12073.0,NORM,0,NORM,0,True
2329,16352.0,NORM,0,NORM,0,True
2345,11065.0,CD,2,CD,2,True
2349,10568.0,CD,2,CD,2,True
2355,19188.0,NORM,0,NORM,0,True
2362,10290.0,CD,2,CD,2,True
2364,10096.0,NORM,0,NORM,0,True
2365,17061.0,CD,2,CD,2,True
2368,15335.0,CD,2,NORM,0,False
2379,14184.0,NORM,0,NORM,0,True
2380,9530.0,NORM,0,NORM,0,True
2385,18961.0,CD,2,NORM,0,False
2389,19437.0,NORM,0,NORM,0,True
2395,17170.0,NORM,0,NORM,0,True
2399,14342.0,NORM,0,CD,2,False
2416,9391.0,NORM,0,NORM,0,True
2417,21131.0,HYP,4,HYP,4,True
2421,17173.0,CD,2,CD,2,True
2422,15635.0,MI,3,CD,2,False
2435,16796.0,NORM,0,NORM,0,True
2436,10032.0,NORM,0,NORM,0,True
2437,21766.0,NORM,0,NORM,0,True
2449,14511.0,NORM,0,NORM,0,True
2456,6147.0,NORM,0,NORM,0,True
2460,4235.0,NORM,0,NORM,0,True
2462,19794.0,NORM,0,NORM,0,True
2463,4593.0,NORM,0,MI,3,False
2467,7513.0,NORM,0,NORM,0,True
2468,3164.0,CD,2,CD,2,True
2470,1556.0,CD,2,CD,2,True
2473,4913.0,HYP,4,NORM,0,False
2475,10707.0,NORM,0,NORM,0,True
2477,2865.0,CD,2,NORM,0,False
2479,16027.0,NORM,0,NORM,0,True
2492,6283.0,MI,3,MI,3,True
2509,16689.0,CD,2,STTC,1,False
2510,302.0,HYP,4,CD,2,False
2513,302.0,MI,3,HYP,4,False
2514,17315.0,NORM,0,NORM,0,True
2517,3497.0,MI,3,NORM,0,False
2520,15039.0,CD,2,HYP,4,False
2523,2643.0,NORM,0,NORM,0,True
2524,13269.0,NORM,0,NORM,0,True
2525,5365.0,MI,3,MI,3,True
2528,2227.0,NORM,0,NORM,0,True
2531,1770.0,CD,2,NORM,0,False
2534,1955.0,STTC,1,STTC,1,True
2544,1126.0,CD,2,HYP,4,False
2548,21625.0,NORM,0,NORM,0,True
2551,3387.0,NORM,0,NORM,0,True
2554,14278.0,NORM,0,NORM,0,True
2560,14976.0,NORM,0,NORM,0,True
2570,16706.0,NORM,0,NORM,0,True
2571,12335.0,CD,2,CD,2,True
2572,8012.0,CD,2,CD,2,True
2575,12089.0,NORM,0,NORM,0,True
2584,18206.0,NORM,0,NORM,0,True
2597,9725.0,NORM,0,NORM,0,True
2602,16718.0,HYP,4,STTC,1,False
2607,12956.0,NORM,0,NORM,0,True
2609,10401.0,NORM,0,NORM,0,True
2613,21108.0,NORM,0,NORM,0,True
2614,16982.0,CD,2,CD,2,True
2624,2143.0,HYP,4,HYP,4,True
2650,2691.0,HYP,4,CD,2,False
2653,6294.0,CD,2,CD,2,True
2654,585.0,CD,2,CD,2,True
2657,1682.0,HYP,4,MI,3,False
2669,585.0,CD,2,CD,2,True
2671,3163.0,CD,2,CD,2,True
2681,420.0,CD,2,CD,2,True
2684,369.0,CD,2,CD,2,True
2690,4077.0,STTC,1,HYP,4,False
2691,4308.0,STTC,1,MI,3,False
2692,585.0,CD,2,CD,2,True
2695,20546.0,NORM,0,NORM,0,True
2696,338.0,HYP,4,HYP,4,True
2700,3907.0,NORM,0,NORM,0,True
2704,1896.0,STTC,1,NORM,0,False
2711,812.0,NORM,0,NORM,0,True
2713,16671.0,NORM,0,NORM,0,True
2721,12807.0,NORM,0,NORM,0,True
2726,5643.0,NORM,0,NORM,0,True
2738,1409.0,NORM,0,NORM,0,True
2747,4846.0,STTC,1,STTC,1,True
2765,4965.0,NORM,0,NORM,0,True
2771,4981.0,NORM,0,NORM,0,True
2775,6405.0,NORM,0,NORM,0,True
2780,5009.0,NORM,0,NORM,0,True
2782,19624.0,STTC,1,STTC,1,True
2785,1661.0,NORM,0,NORM,0,True
2786,14511.0,NORM,0,NORM,0,True
2795,20537.0,CD,2,CD,2,True
2797,5696.0,STTC,1,STTC,1,True
2813,17738.0,NORM,0,NORM,0,True
2816,6596.0,CD,2,CD,2,True
2823,20537.0,CD,2,CD,2,True
2829,4901.0,NORM,0,NORM,0,True
2833,20537.0,CD,2,CD,2,True
2835,2292.0,NORM,0,NORM,0,True
2838,7321.0,NORM,0,NORM,0,True
2848,16463.0,NORM,0,NORM,0,True
2853,5182.0,NORM,0,NORM,0,True
2855,12665.0,NORM,0,NORM,0,True
2861,17560.0,NORM,0,NORM,0,True
2863,1028.0,HYP,4,CD,2,False
2868,20537.0,CD,2,CD,2,True
2869,20537.0,CD,2,CD,2,True
2877,8508.0,NORM,0,NORM,0,True
2889,9106.0,CD,2,CD,2,True
2893,15443.0,MI,3,MI,3,True
2894,9106.0,CD,2,CD,2,True
2905,9028.0,CD,2,CD,2,True
2911,13978.0,HYP,4,NORM,0,False
2917,18623.0,NORM,0,NORM,0,True
2918,8810.0,CD,2,CD,2,True
2920,14943.0,NORM,0,NORM,0,True
2922,13701.0,STTC,1,HYP,4,False
2925,8810.0,CD,2,STTC,1,False
2927,13572.0,MI,3,MI,3,True
2931,11468.0,NORM,0,NORM,0,True
2946,3128.0,NORM,0,NORM,0,True
2955,1433.0,NORM,0,NORM,0,True
2959,5013.0,CD,2,MI,3,False
2961,2236.0,NORM,0,NORM,0,True
2971,13926.0,MI,3,MI,3,True
2985,2365.0,CD,2,CD,2,True
2987,7011.0,NORM,0,NORM,0,True
2991,7785.0,NORM,0,NORM,0,True
2993,813.0,MI,3,CD,2,False
2994,450.0,MI,3,MI,3,True
2999,450.0,CD,2,MI,3,False
3000,2953.0,CD,2,STTC,1,False
3001,1846.0,CD,2,CD,2,True
3005,2395.0,NORM,0,NORM,0,True
3006,7584.0,CD,2,CD,2,True
3009,3399.0,MI,3,MI,3,True
3010,7182.0,CD,2,HYP,4,False
3018,5785.0,HYP,4,HYP,4,True
3026,4180.0,NORM,0,NORM,0,True
3033,20877.0,STTC,1,STTC,1,True
3037,2642.0,CD,2,CD,2,True
3038,6416.0,HYP,4,STTC,1,False
3039,8200.0,HYP,4,CD,2,False
3041,3851.0,CD,2,CD,2,True
3047,3681.0,MI,3,CD,2,False
3048,757.0,NORM,0,NORM,0,True
3064,3337.0,NORM,0,NORM,0,True
3065,5207.0,CD,2,CD,2,True
3066,5376.0,STTC,1,STTC,1,True
3067,6511.0,NORM,0,NORM,0,True
3072,21478.0,NORM,0,NORM,0,True
3075,3514.0,STTC,1,MI,3,False
3077,7605.0,HYP,4,HYP,4,True
3080,7778.0,NORM,0,NORM,0,True
3084,8231.0,CD,2,NORM,0,False
3087,4362.0,HYP,4,HYP,4,True
3093,12228.0,NORM,0,NORM,0,True
3100,7558.0,CD,2,CD,2,True
3104,4844.0,NORM,0,NORM,0,True
3106,3669.0,STTC,1,STTC,1,True
3107,5556.0,HYP,4,HYP,4,True
3109,365.0,MI,3,NORM,0,False
3115,21296.0,NORM,0,NORM,0,True
3117,365.0,MI,3,CD,2,False
3119,855.0,NORM,0,NORM,0,True
3126,1026.0,CD,2,CD,2,True
3131,3017.0,STTC,1,STTC,1,True
3136,9594.0,NORM,0,NORM,0,True
3140,7987.0,CD,2,NORM,0,False
3148,14943.0,NORM,0,NORM,0,True
3150,338.0,HYP,4,HYP,4,True
3152,810.0,NORM,0,NORM,0,True
3156,7137.0,NORM,0,NORM,0,True
3165,6323.0,NORM,0,NORM,0,True
3171,5594.0,STTC,1,NORM,0,False
3173,6268.0,MI,3,MI,3,True
3177,6173.0,MI,3,MI,3,True
3180,5859.0,STTC,1,STTC,1,True
3183,3232.0,NORM,0,NORM,0,True
3184,1132.0,NORM,0,NORM,0,True
3190,7180.0,NORM,0,NORM,0,True
3191,6382.0,HYP,4,STTC,1,False
3195,1235.0,MI,3,CD,2,False
3202,3796.0,STTC,1,STTC,1,True
3205,1908.0,HYP,4,NORM,0,False
3214,1813.0,NORM,0,NORM,0,True
3220,7267.0,STTC,1,STTC,1,True
3224,1888.0,STTC,1,CD,2,False
3242,19640.0,CD,2,CD,2,True
3252,6775.0,HYP,4,NORM,0,False
3255,825.0,NORM,0,NORM,0,True
3256,8971.0,NORM,0,NORM,0,True
3258,818.0,CD,2,CD,2,True
3261,5147.0,NORM,0,NORM,0,True
3265,1353.0,HYP,4,NORM,0,False
3268,3293.0,CD,2,CD,2,True
3273,1040.0,NORM,0,NORM,0,True
3278,5327.0,CD,2,CD,2,True
3279,13732.0,NORM,0,NORM,0,True
3280,3256.0,NORM,0,NORM,0,True
3282,3659.0,STTC,1,STTC,1,True
3283,1792.0,NORM,0,NORM,0,True
3285,5828.0,CD,2,CD,2,True
3287,4473.0,NORM,0,NORM,0,True
3289,1818.0,HYP,4,HYP,4,True
3290,2207.0,MI,3,MI,3,True
3297,635.0,NORM,0,NORM,0,True
3300,4013.0,NORM,0,NORM,0,True
3301,6118.0,NORM,0,NORM,0,True
3302,5109.0,MI,3,CD,2,False
3303,635.0,NORM,0,NORM,0,True
3315,2895.0,MI,3,MI,3,True
3320,4763.0,NORM,0,NORM,0,True
3329,7626.0,CD,2,CD,2,True
3334,5174.0,NORM,0,NORM,0,True
3336,9211.0,MI,3,MI,3,True
3372,8416.0,NORM,0,NORM,0,True
3378,2192.0,STTC,1,STTC,1,True
3379,3938.0,NORM,0,NORM,0,True
3381,14225.0,NORM,0,MI,3,False
3383,8590.0,STTC,1,MI,3,False
3386,2674.0,CD,2,CD,2,True
3387,6928.0,MI,3,STTC,1,False
3395,1555.0,NORM,0,NORM,0,True
3396,3637.0,CD,2,CD,2,True
3398,1102.0,CD,2,CD,2,True
3411,4377.0,CD,2,CD,2,True
3417,1044.0,CD,2,NORM,0,False
3418,20338.0,NORM,0,NORM,0,True
3422,4237.0,STTC,1,STTC,1,True
3423,15259.0,STTC,1,STTC,1,True
3427,1469.0,CD,2,CD,2,True
3429,1400.0,NORM,0,NORM,0,True
3431,2705.0,CD,2,CD,2,True
3439,3474.0,HYP,4,STTC,1,False
3441,594.0,NORM,0,NORM,0,True
3444,13383.0,NORM,0,NORM,0,True
3449,9705.0,HYP,4,STTC,1,False
3456,457.0,STTC,1,STTC,1,True
3459,12053.0,NORM,0,NORM,0,True
3463,4821.0,CD,2,CD,2,True
3473,11732.0,CD,2,CD,2,True
3478,9244.0,NORM,0,NORM,0,True
3479,16121.0,CD,2,CD,2,True
3484,16121.0,CD,2,CD,2,True
3486,5946.0,CD,2,CD,2,True
3490,21379.0,NORM,0,NORM,0,True
3495,17675.0,CD,2,NORM,0,False
3499,8810.0,CD,2,STTC,1,False
3500,17003.0,CD,2,CD,2,True
3503,369.0,CD,2,CD,2,True
3507,1960.0,NORM,0,NORM,0,True
3514,9185.0,CD,2,CD,2,True
3517,2828.0,HYP,4,STTC,1,False
3528,4488.0,MI,3,STTC,1,False
3529,11326.0,STTC,1,STTC,1,True
3532,4885.0,CD,2,CD,2,True
3536,2332.0,NORM,0,NORM,0,True
3537,4787.0,NORM,0,NORM,0,True
3538,4784.0,STTC,1,STTC,1,True
3540,11029.0,NORM,0,NORM,0,True
3551,8810.0,CD,2,STTC,1,False
3553,8810.0,STTC,1,STTC,1,True
3559,20967.0,CD,2,CD,2,True
3564,18103.0,NORM,0,NORM,0,True
3584,14329.0,HYP,4,HYP,4,True
3586,8810.0,STTC,1,STTC,1,True
3592,8234.0,NORM,0,NORM,0,True
3596,17256.0,NORM,0,STTC,1,False
3597,14329.0,CD,2,CD,2,True
3598,15203.0,NORM,0,NORM,0,True
3610,18375.0,MI,3,MI,3,True
3613,20724.0,CD,2,CD,2,True
3618,12205.0,NORM,0,NORM,0,True
3620,14609.0,MI,3,NORM,0,False
3625,11588.0,NORM,0,NORM,0,True
3630,16657.0,NORM,0,NORM,0,True
3631,19031.0,NORM,0,NORM,0,True
3634,11588.0,NORM,0,NORM,0,True
3642,14329.0,HYP,4,HYP,4,True
3660,14987.0,HYP,4,NORM,0,False
3664,8086.0,CD,2,CD,2,True
3674,13164.0,NORM,0,NORM,0,True
3675,14270.0,NORM,0,NORM,0,True
3683,18579.0,NORM,0,NORM,0,True
3684,18518.0,NORM,0,NORM,0,True
3701,14042.0,CD,2,MI,3,False
3705,12538.0,NORM,0,NORM,0,True
3706,15521.0,CD,2,CD,2,True
3709,21676.0,NORM,0,NORM,0,True
3710,8167.0,NORM,0,NORM,0,True
3711,19298.0,NORM,0,NORM,0,True
3719,19659.0,NORM,0,NORM,0,True
3726,19673.0,NORM,0,NORM,0,True
3729,13184.0,CD,2,CD,2,True
3730,19018.0,NORM,0,NORM,0,True
3734,21478.0,NORM,0,NORM,0,True
3737,21478.0,CD,2,NORM,0,False
3739,19781.0,STTC,1,STTC,1,True
3743,2221.0,NORM,0,NORM,0,True
3746,12333.0,NORM,0,NORM,0,True
3748,8038.0,NORM,0,NORM,0,True
3749,3548.0,NORM,0,NORM,0,True
3751,16786.0,CD,2,CD,2,True
3753,18429.0,NORM,0,NORM,0,True
3758,2854.0,NORM,0,NORM,0,True
3759,517.0,HYP,4,CD,2,False
3763,2104.0,STTC,1,STTC,1,True
3765,6693.0,NORM,0,NORM,0,True
3768,5646.0,NORM,0,NORM,0,True
3774,3003.0,STTC,1,STTC,1,True
3782,8394.0,NORM,0,NORM,0,True
3784,20486.0,CD,2,CD,2,True
3787,14471.0,NORM,0,NORM,0,True
3789,12138.0,MI,3,HYP,4,False
3794,15035.0,NORM,0,STTC,1,False
3804,351.0,CD,2,CD,2,True
3810,4260.0,NORM,0,NORM,0,True
3816,351.0,CD,2,CD,2,True
3819,3988.0,HYP,4,CD,2,False
3821,15040.0,CD,2,CD,2,True
3842,12477.0,HYP,4,NORM,0,False
3849,11263.0,NORM,0,NORM,0,True
3857,12069.0,CD,2,NORM,0,False
3871,15694.0,NORM,0,NORM,0,True
3877,13533.0,MI,3,HYP,4,False
3884,16894.0,STTC,1,STTC,1,True
3888,15123.0,CD,2,NORM,0,False
3892,13309.0,NORM,0,NORM,0,True
3896,8149.0,NORM,0,NORM,0,True
3897,19624.0,STTC,1,STTC,1,True
3906,9622.0,NORM,0,NORM,0,True
3916,20233.0,NORM,0,NORM,0,True
3921,986.0,STTC,1,STTC,1,True
3933,1808.0,CD,2,CD,2,True
3939,12807.0,STTC,1,NORM,0,False
3947,17456.0,CD,2,CD,2,True
3957,7697.0,STTC,1,STTC,1,True
3963,4726.0,STTC,1,STTC,1,True
3964,5180.0,NORM,0,NORM,0,True
3969,7581.0,NORM,0,NORM,0,True
3983,6888.0,MI,3,MI,3,True
3992,2950.0,MI,3,CD,2,False
4000,5410.0,NORM,0,NORM,0,True
4008,3000.0,NORM,0,NORM,0,True
4012,14071.0,NORM,0,NORM,0,True
4016,3457.0,CD,2,CD,2,True
4025,648.0,NORM,0,NORM,0,True
4031,13520.0,CD,2,STTC,1,False
4032,3312.0,MI,3,NORM,0,False
4048,1470.0,HYP,4,MI,3,False
4059,9872.0,NORM,0,NORM,0,True
4062,13185.0,NORM,0,NORM,0,True
4063,10799.0,STTC,1,STTC,1,True
4076,6326.0,NORM,0,NORM,0,True
4077,2850.0,NORM,0,NORM,0,True
4083,3110.0,NORM,0,NORM,0,True
4084,3350.0,HYP,4,HYP,4,True
4087,5141.0,STTC,1,STTC,1,True
4090,648.0,NORM,0,NORM,0,True
4097,648.0,NORM,0,NORM,0,True
4098,3536.0,CD,2,NORM,0,False
4101,19669.0,NORM,0,NORM,0,True
4103,648.0,NORM,0,NORM,0,True
4108,1925.0,HYP,4,HYP,4,True
4109,6931.0,STTC,1,STTC,1,True
4110,648.0,NORM,0,NORM,0,True
4114,6388.0,NORM,0,NORM,0,True
4121,2419.0,CD,2,CD,2,True
4125,4337.0,NORM,0,NORM,0,True
4128,2679.0,STTC,1,STTC,1,True
4133,7490.0,CD,2,CD,2,True
4135,1926.0,HYP,4,HYP,4,True
4137,5040.0,MI,3,STTC,1,False
4140,5953.0,MI,3,STTC,1,False
4141,2576.0,CD,2,CD,2,True
4153,20939.0,MI,3,MI,3,True
4157,21429.0,NORM,0,NORM,0,True
4158,16786.0,CD,2,CD,2,True
4160,1897.0,CD,2,CD,2,True
4163,21627.0,NORM,0,NORM,0,True
4165,20642.0,NORM,0,NORM,0,True
4168,12029.0,NORM,0,NORM,0,True
4170,13823.0,STTC,1,STTC,1,True
4172,15533.0,NORM,0,NORM,0,True
4175,18463.0,MI,3,MI,3,True
4184,13873.0,NORM,0,NORM,0,True
4189,8423.0,MI,3,MI,3,True
4190,11112.0,NORM,0,NORM,0,True
4195,17410.0,MI,3,MI,3,True
4196,20956.0,MI,3,MI,3,True
4203,14374.0,MI,3,HYP,4,False
4204,9095.0,NORM,0,NORM,0,True
4210,11543.0,NORM,0,NORM,0,True
4220,16204.0,CD,2,CD,2,True
4229,21768.0,NORM,0,NORM,0,True
4230,21768.0,STTC,1,STTC,1,True
4234,18500.0,STTC,1,STTC,1,True
4241,8103.0,NORM,0,NORM,0,True
4245,17491.0,CD,2,CD,2,True
4251,2435.0,CD,2,CD,2,True
4252,7810.0,NORM,0,NORM,0,True
4258,8083.0,CD,2,CD,2,True
4261,14976.0,NORM,0,NORM,0,True
4262,9233.0,NORM,0,CD,2,False
4270,1396.0,CD,2,CD,2,True
4272,2636.0,NORM,0,NORM,0,True
4275,7587.0,STTC,1,NORM,0,False
4281,10812.0,CD,2,CD,2,True
4285,912.0,NORM,0,NORM,0,True
4287,7328.0,NORM,0,NORM,0,True
4288,2747.0,NORM,0,NORM,0,True
4301,1499.0,NORM,0,NORM,0,True
4322,12237.0,CD,2,STTC,1,False
4326,9390.0,CD,2,CD,2,True
4330,1741.0,CD,2,CD,2,True
4335,20692.0,HYP,4,HYP,4,True
4337,3948.0,NORM,0,NORM,0,True
4342,6142.0,NORM,0,NORM,0,True
4351,14128.0,MI,3,STTC,1,False
4354,18056.0,NORM,0,NORM,0,True
4357,6497.0,STTC,1,MI,3,False
4368,16669.0,STTC,1,STTC,1,True
4372,6655.0,NORM,0,NORM,0,True
4374,20213.0,NORM,0,NORM,0,True
4379,12237.0,STTC,1,NORM,0,False
4389,16120.0,NORM,0,NORM,0,True
4391,20939.0,MI,3,MI,3,True
4399,15700.0,HYP,4,STTC,1,False
4414,8880.0,NORM,0,NORM,0,True
4419,3078.0,MI,3,MI,3,True
4420,323.0,NORM,0,NORM,0,True
4425,17841.0,CD,2,CD,2,True
4428,9576.0,NORM,0,NORM,0,True
4429,18199.0,NORM,0,STTC,1,False
4431,594.0,NORM,0,NORM,0,True
4443,16445.0,MI,3,MI,3,True
4446,18835.0,HYP,4,NORM,0,False
4459,4773.0,NORM,0,NORM,0,True
4464,1847.0,NORM,0,NORM,0,True
4465,323.0,STTC,1,STTC,1,True
4472,5937.0,NORM,0,NORM,0,True
4478,6735.0,NORM,0,NORM,0,True
4480,2645.0,NORM,0,STTC,1,False
4481,7787.0,NORM,0,NORM,0,True
4482,851.0,NORM,0,NORM,0,True
4487,2743.0,NORM,0,NORM,0,True
4494,17130.0,CD,2,NORM,0,False
4496,7329.0,CD,2,CD,2,True
4499,16445.0,HYP,4,HYP,4,True
4505,3928.0,NORM,0,NORM,0,True
4515,10272.0,NORM,0,NORM,0,True
4516,6837.0,STTC,1,STTC,1,True
4520,18872.0,NORM,0,NORM,0,True
4526,7890.0,STTC,1,NORM,0,False
4539,6484.0,NORM,0,NORM,0,True
4540,4766.0,STTC,1,MI,3,False
4553,4628.0,NORM,0,NORM,0,True
4558,5185.0,NORM,0,NORM,0,True
4564,2483.0,MI,3,MI,3,True
4572,20425.0,HYP,4,NORM,0,False
4579,4325.0,NORM,0,NORM,0,True
4580,21364.0,CD,2,CD,2,True
4585,1388.0,NORM,0,NORM,0,True
4591,16191.0,CD,2,CD,2,True
4597,2597.0,NORM,0,NORM,0,True
4598,20889.0,NORM,0,NORM,0,True
4599,11245.0,CD,2,CD,2,True
4612,4428.0,CD,2,CD,2,True
4613,18154.0,NORM,0,NORM,0,True
4617,21665.0,CD,2,CD,2,True
4619,2622.0,CD,2,CD,2,True
4621,747.0,MI,3,NORM,0,False
4627,10069.0,STTC,1,STTC,1,True
4629,6445.0,CD,2,CD,2,True
4633,13498.0,NORM,0,NORM,0,True
4634,7337.0,NORM,0,NORM,0,True
4635,525.0,NORM,0,NORM,0,True
4638,7928.0,NORM,0,NORM,0,True
4643,525.0,NORM,0,CD,2,False
4657,14389.0,CD,2,CD,2,True
4658,20394.0,CD,2,MI,3,False
4659,913.0,MI,3,MI,3,True
4665,21748.0,CD,2,HYP,4,False
4666,17003.0,CD,2,CD,2,True
4667,17154.0,CD,2,CD,2,True
4669,12236.0,NORM,0,NORM,0,True
4673,1326.0,CD,2,CD,2,True
4679,3631.0,NORM,0,NORM,0,True
4680,17453.0,NORM,0,NORM,0,True
4685,1987.0,NORM,0,NORM,0,True
4689,745.0,NORM,0,NORM,0,True
4692,3438.0,CD,2,CD,2,True
4701,457.0,HYP,4,HYP,4,True
4702,5688.0,HYP,4,NORM,0,False
4711,2777.0,NORM,0,NORM,0,True
4712,2458.0,MI,3,STTC,1,False
4722,5330.0,CD,2,CD,2,True
4725,20569.0,CD,2,CD,2,True
4739,21118.0,NORM,0,NORM,0,True
4742,20086.0,NORM,0,NORM,0,True
4749,4394.0,HYP,4,HYP,4,True
4756,7410.0,CD,2,CD,2,True
4758,6204.0,CD,2,CD,2,True
4763,15846.0,HYP,4,HYP,4,True
4776,4558.0,CD,2,STTC,1,False
4780,4108.0,CD,2,NORM,0,False
4791,15846.0,HYP,4,HYP,4,True
4798,14168.0,NORM,0,NORM,0,True
4808,19584.0,NORM,0,NORM,0,True
4812,11664.0,MI,3,HYP,4,False
4820,10499.0,NORM,0,NORM,0,True
4833,18360.0,MI,3,NORM,0,False
4834,12175.0,NORM,0,NORM,0,True
4837,9889.0,CD,2,CD,2,True
4845,16757.0,STTC,1,STTC,1,True
4851,10274.0,NORM,0,NORM,0,True
4858,8452.0,NORM,0,NORM,0,True
4862,17109.0,NORM,0,NORM,0,True
4887,13175.0,NORM,0,NORM,0,True
4888,10858.0,NORM,0,NORM,0,True
4892,770.0,NORM,0,NORM,0,True
4894,386.0,CD,2,CD,2,True
4896,14298.0,HYP,4,NORM,0,False
4898,13521.0,NORM,0,MI,3,False
4901,18479.0,MI,3,MI,3,True
4905,7099.0,NORM,0,NORM,0,True
4910,8058.0,NORM,0,NORM,0,True
4911,14924.0,NORM,0,NORM,0,True
4913,8781.0,NORM,0,NORM,0,True
4918,14298.0,HYP,4,NORM,0,False
4924,19029.0,NORM,0,NORM,0,True
4933,12382.0,NORM,0,NORM,0,True
4935,4791.0,STTC,1,NORM,0,False
4940,18518.0,CD,2,NORM,0,False
4945,6695.0,NORM,0,NORM,0,True
4951,6726.0,NORM,0,STTC,1,False
4952,2092.0,STTC,1,NORM,0,False
4957,17841.0,CD,2,CD,2,True
4959,15682.0,NORM,0,NORM,0,True
4961,6777.0,NORM,0,NORM,0,True
4966,18496.0,MI,3,NORM,0,False
4978,592.0,CD,2,CD,2,True
4988,18877.0,CD,2,CD,2,True
5043,9802.0,MI,3,HYP,4,False
5044,17460.0,NORM,0,NORM,0,True
5046,12700.0,CD,2,CD,2,True
5047,20086.0,HYP,4,STTC,1,False
5049,18917.0,NORM,0,NORM,0,True
5050,6889.0,MI,3,MI,3,True
5051,691.0,STTC,1,STTC,1,True
5058,592.0,CD,2,CD,2,True
5062,3530.0,CD,2,STTC,1,False
5081,8984.0,NORM,0,NORM,0,True
5088,517.0,HYP,4,CD,2,False
5091,7399.0,NORM,0,NORM,0,True
5098,18917.0,NORM,0,NORM,0,True
5099,5732.0,NORM,0,NORM,0,True
5102,7739.0,NORM,0,NORM,0,True
5103,7033.0,HYP,4,MI,3,False
5104,15682.0,NORM,0,NORM,0,True
5110,9749.0,NORM,0,NORM,0,True
5125,10969.0,STTC,1,NORM,0,False
5132,16183.0,HYP,4,HYP,4,True
5139,21190.0,MI,3,MI,3,True
5141,14217.0,NORM,0,CD,2,False
5152,17179.0,NORM,0,MI,3,False
5160,17263.0,MI,3,NORM,0,False
5162,17899.0,NORM,0,NORM,0,True
5163,19116.0,CD,2,CD,2,True
5164,12949.0,MI,3,CD,2,False
5170,21124.0,CD,2,NORM,0,False
5174,19853.0,NORM,0,NORM,0,True
5175,18046.0,CD,2,CD,2,True
5182,11132.0,NORM,0,NORM,0,True
5187,10052.0,CD,2,CD,2,True
5193,17263.0,MI,3,NORM,0,False
5202,19285.0,MI,3,MI,3,True
5204,17263.0,MI,3,NORM,0,False
5215,19472.0,NORM,0,NORM,0,True
5221,10052.0,CD,2,CD,2,True
5222,15463.0,NORM,0,NORM,0,True
5227,14592.0,NORM,0,NORM,0,True
5232,11495.0,NORM,0,NORM,0,True
5235,17513.0,STTC,1,NORM,0,False
5236,13341.0,NORM,0,NORM,0,True
5237,11454.0,STTC,1,MI,3,False
5245,21766.0,NORM,0,NORM,0,True
5246,9686.0,MI,3,MI,3,True
5247,15331.0,MI,3,MI,3,True
5251,14952.0,MI,3,MI,3,True
5257,14952.0,MI,3,CD,2,False
5260,16183.0,CD,2,CD,2,True
5261,19472.0,NORM,0,NORM,0,True
5267,19260.0,NORM,0,NORM,0,True
5273,20862.0,NORM,0,NORM,0,True
5275,21632.0,NORM,0,NORM,0,True
5278,11132.0,STTC,1,STTC,1,True
5287,8477.0,MI,3,CD,2,False
5289,14952.0,HYP,4,MI,3,False
5293,14465.0,HYP,4,CD,2,False
5308,19002.0,NORM,0,NORM,0,True
5310,17263.0,STTC,1,NORM,0,False
5315,9350.0,NORM,0,NORM,0,True
5317,10355.0,MI,3,MI,3,True
5320,17822.0,CD,2,CD,2,True
5322,20537.0,CD,2,CD,2,True
5323,17378.0,HYP,4,STTC,1,False
5329,17599.0,HYP,4,MI,3,False
5331,19996.0,NORM,0,NORM,0,True
5333,20105.0,MI,3,STTC,1,False
5336,14803.0,NORM,0,NORM,0,True
5337,15306.0,CD,2,NORM,0,False
5338,11960.0,CD,2,CD,2,True
5340,20105.0,CD,2,STTC,1,False
5341,20105.0,CD,2,CD,2,True
5342,20105.0,CD,2,CD,2,True
5344,10605.0,NORM,0,NORM,0,True
5349,19721.0,CD,2,CD,2,True
5356,20105.0,CD,2,STTC,1,False
5358,12653.0,CD,2,CD,2,True
5359,16891.0,HYP,4,HYP,4,True
5360,20205.0,MI,3,MI,3,True
5363,9874.0,NORM,0,NORM,0,True
5370,12862.0,NORM,0,NORM,0,True
5375,17277.0,NORM,0,NORM,0,True
5379,18054.0,CD,2,CD,2,True
5382,20175.0,NORM,0,NORM,0,True
5383,8881.0,NORM,0,NORM,0,True
5385,9426.0,NORM,0,NORM,0,True
5402,14379.0,STTC,1,STTC,1,True
5404,19663.0,CD,2,CD,2,True
5407,12653.0,CD,2,CD,2,True
5408,9390.0,STTC,1,STTC,1,True
5418,15624.0,NORM,0,NORM,0,True
5419,14304.0,HYP,4,CD,2,False
5424,11245.0,CD,2,CD,2,True
5429,17479.0,STTC,1,HYP,4,False
5431,10274.0,NORM,0,NORM,0,True
5444,21137.0,CD,2,CD,2,True
5449,20436.0,HYP,4,MI,3,False
5455,21296.0,CD,2,NORM,0,False
5458,9546.0,CD,2,STTC,1,False
5459,18635.0,NORM,0,NORM,0,True
5468,8311.0,NORM,0,NORM,0,True
5469,18635.0,NORM,0,NORM,0,True
5473,11245.0,CD,2,CD,2,True
5475,17361.0,NORM,0,NORM,0,True
5476,15468.0,CD,2,HYP,4,False
5478,17139.0,MI,3,NORM,0,False
5481,19029.0,NORM,0,NORM,0,True
5482,9749.0,NORM,0,NORM,0,True
5485,17479.0,HYP,4,HYP,4,True
5491,13946.0,NORM,0,NORM,0,True
5492,14218.0,CD,2,MI,3,False
5495,14206.0,CD,2,CD,2,True
5498,17520.0,MI,3,NORM,0,False
5501,19357.0,MI,3,MI,3,True
5505,17211.0,NORM,0,NORM,0,True
5506,17296.0,NORM,0,NORM,0,True
5508,16184.0,NORM,0,NORM,0,True
5530,13734.0,NORM,0,NORM,0,True
5536,17899.0,NORM,0,NORM,0,True
5539,13843.0,NORM,0,NORM,0,True
5558,8844.0,NORM,0,NORM,0,True
5561,9031.0,NORM,0,NORM,0,True
5564,16073.0,NORM,0,NORM,0,True
5565,12913.0,NORM,0,NORM,0,True
5570,10440.0,MI,3,MI,3,True
5572,19996.0,STTC,1,NORM,0,False
5579,12253.0,NORM,0,NORM,0,True
5582,20630.0,HYP,4,MI,3,False
5589,17964.0,NORM,0,CD,2,False
5590,20105.0,CD,2,STTC,1,False
5605,20469.0,NORM,0,NORM,0,True
5618,19480.0,NORM,0,NORM,0,True
5629,11179.0,MI,3,NORM,0,False
5632,18781.0,MI,3,MI,3,True
5636,12949.0,HYP,4,HYP,4,True
5637,12949.0,CD,2,HYP,4,False
5640,21442.0,MI,3,MI,3,True
5644,8054.0,HYP,4,STTC,1,False
5645,10246.0,MI,3,MI,3,True
5646,8054.0,STTC,1,STTC,1,True
5647,8054.0,STTC,1,HYP,4,False
5648,8054.0,STTC,1,STTC,1,True
5651,19815.0,NORM,0,NORM,0,True
5652,8960.0,NORM,0,NORM,0,True
5657,14093.0,HYP,4,STTC,1,False
5660,18923.0,STTC,1,STTC,1,True
5661,9262.0,STTC,1,CD,2,False
5667,18781.0,MI,3,MI,3,True
5679,20086.0,HYP,4,STTC,1,False
5687,16438.0,CD,2,STTC,1,False
5696,16439.0,CD,2,CD,2,True
5732,5183.0,STTC,1,NORM,0,False
5733,11021.0,NORM,0,NORM,0,True
5736,789.0,CD,2,CD,2,True
5741,16568.0,NORM,0,NORM,0,True
5747,1588.0,NORM,0,STTC,1,False
5751,7419.0,NORM,0,NORM,0,True
5758,8590.0,NORM,0,NORM,0,True
5759,14690.0,NORM,0,NORM,0,True
5763,17852.0,MI,3,MI,3,True
5767,18787.0,NORM,0,NORM,0,True
5768,9409.0,CD,2,STTC,1,False
5770,17366.0,NORM,0,NORM,0,True
5771,16197.0,NORM,0,NORM,0,True
5773,12889.0,CD,2,CD,2,True
5783,9734.0,NORM,0,NORM,0,True
5784,17693.0,NORM,0,NORM,0,True
5798,6302.0,NORM,0,NORM,0,True
5800,8810.0,CD,2,CD,2,True
5806,13082.0,MI,3,MI,3,True
5807,8810.0,CD,2,STTC,1,False
5810,17184.0,HYP,4,HYP,4,True
5811,19268.0,CD,2,CD,2,True
5813,10762.0,NORM,0,NORM,0,True
5815,9235.0,NORM,0,NORM,0,True
5820,8663.0,NORM,0,NORM,0,True
5821,3865.0,HYP,4,MI,3,False
5826,17804.0,CD,2,CD,2,True
5831,20048.0,NORM,0,NORM,0,True
5832,2595.0,CD,2,CD,2,True
5834,4924.0,NORM,0,NORM,0,True
5841,10624.0,STTC,1,NORM,0,False
5842,3241.0,HYP,4,HYP,4,True
5846,13465.0,NORM,0,NORM,0,True
5849,4691.0,NORM,0,NORM,0,True
5861,19492.0,STTC,1,MI,3,False
5865,6225.0,CD,2,CD,2,True
5870,8211.0,NORM,0,NORM,0,True
5873,10624.0,STTC,1,NORM,0,False
5882,8702.0,NORM,0,NORM,0,True
5883,16560.0,MI,3,MI,3,True
5885,20115.0,MI,3,MI,3,True
5887,15867.0,NORM,0,NORM,0,True
5890,16560.0,NORM,0,MI,3,False
5895,16560.0,MI,3,NORM,0,False
5896,13690.0,NORM,0,NORM,0,True
5902,13529.0,CD,2,CD,2,True
5909,16713.0,MI,3,MI,3,True
5911,15294.0,HYP,4,STTC,1,False
5918,18333.0,NORM,0,NORM,0,True
5927,13482.0,MI,3,MI,3,True
5928,14870.0,NORM,0,NORM,0,True
5929,18345.0,NORM,0,NORM,0,True
5931,18658.0,NORM,0,NORM,0,True
5935,19782.0,NORM,0,NORM,0,True
5936,15766.0,MI,3,NORM,0,False
5937,5111.0,HYP,4,NORM,0,False
5938,14893.0,NORM,0,NORM,0,True
5940,16786.0,CD,2,CD,2,True
5950,15651.0,STTC,1,STTC,1,True
5953,8516.0,CD,2,NORM,0,False
5958,15766.0,MI,3,NORM,0,False
5961,9038.0,CD,2,CD,2,True
5962,16101.0,NORM,0,NORM,0,True
5965,18023.0,HYP,4,STTC,1,False
5976,14733.0,NORM,0,NORM,0,True
5981,1630.0,NORM,0,NORM,0,True
5991,7585.0,CD,2,CD,2,True
6005,2810.0,NORM,0,NORM,0,True
6008,1237.0,NORM,0,NORM,0,True
6010,19799.0,NORM,0,NORM,0,True
6011,7745.0,MI,3,MI,3,True
6017,2694.0,HYP,4,HYP,4,True
6018,7303.0,HYP,4,NORM,0,False
6023,11534.0,CD,2,NORM,0,False
6024,21735.0,NORM,0,NORM,0,True
6030,2098.0,NORM,0,STTC,1,False
6034,19507.0,NORM,0,NORM,0,True
6035,14773.0,NORM,0,NORM,0,True
6052,3456.0,NORM,0,STTC,1,False
6057,7969.0,CD,2,NORM,0,False
6060,3869.0,CD,2,NORM,0,False
6070,7436.0,HYP,4,MI,3,False
6074,1868.0,NORM,0,NORM,0,True
6078,2863.0,MI,3,STTC,1,False
6082,6306.0,MI,3,CD,2,False
6085,10642.0,HYP,4,MI,3,False
6088,12129.0,CD,2,CD,2,True
6095,4142.0,NORM,0,STTC,1,False
6097,4982.0,NORM,0,NORM,0,True
6103,5886.0,NORM,0,NORM,0,True
6118,5300.0,NORM,0,NORM,0,True
6131,19964.0,NORM,0,NORM,0,True
6134,16786.0,CD,2,CD,2,True
6141,1933.0,HYP,4,STTC,1,False
6153,3064.0,CD,2,CD,2,True
6155,8934.0,CD,2,CD,2,True
6160,21796.0,NORM,0,NORM,0,True
6167,5845.0,HYP,4,HYP,4,True
6169,4392.0,NORM,0,NORM,0,True
6177,5922.0,CD,2,STTC,1,False
6178,5356.0,NORM,0,NORM,0,True
6184,7157.0,NORM,0,CD,2,False
6194,18933.0,STTC,1,MI,3,False
6216,18693.0,NORM,0,NORM,0,True
6223,8695.0,STTC,1,STTC,1,True
6224,17225.0,MI,3,CD,2,False
6231,10187.0,MI,3,NORM,0,False
6237,17704.0,NORM,0,NORM,0,True
6245,10508.0,STTC,1,STTC,1,True
6246,11599.0,NORM,0,NORM,0,True
6247,15456.0,STTC,1,STTC,1,True
6254,8769.0,HYP,4,MI,3,False
6259,20948.0,HYP,4,MI,3,False
6262,21143.0,NORM,0,NORM,0,True
6270,9872.0,STTC,1,NORM,0,False
6273,12398.0,MI,3,NORM,0,False
6274,20228.0,NORM,0,NORM,0,True
6275,18707.0,CD,2,MI,3,False
6278,7946.0,NORM,0,STTC,1,False
6280,9117.0,MI,3,NORM,0,False
6281,16104.0,NORM,0,NORM,0,True
6282,9232.0,CD,2,CD,2,True
6284,14287.0,CD,2,CD,2,True
6288,4209.0,CD,2,CD,2,True
6298,3728.0,NORM,0,NORM,0,True
6306,2886.0,CD,2,MI,3,False
6311,16190.0,NORM,0,NORM,0,True
6312,11448.0,NORM,0,NORM,0,True
6322,4353.0,CD,2,CD,2,True
6326,12728.0,NORM,0,NORM,0,True
6331,386.0,CD,2,CD,2,True
6338,21747.0,MI,3,NORM,0,False
6341,6614.0,NORM,0,NORM,0,True
6347,1250.0,HYP,4,NORM,0,False
6356,3102.0,CD,2,CD,2,True
6366,4941.0,STTC,1,STTC,1,True
6370,5896.0,NORM,0,CD,2,False
6381,20219.0,NORM,0,NORM,0,True
6389,4255.0,CD,2,MI,3,False
6393,7223.0,NORM,0,NORM,0,True
6394,9490.0,MI,3,MI,3,True
6398,20302.0,STTC,1,STTC,1,True
6406,17088.0,NORM,0,NORM,0,True
6422,10038.0,HYP,4,STTC,1,False
6425,8268.0,NORM,0,NORM,0,True
6427,2245.0,HYP,4,NORM,0,False
6441,2998.0,NORM,0,NORM,0,True
6445,18186.0,CD,2,HYP,4,False
6446,19105.0,MI,3,MI,3,True
6452,2710.0,HYP,4,STTC,1,False
6458,20302.0,NORM,0,STTC,1,False
6460,15721.0,STTC,1,STTC,1,True
6471,4751.0,CD,2,NORM,0,False
6480,20392.0,CD,2,CD,2,True
6482,20003.0,NORM,0,NORM,0,True
6498,933.0,NORM,0,NORM,0,True
6509,1320.0,HYP,4,HYP,4,True
6520,20392.0,HYP,4,CD,2,False
6533,9757.0,CD,2,CD,2,True
6534,15812.0,NORM,0,NORM,0,True
6536,4681.0,MI,3,NORM,0,False
6537,10230.0,CD,2,CD,2,True
6538,21111.0,MI,3,CD,2,False
6541,10965.0,NORM,0,MI,3,False
6543,7125.0,CD,2,CD,2,True
6544,19293.0,MI,3,HYP,4,False
6547,5383.0,MI,3,MI,3,True
6559,9882.0,MI,3,STTC,1,False
6566,3048.0,NORM,0,NORM,0,True
6570,404.0,NORM,0,NORM,0,True
6571,6972.0,NORM,0,NORM,0,True
6573,2858.0,NORM,0,NORM,0,True
6576,4509.0,HYP,4,STTC,1,False
6589,853.0,CD,2,CD,2,True
6591,3210.0,STTC,1,STTC,1,True
6598,6967.0,NORM,0,NORM,0,True
6599,1047.0,HYP,4,NORM,0,False
6601,16992.0,NORM,0,NORM,0,True
6605,17079.0,STTC,1,STTC,1,True
6622,18569.0,NORM,0,NORM,0,True
6627,20302.0,STTC,1,STTC,1,True
6630,10851.0,MI,3,HYP,4,False
6639,675.0,NORM,0,NORM,0,True
6640,4146.0,NORM,0,NORM,0,True
6656,18682.0,NORM,0,NORM,0,True
6658,10621.0,NORM,0,NORM,0,True
6677,13517.0,MI,3,MI,3,True
6678,9137.0,CD,2,CD,2,True
6683,14039.0,MI,3,MI,3,True
6687,404.0,NORM,0,MI,3,False
6689,1817.0,NORM,0,NORM,0,True
6695,1423.0,MI,3,NORM,0,False
6697,4314.0,STTC,1,STTC,1,True
6708,4934.0,CD,2,CD,2,True
6715,2329.0,CD,2,CD,2,True
6716,455.0,MI,3,MI,3,True
6718,4168.0,MI,3,MI,3,True
6721,2011.0,MI,3,MI,3,True
6725,6540.0,NORM,0,NORM,0,True
6729,724.0,NORM,0,NORM,0,True
6738,1594.0,CD,2,CD,2,True
6743,835.0,NORM,0,NORM,0,True
6744,7858.0,NORM,0,NORM,0,True
6754,11513.0,HYP,4,MI,3,False
6756,959.0,HYP,4,NORM,0,False
6759,16067.0,CD,2,CD,2,True
6761,8035.0,CD,2,NORM,0,False
6765,16316.0,NORM,0,STTC,1,False
6767,455.0,MI,3,MI,3,True
6768,1245.0,NORM,0,NORM,0,True
6769,12757.0,HYP,4,CD,2,False
6771,13065.0,NORM,0,NORM,0,True
6776,11613.0,NORM,0,MI,3,False
6789,13657.0,NORM,0,NORM,0,True
6790,735.0,HYP,4,STTC,1,False
6793,18755.0,HYP,4,MI,3,False
6794,11613.0,HYP,4,MI,3,False
6796,19527.0,STTC,1,STTC,1,True
6799,16233.0,NORM,0,NORM,0,True
6805,10107.0,CD,2,CD,2,True
6806,11301.0,HYP,4,NORM,0,False
6809,10107.0,CD,2,CD,2,True
6812,10107.0,CD,2,CD,2,True
6815,20977.0,NORM,0,NORM,0,True
6821,10107.0,CD,2,CD,2,True
6828,10107.0,CD,2,CD,2,True
6833,10107.0,CD,2,CD,2,True
6835,10236.0,MI,3,CD,2,False
6836,15497.0,NORM,0,NORM,0,True
6838,20583.0,HYP,4,MI,3,False
6840,14729.0,CD,2,CD,2,True
6844,16316.0,STTC,1,HYP,4,False
6847,13985.0,HYP,4,CD,2,False
6852,8264.0,CD,2,MI,3,False
6853,21045.0,NORM,0,NORM,0,True
6854,12116.0,NORM,0,CD,2,False
6855,18408.0,NORM,0,NORM,0,True
6856,10107.0,CD,2,CD,2,True
6862,18818.0,NORM,0,NORM,0,True
6863,13609.0,MI,3,MI,3,True
6865,18726.0,NORM,0,NORM,0,True
6866,10107.0,CD,2,CD,2,True
6867,15497.0,NORM,0,NORM,0,True
6876,8550.0,CD,2,CD,2,True
6892,4831.0,CD,2,HYP,4,False
6894,4875.0,STTC,1,NORM,0,False
6897,1985.0,NORM,0,NORM,0,True
6907,21212.0,MI,3,MI,3,True
6918,2604.0,HYP,4,CD,2,False
6923,3074.0,NORM,0,NORM,0,True
6924,14695.0,NORM,0,NORM,0,True
6938,632.0,CD,2,CD,2,True
6940,3134.0,HYP,4,HYP,4,True
6951,7057.0,NORM,0,NORM,0,True
6954,4960.0,NORM,0,NORM,0,True
6956,1321.0,STTC,1,NORM,0,False
6960,2571.0,NORM,0,NORM,0,True
6964,20125.0,NORM,0,NORM,0,True
6967,12588.0,CD,2,CD,2,True
6970,16471.0,HYP,4,STTC,1,False
6976,13955.0,CD,2,CD,2,True
6979,3894.0,NORM,0,NORM,0,True
6980,17131.0,NORM,0,NORM,0,True
7003,1399.0,CD,2,HYP,4,False
7009,18821.0,MI,3,MI,3,True
7012,15566.0,MI,3,NORM,0,False
7019,21670.0,CD,2,CD,2,True
7032,13275.0,NORM,0,NORM,0,True
7039,4828.0,NORM,0,NORM,0,True
7044,11668.0,CD,2,NORM,0,False
7045,19599.0,NORM,0,NORM,0,True
7050,16471.0,HYP,4,NORM,0,False
7053,10498.0,NORM,0,CD,2,False
7058,18569.0,NORM,0,CD,2,False
7059,9609.0,NORM,0,NORM,0,True
7060,18394.0,NORM,0,NORM,0,True
7068,5954.0,NORM,0,NORM,0,True
7085,6600.0,NORM,0,NORM,0,True
7086,15430.0,NORM,0,NORM,0,True
7087,1593.0,NORM,0,NORM,0,True
7090,6872.0,CD,2,CD,2,True
7093,2001.0,CD,2,CD,2,True
7094,12588.0,CD,2,CD,2,True
7103,9609.0,CD,2,NORM,0,False
7106,5364.0,NORM,0,NORM,0,True
7108,16241.0,NORM,0,NORM,0,True
7111,10122.0,MI,3,CD,2,False
7121,12567.0,CD,2,CD,2,True
7122,12077.0,MI,3,MI,3,True
7126,7446.0,NORM,0,NORM,0,True
7127,11579.0,NORM,0,NORM,0,True
7129,19643.0,NORM,0,CD,2,False
7150,15850.0,NORM,0,NORM,0,True
7162,16528.0,STTC,1,NORM,0,False
7172,16967.0,CD,2,CD,2,True
7174,17677.0,CD,2,CD,2,True
7176,16415.0,HYP,4,STTC,1,False
7199,19878.0,MI,3,HYP,4,False
7212,11610.0,MI,3,MI,3,True
7227,16420.0,CD,2,CD,2,True
7233,10107.0,STTC,1,MI,3,False
7242,7951.0,CD,2,CD,2,True
7262,19730.0,NORM,0,STTC,1,False
7266,15221.0,HYP,4,STTC,1,False
7268,16241.0,NORM,0,NORM,0,True
7280,15221.0,HYP,4,STTC,1,False
7285,17013.0,HYP,4,CD,2,False
7287,8861.0,MI,3,STTC,1,False
7290,19191.0,NORM,0,NORM,0,True
7302,17013.0,MI,3,CD,2,False
7309,9510.0,NORM,0,NORM,0,True
7317,17525.0,MI,3,NORM,0,False
7328,12477.0,NORM,0,NORM,0,True
7331,8277.0,STTC,1,STTC,1,True
7349,9551.0,CD,2,CD,2,True
7352,11688.0,NORM,0,NORM,0,True
7354,9433.0,HYP,4,NORM,0,False
7368,13424.0,NORM,0,NORM,0,True
7376,14109.0,NORM,0,NORM,0,True
7386,14518.0,STTC,1,STTC,1,True
7390,14092.0,STTC,1,NORM,0,False
7391,8578.0,STTC,1,STTC,1,True
7395,10259.0,NORM,0,NORM,0,True
7404,17013.0,HYP,4,MI,3,False
7414,12226.0,CD,2,CD,2,True
7417,18886.0,NORM,0,NORM,0,True
7421,9659.0,NORM,0,NORM,0,True
7425,13042.0,NORM,0,NORM,0,True
7431,17013.0,MI,3,CD,2,False
7435,13885.0,NORM,0,NORM,0,True
7436,7951.0,NORM,0,NORM,0,True
7461,16164.0,NORM,0,NORM,0,True
7472,12846.0,CD,2,NORM,0,False
7475,7940.0,NORM,0,NORM,0,True
7476,11502.0,NORM,0,NORM,0,True
7479,10027.0,NORM,0,STTC,1,False
7488,9128.0,STTC,1,STTC,1,True
7489,16814.0,MI,3,CD,2,False
7490,9156.0,NORM,0,NORM,0,True
7491,19800.0,NORM,0,NORM,0,True
7492,11131.0,STTC,1,STTC,1,True
7498,12400.0,CD,2,CD,2,True
7500,14587.0,CD,2,CD,2,True
7507,13252.0,NORM,0,NORM,0,True
7508,21111.0,HYP,4,CD,2,False
7515,11471.0,STTC,1,HYP,4,False
7523,19168.0,STTC,1,NORM,0,False
7525,11131.0,STTC,1,STTC,1,True
7528,10216.0,CD,2,NORM,0,False
7532,15794.0,NORM,0,STTC,1,False
7536,19012.0,CD,2,CD,2,True
7538,19610.0,STTC,1,STTC,1,True
7539,13262.0,CD,2,CD,2,True
7550,14121.0,MI,3,MI,3,True
7552,10569.0,STTC,1,STTC,1,True
7560,21739.0,NORM,0,NORM,0,True
7572,17768.0,MI,3,MI,3,True
7578,14121.0,NORM,0,MI,3,False
7579,14729.0,CD,2,CD,2,True
7583,18780.0,NORM,0,NORM,0,True
7595,10569.0,STTC,1,STTC,1,True
7597,12299.0,NORM,0,NORM,0,True
7598,9740.0,CD,2,CD,2,True
7600,14121.0,MI,3,MI,3,True
7607,21100.0,STTC,1,STTC,1,True
7612,19522.0,HYP,4,HYP,4,True
7614,17869.0,MI,3,NORM,0,False
7615,13815.0,NORM,0,NORM,0,True
7617,11705.0,CD,2,CD,2,True
7618,20904.0,CD,2,CD,2,True
7619,15412.0,CD,2,CD,2,True
7623,17869.0,NORM,0,NORM,0,True
7629,12630.0,HYP,4,STTC,1,False
7636,12189.0,NORM,0,NORM,0,True
7642,16903.0,NORM,0,NORM,0,True
7647,14705.0,NORM,0,NORM,0,True
7650,14001.0,NORM,0,NORM,0,True
7655,15016.0,CD,2,CD,2,True
7667,659.0,MI,3,MI,3,True
7668,10491.0,CD,2,CD,2,True
7672,19363.0,NORM,0,NORM,0,True
7681,1441.0,NORM,0,NORM,0,True
7685,12889.0,CD,2,CD,2,True
7686,5605.0,CD,2,CD,2,True
7690,4950.0,STTC,1,STTC,1,True
7697,794.0,STTC,1,STTC,1,True
7698,6469.0,NORM,0,CD,2,False
7700,9740.0,CD,2,STTC,1,False
7705,21357.0,STTC,1,STTC,1,True
7708,9230.0,MI,3,MI,3,True
7709,13155.0,NORM,0,CD,2,False
7710,19100.0,NORM,0,NORM,0,True
7716,15067.0,HYP,4,STTC,1,False
7718,4723.0,NORM,0,NORM,0,True
7719,15465.0,NORM,0,MI,3,False
7730,19363.0,NORM,0,NORM,0,True
7732,11517.0,STTC,1,NORM,0,False
7736,10122.0,MI,3,CD,2,False
7743,8182.0,STTC,1,STTC,1,True
7752,11576.0,NORM,0,NORM,0,True
7757,3333.0,NORM,0,NORM,0,True
7758,7519.0,NORM,0,CD,2,False
7761,18428.0,NORM,0,NORM,0,True
7775,8298.0,NORM,0,NORM,0,True
7786,11931.0,STTC,1,STTC,1,True
7802,12605.0,CD,2,HYP,4,False
7810,2860.0,STTC,1,STTC,1,True
7812,6111.0,HYP,4,NORM,0,False
7813,9740.0,CD,2,CD,2,True
7815,5593.0,CD,2,CD,2,True
7816,3783.0,HYP,4,HYP,4,True
7818,4041.0,NORM,0,NORM,0,True
7825,3719.0,MI,3,NORM,0,False
7827,6117.0,MI,3,MI,3,True
7845,20046.0,NORM,0,NORM,0,True
7851,20566.0,MI,3,NORM,0,False
7852,13323.0,STTC,1,STTC,1,True
7853,16931.0,NORM,0,NORM,0,True
7878,13970.0,MI,3,MI,3,True
7881,9740.0,MI,3,STTC,1,False
7887,20538.0,STTC,1,STTC,1,True
7891,12620.0,NORM,0,NORM,0,True
7897,7045.0,CD,2,CD,2,True
7899,7484.0,NORM,0,NORM,0,True
7911,14202.0,NORM,0,STTC,1,False
7912,15379.0,STTC,1,STTC,1,True
7914,19669.0,NORM,0,NORM,0,True
7920,9125.0,NORM,0,NORM,0,True
7924,18296.0,NORM,0,NORM,0,True
7928,12105.0,NORM,0,NORM,0,True
7933,19805.0,NORM,0,NORM,0,True
7939,2550.0,STTC,1,NORM,0,False
7950,17165.0,NORM,0,STTC,1,False
7960,358.0,CD,2,CD,2,True
7962,358.0,CD,2,CD,2,True
7964,3167.0,CD,2,NORM,0,False
7967,1787.0,CD,2,CD,2,True
7972,15616.0,NORM,0,NORM,0,True
7984,3945.0,NORM,0,NORM,0,True
7986,12742.0,NORM,0,NORM,0,True
8000,17772.0,STTC,1,NORM,0,False
8004,2590.0,HYP,4,NORM,0,False
8007,632.0,CD,2,CD,2,True
8010,7098.0,NORM,0,MI,3,False
8029,11112.0,NORM,0,NORM,0,True
8031,3104.0,MI,3,HYP,4,False
8032,9740.0,MI,3,STTC,1,False
8042,759.0,NORM,0,NORM,0,True
8055,2102.0,CD,2,CD,2,True
8066,4552.0,CD,2,STTC,1,False
8068,2028.0,NORM,0,NORM,0,True
8072,659.0,MI,3,MI,3,True
8080,4201.0,NORM,0,NORM,0,True
8086,3890.0,NORM,0,NORM,0,True
8094,624.0,NORM,0,NORM,0,True
8099,6392.0,NORM,0,NORM,0,True
8104,12742.0,NORM,0,NORM,0,True
8105,624.0,CD,2,CD,2,True
8115,1135.0,NORM,0,NORM,0,True
8119,624.0,STTC,1,MI,3,False
8134,9308.0,HYP,4,NORM,0,False
8136,1376.0,STTC,1,NORM,0,False
8147,9681.0,NORM,0,NORM,0,True
8154,21325.0,NORM,0,NORM,0,True
8156,9308.0,HYP,4,NORM,0,False
8157,15179.0,MI,3,CD,2,False
8159,14818.0,HYP,4,NORM,0,False
8160,14818.0,NORM,0,NORM,0,True
8162,9959.0,MI,3,HYP,4,False
8166,9959.0,MI,3,MI,3,True
8168,20778.0,NORM,0,NORM,0,True
8169,19512.0,MI,3,STTC,1,False
8170,21414.0,NORM,0,NORM,0,True
8174,10484.0,NORM,0,NORM,0,True
8176,21764.0,NORM,0,NORM,0,True
8181,16043.0,CD,2,NORM,0,False
8187,12939.0,MI,3,NORM,0,False
8192,8073.0,NORM,0,NORM,0,True
8200,9397.0,NORM,0,NORM,0,True
8205,16597.0,NORM,0,NORM,0,True
8207,16863.0,CD,2,CD,2,True
8219,14026.0,NORM,0,NORM,0,True
8221,12321.0,NORM,0,NORM,0,True
8223,20293.0,CD,2,CD,2,True
8225,13741.0,CD,2,CD,2,True
8229,19621.0,MI,3,NORM,0,False
8236,6163.0,STTC,1,STTC,1,True
8237,19993.0,CD,2,CD,2,True
8243,16762.0,NORM,0,STTC,1,False
8251,12459.0,CD,2,NORM,0,False
8256,11350.0,MI,3,MI,3,True
8270,1805.0,CD,2,CD,2,True
8272,7464.0,HYP,4,STTC,1,False
8281,10982.0,CD,2,CD,2,True
8293,4107.0,NORM,0,NORM,0,True
8300,2198.0,CD,2,CD,2,True
8301,6729.0,MI,3,STTC,1,False
8304,13171.0,CD,2,CD,2,True
8306,7148.0,NORM,0,NORM,0,True
8307,6545.0,CD,2,CD,2,True
8310,3437.0,NORM,0,NORM,0,True
8317,16974.0,CD,2,STTC,1,False
8329,8560.0,MI,3,MI,3,True
8335,5840.0,STTC,1,NORM,0,False
8342,3379.0,CD,2,CD,2,True
8343,4736.0,CD,2,NORM,0,False
8344,2111.0,MI,3,CD,2,False
8351,13977.0,NORM,0,NORM,0,True
8352,14988.0,MI,3,MI,3,True
8364,6763.0,STTC,1,STTC,1,True
8368,19967.0,NORM,0,NORM,0,True
8371,13326.0,CD,2,CD,2,True
8375,13203.0,CD,2,CD,2,True
8377,11870.0,STTC,1,HYP,4,False
8378,4089.0,CD,2,CD,2,True
8394,12809.0,NORM,0,NORM,0,True
8399,2496.0,MI,3,CD,2,False
8400,13816.0,NORM,0,NORM,0,True
8403,10928.0,MI,3,MI,3,True
8416,9648.0,HYP,4,HYP,4,True
8417,16742.0,NORM,0,NORM,0,True
8433,16165.0,NORM,0,NORM,0,True
8435,19488.0,STTC,1,NORM,0,False
8444,6436.0,NORM,0,NORM,0,True
8447,439.0,NORM,0,NORM,0,True
8448,12328.0,CD,2,CD,2,True
8451,739.0,STTC,1,CD,2,False
8473,12926.0,CD,2,MI,3,False
8477,10928.0,MI,3,MI,3,True
8478,7704.0,STTC,1,MI,3,False
8481,9164.0,NORM,0,NORM,0,True
8497,15861.0,CD,2,CD,2,True
8499,1262.0,CD,2,CD,2,True
8505,3899.0,CD,2,CD,2,True
8514,2758.0,NORM,0,NORM,0,True
8524,3181.0,HYP,4,NORM,0,False
8526,5936.0,NORM,0,NORM,0,True
8531,3206.0,NORM,0,NORM,0,True
8532,3152.0,CD,2,MI,3,False
8536,12285.0,NORM,0,NORM,0,True
8542,15435.0,MI,3,CD,2,False
8556,5228.0,NORM,0,STTC,1,False
8564,17123.0,NORM,0,NORM,0,True
8565,6422.0,NORM,0,NORM,0,True
8572,7466.0,STTC,1,NORM,0,False
8575,13520.0,CD,2,CD,2,True
8576,11757.0,MI,3,MI,3,True
8582,5792.0,NORM,0,MI,3,False
8591,19224.0,STTC,1,NORM,0,False
8592,15868.0,NORM,0,NORM,0,True
8599,17823.0,CD,2,CD,2,True
8601,7092.0,HYP,4,STTC,1,False
8612,21320.0,MI,3,STTC,1,False
8622,967.0,CD,2,CD,2,True
8624,11353.0,MI,3,MI,3,True
8628,4264.0,MI,3,STTC,1,False
8642,2422.0,NORM,0,NORM,0,True
8643,2626.0,MI,3,STTC,1,False
8644,552.0,NORM,0,NORM,0,True
8647,16093.0,NORM,0,NORM,0,True
8648,8683.0,MI,3,MI,3,True
8654,18209.0,NORM,0,NORM,0,True
8657,13203.0,CD,2,CD,2,True
8665,15722.0,NORM,0,NORM,0,True
8670,15868.0,MI,3,CD,2,False
8675,13203.0,HYP,4,CD,2,False
8681,2226.0,CD,2,CD,2,True
8691,552.0,NORM,0,NORM,0,True
8692,3982.0,NORM,0,NORM,0,True
8699,1975.0,MI,3,STTC,1,False
8706,2912.0,NORM,0,NORM,0,True
8707,10191.0,NORM,0,NORM,0,True
8709,439.0,NORM,0,NORM,0,True
8711,5096.0,MI,3,NORM,0,False
8714,7633.0,CD,2,CD,2,True
8716,3195.0,CD,2,NORM,0,False
8724,2835.0,CD,2,NORM,0,False
8731,16093.0,STTC,1,MI,3,False
8740,13271.0,NORM,0,NORM,0,True
8765,10163.0,NORM,0,NORM,0,True
8776,7762.0,NORM,0,NORM,0,True
8777,1210.0,HYP,4,NORM,0,False
8783,19927.0,NORM,0,NORM,0,True
8785,8107.0,MI,3,STTC,1,False
8788,14458.0,NORM,0,NORM,0,True
8789,20786.0,NORM,0,NORM,0,True
8817,13973.0,STTC,1,HYP,4,False
8827,19951.0,NORM,0,CD,2,False
8836,21153.0,MI,3,MI,3,True
8853,18709.0,NORM,0,NORM,0,True
8868,5072.0,CD,2,CD,2,True
8873,7291.0,HYP,4,STTC,1,False
8876,738.0,NORM,0,NORM,0,True
8877,11667.0,CD,2,CD,2,True
8881,10066.0,MI,3,CD,2,False
8889,3199.0,CD,2,CD,2,True
8897,10066.0,MI,3,CD,2,False
8900,4925.0,NORM,0,NORM,0,True
8901,14981.0,MI,3,STTC,1,False
8904,11098.0,CD,2,MI,3,False
8907,11141.0,CD,2,CD,2,True
8908,4513.0,MI,3,MI,3,True
8913,1521.0,MI,3,MI,3,True
8914,16657.0,NORM,0,NORM,0,True
8919,13104.0,NORM,0,NORM,0,True
8920,13104.0,NORM,0,NORM,0,True
8922,6953.0,NORM,0,NORM,0,True
8927,10066.0,STTC,1,STTC,1,True
8928,9259.0,HYP,4,STTC,1,False
8934,5480.0,NORM,0,NORM,0,True
8939,6413.0,CD,2,CD,2,True
8941,1784.0,NORM,0,NORM,0,True
8954,4541.0,STTC,1,STTC,1,True
8956,8913.0,CD,2,CD,2,True
8957,15298.0,CD,2,CD,2,True
8958,9116.0,MI,3,MI,3,True
8959,6946.0,HYP,4,CD,2,False
8960,21585.0,STTC,1,STTC,1,True
8963,8186.0,NORM,0,NORM,0,True
8969,21637.0,STTC,1,STTC,1,True
8979,4223.0,NORM,0,NORM,0,True
8980,19561.0,STTC,1,STTC,1,True
8984,1067.0,NORM,0,NORM,0,True
8991,14234.0,MI,3,MI,3,True
9003,11870.0,CD,2,STTC,1,False
9004,2027.0,CD,2,CD,2,True
9012,14981.0,STTC,1,STTC,1,True
9020,6487.0,MI,3,MI,3,True
9027,11943.0,MI,3,MI,3,True
9029,18209.0,NORM,0,NORM,0,True
9035,14483.0,MI,3,MI,3,True
9037,15770.0,NORM,0,NORM,0,True
9049,13104.0,NORM,0,NORM,0,True
9053,20515.0,MI,3,STTC,1,False
9057,7336.0,NORM,0,NORM,0,True
9058,832.0,NORM,0,NORM,0,True
9063,19578.0,CD,2,NORM,0,False
9069,7139.0,NORM,0,NORM,0,True
9082,19203.0,CD,2,CD,2,True
9086,20515.0,STTC,1,STTC,1,True
9095,6848.0,HYP,4,STTC,1,False
9100,6390.0,MI,3,MI,3,True
9102,11943.0,MI,3,MI,3,True
9111,3588.0,CD,2,NORM,0,False
9118,3564.0,NORM,0,NORM,0,True
9121,14461.0,NORM,0,NORM,0,True
9122,1466.0,CD,2,CD,2,True
9131,14500.0,HYP,4,STTC,1,False
9138,11943.0,MI,3,MI,3,True
9140,2774.0,NORM,0,MI,3,False
9146,20377.0,CD,2,CD,2,True
9149,15355.0,NORM,0,NORM,0,True
9156,14963.0,HYP,4,STTC,1,False
9157,19416.0,STTC,1,STTC,1,True
9173,16725.0,STTC,1,HYP,4,False
9175,20356.0,NORM,0,NORM,0,True
9176,13595.0,STTC,1,MI,3,False
9180,18864.0,HYP,4,STTC,1,False
9193,15538.0,STTC,1,STTC,1,True
9198,11236.0,MI,3,MI,3,True
9202,18686.0,STTC,1,CD,2,False
9204,14992.0,NORM,0,NORM,0,True
9206,14360.0,STTC,1,MI,3,False
9207,14458.0,NORM,0,NORM,0,True
9212,11579.0,MI,3,NORM,0,False
9218,9040.0,MI,3,MI,3,True
9220,20515.0,STTC,1,STTC,1,True
9225,21500.0,NORM,0,NORM,0,True
9230,21015.0,MI,3,NORM,0,False
9232,15538.0,STTC,1,STTC,1,True
9241,9939.0,CD,2,CD,2,True
9259,20794.0,STTC,1,CD,2,False
9266,8583.0,NORM,0,CD,2,False
9271,8620.0,HYP,4,CD,2,False
9273,11936.0,NORM,0,NORM,0,True
9274,11633.0,NORM,0,NORM,0,True
9275,17535.0,CD,2,CD,2,True
9277,8803.0,CD,2,NORM,0,False
9282,18597.0,NORM,0,NORM,0,True
9284,19844.0,CD,2,CD,2,True
9288,18473.0,NORM,0,NORM,0,True
9289,14981.0,STTC,1,STTC,1,True
9295,14981.0,MI,3,STTC,1,False
9299,12675.0,HYP,4,NORM,0,False
9301,16254.0,STTC,1,MI,3,False
9302,9928.0,CD,2,CD,2,True
9303,10703.0,NORM,0,NORM,0,True
9307,21353.0,STTC,1,NORM,0,False
9314,11135.0,CD,2,NORM,0,False
9326,19844.0,CD,2,CD,2,True
9336,9373.0,NORM,0,NORM,0,True
9344,20911.0,NORM,0,NORM,0,True
9348,17543.0,HYP,4,NORM,0,False
9349,19069.0,CD,2,CD,2,True
9356,12344.0,MI,3,MI,3,True
9361,19122.0,MI,3,MI,3,True
9366,16254.0,MI,3,STTC,1,False
9369,18158.0,MI,3,NORM,0,False
9370,8588.0,MI,3,MI,3,True
9375,9928.0,CD,2,CD,2,True
9377,15835.0,STTC,1,STTC,1,True
9384,15676.0,CD,2,CD,2,True
9385,8647.0,MI,3,STTC,1,False
9386,18645.0,NORM,0,NORM,0,True
9393,16978.0,NORM,0,NORM,0,True
9406,11640.0,NORM,0,MI,3,False
9408,8588.0,MI,3,MI,3,True
9410,18397.0,NORM,0,MI,3,False
9422,9986.0,MI,3,NORM,0,False
9423,12674.0,NORM,0,NORM,0,True
9426,19184.0,NORM,0,NORM,0,True
9432,20534.0,NORM,0,NORM,0,True
9433,17148.0,NORM,0,MI,3,False
9435,18158.0,STTC,1,STTC,1,True
9439,18744.0,NORM,0,NORM,0,True
9440,9674.0,NORM,0,STTC,1,False
9443,18158.0,HYP,4,STTC,1,False
9444,12344.0,CD,2,MI,3,False
9453,11137.0,MI,3,STTC,1,False
9454,18273.0,NORM,0,NORM,0,True
9466,14663.0,MI,3,MI,3,True
9467,9965.0,CD,2,CD,2,True
9478,11457.0,STTC,1,STTC,1,True
9487,19131.0,NORM,0,NORM,0,True
9494,11155.0,CD,2,CD,2,True
9496,18291.0,CD,2,CD,2,True
9498,11034.0,MI,3,MI,3,True
9501,9063.0,NORM,0,NORM,0,True
9504,13728.0,NORM,0,NORM,0,True
9509,12562.0,CD,2,CD,2,True
9511,13728.0,STTC,1,NORM,0,False
9516,8201.0,MI,3,MI,3,True
9518,18686.0,STTC,1,STTC,1,True
9519,11457.0,MI,3,STTC,1,False
9520,11555.0,MI,3,MI,3,True
9523,12817.0,CD,2,MI,3,False
9529,20860.0,NORM,0,NORM,0,True
9530,10255.0,MI,3,MI,3,True
9533,13545.0,MI,3,MI,3,True
9536,9586.0,MI,3,MI,3,True
9537,15313.0,STTC,1,CD,2,False
9547,17797.0,NORM,0,NORM,0,True
9549,16186.0,CD,2,CD,2,True
9550,13203.0,CD,2,CD,2,True
9553,12654.0,CD,2,CD,2,True
9554,16829.0,HYP,4,NORM,0,False
9556,15835.0,STTC,1,STTC,1,True
9558,18946.0,NORM,0,NORM,0,True
9566,12751.0,NORM,0,NORM,0,True
9570,18252.0,CD,2,CD,2,True
9571,14860.0,STTC,1,STTC,1,True
9583,18252.0,CD,2,CD,2,True
9585,14458.0,NORM,0,NORM,0,True
9586,18158.0,STTC,1,STTC,1,True
9590,14423.0,MI,3,CD,2,False
9591,19512.0,CD,2,STTC,1,False
9593,18661.0,NORM,0,NORM,0,True
9599,17023.0,MI,3,MI,3,True
9600,20415.0,MI,3,MI,3,True
9633,11380.0,STTC,1,STTC,1,True
9639,17034.0,CD,2,CD,2,True
9641,14500.0,CD,2,STTC,1,False
9642,11222.0,CD,2,CD,2,True
9646,14241.0,NORM,0,NORM,0,True
9659,9214.0,CD,2,CD,2,True
9660,21310.0,HYP,4,HYP,4,True
9663,14996.0,CD,2,CD,2,True
9669,19315.0,NORM,0,NORM,0,True
9671,20833.0,NORM,0,NORM,0,True
9673,9402.0,STTC,1,CD,2,False
9675,11540.0,STTC,1,STTC,1,True
9678,10845.0,NORM,0,NORM,0,True
9679,14267.0,CD,2,CD,2,True
9688,4313.0,NORM,0,NORM,0,True
9689,10740.0,NORM,0,NORM,0,True
9699,10577.0,CD,2,CD,2,True
9703,14179.0,CD,2,CD,2,True
9712,14919.0,MI,3,CD,2,False
9719,20718.0,MI,3,NORM,0,False
9725,3158.0,NORM,0,NORM,0,True
9731,7471.0,NORM,0,NORM,0,True
9732,6910.0,MI,3,MI,3,True
9738,6295.0,CD,2,CD,2,True
9745,14458.0,NORM,0,NORM,0,True
9758,9975.0,HYP,4,STTC,1,False
9771,10614.0,NORM,0,NORM,0,True
9784,21585.0,CD,2,STTC,1,False
9787,9618.0,CD,2,CD,2,True
9802,6321.0,NORM,0,NORM,0,True
9804,6313.0,NORM,0,NORM,0,True
9811,13859.0,STTC,1,CD,2,False
9826,19443.0,NORM,0,NORM,0,True
9831,3645.0,NORM,0,NORM,0,True
9832,1773.0,CD,2,CD,2,True
9837,7281.0,NORM,0,NORM,0,True
9839,6156.0,STTC,1,NORM,0,False
9842,4619.0,HYP,4,NORM,0,False
9849,7518.0,MI,3,MI,3,True
9862,6913.0,CD,2,CD,2,True
9864,4635.0,NORM,0,NORM,0,True
9867,7276.0,STTC,1,CD,2,False
9872,17681.0,CD,2,CD,2,True
9873,21626.0,MI,3,NORM,0,False
9874,18144.0,NORM,0,STTC,1,False
9883,11329.0,NORM,0,NORM,0,True
9884,17789.0,NORM,0,NORM,0,True
9902,13475.0,MI,3,CD,2,False
9903,20972.0,NORM,0,NORM,0,True
9911,18193.0,NORM,0,NORM,0,True
9912,17198.0,HYP,4,STTC,1,False
9915,9979.0,MI,3,MI,3,True
9916,18213.0,NORM,0,NORM,0,True
9919,11049.0,MI,3,MI,3,True
9927,8116.0,HYP,4,CD,2,False
9929,11217.0,CD,2,CD,2,True
9932,8116.0,CD,2,CD,2,True
9933,13361.0,MI,3,HYP,4,False
9942,12455.0,NORM,0,NORM,0,True
9943,8797.0,STTC,1,MI,3,False
9950,5824.0,NORM,0,NORM,0,True
9952,18995.0,NORM,0,NORM,0,True
9955,16214.0,NORM,0,NORM,0,True
9958,20383.0,NORM,0,NORM,0,True
9961,15375.0,NORM,0,NORM,0,True
9968,12109.0,NORM,0,NORM,0,True
9970,9416.0,NORM,0,NORM,0,True
9974,9465.0,NORM,0,NORM,0,True
9987,588.0,HYP,4,MI,3,False
9991,3447.0,CD,2,CD,2,True
9998,5297.0,STTC,1,NORM,0,False
10000,6998.0,NORM,0,NORM,0,True
10003,5760.0,CD,2,CD,2,True
10012,6185.0,CD,2,CD,2,True
10016,4399.0,NORM,0,NORM,0,True
10019,6008.0,NORM,0,NORM,0,True
10021,1506.0,MI,3,NORM,0,False
10024,2988.0,HYP,4,HYP,4,True
10025,7110.0,MI,3,NORM,0,False
10028,15445.0,NORM,0,NORM,0,True
10030,14003.0,MI,3,NORM,0,False
10033,1939.0,NORM,0,MI,3,False
10034,5245.0,STTC,1,STTC,1,True
10035,6230.0,NORM,0,NORM,0,True
10038,3109.0,NORM,0,NORM,0,True
10039,21412.0,NORM,0,NORM,0,True
10044,18218.0,CD,2,CD,2,True
10047,1797.0,MI,3,CD,2,False
10050,19252.0,CD,2,NORM,0,False
10052,4446.0,CD,2,CD,2,True
10060,495.0,STTC,1,STTC,1,True
10064,4914.0,NORM,0,NORM,0,True
10065,6165.0,STTC,1,STTC,1,True
10074,588.0,MI,3,MI,3,True
10081,4671.0,HYP,4,NORM,0,False
10082,3505.0,CD,2,CD,2,True
10083,6126.0,HYP,4,NORM,0,False
10087,5234.0,NORM,0,NORM,0,True
10099,11962.0,NORM,0,NORM,0,True
10111,495.0,STTC,1,NORM,0,False
10113,6009.0,NORM,0,NORM,0,True
10116,20795.0,NORM,0,NORM,0,True
10119,3335.0,NORM,0,NORM,0,True
10122,11307.0,NORM,0,NORM,0,True
10139,4837.0,STTC,1,HYP,4,False
10143,1099.0,NORM,0,NORM,0,True
10152,5924.0,NORM,0,NORM,0,True
10157,1910.0,MI,3,CD,2,False
10162,4204.0,NORM,0,STTC,1,False
10180,2382.0,HYP,4,STTC,1,False
10189,16285.0,NORM,0,CD,2,False
10190,9017.0,CD,2,CD,2,True
10192,15830.0,NORM,0,NORM,0,True
10202,19656.0,CD,2,MI,3,False
10203,17437.0,CD,2,CD,2,True
10210,17381.0,MI,3,MI,3,True
10215,18811.0,NORM,0,CD,2,False
10216,20337.0,NORM,0,STTC,1,False
10218,20863.0,CD,2,CD,2,True
10228,9175.0,STTC,1,STTC,1,True
10231,8947.0,NORM,0,MI,3,False
10240,8776.0,NORM,0,CD,2,False
10241,15379.0,NORM,0,NORM,0,True
10244,14832.0,MI,3,MI,3,True
10246,15737.0,CD,2,NORM,0,False
10256,16864.0,NORM,0,STTC,1,False
10257,18038.0,NORM,0,NORM,0,True
10262,18427.0,MI,3,NORM,0,False
10265,8765.0,NORM,0,NORM,0,True
10267,19413.0,NORM,0,NORM,0,True
10271,20813.0,NORM,0,NORM,0,True
10280,10768.0,NORM,0,NORM,0,True
10294,9099.0,NORM,0,NORM,0,True
10317,5493.0,NORM,0,NORM,0,True
10320,6937.0,STTC,1,STTC,1,True
10321,1610.0,STTC,1,NORM,0,False
10323,16342.0,MI,3,CD,2,False
10324,3924.0,HYP,4,STTC,1,False
10327,1563.0,NORM,0,NORM,0,True
10328,1666.0,HYP,4,STTC,1,False
10329,3351.0,NORM,0,NORM,0,True
10334,6489.0,CD,2,CD,2,True
10337,2254.0,NORM,0,NORM,0,True
10343,14203.0,CD,2,CD,2,True
10356,16512.0,NORM,0,NORM,0,True
10364,6897.0,NORM,0,NORM,0,True
10370,12945.0,CD,2,CD,2,True
10372,8833.0,NORM,0,NORM,0,True
10381,2223.0,CD,2,CD,2,True
10386,12197.0,NORM,0,NORM,0,True
10391,5898.0,NORM,0,NORM,0,True
10394,6641.0,NORM,0,NORM,0,True
10416,15226.0,HYP,4,NORM,0,False
10420,12785.0,NORM,0,MI,3,False
10431,9829.0,NORM,0,NORM,0,True
10451,7271.0,NORM,0,NORM,0,True
10456,4564.0,CD,2,CD,2,True
10458,1275.0,MI,3,MI,3,True
10465,6992.0,NORM,0,NORM,0,True
10478,17396.0,MI,3,CD,2,False
10488,6220.0,CD,2,CD,2,True
10490,14960.0,CD,2,CD,2,True
10500,2528.0,CD,2,CD,2,True
10502,20361.0,MI,3,MI,3,True
10503,1650.0,NORM,0,NORM,0,True
10505,16208.0,CD,2,NORM,0,False
10514,16604.0,HYP,4,HYP,4,True
10521,6583.0,MI,3,MI,3,True
10530,7316.0,NORM,0,NORM,0,True
10533,6272.0,NORM,0,NORM,0,True
10536,7124.0,NORM,0,NORM,0,True
10546,7825.0,NORM,0,NORM,0,True
10554,17396.0,CD,2,CD,2,True
10557,17934.0,MI,3,MI,3,True
10567,18253.0,MI,3,MI,3,True
10573,7382.0,MI,3,STTC,1,False
10575,19785.0,STTC,1,NORM,0,False
10583,19750.0,NORM,0,NORM,0,True
10584,1765.0,NORM,0,NORM,0,True
10587,2659.0,CD,2,MI,3,False
10593,551.0,NORM,0,NORM,0,True
10598,3609.0,CD,2,CD,2,True
10610,7829.0,NORM,0,NORM,0,True
10613,5737.0,STTC,1,STTC,1,True
10614,21413.0,MI,3,NORM,0,False
10624,7859.0,STTC,1,CD,2,False
10627,14290.0,NORM,0,NORM,0,True
10629,16294.0,NORM,0,NORM,0,True
10631,1080.0,NORM,0,NORM,0,True
10633,7172.0,CD,2,CD,2,True
10635,16577.0,NORM,0,NORM,0,True
10636,8949.0,HYP,4,CD,2,False
10639,551.0,STTC,1,NORM,0,False
10651,18594.0,NORM,0,NORM,0,True
10664,9162.0,NORM,0,NORM,0,True
10669,7563.0,NORM,0,NORM,0,True
10675,13629.0,STTC,1,MI,3,False
10685,5764.0,NORM,0,NORM,0,True
10696,1500.0,NORM,0,NORM,0,True
10697,2792.0,HYP,4,CD,2,False
10701,6607.0,STTC,1,NORM,0,False
10714,2530.0,MI,3,MI,3,True
10715,11684.0,MI,3,CD,2,False
10718,2505.0,NORM,0,NORM,0,True
10719,6711.0,HYP,4,MI,3,False
10720,1458.0,CD,2,CD,2,True
10722,16240.0,STTC,1,STTC,1,True
10725,10586.0,MI,3,CD,2,False
10727,14552.0,CD,2,CD,2,True
10728,11684.0,MI,3,CD,2,False
10731,11726.0,NORM,0,NORM,0,True
10734,11684.0,CD,2,CD,2,True
10735,20653.0,NORM,0,NORM,0,True
10741,7508.0,CD,2,NORM,0,False
10756,4539.0,NORM,0,NORM,0,True
10764,5642.0,HYP,4,STTC,1,False
10766,11726.0,CD,2,NORM,0,False
10767,5218.0,NORM,0,NORM,0,True
10772,7042.0,CD,2,CD,2,True
10784,16825.0,HYP,4,HYP,4,True
10787,15849.0,NORM,0,CD,2,False
10791,14687.0,MI,3,NORM,0,False
10805,3927.0,STTC,1,HYP,4,False
10817,20423.0,CD,2,CD,2,True
10820,7173.0,NORM,0,NORM,0,True
10825,7680.0,STTC,1,STTC,1,True
10838,14446.0,MI,3,MI,3,True
10839,12263.0,STTC,1,HYP,4,False
10840,10950.0,NORM,0,MI,3,False
10841,11246.0,NORM,0,NORM,0,True
10844,21322.0,HYP,4,CD,2,False
10846,10796.0,NORM,0,NORM,0,True
10848,18412.0,CD,2,CD,2,True
10855,9528.0,NORM,0,NORM,0,True
10858,14077.0,NORM,0,NORM,0,True
10869,11370.0,CD,2,CD,2,True
10872,10341.0,CD,2,CD,2,True
10873,21528.0,MI,3,STTC,1,False
10884,9150.0,NORM,0,NORM,0,True
10885,17845.0,NORM,0,NORM,0,True
10887,18151.0,NORM,0,MI,3,False
10892,13501.0,MI,3,MI,3,True
10896,16769.0,NORM,0,NORM,0,True
10907,3917.0,HYP,4,CD,2,False
10911,482.0,NORM,0,NORM,0,True
10919,20855.0,MI,3,NORM,0,False
10920,891.0,NORM,0,NORM,0,True
10931,3607.0,HYP,4,NORM,0,False
10935,482.0,STTC,1,NORM,0,False
10936,1349.0,CD,2,CD,2,True
10939,2217.0,STTC,1,STTC,1,True
10942,9423.0,MI,3,MI,3,True
10946,15514.0,HYP,4,MI,3,False
10947,15448.0,NORM,0,NORM,0,True
10949,8089.0,MI,3,MI,3,True
10953,9161.0,MI,3,MI,3,True
10954,1826.0,HYP,4,NORM,0,False
10958,19785.0,NORM,0,NORM,0,True
10959,7854.0,NORM,0,NORM,0,True
10961,4623.0,CD,2,MI,3,False
10964,17148.0,NORM,0,NORM,0,True
10968,5580.0,NORM,0,NORM,0,True
10970,2072.0,NORM,0,NORM,0,True
10973,3586.0,NORM,0,NORM,0,True
10975,7273.0,NORM,0,STTC,1,False
10976,7643.0,CD,2,NORM,0,False
10982,4295.0,CD,2,CD,2,True
10994,2360.0,HYP,4,STTC,1,False
10995,9936.0,CD,2,CD,2,True
10999,3777.0,CD,2,CD,2,True
11008,6341.0,NORM,0,NORM,0,True
11023,9936.0,CD,2,CD,2,True
11025,14960.0,CD,2,CD,2,True
11026,14420.0,MI,3,MI,3,True
11029,9529.0,HYP,4,MI,3,False
11031,1790.0,MI,3,HYP,4,False
11032,11346.0,HYP,4,HYP,4,True
11036,3529.0,STTC,1,MI,3,False
11041,8108.0,NORM,0,NORM,0,True
11042,19380.0,CD,2,CD,2,True
11043,17348.0,MI,3,MI,3,True
11046,14960.0,CD,2,CD,2,True
11053,19385.0,CD,2,CD,2,True
11065,16618.0,NORM,0,NORM,0,True
11067,9765.0,NORM,0,NORM,0,True
11068,11747.0,STTC,1,STTC,1,True
11070,10951.0,CD,2,STTC,1,False
11071,11828.0,CD,2,CD,2,True
11084,5663.0,NORM,0,NORM,0,True
11085,7150.0,CD,2,HYP,4,False
11093,15952.0,CD,2,CD,2,True
11094,19490.0,CD,2,STTC,1,False
11096,15912.0,CD,2,CD,2,True
11101,14960.0,CD,2,CD,2,True
11106,16947.0,HYP,4,HYP,4,True
11110,5659.0,CD,2,CD,2,True
11133,12331.0,STTC,1,HYP,4,False
11136,3334.0,NORM,0,NORM,0,True
11138,1451.0,NORM,0,NORM,0,True
11150,11747.0,STTC,1,STTC,1,True
11153,15833.0,CD,2,CD,2,True
11155,3233.0,NORM,0,NORM,0,True
11170,19786.0,CD,2,CD,2,True
11172,8060.0,NORM,0,NORM,0,True
11191,10010.0,CD,2,CD,2,True
11195,18434.0,NORM,0,NORM,0,True
11200,14745.0,NORM,0,NORM,0,True
11209,19364.0,CD,2,NORM,0,False
11212,12783.0,MI,3,NORM,0,False
11217,14960.0,CD,2,CD,2,True
11220,18490.0,CD,2,CD,2,True
11224,12384.0,MI,3,MI,3,True
11227,19386.0,CD,2,CD,2,True
11228,12217.0,NORM,0,NORM,0,True
11233,18883.0,NORM,0,NORM,0,True
11241,13214.0,MI,3,MI,3,True
11247,10079.0,NORM,0,NORM,0,True
11253,19552.0,NORM,0,NORM,0,True
11254,21590.0,NORM,0,MI,3,False
11255,9210.0,MI,3,MI,3,True
11256,10704.0,NORM,0,NORM,0,True
11258,9153.0,CD,2,MI,3,False
11267,20418.0,NORM,0,NORM,0,True
11270,21706.0,CD,2,CD,2,True
11279,20418.0,NORM,0,NORM,0,True
11291,12419.0,MI,3,MI,3,True
11295,12879.0,CD,2,CD,2,True
11299,20347.0,NORM,0,NORM,0,True
11304,12616.0,NORM,0,NORM,0,True
11325,17421.0,NORM,0,NORM,0,True
11327,19117.0,CD,2,CD,2,True
11329,18357.0,CD,2,CD,2,True
11330,18357.0,CD,2,CD,2,True
11334,15108.0,CD,2,CD,2,True
11344,11747.0,HYP,4,STTC,1,False
11347,15372.0,CD,2,NORM,0,False
11352,12880.0,MI,3,MI,3,True
11359,21553.0,MI,3,NORM,0,False
11366,18122.0,NORM,0,NORM,0,True
11370,11404.0,CD,2,CD,2,True
11373,12284.0,NORM,0,NORM,0,True
11377,17403.0,STTC,1,STTC,1,True
11378,13656.0,STTC,1,STTC,1,True
11382,10357.0,NORM,0,STTC,1,False
11384,8525.0,MI,3,NORM,0,False
11388,20418.0,NORM,0,CD,2,False
11396,11404.0,CD,2,CD,2,True
11401,9583.0,CD,2,CD,2,True
11403,11089.0,NORM,0,NORM,0,True
11405,9162.0,STTC,1,STTC,1,True
11409,11404.0,CD,2,CD,2,True
11416,14142.0,NORM,0,NORM,0,True
11420,13629.0,STTC,1,CD,2,False
11421,21240.0,NORM,0,NORM,0,True
11430,9583.0,CD,2,CD,2,True
11441,12916.0,CD,2,CD,2,True
11442,11404.0,CD,2,CD,2,True
11443,12263.0,MI,3,HYP,4,False
11454,20226.0,CD,2,NORM,0,False
11455,17758.0,NORM,0,NORM,0,True
11473,20855.0,NORM,0,NORM,0,True
11475,9583.0,CD,2,CD,2,True
11476,12915.0,CD,2,NORM,0,False
11478,12457.0,NORM,0,NORM,0,True
11484,14172.0,NORM,0,NORM,0,True
11489,11408.0,NORM,0,NORM,0,True
11494,19129.0,STTC,1,CD,2,False
11500,13887.0,CD,2,CD,2,True
11503,12806.0,NORM,0,NORM,0,True
11511,18416.0,NORM,0,NORM,0,True
11512,8089.0,MI,3,MI,3,True
11514,12106.0,HYP,4,STTC,1,False
11516,18827.0,STTC,1,NORM,0,False
11518,16832.0,HYP,4,NORM,0,False
11520,9005.0,NORM,0,NORM,0,True
11532,10387.0,NORM,0,NORM,0,True
11544,20473.0,MI,3,HYP,4,False
11551,9538.0,STTC,1,STTC,1,True
11552,20250.0,NORM,0,NORM,0,True
11557,14749.0,CD,2,CD,2,True
11567,15699.0,CD,2,CD,2,True
11573,20250.0,STTC,1,NORM,0,False
11574,14597.0,NORM,0,NORM,0,True
11588,14167.0,HYP,4,CD,2,False
11596,19156.0,NORM,0,STTC,1,False
11606,19156.0,NORM,0,NORM,0,True
11613,18295.0,NORM,0,NORM,0,True
11616,10369.0,MI,3,HYP,4,False
11627,18731.0,NORM,0,NORM,0,True
11628,18731.0,NORM,0,NORM,0,True
11635,12915.0,NORM,0,NORM,0,True
11636,15632.0,CD,2,CD,2,True
11637,9213.0,MI,3,NORM,0,False
11643,21343.0,MI,3,MI,3,True
11649,19211.0,CD,2,CD,2,True
11654,13297.0,NORM,0,CD,2,False
11671,9821.0,MI,3,NORM,0,False
11677,11684.0,NORM,0,NORM,0,True
11685,10021.0,STTC,1,MI,3,False
11691,18130.0,HYP,4,STTC,1,False
11696,9758.0,NORM,0,NORM,0,True
11702,20613.0,NORM,0,NORM,0,True
11705,8445.0,NORM,0,NORM,0,True
11708,14126.0,NORM,0,STTC,1,False
11710,11515.0,NORM,0,NORM,0,True
11711,8762.0,NORM,0,NORM,0,True
11713,14551.0,NORM,0,NORM,0,True
11714,8525.0,NORM,0,NORM,0,True
11715,15514.0,MI,3,MI,3,True
11734,7167.0,NORM,0,NORM,0,True
11739,19038.0,NORM,0,NORM,0,True
11745,713.0,NORM,0,NORM,0,True
11757,13814.0,MI,3,MI,3,True
11759,3845.0,STTC,1,STTC,1,True
11762,1012.0,NORM,0,NORM,0,True
11765,16129.0,NORM,0,NORM,0,True
11768,14922.0,NORM,0,NORM,0,True
11782,20613.0,NORM,0,NORM,0,True
11790,13585.0,NORM,0,NORM,0,True
11798,4152.0,NORM,0,NORM,0,True
11799,17249.0,MI,3,NORM,0,False
11803,13455.0,NORM,0,NORM,0,True
11827,16744.0,CD,2,STTC,1,False
11830,5290.0,CD,2,CD,2,True
11833,16923.0,NORM,0,NORM,0,True
11834,4988.0,CD,2,CD,2,True
11836,3038.0,HYP,4,STTC,1,False
11848,5748.0,CD,2,CD,2,True
11858,8238.0,NORM,0,STTC,1,False
11859,15733.0,STTC,1,STTC,1,True
11860,6871.0,STTC,1,STTC,1,True
11864,20855.0,NORM,0,MI,3,False
11870,16664.0,CD,2,CD,2,True
11871,18724.0,MI,3,NORM,0,False
11874,14705.0,NORM,0,NORM,0,True
11882,15588.0,CD,2,HYP,4,False
11884,16698.0,NORM,0,NORM,0,True
11888,18953.0,NORM,0,NORM,0,True
11893,10066.0,MI,3,STTC,1,False
11902,15053.0,MI,3,MI,3,True
11908,10786.0,NORM,0,NORM,0,True
11912,15395.0,NORM,0,NORM,0,True
11920,13371.0,HYP,4,NORM,0,False
11921,14359.0,NORM,0,NORM,0,True
11925,13480.0,NORM,0,NORM,0,True
11940,16217.0,MI,3,MI,3,True
11941,11811.0,NORM,0,NORM,0,True
11944,16217.0,MI,3,MI,3,True
11948,16217.0,MI,3,MI,3,True
11955,10068.0,NORM,0,NORM,0,True
11956,17691.0,NORM,0,NORM,0,True
11963,3204.0,CD,2,CD,2,True
11964,3363.0,HYP,4,CD,2,False
11968,11377.0,NORM,0,NORM,0,True
11969,5051.0,MI,3,MI,3,True
11972,7473.0,STTC,1,MI,3,False
11978,3248.0,CD,2,CD,2,True
11992,6019.0,NORM,0,NORM,0,True
12006,6237.0,NORM,0,NORM,0,True
12011,2215.0,CD,2,CD,2,True
12015,5377.0,STTC,1,STTC,1,True
12024,8534.0,CD,2,MI,3,False
12028,16783.0,CD,2,NORM,0,False
12029,10710.0,NORM,0,NORM,0,True
12031,504.0,HYP,4,CD,2,False
12040,1074.0,NORM,0,NORM,0,True
12045,5119.0,STTC,1,STTC,1,True
12047,4906.0,STTC,1,STTC,1,True
12050,21403.0,NORM,0,NORM,0,True
12070,5125.0,HYP,4,NORM,0,False
12072,1736.0,NORM,0,NORM,0,True
12091,4324.0,CD,2,STTC,1,False
12101,6525.0,NORM,0,NORM,0,True
12103,6246.0,MI,3,MI,3,True
12109,7208.0,NORM,0,NORM,0,True
12114,7549.0,NORM,0,NORM,0,True
12124,6916.0,MI,3,MI,3,True
12131,9054.0,HYP,4,STTC,1,False
12137,2290.0,MI,3,MI,3,True
12148,1663.0,CD,2,NORM,0,False
12160,3679.0,NORM,0,CD,2,False
12162,8929.0,CD,2,CD,2,True
12169,9472.0,MI,3,MI,3,True
12184,12920.0,NORM,0,NORM,0,True
12185,9419.0,NORM,0,NORM,0,True
12190,13119.0,MI,3,CD,2,False
12194,11511.0,NORM,0,NORM,0,True
12197,13119.0,MI,3,MI,3,True
12206,17567.0,MI,3,MI,3,True
12207,13879.0,CD,2,CD,2,True
12212,18145.0,MI,3,MI,3,True
12220,12440.0,NORM,0,NORM,0,True
12221,21745.0,CD,2,CD,2,True
12229,11114.0,NORM,0,NORM,0,True
12230,21715.0,NORM,0,STTC,1,False
12234,12148.0,STTC,1,STTC,1,True
12243,17116.0,NORM,0,NORM,0,True
12249,9607.0,CD,2,CD,2,True
12254,21715.0,NORM,0,STTC,1,False
12256,5022.0,NORM,0,NORM,0,True
12260,19969.0,CD,2,CD,2,True
12263,8090.0,NORM,0,NORM,0,True
12288,631.0,CD,2,MI,3,False
12290,611.0,CD,2,CD,2,True
12298,6617.0,NORM,0,NORM,0,True
12299,3712.0,CD,2,CD,2,True
12300,611.0,MI,3,MI,3,True
12301,6442.0,HYP,4,NORM,0,False
12303,7377.0,STTC,1,MI,3,False
12306,7193.0,CD,2,MI,3,False
12311,2026.0,HYP,4,NORM,0,False
12312,3902.0,NORM,0,NORM,0,True
12313,7082.0,NORM,0,NORM,0,True
12324,6520.0,CD,2,CD,2,True
12326,6329.0,NORM,0,NORM,0,True
12329,8112.0,STTC,1,STTC,1,True
12330,1561.0,NORM,0,NORM,0,True
12335,9607.0,CD,2,CD,2,True
12347,17729.0,NORM,0,NORM,0,True
12350,7330.0,CD,2,CD,2,True
12358,7403.0,NORM,0,NORM,0,True
12361,2262.0,NORM,0,NORM,0,True
12364,19035.0,MI,3,NORM,0,False
12376,20950.0,NORM,0,NORM,0,True
12382,547.0,NORM,0,NORM,0,True
12387,8735.0,CD,2,NORM,0,False
12393,11384.0,CD,2,CD,2,True
12394,472.0,CD,2,CD,2,True
12402,18096.0,CD,2,NORM,0,False
12414,18307.0,NORM,0,NORM,0,True
12417,472.0,CD,2,CD,2,True
12418,10442.0,MI,3,MI,3,True
12419,4126.0,CD,2,CD,2,True
12420,5904.0,NORM,0,NORM,0,True
12421,10442.0,MI,3,MI,3,True
12425,18918.0,STTC,1,STTC,1,True
12443,7069.0,CD,2,CD,2,True
12447,10442.0,MI,3,MI,3,True
12452,20556.0,NORM,0,NORM,0,True
12459,13741.0,CD,2,NORM,0,False
12461,6886.0,STTC,1,HYP,4,False
12462,5637.0,HYP,4,HYP,4,True
12470,11604.0,NORM,0,CD,2,False
12473,1467.0,HYP,4,HYP,4,True
12474,20110.0,NORM,0,NORM,0,True
12475,7365.0,NORM,0,NORM,0,True
12477,1936.0,NORM,0,NORM,0,True
12482,4734.0,NORM,0,NORM,0,True
12484,10442.0,MI,3,MI,3,True
12488,7603.0,CD,2,MI,3,False
12490,19689.0,MI,3,CD,2,False
12491,15486.0,NORM,0,NORM,0,True
12506,10442.0,HYP,4,MI,3,False
12510,6051.0,MI,3,MI,3,True
12520,17381.0,NORM,0,MI,3,False
12522,5805.0,NORM,0,NORM,0,True
12527,6885.0,CD,2,CD,2,True
12531,547.0,NORM,0,NORM,0,True
12538,7368.0,CD,2,CD,2,True
12539,1488.0,NORM,0,NORM,0,True
12547,2203.0,CD,2,CD,2,True
12550,19414.0,CD,2,CD,2,True
12552,1873.0,CD,2,CD,2,True
12556,15011.0,NORM,0,NORM,0,True
12557,14222.0,NORM,0,NORM,0,True
12562,4922.0,CD,2,CD,2,True
12569,2735.0,STTC,1,STTC,1,True
12582,11872.0,STTC,1,STTC,1,True
12585,493.0,HYP,4,STTC,1,False
12588,8365.0,NORM,0,NORM,0,True
12592,5615.0,NORM,0,NORM,0,True
12598,6776.0,NORM,0,NORM,0,True
12600,16330.0,MI,3,CD,2,False
12611,1821.0,STTC,1,STTC,1,True
12613,3277.0,NORM,0,NORM,0,True
12621,4402.0,NORM,0,NORM,0,True
12626,2696.0,NORM,0,NORM,0,True
12635,20996.0,HYP,4,NORM,0,False
12639,16330.0,MI,3,CD,2,False
12643,631.0,CD,2,MI,3,False
12646,493.0,HYP,4,STTC,1,False
12649,493.0,HYP,4,HYP,4,True
12652,4548.0,NORM,0,NORM,0,True
12655,443.0,MI,3,NORM,0,False
12667,1429.0,HYP,4,MI,3,False
12670,1411.0,STTC,1,STTC,1,True
12671,4762.0,CD,2,CD,2,True
12674,9521.0,HYP,4,NORM,0,False
12675,4453.0,CD,2,CD,2,True
12676,443.0,NORM,0,NORM,0,True
12681,4477.0,STTC,1,NORM,0,False
12694,7895.0,NORM,0,NORM,0,True
12702,4248.0,NORM,0,NORM,0,True
12707,4894.0,NORM,0,NORM,0,True
12713,3340.0,NORM,0,NORM,0,True
12715,9910.0,NORM,0,NORM,0,True
12722,2818.0,MI,3,NORM,0,False
12724,13174.0,CD,2,MI,3,False
12727,3052.0,NORM,0,NORM,0,True
12734,12480.0,NORM,0,NORM,0,True
12735,3740.0,MI,3,CD,2,False
12738,11476.0,STTC,1,STTC,1,True
12751,8998.0,NORM,0,NORM,0,True
12754,4042.0,NORM,0,NORM,0,True
12757,5929.0,NORM,0,NORM,0,True
12758,996.0,MI,3,STTC,1,False
12785,504.0,CD,2,CD,2,True
12787,11786.0,STTC,1,STTC,1,True
12794,17384.0,NORM,0,NORM,0,True
12802,13363.0,STTC,1,CD,2,False
12803,8648.0,CD,2,CD,2,True
12818,18160.0,CD,2,CD,2,True
12819,13593.0,NORM,0,NORM,0,True
12822,11872.0,STTC,1,STTC,1,True
12830,13656.0,MI,3,STTC,1,False
12832,14945.0,NORM,0,NORM,0,True
12833,19111.0,NORM,0,NORM,0,True
12841,8023.0,MI,3,MI,3,True
12842,13543.0,NORM,0,NORM,0,True
12853,8847.0,NORM,0,NORM,0,True
12860,18898.0,NORM,0,NORM,0,True
12868,8419.0,CD,2,STTC,1,False
12870,8023.0,MI,3,MI,3,True
12871,14167.0,HYP,4,CD,2,False
12872,3619.0,STTC,1,CD,2,False
12876,6823.0,CD,2,CD,2,True
12877,2491.0,CD,2,CD,2,True
12890,13680.0,NORM,0,NORM,0,True
12892,4281.0,CD,2,NORM,0,False
12893,7512.0,CD,2,CD,2,True
12894,1301.0,HYP,4,NORM,0,False
12896,6985.0,CD,2,CD,2,True
12897,10201.0,CD,2,CD,2,True
12898,13502.0,MI,3,STTC,1,False
12900,6223.0,NORM,0,NORM,0,True
12907,16408.0,STTC,1,STTC,1,True
12912,19765.0,CD,2,NORM,0,False
12913,17771.0,NORM,0,NORM,0,True
12918,9907.0,NORM,0,NORM,0,True
12919,4986.0,CD,2,NORM,0,False
12924,5906.0,MI,3,MI,3,True
12925,5811.0,NORM,0,NORM,0,True
12926,1361.0,STTC,1,STTC,1,True
12936,1406.0,CD,2,CD,2,True
12943,2214.0,HYP,4,MI,3,False
12947,4622.0,NORM,0,NORM,0,True
12954,7612.0,NORM,0,NORM,0,True
12960,19541.0,MI,3,MI,3,True
12965,15797.0,NORM,0,NORM,0,True
12969,8790.0,NORM,0,NORM,0,True
12974,8790.0,STTC,1,NORM,0,False
12977,12122.0,STTC,1,STTC,1,True
12981,12652.0,NORM,0,NORM,0,True
12982,10112.0,NORM,0,NORM,0,True
12983,3897.0,MI,3,STTC,1,False
12991,18608.0,MI,3,CD,2,False
13003,9037.0,NORM,0,NORM,0,True
13004,19324.0,MI,3,NORM,0,False
13005,17594.0,NORM,0,NORM,0,True
13010,13555.0,NORM,0,NORM,0,True
13015,787.0,CD,2,CD,2,True
13017,12211.0,NORM,0,NORM,0,True
13018,9961.0,NORM,0,NORM,0,True
13029,2363.0,NORM,0,HYP,4,False
13030,7221.0,CD,2,MI,3,False
13035,6176.0,NORM,0,NORM,0,True
13040,10155.0,STTC,1,STTC,1,True
13045,3667.0,NORM,0,MI,3,False
13051,18138.0,NORM,0,NORM,0,True
13058,18608.0,MI,3,MI,3,True
13061,21126.0,CD,2,CD,2,True
13072,7500.0,MI,3,STTC,1,False
13074,6667.0,NORM,0,NORM,0,True
13092,20296.0,NORM,0,NORM,0,True
13095,2914.0,NORM,0,NORM,0,True
13097,6558.0,CD,2,STTC,1,False
13100,2572.0,CD,2,CD,2,True
13101,3591.0,MI,3,CD,2,False
13109,5387.0,NORM,0,NORM,0,True
13110,7250.0,HYP,4,STTC,1,False
13116,10005.0,HYP,4,HYP,4,True
13124,12341.0,STTC,1,NORM,0,False
13133,20373.0,MI,3,MI,3,True
13137,18138.0,STTC,1,NORM,0,False
13139,14855.0,STTC,1,NORM,0,False
13152,19161.0,NORM,0,NORM,0,True
13156,13990.0,MI,3,MI,3,True
13162,16323.0,NORM,0,NORM,0,True
13167,21794.0,CD,2,CD,2,True
13171,19657.0,STTC,1,STTC,1,True
13174,13990.0,MI,3,MI,3,True
13188,13825.0,CD,2,CD,2,True
13190,11285.0,CD,2,CD,2,True
13194,9864.0,NORM,0,NORM,0,True
13195,16576.0,NORM,0,NORM,0,True
13197,12717.0,CD,2,CD,2,True
13214,10372.0,CD,2,NORM,0,False
13216,8763.0,STTC,1,STTC,1,True
13219,8648.0,CD,2,CD,2,True
13225,13797.0,MI,3,MI,3,True
13227,15567.0,MI,3,HYP,4,False
13230,18824.0,STTC,1,STTC,1,True
13237,9860.0,HYP,4,HYP,4,True
13245,20467.0,NORM,0,CD,2,False
13250,9485.0,NORM,0,NORM,0,True
13254,20279.0,NORM,0,NORM,0,True
13257,9417.0,CD,2,MI,3,False
13258,17554.0,HYP,4,STTC,1,False
13259,9860.0,HYP,4,HYP,4,True
13265,11775.0,NORM,0,NORM,0,True
13271,13106.0,HYP,4,STTC,1,False
13273,15517.0,NORM,0,STTC,1,False
13274,12766.0,NORM,0,NORM,0,True
13276,13961.0,HYP,4,NORM,0,False
13282,20584.0,NORM,0,NORM,0,True
13288,14222.0,NORM,0,NORM,0,True
13289,20327.0,MI,3,MI,3,True
13297,17658.0,MI,3,HYP,4,False
13298,17229.0,MI,3,MI,3,True
13306,17101.0,MI,3,MI,3,True
13312,21594.0,NORM,0,NORM,0,True
13313,14830.0,MI,3,MI,3,True
13314,8335.0,CD,2,NORM,0,False
13323,13223.0,NORM,0,NORM,0,True
13326,20688.0,MI,3,NORM,0,False
13331,19120.0,CD,2,CD,2,True
13335,14559.0,MI,3,CD,2,False
13337,14559.0,CD,2,NORM,0,False
13339,17658.0,CD,2,MI,3,False
13344,18334.0,NORM,0,NORM,0,True
13354,10573.0,NORM,0,STTC,1,False
13357,8849.0,HYP,4,STTC,1,False
13367,17658.0,NORM,0,MI,3,False
13369,17539.0,CD,2,HYP,4,False
13371,15005.0,CD,2,CD,2,True
13379,9940.0,NORM,0,NORM,0,True
13380,19220.0,NORM,0,NORM,0,True
13382,17658.0,NORM,0,MI,3,False
13384,14413.0,NORM,0,NORM,0,True
13385,15455.0,MI,3,MI,3,True
13405,7990.0,MI,3,CD,2,False
13407,19821.0,NORM,0,NORM,0,True
13408,10389.0,NORM,0,NORM,0,True
13410,9016.0,NORM,0,NORM,0,True
13412,9639.0,STTC,1,STTC,1,True
13413,11009.0,NORM,0,NORM,0,True
13415,15159.0,CD,2,CD,2,True
13416,12790.0,CD,2,CD,2,True
13418,17658.0,NORM,0,MI,3,False
13427,8047.0,NORM,0,NORM,0,True
13429,11239.0,MI,3,MI,3,True
13436,20551.0,NORM,0,MI,3,False
13445,11929.0,HYP,4,MI,3,False
13466,11169.0,HYP,4,STTC,1,False
13476,17306.0,NORM,0,NORM,0,True
13483,13431.0,STTC,1,STTC,1,True
13491,9046.0,NORM,0,NORM,0,True
13493,18516.0,NORM,0,NORM,0,True
13494,19272.0,NORM,0,CD,2,False
13503,13889.0,MI,3,CD,2,False
13504,13543.0,NORM,0,NORM,0,True
13508,13155.0,NORM,0,CD,2,False
13522,10402.0,NORM,0,NORM,0,True
13526,10402.0,NORM,0,NORM,0,True
13532,19605.0,HYP,4,MI,3,False
13535,17229.0,MI,3,MI,3,True
13536,8945.0,NORM,0,NORM,0,True
13540,8298.0,NORM,0,NORM,0,True
13549,15575.0,NORM,0,NORM,0,True
13555,11724.0,NORM,0,CD,2,False
13556,8788.0,CD,2,CD,2,True
13561,19605.0,MI,3,MI,3,True
13562,19605.0,MI,3,MI,3,True
13565,19605.0,HYP,4,MI,3,False
13569,14945.0,CD,2,NORM,0,False
13576,10389.0,NORM,0,NORM,0,True
13585,20709.0,MI,3,CD,2,False
13587,16598.0,NORM,0,NORM,0,True
13593,18810.0,NORM,0,NORM,0,True
13600,15772.0,NORM,0,NORM,0,True
13603,10592.0,STTC,1,STTC,1,True
13609,10389.0,CD,2,NORM,0,False
13613,13951.0,NORM,0,NORM,0,True
13615,11990.0,CD,2,CD,2,True
13616,11973.0,MI,3,NORM,0,False
13620,19407.0,CD,2,CD,2,True
13630,11041.0,NORM,0,NORM,0,True
13640,12264.0,MI,3,MI,3,True
13644,9387.0,CD,2,NORM,0,False
13651,16662.0,NORM,0,NORM,0,True
13657,8235.0,CD,2,CD,2,True
13658,9767.0,CD,2,CD,2,True
13662,14023.0,STTC,1,NORM,0,False
13663,15389.0,NORM,0,NORM,0,True
13664,10606.0,CD,2,CD,2,True
13665,5743.0,CD,2,CD,2,True
13667,10402.0,NORM,0,NORM,0,True
13669,8845.0,NORM,0,NORM,0,True
13681,14102.0,MI,3,NORM,0,False
13682,19137.0,STTC,1,NORM,0,False
13684,6962.0,CD,2,CD,2,True
13685,2699.0,CD,2,NORM,0,False
13686,10918.0,STTC,1,STTC,1,True
13706,7509.0,NORM,0,STTC,1,False
13709,6731.0,NORM,0,NORM,0,True
13711,19515.0,CD,2,CD,2,True
13712,15286.0,NORM,0,NORM,0,True
13717,2722.0,NORM,0,NORM,0,True
13718,6759.0,MI,3,MI,3,True
13725,2836.0,CD,2,CD,2,True
13730,19322.0,MI,3,STTC,1,False
13733,16382.0,NORM,0,NORM,0,True
13734,15840.0,STTC,1,STTC,1,True
13744,5682.0,MI,3,NORM,0,False
13745,17778.0,CD,2,NORM,0,False
13747,12669.0,NORM,0,NORM,0,True
13749,21279.0,NORM,0,NORM,0,True
13755,10918.0,NORM,0,NORM,0,True
13771,15680.0,MI,3,MI,3,True
13773,1827.0,NORM,0,NORM,0,True
13775,8568.0,MI,3,MI,3,True
13776,4631.0,NORM,0,NORM,0,True
13779,8568.0,MI,3,STTC,1,False
13787,15036.0,MI,3,MI,3,True
13789,19137.0,STTC,1,NORM,0,False
13802,19463.0,NORM,0,MI,3,False
13805,9450.0,NORM,0,NORM,0,True
13833,1789.0,NORM,0,NORM,0,True
13840,8019.0,CD,2,CD,2,True
13842,3874.0,NORM,0,NORM,0,True
13843,4495.0,MI,3,MI,3,True
13848,21761.0,NORM,0,NORM,0,True
13860,13193.0,NORM,0,NORM,0,True
13863,15705.0,NORM,0,NORM,0,True
13869,9811.0,MI,3,STTC,1,False
13875,11486.0,NORM,0,NORM,0,True
13878,13268.0,NORM,0,NORM,0,True
13879,19220.0,NORM,0,NORM,0,True
13890,10211.0,HYP,4,STTC,1,False
13895,9910.0,NORM,0,NORM,0,True
13924,17164.0,NORM,0,CD,2,False
13926,16014.0,CD,2,CD,2,True
13938,8917.0,CD,2,CD,2,True
13945,4587.0,NORM,0,NORM,0,True
13949,3661.0,STTC,1,CD,2,False
13950,3266.0,STTC,1,STTC,1,True
13952,2307.0,NORM,0,NORM,0,True
13954,6088.0,CD,2,CD,2,True
13955,16014.0,CD,2,CD,2,True
13956,3684.0,CD,2,MI,3,False
13957,7194.0,NORM,0,NORM,0,True
13964,1605.0,MI,3,MI,3,True
13972,7197.0,NORM,0,NORM,0,True
13983,2799.0,CD,2,CD,2,True
13984,6675.0,CD,2,CD,2,True
14001,1268.0,NORM,0,STTC,1,False
14009,8917.0,CD,2,NORM,0,False
14026,6544.0,HYP,4,HYP,4,True
14028,18041.0,NORM,0,NORM,0,True
14040,844.0,NORM,0,CD,2,False
14043,5481.0,NORM,0,NORM,0,True
14044,5777.0,NORM,0,NORM,0,True
14047,15010.0,CD,2,CD,2,True
14049,7401.0,NORM,0,NORM,0,True
14069,6488.0,HYP,4,NORM,0,False
14072,5621.0,STTC,1,MI,3,False
14078,762.0,NORM,0,NORM,0,True
14080,7074.0,NORM,0,NORM,0,True
14091,7161.0,STTC,1,HYP,4,False
14093,2048.0,CD,2,CD,2,True
14109,3581.0,CD,2,CD,2,True
14117,21552.0,NORM,0,NORM,0,True
14124,3780.0,NORM,0,NORM,0,True
14131,14388.0,STTC,1,NORM,0,False
14134,9340.0,NORM,0,NORM,0,True
14137,11629.0,MI,3,HYP,4,False
14140,18939.0,NORM,0,NORM,0,True
14156,8365.0,NORM,0,NORM,0,True
14157,15547.0,CD,2,NORM,0,False
14160,13911.0,MI,3,MI,3,True
14173,12300.0,CD,2,CD,2,True
14183,15673.0,CD,2,CD,2,True
14184,17691.0,NORM,0,CD,2,False
14187,13838.0,NORM,0,NORM,0,True
14190,8497.0,MI,3,MI,3,True
14191,16566.0,NORM,0,NORM,0,True
14194,19668.0,CD,2,NORM,0,False
14196,12300.0,CD,2,CD,2,True
14206,18401.0,NORM,0,NORM,0,True
14207,18528.0,NORM,0,NORM,0,True
14215,17565.0,MI,3,CD,2,False
14217,12500.0,STTC,1,NORM,0,False
14235,8371.0,NORM,0,STTC,1,False
14242,18083.0,CD,2,NORM,0,False
14244,8694.0,STTC,1,NORM,0,False
14246,21443.0,CD,2,CD,2,True
14247,19332.0,STTC,1,HYP,4,False
14251,3286.0,NORM,0,NORM,0,True
14252,6127.0,HYP,4,MI,3,False
14254,3253.0,MI,3,MI,3,True
14263,3751.0,NORM,0,NORM,0,True
14265,798.0,STTC,1,STTC,1,True
14285,346.0,MI,3,CD,2,False
14294,5299.0,NORM,0,NORM,0,True
14299,11888.0,NORM,0,NORM,0,True
14306,2715.0,NORM,0,MI,3,False
14308,494.0,CD,2,NORM,0,False
14315,10982.0,HYP,4,NORM,0,False
14329,3458.0,NORM,0,NORM,0,True
14330,17114.0,HYP,4,NORM,0,False
14331,346.0,MI,3,CD,2,False
14340,11782.0,STTC,1,NORM,0,False
14343,7600.0,STTC,1,CD,2,False
14349,529.0,MI,3,CD,2,False
14353,7022.0,NORM,0,NORM,0,True
14354,529.0,HYP,4,CD,2,False
14359,2526.0,NORM,0,NORM,0,True
14360,20768.0,CD,2,CD,2,True
14366,17108.0,NORM,0,NORM,0,True
14372,20808.0,NORM,0,NORM,0,True
14374,20819.0,HYP,4,HYP,4,True
14390,2639.0,CD,2,CD,2,True
14395,1982.0,CD,2,CD,2,True
14405,3916.0,STTC,1,STTC,1,True
14407,9815.0,NORM,0,NORM,0,True
14415,19405.0,NORM,0,NORM,0,True
14417,10177.0,CD,2,STTC,1,False
14421,20819.0,HYP,4,HYP,4,True
14422,20819.0,HYP,4,HYP,4,True
14427,15083.0,CD,2,HYP,4,False
14429,18572.0,MI,3,MI,3,True
14430,20986.0,CD,2,CD,2,True
14432,6834.0,HYP,4,STTC,1,False
14438,3741.0,NORM,0,NORM,0,True
14439,17018.0,STTC,1,HYP,4,False
14445,9557.0,NORM,0,NORM,0,True
14448,671.0,HYP,4,STTC,1,False
14455,2467.0,CD,2,CD,2,True
14458,1875.0,MI,3,NORM,0,False
14463,1117.0,NORM,0,NORM,0,True
14464,6710.0,NORM,0,NORM,0,True
14470,6346.0,HYP,4,NORM,0,False
14475,20768.0,CD,2,CD,2,True
14479,14756.0,HYP,4,CD,2,False
14480,17114.0,HYP,4,STTC,1,False
14484,16996.0,NORM,0,NORM,0,True
14485,18499.0,NORM,0,NORM,0,True
14490,6041.0,CD,2,CD,2,True
14493,3716.0,CD,2,CD,2,True
14509,5555.0,NORM,0,NORM,0,True
14517,11779.0,CD,2,CD,2,True
14520,20194.0,NORM,0,NORM,0,True
14521,1392.0,HYP,4,NORM,0,False
14523,6393.0,STTC,1,NORM,0,False
14531,7000.0,CD,2,CD,2,True
14536,5916.0,NORM,0,NORM,0,True
14537,5958.0,STTC,1,STTC,1,True
14547,17114.0,HYP,4,STTC,1,False
14548,5081.0,HYP,4,MI,3,False
14550,1857.0,STTC,1,STTC,1,True
14561,17114.0,HYP,4,STTC,1,False
14562,10383.0,NORM,0,NORM,0,True
14565,5050.0,NORM,0,NORM,0,True
14576,21149.0,CD,2,CD,2,True
14577,5189.0,NORM,0,NORM,0,True
14578,3239.0,MI,3,CD,2,False
14584,19348.0,MI,3,NORM,0,False
14589,4395.0,HYP,4,MI,3,False
14593,3692.0,CD,2,CD,2,True
14597,3367.0,NORM,0,NORM,0,True
14601,6780.0,STTC,1,STTC,1,True
14610,5789.0,STTC,1,STTC,1,True
14615,11573.0,STTC,1,MI,3,False
14618,3314.0,MI,3,CD,2,False
14622,7492.0,NORM,0,NORM,0,True
14623,341.0,NORM,0,NORM,0,True
14629,13499.0,MI,3,MI,3,True
14630,12607.0,NORM,0,NORM,0,True
14641,15093.0,CD,2,CD,2,True
14647,7777.0,MI,3,MI,3,True
14648,6979.0,HYP,4,NORM,0,False
14650,8552.0,CD,2,CD,2,True
14651,7615.0,HYP,4,MI,3,False
14658,15323.0,HYP,4,NORM,0,False
14661,19348.0,MI,3,MI,3,True
14664,9324.0,NORM,0,MI,3,False
14670,740.0,HYP,4,HYP,4,True
14681,5176.0,NORM,0,NORM,0,True
14688,2803.0,HYP,4,STTC,1,False
14689,5892.0,NORM,0,NORM,0,True
14696,341.0,NORM,0,NORM,0,True
14704,3229.0,NORM,0,NORM,0,True
14708,4544.0,MI,3,NORM,0,False
14710,17114.0,NORM,0,NORM,0,True
14712,14625.0,NORM,0,NORM,0,True
14722,3749.0,NORM,0,NORM,0,True
14728,4413.0,NORM,0,NORM,0,True
14732,10059.0,NORM,0,NORM,0,True
14735,19295.0,MI,3,MI,3,True
14740,13489.0,NORM,0,NORM,0,True
14742,1351.0,CD,2,CD,2,True
14743,4759.0,HYP,4,STTC,1,False
14747,494.0,NORM,0,NORM,0,True
14751,3432.0,CD,2,STTC,1,False
14756,15870.0,NORM,0,NORM,0,True
14757,15997.0,NORM,0,NORM,0,True
14761,9678.0,CD,2,CD,2,True
14763,19348.0,MI,3,MI,3,True
14764,19348.0,MI,3,HYP,4,False
14765,19348.0,MI,3,MI,3,True
14766,19348.0,MI,3,STTC,1,False
14769,19071.0,NORM,0,NORM,0,True
14783,12942.0,MI,3,MI,3,True
14788,11012.0,HYP,4,HYP,4,True
14791,16256.0,NORM,0,NORM,0,True
14803,15581.0,MI,3,MI,3,True
14807,20924.0,HYP,4,CD,2,False
14812,19898.0,MI,3,NORM,0,False
14813,21184.0,NORM,0,NORM,0,True
14817,17905.0,NORM,0,STTC,1,False
14818,18618.0,NORM,0,NORM,0,True
14820,12954.0,NORM,0,NORM,0,True
14833,16283.0,CD,2,NORM,0,False
14835,10164.0,NORM,0,NORM,0,True
14837,9467.0,CD,2,CD,2,True
14838,9754.0,NORM,0,NORM,0,True
14850,14888.0,CD,2,CD,2,True
14852,13799.0,STTC,1,STTC,1,True
14864,21061.0,NORM,0,NORM,0,True
14865,17443.0,CD,2,CD,2,True
14885,4306.0,NORM,0,NORM,0,True
14886,5752.0,HYP,4,CD,2,False
14894,14171.0,MI,3,STTC,1,False
14895,11605.0,NORM,0,NORM,0,True
14908,16835.0,MI,3,CD,2,False
14909,15249.0,NORM,0,CD,2,False
14911,9685.0,NORM,0,NORM,0,True
14921,6074.0,NORM,0,NORM,0,True
14922,20861.0,CD,2,MI,3,False
14927,6514.0,HYP,4,NORM,0,False
14929,1063.0,CD,2,CD,2,True
14932,4307.0,CD,2,CD,2,True
14935,3116.0,NORM,0,NORM,0,True
14936,6867.0,MI,3,MI,3,True
14958,12260.0,CD,2,CD,2,True
14976,9325.0,NORM,0,NORM,0,True
14984,10026.0,HYP,4,HYP,4,True
14986,15581.0,MI,3,MI,3,True
14991,9258.0,MI,3,STTC,1,False
15010,4150.0,CD,2,CD,2,True
15012,21487.0,NORM,0,NORM,0,True
15028,16029.0,MI,3,MI,3,True
15051,19901.0,CD,2,CD,2,True
15057,2019.0,NORM,0,NORM,0,True
15058,3055.0,NORM,0,NORM,0,True
15060,19519.0,STTC,1,STTC,1,True
15080,9258.0,MI,3,MI,3,True
15085,7413.0,STTC,1,STTC,1,True
15090,6977.0,NORM,0,NORM,0,True
15099,1145.0,NORM,0,NORM,0,True
15112,7888.0,CD,2,CD,2,True
15113,5793.0,CD,2,CD,2,True
15115,21691.0,CD,2,CD,2,True
15116,13187.0,NORM,0,NORM,0,True
15117,2320.0,CD,2,CD,2,True
15128,4194.0,CD,2,CD,2,True
15133,9483.0,CD,2,CD,2,True
15139,10372.0,STTC,1,STTC,1,True
15143,13975.0,HYP,4,MI,3,False
15144,8183.0,NORM,0,STTC,1,False
15150,17763.0,CD,2,CD,2,True
15155,10566.0,NORM,0,NORM,0,True
15156,14760.0,CD,2,CD,2,True
15157,14249.0,CD,2,CD,2,True
15158,18685.0,NORM,0,NORM,0,True
15164,9786.0,MI,3,MI,3,True
15167,11678.0,CD,2,CD,2,True
15169,15107.0,CD,2,NORM,0,False
15173,8786.0,NORM,0,NORM,0,True
15174,20942.0,HYP,4,NORM,0,False
15183,14760.0,CD,2,CD,2,True
15186,12254.0,NORM,0,NORM,0,True
15190,10829.0,CD,2,STTC,1,False
15194,14249.0,CD,2,CD,2,True
15195,13799.0,STTC,1,NORM,0,False
15199,18920.0,STTC,1,STTC,1,True
15202,11292.0,NORM,0,NORM,0,True
15205,14088.0,HYP,4,HYP,4,True
15210,9111.0,CD,2,CD,2,True
15212,15604.0,MI,3,HYP,4,False
15213,14760.0,CD,2,CD,2,True
15214,12044.0,NORM,0,NORM,0,True
15219,13599.0,CD,2,CD,2,True
15220,14035.0,STTC,1,MI,3,False
15224,16069.0,STTC,1,STTC,1,True
15225,9968.0,HYP,4,NORM,0,False
15236,11605.0,NORM,0,NORM,0,True
15237,9557.0,MI,3,STTC,1,False
15252,14530.0,HYP,4,MI,3,False
15255,10971.0,HYP,4,STTC,1,False
15262,9258.0,MI,3,MI,3,True
15264,8868.0,NORM,0,NORM,0,True
15268,14811.0,STTC,1,HYP,4,False
15269,9948.0,NORM,0,NORM,0,True
15273,16305.0,NORM,0,NORM,0,True
15287,12617.0,NORM,0,NORM,0,True
15291,15975.0,CD,2,CD,2,True
15295,9797.0,NORM,0,NORM,0,True
15300,17093.0,HYP,4,HYP,4,True
15305,11805.0,STTC,1,STTC,1,True
15306,16072.0,NORM,0,NORM,0,True
15311,14662.0,CD,2,CD,2,True
15313,19752.0,MI,3,MI,3,True
15315,21184.0,NORM,0,NORM,0,True
15320,18855.0,NORM,0,NORM,0,True
15325,14998.0,STTC,1,HYP,4,False
15339,8871.0,NORM,0,NORM,0,True
15341,13753.0,HYP,4,HYP,4,True
15345,9131.0,NORM,0,NORM,0,True
15349,21441.0,NORM,0,NORM,0,True
15353,8736.0,NORM,0,NORM,0,True
15359,16847.0,NORM,0,NORM,0,True
15360,11292.0,NORM,0,NORM,0,True
15371,20636.0,NORM,0,NORM,0,True
15379,9638.0,NORM,0,NORM,0,True
15383,18774.0,HYP,4,NORM,0,False
15385,21443.0,CD,2,CD,2,True
15386,10566.0,NORM,0,NORM,0,True
15387,11306.0,CD,2,CD,2,True
15388,17373.0,HYP,4,MI,3,False
15390,14921.0,MI,3,MI,3,True
15398,19124.0,MI,3,CD,2,False
15400,12097.0,MI,3,NORM,0,False
15401,21533.0,NORM,0,NORM,0,True
15410,17970.0,CD,2,CD,2,True
15411,10791.0,NORM,0,NORM,0,True
15412,18441.0,NORM,0,MI,3,False
15413,14145.0,NORM,0,NORM,0,True
15416,9773.0,NORM,0,NORM,0,True
15418,8915.0,MI,3,MI,3,True
15422,8837.0,CD,2,CD,2,True
15426,18132.0,STTC,1,STTC,1,True
15429,9577.0,STTC,1,STTC,1,True
15430,12290.0,CD,2,CD,2,True
15431,11306.0,MI,3,CD,2,False
15442,21533.0,NORM,0,NORM,0,True
15447,8521.0,CD,2,CD,2,True
15449,14972.0,NORM,0,NORM,0,True
15451,11911.0,NORM,0,NORM,0,True
15454,17093.0,HYP,4,HYP,4,True
15456,18183.0,NORM,0,NORM,0,True
15468,7985.0,CD,2,MI,3,False
15479,17997.0,MI,3,MI,3,True
15482,12487.0,NORM,0,NORM,0,True
15488,15578.0,NORM,0,CD,2,False
15496,14188.0,MI,3,CD,2,False
15501,17787.0,CD,2,MI,3,False
15504,16847.0,NORM,0,NORM,0,True
15511,9658.0,MI,3,MI,3,True
15519,11306.0,CD,2,CD,2,True
15520,11306.0,CD,2,CD,2,True
15527,18830.0,MI,3,MI,3,True
15531,16844.0,NORM,0,NORM,0,True
15534,17742.0,NORM,0,NORM,0,True
15537,14188.0,MI,3,CD,2,False
15549,17381.0,MI,3,MI,3,True
15551,17742.0,MI,3,STTC,1,False
15552,15874.0,NORM,0,NORM,0,True
15561,16759.0,NORM,0,NORM,0,True
15563,14188.0,MI,3,CD,2,False
15574,9797.0,STTC,1,STTC,1,True
15575,16635.0,NORM,0,NORM,0,True
15579,10936.0,MI,3,STTC,1,False
15581,14617.0,STTC,1,NORM,0,False
15584,16759.0,NORM,0,NORM,0,True
15597,14188.0,CD,2,CD,2,True
15616,12563.0,MI,3,MI,3,True
15617,8326.0,STTC,1,NORM,0,False
15626,14188.0,MI,3,CD,2,False
15636,14998.0,STTC,1,STTC,1,True
15637,16759.0,NORM,0,NORM,0,True
15642,10829.0,NORM,0,STTC,1,False
15643,18474.0,NORM,0,NORM,0,True
15645,14617.0,STTC,1,STTC,1,True
15649,10994.0,STTC,1,STTC,1,True
15666,14998.0,STTC,1,STTC,1,True
15670,17708.0,CD,2,HYP,4,False
15675,786.0,CD,2,CD,2,True
15676,5780.0,CD,2,CD,2,True
15691,6538.0,STTC,1,STTC,1,True
15693,842.0,NORM,0,NORM,0,True
15701,12224.0,CD,2,CD,2,True
15703,14249.0,CD,2,CD,2,True
15721,17933.0,CD,2,NORM,0,False
15723,17691.0,NORM,0,NORM,0,True
15726,5851.0,STTC,1,HYP,4,False
15727,20564.0,STTC,1,STTC,1,True
15728,5831.0,MI,3,NORM,0,False
15761,1645.0,NORM,0,NORM,0,True
15766,3804.0,HYP,4,HYP,4,True
15768,6200.0,MI,3,STTC,1,False
15772,5246.0,NORM,0,NORM,0,True
15773,1054.0,NORM,0,NORM,0,True
15777,1528.0,NORM,0,NORM,0,True
15779,6915.0,CD,2,NORM,0,False
15786,12457.0,NORM,0,NORM,0,True
15789,8362.0,NORM,0,NORM,0,True
15791,4192.0,STTC,1,NORM,0,False
15812,16224.0,CD,2,CD,2,True
15816,16678.0,CD,2,CD,2,True
15818,18039.0,CD,2,CD,2,True
15820,14780.0,NORM,0,NORM,0,True
15822,16224.0,CD,2,CD,2,True
15823,17485.0,NORM,0,NORM,0,True
15830,14339.0,NORM,0,NORM,0,True
15836,13773.0,MI,3,MI,3,True
15845,20718.0,CD,2,NORM,0,False
15848,13155.0,MI,3,CD,2,False
15853,21223.0,CD,2,CD,2,True
15858,15057.0,STTC,1,STTC,1,True
15859,12268.0,HYP,4,STTC,1,False
15861,8812.0,CD,2,CD,2,True
15873,1324.0,STTC,1,HYP,4,False
15877,7530.0,MI,3,STTC,1,False
15879,14102.0,CD,2,MI,3,False
15880,548.0,MI,3,STTC,1,False
15884,21225.0,NORM,0,NORM,0,True
15897,17622.0,NORM,0,NORM,0,True
15898,20598.0,NORM,0,NORM,0,True
15900,17622.0,NORM,0,NORM,0,True
15922,12804.0,NORM,0,STTC,1,False
15924,5596.0,MI,3,NORM,0,False
15925,3727.0,STTC,1,HYP,4,False
15932,1604.0,NORM,0,NORM,0,True
15937,548.0,HYP,4,STTC,1,False
15944,18604.0,MI,3,MI,3,True
15947,1523.0,NORM,0,NORM,0,True
15953,3594.0,MI,3,MI,3,True
15957,1101.0,NORM,0,NORM,0,True
15959,17622.0,NORM,0,NORM,0,True
15967,3717.0,NORM,0,NORM,0,True
15973,1703.0,CD,2,CD,2,True
15974,10280.0,NORM,0,NORM,0,True
15978,4233.0,NORM,0,NORM,0,True
15987,1093.0,NORM,0,NORM,0,True
15993,4863.0,STTC,1,STTC,1,True
15996,731.0,HYP,4,STTC,1,False
16003,20598.0,NORM,0,NORM,0,True
16008,11485.0,STTC,1,STTC,1,True
16014,6724.0,NORM,0,NORM,0,True
16015,3087.0,STTC,1,NORM,0,False
16024,2127.0,NORM,0,NORM,0,True
16029,3172.0,NORM,0,NORM,0,True
16047,5231.0,MI,3,MI,3,True
16054,5408.0,NORM,0,NORM,0,True
16063,3132.0,HYP,4,NORM,0,False
16067,2847.0,NORM,0,CD,2,False
16078,5253.0,NORM,0,NORM,0,True
16080,5723.0,CD,2,HYP,4,False
16081,1382.0,STTC,1,STTC,1,True
16086,5409.0,NORM,0,NORM,0,True
16087,1565.0,NORM,0,NORM,0,True
16090,4177.0,CD,2,CD,2,True
16091,2022.0,NORM,0,NORM,0,True
16096,1783.0,CD,2,CD,2,True
16099,6048.0,STTC,1,NORM,0,False
16103,15005.0,CD,2,CD,2,True
16104,11512.0,NORM,0,NORM,0,True
16107,19430.0,HYP,4,STTC,1,False
16108,19430.0,NORM,0,NORM,0,True
16111,15679.0,CD,2,CD,2,True
16123,18604.0,MI,3,MI,3,True
16125,14434.0,CD,2,CD,2,True
16127,20886.0,CD,2,CD,2,True
16128,9768.0,CD,2,CD,2,True
16132,11847.0,STTC,1,CD,2,False
16134,9547.0,CD,2,CD,2,True
16144,21339.0,NORM,0,NORM,0,True
16163,11942.0,CD,2,CD,2,True
16171,13559.0,CD,2,CD,2,True
16174,18930.0,NORM,0,NORM,0,True
16177,7168.0,STTC,1,HYP,4,False
16182,13652.0,HYP,4,STTC,1,False
16186,12510.0,NORM,0,NORM,0,True
16192,6221.0,NORM,0,NORM,0,True
16193,8479.0,NORM,0,NORM,0,True
16198,7465.0,NORM,0,NORM,0,True
16202,4511.0,HYP,4,MI,3,False
16216,7242.0,MI,3,STTC,1,False
16217,3801.0,NORM,0,NORM,0,True
16218,4092.0,NORM,0,NORM,0,True
16234,1437.0,CD,2,CD,2,True
16237,5751.0,NORM,0,NORM,0,True
16247,17642.0,CD,2,CD,2,True
16248,2052.0,NORM,0,NORM,0,True
16255,2204.0,NORM,0,NORM,0,True
16266,1009.0,CD,2,CD,2,True
16273,18937.0,MI,3,CD,2,False
16283,16831.0,NORM,0,NORM,0,True
16291,18871.0,HYP,4,CD,2,False
16294,8593.0,MI,3,CD,2,False
16295,20921.0,HYP,4,CD,2,False
16296,7038.0,NORM,0,NORM,0,True
16300,9741.0,HYP,4,STTC,1,False
16302,8088.0,MI,3,MI,3,True
16304,9516.0,NORM,0,NORM,0,True
16306,4252.0,CD,2,CD,2,True
16308,8739.0,NORM,0,NORM,0,True
16317,5909.0,NORM,0,NORM,0,True
16323,7164.0,CD,2,NORM,0,False
16324,18937.0,MI,3,CD,2,False
16327,11369.0,MI,3,CD,2,False
16331,2498.0,NORM,0,NORM,0,True
16333,15233.0,NORM,0,STTC,1,False
16336,7188.0,CD,2,NORM,0,False
16342,509.0,CD,2,CD,2,True
16344,11965.0,CD,2,CD,2,True
16345,8008.0,CD,2,CD,2,True
16354,7356.0,NORM,0,NORM,0,True
16356,5635.0,NORM,0,NORM,0,True
16357,6802.0,CD,2,CD,2,True
16363,14166.0,NORM,0,NORM,0,True
16367,509.0,CD,2,CD,2,True
16368,5887.0,CD,2,NORM,0,False
16370,5681.0,NORM,0,NORM,0,True
16380,2558.0,NORM,0,NORM,0,True
16388,3683.0,NORM,0,NORM,0,True
16397,13750.0,NORM,0,NORM,0,True
16399,2644.0,NORM,0,NORM,0,True
16401,5680.0,CD,2,CD,2,True
16405,11369.0,MI,3,CD,2,False
16406,2157.0,CD,2,CD,2,True
16407,3049.0,NORM,0,NORM,0,True
16409,11965.0,CD,2,CD,2,True
16410,6091.0,MI,3,STTC,1,False
16411,4000.0,NORM,0,NORM,0,True
16422,21093.0,NORM,0,NORM,0,True
16432,7831.0,CD,2,CD,2,True
16433,18604.0,NORM,0,STTC,1,False
16434,7648.0,NORM,0,NORM,0,True
16448,15369.0,MI,3,MI,3,True
16449,11369.0,CD,2,CD,2,True
16452,4457.0,STTC,1,STTC,1,True
16459,5664.0,NORM,0,NORM,0,True
16460,5672.0,NORM,0,NORM,0,True
16471,1537.0,NORM,0,NORM,0,True
16473,1042.0,HYP,4,NORM,0,False
16474,1771.0,MI,3,MI,3,True
16475,2763.0,STTC,1,NORM,0,False
16480,11369.0,CD,2,CD,2,True
16491,12025.0,NORM,0,NORM,0,True
16496,16533.0,CD,2,CD,2,True
16497,14022.0,CD,2,CD,2,True
16506,14434.0,CD,2,CD,2,True
16509,15309.0,MI,3,CD,2,False
16515,19366.0,NORM,0,NORM,0,True
16517,4298.0,MI,3,MI,3,True
16519,5023.0,NORM,0,NORM,0,True
16523,6247.0,STTC,1,CD,2,False
16552,3613.0,MI,3,HYP,4,False
16556,18109.0,NORM,0,NORM,0,True
16557,4432.0,NORM,0,NORM,0,True
16566,11424.0,MI,3,CD,2,False
16569,7449.0,NORM,0,NORM,0,True
16572,3787.0,NORM,0,NORM,0,True
16573,14512.0,CD,2,CD,2,True
16580,873.0,STTC,1,MI,3,False
16587,19423.0,NORM,0,NORM,0,True
16595,17567.0,MI,3,CD,2,False
16597,1879.0,NORM,0,CD,2,False
16611,5754.0,CD,2,STTC,1,False
16613,6593.0,NORM,0,CD,2,False
16619,13938.0,CD,2,CD,2,True
16621,9024.0,STTC,1,STTC,1,True
16630,16575.0,NORM,0,NORM,0,True
16631,3587.0,CD,2,CD,2,True
16633,15513.0,NORM,0,NORM,0,True
16634,4347.0,HYP,4,CD,2,False
16644,5006.0,NORM,0,NORM,0,True
16645,509.0,CD,2,CD,2,True
16648,6067.0,NORM,0,MI,3,False
16651,1358.0,NORM,0,NORM,0,True
16653,4199.0,MI,3,MI,3,True
16661,19239.0,CD,2,CD,2,True
16673,21368.0,NORM,0,NORM,0,True
16681,14613.0,MI,3,MI,3,True
16693,14613.0,HYP,4,MI,3,False
16704,20773.0,MI,3,MI,3,True
16705,9057.0,NORM,0,NORM,0,True
16710,20033.0,CD,2,NORM,0,False
16711,8826.0,MI,3,MI,3,True
16723,10237.0,CD,2,CD,2,True
16728,20773.0,MI,3,NORM,0,False
16739,19814.0,STTC,1,STTC,1,True
16747,16360.0,NORM,0,NORM,0,True
16765,14441.0,NORM,0,NORM,0,True
16775,6825.0,HYP,4,HYP,4,True
16780,1726.0,NORM,0,NORM,0,True
16791,17699.0,CD,2,CD,2,True
16792,4871.0,NORM,0,NORM,0,True
16794,15325.0,CD,2,CD,2,True
16799,7151.0,STTC,1,STTC,1,True
16803,4615.0,NORM,0,NORM,0,True
16813,4730.0,HYP,4,NORM,0,False
16818,2943.0,CD,2,CD,2,True
16824,7826.0,MI,3,CD,2,False
16832,2068.0,CD,2,CD,2,True
16833,3390.0,STTC,1,HYP,4,False
16836,19628.0,NORM,0,NORM,0,True
16842,4116.0,NORM,0,NORM,0,True
16843,14022.0,CD,2,CD,2,True
16848,15436.0,NORM,0,NORM,0,True
16850,18097.0,NORM,0,NORM,0,True
16853,9770.0,HYP,4,HYP,4,True
16855,1455.0,STTC,1,STTC,1,True
16861,5308.0,CD,2,CD,2,True
16863,15919.0,HYP,4,NORM,0,False
16864,19717.0,NORM,0,NORM,0,True
16867,9770.0,HYP,4,HYP,4,True
16875,17699.0,CD,2,CD,2,True
16881,8475.0,STTC,1,NORM,0,False
16885,19320.0,CD,2,NORM,0,False
16886,16799.0,CD,2,CD,2,True
16896,18999.0,NORM,0,NORM,0,True
16899,1522.0,STTC,1,STTC,1,True
16903,4355.0,NORM,0,NORM,0,True
16908,1332.0,STTC,1,HYP,4,False
16915,21354.0,STTC,1,NORM,0,False
16916,9770.0,HYP,4,HYP,4,True
16917,18451.0,STTC,1,STTC,1,True
16929,12461.0,STTC,1,STTC,1,True
16930,14732.0,CD,2,CD,2,True
16931,8041.0,MI,3,MI,3,True
16932,5447.0,STTC,1,NORM,0,False
16943,10314.0,NORM,0,NORM,0,True
16948,11965.0,CD,2,CD,2,True
16950,8946.0,NORM,0,NORM,0,True
16951,6580.0,MI,3,MI,3,True
16971,2607.0,HYP,4,HYP,4,True
16972,2399.0,STTC,1,STTC,1,True
16984,5710.0,CD,2,CD,2,True
16987,6656.0,HYP,4,STTC,1,False
16988,13114.0,NORM,0,NORM,0,True
16992,14762.0,STTC,1,HYP,4,False
16996,1475.0,NORM,0,NORM,0,True
16997,6778.0,NORM,0,NORM,0,True
17012,14762.0,MI,3,MI,3,True
17013,10813.0,NORM,0,NORM,0,True
17014,19709.0,NORM,0,NORM,0,True
17027,20010.0,NORM,0,NORM,0,True
17034,20106.0,CD,2,STTC,1,False
17036,17596.0,CD,2,CD,2,True
17044,20324.0,NORM,0,NORM,0,True
17051,18205.0,NORM,0,NORM,0,True
17053,17596.0,CD,2,CD,2,True
17054,20278.0,CD,2,CD,2,True
17056,7973.0,NORM,0,NORM,0,True
17059,15201.0,NORM,0,NORM,0,True
17068,9770.0,MI,3,STTC,1,False
17070,10754.0,STTC,1,NORM,0,False
17076,9293.0,STTC,1,STTC,1,True
17081,9650.0,MI,3,CD,2,False
17092,15309.0,STTC,1,STTC,1,True
17097,11949.0,NORM,0,NORM,0,True
17099,16661.0,CD,2,CD,2,True
17117,20278.0,NORM,0,NORM,0,True
17120,18538.0,STTC,1,STTC,1,True
17121,13381.0,NORM,0,NORM,0,True
17123,11156.0,NORM,0,NORM,0,True
17129,12526.0,MI,3,MI,3,True
17138,17542.0,STTC,1,NORM,0,False
17151,13046.0,MI,3,NORM,0,False
17160,17542.0,HYP,4,NORM,0,False
17161,18405.0,NORM,0,NORM,0,True
17162,10613.0,NORM,0,NORM,0,True
17165,11161.0,CD,2,CD,2,True
17178,17542.0,NORM,0,NORM,0,True
17180,12158.0,MI,3,MI,3,True
17189,18207.0,HYP,4,HYP,4,True
17191,9018.0,NORM,0,NORM,0,True
17193,16365.0,NORM,0,NORM,0,True
17201,13602.0,NORM,0,NORM,0,True
17204,16266.0,NORM,0,NORM,0,True
17211,19398.0,STTC,1,STTC,1,True
17217,19323.0,MI,3,STTC,1,False
17220,21129.0,STTC,1,STTC,1,True
17225,15658.0,CD,2,CD,2,True
17227,17322.0,CD,2,STTC,1,False
17238,10934.0,NORM,0,NORM,0,True
17243,18593.0,NORM,0,NORM,0,True
17246,14075.0,NORM,0,NORM,0,True
17248,8952.0,CD,2,CD,2,True
17249,12373.0,NORM,0,NORM,0,True
17251,18207.0,HYP,4,STTC,1,False
17253,17792.0,CD,2,NORM,0,False
17254,8952.0,CD,2,CD,2,True
17269,19842.0,CD,2,CD,2,True
17275,13040.0,CD,2,NORM,0,False
17276,17029.0,MI,3,MI,3,True
17288,13753.0,HYP,4,HYP,4,True
17289,13215.0,NORM,0,NORM,0,True
17291,11879.0,HYP,4,NORM,0,False
17306,17002.0,STTC,1,NORM,0,False
17311,18286.0,NORM,0,NORM,0,True
17316,11937.0,STTC,1,STTC,1,True
17317,20439.0,NORM,0,NORM,0,True
17324,20034.0,NORM,0,STTC,1,False
17325,16295.0,HYP,4,CD,2,False
17328,13395.0,NORM,0,NORM,0,True
17331,8946.0,NORM,0,NORM,0,True
17336,17002.0,CD,2,STTC,1,False
17351,9253.0,CD,2,CD,2,True
17354,10118.0,NORM,0,NORM,0,True
17358,20584.0,NORM,0,NORM,0,True
17360,13753.0,MI,3,HYP,4,False
17370,12914.0,NORM,0,NORM,0,True
17374,21029.0,HYP,4,STTC,1,False
17375,19792.0,NORM,0,NORM,0,True
17387,10118.0,MI,3,NORM,0,False
17394,9828.0,CD,2,NORM,0,False
17405,16497.0,CD,2,CD,2,True
17411,21463.0,NORM,0,NORM,0,True
17415,11310.0,STTC,1,STTC,1,True
17416,16217.0,HYP,4,CD,2,False
17421,19704.0,CD,2,CD,2,True
17424,20282.0,NORM,0,NORM,0,True
17436,11075.0,NORM,0,NORM,0,True
17442,12623.0,NORM,0,NORM,0,True
17453,19317.0,NORM,0,NORM,0,True
17456,10118.0,MI,3,NORM,0,False
17458,18042.0,NORM,0,NORM,0,True
17459,19651.0,NORM,0,NORM,0,True
17464,18937.0,MI,3,MI,3,True
17466,17596.0,CD,2,CD,2,True
17471,14688.0,STTC,1,STTC,1,True
17479,12343.0,NORM,0,NORM,0,True
17482,8023.0,CD,2,MI,3,False
17484,9809.0,MI,3,MI,3,True
17491,11536.0,NORM,0,CD,2,False
17509,14647.0,HYP,4,NORM,0,False
17517,337.0,HYP,4,HYP,4,True
17519,10416.0,MI,3,CD,2,False
17523,10229.0,CD,2,CD,2,True
17525,1459.0,NORM,0,NORM,0,True
17527,17215.0,NORM,0,NORM,0,True
17528,9987.0,NORM,0,NORM,0,True
17531,677.0,STTC,1,HYP,4,False
17535,337.0,HYP,4,STTC,1,False
17538,5728.0,STTC,1,STTC,1,True
17540,6081.0,NORM,0,CD,2,False
17542,2983.0,NORM,0,NORM,0,True
17548,3348.0,HYP,4,CD,2,False
17549,883.0,MI,3,MI,3,True
17550,2160.0,NORM,0,NORM,0,True
17554,2106.0,HYP,4,CD,2,False
17557,12679.0,CD,2,HYP,4,False
17558,18937.0,MI,3,MI,3,True
17561,18205.0,NORM,0,NORM,0,True
17576,16761.0,NORM,0,NORM,0,True
17577,15871.0,NORM,0,NORM,0,True
17591,11205.0,CD,2,STTC,1,False
17617,3703.0,CD,2,NORM,0,False
17618,6753.0,CD,2,NORM,0,False
17622,11052.0,NORM,0,NORM,0,True
17626,9786.0,MI,3,STTC,1,False
17628,12574.0,NORM,0,NORM,0,True
17630,12492.0,NORM,0,NORM,0,True
17634,9467.0,CD,2,CD,2,True
17637,21618.0,CD,2,STTC,1,False
17644,3987.0,CD,2,CD,2,True
17645,4562.0,NORM,0,NORM,0,True
17648,7507.0,STTC,1,NORM,0,False
17652,4354.0,HYP,4,STTC,1,False
17653,2695.0,STTC,1,CD,2,False
17662,3961.0,HYP,4,STTC,1,False
17669,699.0,HYP,4,HYP,4,True
17670,7023.0,CD,2,CD,2,True
17671,5110.0,NORM,0,NORM,0,True
17686,12220.0,NORM,0,NORM,0,True
17692,15918.0,NORM,0,NORM,0,True
17703,5565.0,NORM,0,NORM,0,True
17704,7764.0,CD,2,CD,2,True
17712,11729.0,STTC,1,STTC,1,True
17722,4028.0,CD,2,CD,2,True
17724,5917.0,CD,2,CD,2,True
17734,6576.0,NORM,0,NORM,0,True
17739,6670.0,NORM,0,NORM,0,True
17741,14332.0,NORM,0,NORM,0,True
17744,1471.0,MI,3,MI,3,True
17752,772.0,NORM,0,NORM,0,True
17756,1830.0,NORM,0,NORM,0,True
17759,5630.0,HYP,4,STTC,1,False
17761,14312.0,NORM,0,NORM,0,True
17762,6921.0,NORM,0,NORM,0,True
17763,580.0,HYP,4,HYP,4,True
17769,580.0,HYP,4,HYP,4,True
17773,3665.0,NORM,0,NORM,0,True
17781,7116.0,HYP,4,HYP,4,True
17785,4346.0,CD,2,CD,2,True
17788,1023.0,NORM,0,NORM,0,True
17795,7204.0,CD,2,CD,2,True
17802,7292.0,CD,2,CD,2,True
17803,4860.0,NORM,0,NORM,0,True
17809,1795.0,CD,2,CD,2,True
17817,468.0,NORM,0,NORM,0,True
17823,5136.0,CD,2,CD,2,True
17826,4847.0,CD,2,CD,2,True
17830,5437.0,HYP,4,STTC,1,False
17840,6890.0,STTC,1,NORM,0,False
17843,7660.0,STTC,1,NORM,0,False
17850,663.0,NORM,0,NORM,0,True
17851,5879.0,STTC,1,STTC,1,True
17854,6644.0,STTC,1,STTC,1,True
17856,5622.0,HYP,4,NORM,0,False
17861,18364.0,NORM,0,CD,2,False
17864,3269.0,NORM,0,STTC,1,False
17880,16028.0,NORM,0,NORM,0,True
17887,17968.0,NORM,0,NORM,0,True
17891,12507.0,NORM,0,NORM,0,True
17895,21180.0,NORM,0,NORM,0,True
17899,15731.0,CD,2,NORM,0,False
17909,14957.0,CD,2,CD,2,True
17913,15361.0,MI,3,MI,3,True
17914,9627.0,CD,2,CD,2,True
17918,15619.0,NORM,0,NORM,0,True
17921,18112.0,NORM,0,NORM,0,True
17926,8488.0,NORM,0,NORM,0,True
17932,21443.0,CD,2,CD,2,True
17933,8892.0,NORM,0,NORM,0,True
17941,8581.0,NORM,0,NORM,0,True
17945,6659.0,STTC,1,STTC,1,True
17949,9108.0,STTC,1,STTC,1,True
17952,9108.0,STTC,1,STTC,1,True
17953,3485.0,CD,2,CD,2,True
17954,15505.0,CD,2,CD,2,True
17966,2903.0,STTC,1,STTC,1,True
17968,17246.0,CD,2,CD,2,True
17986,11637.0,MI,3,STTC,1,False
17990,1964.0,CD,2,CD,2,True
17995,2987.0,CD,2,STTC,1,False
17999,3953.0,CD,2,CD,2,True
18013,704.0,MI,3,CD,2,False
18014,16012.0,NORM,0,NORM,0,True
18015,4125.0,MI,3,STTC,1,False
18021,2082.0,MI,3,NORM,0,False
18025,4968.0,MI,3,NORM,0,False
18029,7206.0,HYP,4,HYP,4,True
18030,6559.0,HYP,4,STTC,1,False
18033,5647.0,CD,2,CD,2,True
18034,6197.0,HYP,4,HYP,4,True
18035,3653.0,CD,2,CD,2,True
18041,20421.0,NORM,0,NORM,0,True
18049,19739.0,MI,3,CD,2,False
18052,10115.0,CD,2,MI,3,False
18060,6856.0,NORM,0,NORM,0,True
18066,1143.0,HYP,4,NORM,0,False
18070,18438.0,STTC,1,NORM,0,False
18071,19569.0,CD,2,CD,2,True
18079,17472.0,NORM,0,NORM,0,True
18080,8957.0,STTC,1,STTC,1,True
18087,21599.0,NORM,0,NORM,0,True
18100,3042.0,STTC,1,STTC,1,True
18104,8541.0,NORM,0,NORM,0,True
18109,5744.0,NORM,0,NORM,0,True
18114,7871.0,NORM,0,NORM,0,True
18120,7554.0,NORM,0,NORM,0,True
18123,13522.0,CD,2,NORM,0,False
18128,11601.0,NORM,0,NORM,0,True
18131,10158.0,CD,2,CD,2,True
18133,11235.0,NORM,0,NORM,0,True
18135,5497.0,NORM,0,NORM,0,True
18144,4919.0,MI,3,MI,3,True
18148,3509.0,NORM,0,NORM,0,True
18151,612.0,NORM,0,NORM,0,True
18157,12776.0,CD,2,MI,3,False
18159,447.0,MI,3,STTC,1,False
18161,8196.0,NORM,0,NORM,0,True
18162,18477.0,HYP,4,HYP,4,True
18166,447.0,STTC,1,STTC,1,True
18167,5071.0,NORM,0,NORM,0,True
18168,2952.0,NORM,0,STTC,1,False
18174,5418.0,NORM,0,NORM,0,True
18175,1750.0,NORM,0,NORM,0,True
18176,3011.0,CD,2,CD,2,True
18177,4414.0,NORM,0,NORM,0,True
18187,16001.0,NORM,0,NORM,0,True
18199,7453.0,NORM,0,NORM,0,True
18202,9497.0,CD,2,CD,2,True
18204,16001.0,NORM,0,NORM,0,True
18207,5519.0,NORM,0,NORM,0,True
18208,1090.0,NORM,0,NORM,0,True
18214,6835.0,NORM,0,NORM,0,True
18220,2900.0,CD,2,CD,2,True
18223,19611.0,MI,3,STTC,1,False
18225,8250.0,HYP,4,HYP,4,True
18238,14401.0,MI,3,MI,3,True
18240,5566.0,CD,2,CD,2,True
18250,1872.0,CD,2,CD,2,True
18255,3224.0,STTC,1,STTC,1,True
18267,7872.0,NORM,0,MI,3,False
18268,685.0,NORM,0,NORM,0,True
18269,1720.0,CD,2,CD,2,True
18272,1228.0,CD,2,NORM,0,False
18274,7101.0,NORM,0,NORM,0,True
18282,8196.0,HYP,4,STTC,1,False
18283,10544.0,MI,3,MI,3,True
18285,2077.0,NORM,0,NORM,0,True
18296,5117.0,STTC,1,STTC,1,True
18300,17798.0,NORM,0,NORM,0,True
18311,21225.0,NORM,0,NORM,0,True
18322,1153.0,NORM,0,NORM,0,True
18330,3636.0,NORM,0,MI,3,False
18333,3466.0,NORM,0,NORM,0,True
18335,6168.0,NORM,0,NORM,0,True
18342,6435.0,NORM,0,NORM,0,True
18344,10261.0,CD,2,CD,2,True
18345,10323.0,MI,3,NORM,0,False
18353,7730.0,HYP,4,STTC,1,False
18363,17537.0,MI,3,MI,3,True
18370,4834.0,CD,2,CD,2,True
18377,7295.0,NORM,0,NORM,0,True
18379,16001.0,NORM,0,NORM,0,True
18390,7634.0,CD,2,CD,2,True
18394,4430.0,NORM,0,NORM,0,True
18396,21786.0,CD,2,CD,2,True
18403,4701.0,HYP,4,NORM,0,False
18404,3318.0,NORM,0,NORM,0,True
18405,5452.0,CD,2,NORM,0,False
18413,18990.0,MI,3,MI,3,True
18416,8068.0,NORM,0,MI,3,False
18419,20706.0,CD,2,NORM,0,False
18425,17790.0,STTC,1,STTC,1,True
18445,18852.0,CD,2,CD,2,True
18446,11600.0,NORM,0,NORM,0,True
18449,10640.0,NORM,0,NORM,0,True
18454,19857.0,CD,2,CD,2,True
18455,20997.0,CD,2,CD,2,True
18457,16975.0,CD,2,CD,2,True
18458,15658.0,CD,2,CD,2,True
18472,21349.0,NORM,0,NORM,0,True
18475,11133.0,CD,2,CD,2,True
18478,15910.0,CD,2,CD,2,True
18480,10260.0,STTC,1,STTC,1,True
18481,19787.0,CD,2,CD,2,True
18482,13509.0,STTC,1,STTC,1,True
18491,11808.0,NORM,0,STTC,1,False
18497,9906.0,MI,3,CD,2,False
18509,12157.0,NORM,0,NORM,0,True
18514,20113.0,NORM,0,NORM,0,True
18516,13855.0,CD,2,CD,2,True
18522,14631.0,NORM,0,NORM,0,True
18546,14849.0,MI,3,CD,2,False
18549,16527.0,CD,2,NORM,0,False
18550,1738.0,HYP,4,STTC,1,False
18563,4937.0,NORM,0,NORM,0,True
18569,10055.0,CD,2,CD,2,True
18570,13855.0,MI,3,STTC,1,False
18572,14502.0,NORM,0,NORM,0,True
18573,9822.0,MI,3,STTC,1,False
18579,11645.0,NORM,0,NORM,0,True
18584,17909.0,MI,3,NORM,0,False
18588,2884.0,CD,2,CD,2,True
18591,11963.0,MI,3,HYP,4,False
18596,19622.0,CD,2,CD,2,True
18601,11645.0,NORM,0,NORM,0,True
18602,14856.0,CD,2,CD,2,True
18615,5549.0,STTC,1,CD,2,False
18619,3088.0,HYP,4,CD,2,False
18622,15247.0,NORM,0,NORM,0,True
18630,5163.0,NORM,0,NORM,0,True
18636,4663.0,CD,2,CD,2,True
18645,14141.0,CD,2,CD,2,True
18663,19943.0,MI,3,STTC,1,False
18665,19354.0,CD,2,CD,2,True
18666,20364.0,NORM,0,NORM,0,True
18667,13796.0,NORM,0,NORM,0,True
18668,16189.0,CD,2,CD,2,True
18678,15679.0,CD,2,CD,2,True
18682,7955.0,NORM,0,NORM,0,True
18683,10320.0,MI,3,HYP,4,False
18684,15641.0,NORM,0,NORM,0,True
18693,14484.0,MI,3,MI,3,True
18699,20158.0,NORM,0,NORM,0,True
18700,18903.0,CD,2,CD,2,True
18702,18244.0,MI,3,NORM,0,False
18708,10458.0,STTC,1,STTC,1,True
18717,16189.0,CD,2,CD,2,True
18725,20591.0,MI,3,MI,3,True
18733,10913.0,NORM,0,NORM,0,True
18734,8585.0,MI,3,MI,3,True
18735,8742.0,MI,3,NORM,0,False
18753,13340.0,NORM,0,NORM,0,True
18754,11196.0,STTC,1,STTC,1,True
18761,18837.0,NORM,0,NORM,0,True
18776,17653.0,HYP,4,NORM,0,False
18799,14601.0,CD,2,CD,2,True
18800,11401.0,HYP,4,HYP,4,True
18802,19829.0,NORM,0,NORM,0,True
18805,14115.0,CD,2,CD,2,True
18818,18032.0,MI,3,MI,3,True
18821,11645.0,NORM,0,NORM,0,True
18826,9486.0,NORM,0,NORM,0,True
18829,20545.0,STTC,1,STTC,1,True
18833,20706.0,CD,2,CD,2,True
18841,16977.0,CD,2,CD,2,True
18856,9906.0,MI,3,CD,2,False
18858,21178.0,NORM,0,NORM,0,True
18863,21014.0,CD,2,CD,2,True
18864,9768.0,CD,2,CD,2,True
18876,21740.0,MI,3,MI,3,True
18880,19797.0,STTC,1,STTC,1,True
18886,21740.0,MI,3,MI,3,True
18889,18512.0,STTC,1,NORM,0,False
18894,12487.0,NORM,0,NORM,0,True
18895,21740.0,MI,3,MI,3,True
18896,8734.0,NORM,0,STTC,1,False
18897,20412.0,NORM,0,NORM,0,True
18906,21536.0,NORM,0,MI,3,False
18912,21614.0,CD,2,CD,2,True
18914,18837.0,CD,2,CD,2,True
18918,19995.0,MI,3,STTC,1,False
18923,8866.0,NORM,0,STTC,1,False
18925,14305.0,NORM,0,NORM,0,True
18929,11756.0,STTC,1,STTC,1,True
18932,20678.0,NORM,0,NORM,0,True
18945,19995.0,STTC,1,NORM,0,False
18949,10751.0,MI,3,MI,3,True
18952,19808.0,STTC,1,STTC,1,True
18955,19808.0,STTC,1,STTC,1,True
18959,13850.0,NORM,0,MI,3,False
18961,20678.0,NORM,0,NORM,0,True
18963,12150.0,CD,2,CD,2,True
18969,9626.0,NORM,0,NORM,0,True
18971,20678.0,NORM,0,NORM,0,True
18972,11133.0,CD,2,CD,2,True
18976,21770.0,CD,2,CD,2,True
18979,18244.0,NORM,0,NORM,0,True
18981,10578.0,CD,2,CD,2,True
18982,18837.0,NORM,0,NORM,0,True
18988,18895.0,MI,3,CD,2,False
18991,12187.0,NORM,0,NORM,0,True
18992,15385.0,NORM,0,NORM,0,True
18996,19427.0,HYP,4,STTC,1,False
18999,7972.0,NORM,0,NORM,0,True
19004,11349.0,NORM,0,MI,3,False
19007,19354.0,CD,2,CD,2,True
19008,13631.0,NORM,0,NORM,0,True
19010,12311.0,CD,2,STTC,1,False
19012,11349.0,NORM,0,MI,3,False
19017,17941.0,MI,3,NORM,0,False
19026,19611.0,MI,3,MI,3,True
19027,12735.0,NORM,0,NORM,0,True
19028,10049.0,CD,2,CD,2,True
19029,10344.0,CD,2,CD,2,True
19033,14491.0,STTC,1,STTC,1,True
19038,18298.0,NORM,0,NORM,0,True
19048,9784.0,NORM,0,NORM,0,True
19067,9451.0,MI,3,MI,3,True
19068,9640.0,CD,2,CD,2,True
19072,14864.0,STTC,1,STTC,1,True
19076,16275.0,STTC,1,STTC,1,True
19078,9380.0,HYP,4,HYP,4,True
19080,18415.0,NORM,0,NORM,0,True
19087,16550.0,NORM,0,NORM,0,True
19089,10904.0,NORM,0,NORM,0,True
19097,11424.0,MI,3,CD,2,False
19102,12776.0,MI,3,CD,2,False
19108,16189.0,CD,2,CD,2,True
19120,19828.0,NORM,0,NORM,0,True
19122,21133.0,NORM,0,NORM,0,True
19126,14141.0,CD,2,CD,2,True
19128,20420.0,CD,2,MI,3,False
19129,10408.0,STTC,1,STTC,1,True
19131,11017.0,CD,2,CD,2,True
19134,17641.0,CD,2,CD,2,True
19138,9641.0,CD,2,CD,2,True
19141,18485.0,MI,3,MI,3,True
19147,21451.0,CD,2,NORM,0,False
19150,13686.0,MI,3,MI,3,True
19155,11017.0,CD,2,CD,2,True
19164,19343.0,CD,2,STTC,1,False
19171,8851.0,STTC,1,NORM,0,False
19175,8976.0,STTC,1,NORM,0,False
19176,13281.0,MI,3,STTC,1,False
19178,21726.0,NORM,0,STTC,1,False
19181,10049.0,NORM,0,CD,2,False
19182,21378.0,HYP,4,HYP,4,True
19183,17590.0,NORM,0,NORM,0,True
19186,18470.0,NORM,0,NORM,0,True
19187,14213.0,MI,3,NORM,0,False
19200,13929.0,NORM,0,NORM,0,True
19214,15170.0,STTC,1,STTC,1,True
19222,15618.0,NORM,0,NORM,0,True
19223,16984.0,NORM,0,NORM,0,True
19226,16006.0,STTC,1,STTC,1,True
19229,14281.0,NORM,0,MI,3,False
19230,11823.0,NORM,0,NORM,0,True
19233,13117.0,NORM,0,CD,2,False
19241,18364.0,NORM,0,NORM,0,True
19243,18242.0,CD,2,CD,2,True
19249,18080.0,NORM,0,NORM,0,True
19253,21741.0,NORM,0,NORM,0,True
19255,17921.0,NORM,0,NORM,0,True
19261,14160.0,NORM,0,NORM,0,True
19262,17764.0,STTC,1,STTC,1,True
19263,18242.0,CD,2,CD,2,True
19272,18452.0,MI,3,NORM,0,False
19275,20342.0,STTC,1,NORM,0,False
19276,8354.0,CD,2,CD,2,True
19281,18903.0,CD,2,CD,2,True
19287,12507.0,NORM,0,NORM,0,True
19303,10883.0,STTC,1,STTC,1,True
19306,15786.0,NORM,0,NORM,0,True
19308,9109.0,NORM,0,NORM,0,True
19313,12980.0,NORM,0,NORM,0,True
19315,12282.0,NORM,0,NORM,0,True
19318,12848.0,STTC,1,STTC,1,True
19327,9844.0,CD,2,CD,2,True
19328,9875.0,STTC,1,STTC,1,True
19330,18837.0,CD,2,NORM,0,False
19347,12990.0,MI,3,NORM,0,False
19352,8349.0,NORM,0,NORM,0,True
19354,20726.0,STTC,1,STTC,1,True
19355,20536.0,HYP,4,NORM,0,False
19372,20726.0,STTC,1,STTC,1,True
19381,10449.0,CD,2,NORM,0,False
19382,10261.0,MI,3,CD,2,False
19383,20726.0,STTC,1,STTC,1,True
19386,11018.0,NORM,0,NORM,0,True
19388,11424.0,MI,3,CD,2,False
19389,8879.0,MI,3,MI,3,True
19392,14454.0,STTC,1,STTC,1,True
19403,9525.0,CD,2,CD,2,True
19411,12550.0,MI,3,MI,3,True
19415,20726.0,STTC,1,STTC,1,True
19420,8111.0,NORM,0,NORM,0,True
19426,20726.0,STTC,1,STTC,1,True
19428,17838.0,CD,2,CD,2,True
19433,14542.0,NORM,0,NORM,0,True
19434,9321.0,HYP,4,CD,2,False
19438,11883.0,CD,2,NORM,0,False
19439,14029.0,CD,2,MI,3,False
19446,20698.0,CD,2,NORM,0,False
19451,13130.0,CD,2,CD,2,True
19453,17285.0,CD,2,CD,2,True
19456,21311.0,MI,3,NORM,0,False
19463,17879.0,CD,2,STTC,1,False
19465,19016.0,CD,2,CD,2,True
19478,12502.0,NORM,0,NORM,0,True
19480,16404.0,STTC,1,STTC,1,True
19486,11883.0,NORM,0,NORM,0,True
19492,17762.0,NORM,0,NORM,0,True
19497,12940.0,NORM,0,NORM,0,True
19504,9142.0,MI,3,MI,3,True
19506,9525.0,CD,2,CD,2,True
19507,16049.0,MI,3,CD,2,False
19512,20442.0,NORM,0,NORM,0,True
19519,17285.0,CD,2,CD,2,True
19522,20442.0,NORM,0,NORM,0,True
19528,17285.0,CD,2,CD,2,True
19536,17883.0,CD,2,NORM,0,False
19539,17285.0,CD,2,CD,2,True
19541,16406.0,HYP,4,HYP,4,True
19548,17853.0,MI,3,MI,3,True
19551,8549.0,HYP,4,MI,3,False
19554,17159.0,NORM,0,STTC,1,False
19563,17285.0,CD,2,CD,2,True
19568,20442.0,NORM,0,NORM,0,True
19569,14112.0,CD,2,CD,2,True
19576,9268.0,NORM,0,NORM,0,True
19590,19412.0,STTC,1,HYP,4,False
19596,12533.0,MI,3,MI,3,True
19597,11658.0,MI,3,MI,3,True
19603,21482.0,HYP,4,STTC,1,False
19604,8364.0,CD,2,CD,2,True
19605,14515.0,NORM,0,NORM,0,True
19615,14529.0,CD,2,HYP,4,False
19623,9438.0,STTC,1,STTC,1,True
19628,12556.0,CD,2,CD,2,True
19633,18657.0,CD,2,STTC,1,False
19634,16215.0,NORM,0,STTC,1,False
19636,12556.0,CD,2,CD,2,True
19637,11781.0,HYP,4,HYP,4,True
19644,19335.0,STTC,1,STTC,1,True
19650,16964.0,STTC,1,HYP,4,False
19652,21717.0,NORM,0,NORM,0,True
19653,12379.0,HYP,4,MI,3,False
19654,19773.0,CD,2,CD,2,True
19655,21399.0,NORM,0,NORM,0,True
19659,15079.0,STTC,1,STTC,1,True
19665,20455.0,STTC,1,STTC,1,True
19669,17218.0,NORM,0,NORM,0,True
19678,21318.0,MI,3,CD,2,False
19681,20150.0,STTC,1,NORM,0,False
19687,16215.0,NORM,0,NORM,0,True
19695,14363.0,CD,2,CD,2,True
19696,20150.0,NORM,0,NORM,0,True
19709,14279.0,MI,3,MI,3,True
19717,9876.0,NORM,0,NORM,0,True
19726,8761.0,CD,2,CD,2,True
19730,11559.0,STTC,1,STTC,1,True
19735,8737.0,NORM,0,NORM,0,True
19743,9223.0,HYP,4,HYP,4,True
19747,13812.0,NORM,0,NORM,0,True
19751,20578.0,MI,3,NORM,0,False
19755,19045.0,CD,2,CD,2,True
19760,15069.0,NORM,0,NORM,0,True
19765,11286.0,NORM,0,NORM,0,True
19768,18766.0,HYP,4,CD,2,False
19775,10985.0,NORM,0,NORM,0,True
19776,18501.0,CD,2,NORM,0,False
19782,21522.0,NORM,0,NORM,0,True
19784,11181.0,STTC,1,MI,3,False
19789,15020.0,STTC,1,NORM,0,False
19818,20622.0,CD,2,CD,2,True
19822,18308.0,STTC,1,NORM,0,False
19824,9223.0,CD,2,HYP,4,False
19826,13294.0,NORM,0,NORM,0,True
19837,18885.0,CD,2,NORM,0,False
19846,12424.0,NORM,0,NORM,0,True
19860,14276.0,NORM,0,NORM,0,True
19865,8080.0,CD,2,CD,2,True
19866,15723.0,NORM,0,NORM,0,True
19873,14857.0,MI,3,MI,3,True
19878,21012.0,HYP,4,MI,3,False
19882,12815.0,CD,2,NORM,0,False
19883,14450.0,CD,2,NORM,0,False
19885,14373.0,STTC,1,STTC,1,True
19886,16976.0,STTC,1,STTC,1,True
19888,8195.0,STTC,1,STTC,1,True
19889,21717.0,NORM,0,NORM,0,True
19897,11964.0,HYP,4,NORM,0,False
19898,14450.0,MI,3,CD,2,False
19902,14636.0,HYP,4,HYP,4,True
19905,11526.0,NORM,0,NORM,0,True
19910,16001.0,NORM,0,NORM,0,True
19914,9938.0,STTC,1,NORM,0,False
19919,16107.0,NORM,0,NORM,0,True
19922,19121.0,NORM,0,NORM,0,True
19924,18837.0,NORM,0,NORM,0,True
19926,13038.0,STTC,1,STTC,1,True
19930,13151.0,NORM,0,NORM,0,True
19932,18462.0,MI,3,CD,2,False
19934,18771.0,STTC,1,HYP,4,False
19943,12177.0,HYP,4,MI,3,False
19946,20134.0,NORM,0,NORM,0,True
19953,18220.0,CD,2,NORM,0,False
19965,13130.0,CD,2,CD,2,True
19981,18837.0,NORM,0,NORM,0,True
19985,14450.0,CD,2,CD,2,True
19986,13916.0,NORM,0,MI,3,False
19987,10531.0,NORM,0,NORM,0,True
19989,19487.0,MI,3,NORM,0,False
19996,21717.0,NORM,0,NORM,0,True
20001,18065.0,CD,2,STTC,1,False
20002,10795.0,MI,3,MI,3,True
20012,12177.0,MI,3,MI,3,True
20020,14450.0,MI,3,CD,2,False
20026,21521.0,NORM,0,NORM,0,True
20031,18351.0,CD,2,CD,2,True
20050,16672.0,MI,3,MI,3,True
20056,10871.0,MI,3,MI,3,True
20064,15469.0,MI,3,MI,3,True
20065,16672.0,MI,3,MI,3,True
20074,19959.0,NORM,0,NORM,0,True
20080,10795.0,MI,3,MI,3,True
20081,10795.0,CD,2,CD,2,True
20084,21624.0,STTC,1,STTC,1,True
20089,20671.0,NORM,0,NORM,0,True
20093,9670.0,MI,3,STTC,1,False
20094,12789.0,NORM,0,NORM,0,True
20098,21489.0,MI,3,MI,3,True
20100,20027.0,CD,2,CD,2,True
20101,21717.0,NORM,0,NORM,0,True
20106,14112.0,HYP,4,CD,2,False
20115,21635.0,NORM,0,NORM,0,True
20120,20027.0,CD,2,CD,2,True
20123,10864.0,MI,3,MI,3,True
20128,20077.0,MI,3,MI,3,True
20134,15069.0,NORM,0,NORM,0,True
20139,13914.0,MI,3,MI,3,True
20150,19517.0,CD,2,NORM,0,False
20153,9209.0,MI,3,MI,3,True
20165,11897.0,NORM,0,NORM,0,True
20175,13398.0,MI,3,MI,3,True
20184,15469.0,MI,3,MI,3,True
20189,16383.0,CD,2,CD,2,True
20193,9375.0,MI,3,NORM,0,False
20208,15238.0,CD,2,CD,2,True
20213,20639.0,NORM,0,NORM,0,True
20215,14002.0,HYP,4,HYP,4,True
20220,19905.0,NORM,0,NORM,0,True
20225,14221.0,HYP,4,HYP,4,True
20245,12917.0,CD,2,CD,2,True
20255,13651.0,NORM,0,NORM,0,True
20256,15708.0,NORM,0,NORM,0,True
20259,18034.0,NORM,0,NORM,0,True
20271,20340.0,NORM,0,STTC,1,False
20284,9918.0,STTC,1,STTC,1,True
20298,16624.0,NORM,0,NORM,0,True
20299,10795.0,CD,2,CD,2,True
20302,17968.0,NORM,0,STTC,1,False
20307,14736.0,MI,3,MI,3,True
20308,8354.0,CD,2,CD,2,True
20314,9334.0,NORM,0,CD,2,False
20315,10365.0,CD,2,CD,2,True
20316,18190.0,CD,2,CD,2,True
20324,19081.0,CD,2,CD,2,True
20325,20660.0,MI,3,MI,3,True
20326,18815.0,NORM,0,NORM,0,True
20327,13632.0,CD,2,STTC,1,False
20333,9130.0,STTC,1,STTC,1,True
20342,11336.0,MI,3,CD,2,False
20344,11589.0,NORM,0,NORM,0,True
20348,15099.0,STTC,1,STTC,1,True
20356,21092.0,NORM,0,NORM,0,True
20358,9830.0,CD,2,CD,2,True
20365,19081.0,CD,2,CD,2,True
20367,19081.0,CD,2,CD,2,True
20377,13632.0,STTC,1,STTC,1,True
20381,12559.0,MI,3,MI,3,True
20382,18305.0,CD,2,CD,2,True
20386,13632.0,STTC,1,STTC,1,True
20389,21400.0,STTC,1,NORM,0,False
20395,12135.0,STTC,1,HYP,4,False
20396,16848.0,MI,3,MI,3,True
20403,21545.0,STTC,1,NORM,0,False
20410,15637.0,CD,2,CD,2,True
20413,17931.0,CD,2,MI,3,False
20419,15621.0,STTC,1,STTC,1,True
20421,20281.0,HYP,4,STTC,1,False
20422,18839.0,MI,3,MI,3,True
20424,12643.0,CD,2,MI,3,False
20429,16195.0,NORM,0,NORM,0,True
20431,8398.0,MI,3,CD,2,False
20436,17769.0,MI,3,MI,3,True
20438,13138.0,MI,3,STTC,1,False
20444,15637.0,STTC,1,CD,2,False
20455,13724.0,NORM,0,MI,3,False
20460,19652.0,NORM,0,NORM,0,True
20468,13138.0,MI,3,STTC,1,False
20491,20239.0,NORM,0,NORM,0,True
20492,17695.0,STTC,1,STTC,1,True
20502,18332.0,NORM,0,NORM,0,True
20508,19528.0,MI,3,CD,2,False
20520,20210.0,NORM,0,NORM,0,True
20521,17710.0,HYP,4,CD,2,False
20532,11426.0,NORM,0,CD,2,False
20542,12597.0,HYP,4,NORM,0,False
20562,12221.0,MI,3,MI,3,True
20573,17521.0,CD,2,CD,2,True
20582,18190.0,CD,2,CD,2,True
20590,21150.0,HYP,4,STTC,1,False
20591,15140.0,NORM,0,NORM,0,True
20599,7978.0,NORM,0,NORM,0,True
20601,16457.0,NORM,0,NORM,0,True
20609,16001.0,NORM,0,NORM,0,True
20615,8066.0,CD,2,CD,2,True
20619,18104.0,STTC,1,STTC,1,True
20622,10376.0,MI,3,NORM,0,False
20634,15688.0,CD,2,CD,2,True
20638,15384.0,HYP,4,STTC,1,False
20642,13901.0,CD,2,CD,2,True
20652,7978.0,STTC,1,NORM,0,False
20662,10636.0,CD,2,CD,2,True
20665,17174.0,STTC,1,MI,3,False
20673,19556.0,CD,2,NORM,0,False
20675,12744.0,CD,2,CD,2,True
20676,9635.0,NORM,0,NORM,0,True
20681,12250.0,MI,3,STTC,1,False
20682,20667.0,CD,2,CD,2,True
20701,10970.0,MI,3,HYP,4,False
20705,17968.0,NORM,0,STTC,1,False
20714,9484.0,NORM,0,NORM,0,True
20719,16417.0,NORM,0,NORM,0,True
20729,9958.0,CD,2,CD,2,True
20732,11336.0,STTC,1,CD,2,False
20734,11336.0,CD,2,CD,2,True
20750,13336.0,HYP,4,NORM,0,False
20756,8428.0,MI,3,MI,3,True
20763,11231.0,HYP,4,STTC,1,False
20765,21707.0,NORM,0,NORM,0,True
20766,8455.0,NORM,0,NORM,0,True
20769,8869.0,STTC,1,CD,2,False
20770,14901.0,CD,2,CD,2,True
20771,17672.0,NORM,0,NORM,0,True
20774,14314.0,CD,2,CD,2,True
20786,16379.0,STTC,1,STTC,1,True
20795,13336.0,NORM,0,NORM,0,True
20799,17001.0,NORM,0,STTC,1,False
20800,8836.0,MI,3,MI,3,True
20810,18930.0,NORM,0,NORM,0,True
20811,10792.0,NORM,0,NORM,0,True
20818,9614.0,NORM,0,NORM,0,True
20822,9406.0,NORM,0,NORM,0,True
20829,14616.0,HYP,4,NORM,0,False
20831,10694.0,NORM,0,NORM,0,True
20832,15452.0,CD,2,CD,2,True
20833,21219.0,HYP,4,NORM,0,False
20839,9537.0,HYP,4,NORM,0,False
20845,13905.0,NORM,0,NORM,0,True
20851,14616.0,HYP,4,NORM,0,False
20858,14263.0,MI,3,MI,3,True
20861,13364.0,NORM,0,NORM,0,True
20866,21789.0,MI,3,MI,3,True
20874,11871.0,CD,2,CD,2,True
20876,17977.0,NORM,0,NORM,0,True
20877,11871.0,CD,2,CD,2,True
20882,19543.0,HYP,4,MI,3,False
20894,9337.0,CD,2,CD,2,True
20904,12983.0,MI,3,MI,3,True
20912,8919.0,NORM,0,NORM,0,True
20923,8314.0,CD,2,CD,2,True
20924,11343.0,MI,3,MI,3,True
20930,12221.0,MI,3,MI,3,True
20932,8314.0,CD,2,HYP,4,False
20945,8065.0,CD,2,CD,2,True
20947,10137.0,CD,2,CD,2,True
20949,9461.0,HYP,4,HYP,4,True
20954,12103.0,MI,3,MI,3,True
20955,12731.0,NORM,0,NORM,0,True
20963,13086.0,STTC,1,STTC,1,True
20966,19420.0,CD,2,CD,2,True
20969,21709.0,MI,3,MI,3,True
20972,13086.0,STTC,1,MI,3,False
20975,13086.0,STTC,1,STTC,1,True
20981,17333.0,NORM,0,NORM,0,True
20992,8381.0,CD,2,CD,2,True
20995,8506.0,NORM,0,NORM,0,True
20996,11343.0,MI,3,MI,3,True
20997,11947.0,CD,2,CD,2,True
21001,14914.0,STTC,1,NORM,0,False
21004,20912.0,MI,3,HYP,4,False
21008,11074.0,CD,2,CD,2,True
21012,17251.0,CD,2,STTC,1,False
21013,9337.0,CD,2,CD,2,True
21018,8074.0,MI,3,CD,2,False
21021,14309.0,HYP,4,STTC,1,False
21023,11080.0,MI,3,MI,3,True
21028,17351.0,MI,3,MI,3,True
21037,8055.0,MI,3,MI,3,True
21038,18425.0,CD,2,CD,2,True
21041,9785.0,CD,2,STTC,1,False
21042,8447.0,STTC,1,HYP,4,False
21044,17710.0,MI,3,MI,3,True
21050,20595.0,CD,2,CD,2,True
21053,8055.0,MI,3,MI,3,True
21055,19134.0,STTC,1,HYP,4,False
21056,8055.0,MI,3,MI,3,True
21059,18425.0,CD,2,CD,2,True
21063,18425.0,CD,2,CD,2,True
21065,8447.0,CD,2,HYP,4,False
21066,12650.0,MI,3,MI,3,True
21067,12820.0,HYP,4,HYP,4,True
21069,9909.0,NORM,0,NORM,0,True
21077,8055.0,MI,3,MI,3,True
21081,20669.0,NORM,0,NORM,0,True
21084,10123.0,STTC,1,MI,3,False
21085,19420.0,CD,2,CD,2,True
21086,20640.0,MI,3,MI,3,True
21088,13665.0,NORM,0,NORM,0,True
21090,20775.0,MI,3,MI,3,True
21091,20775.0,MI,3,CD,2,False
21093,19420.0,CD,2,CD,2,True
21109,8734.0,STTC,1,STTC,1,True
21112,9704.0,MI,3,MI,3,True
21113,14058.0,CD,2,CD,2,True
21117,9918.0,STTC,1,STTC,1,True
21120,8953.0,MI,3,CD,2,False
21124,11876.0,CD,2,CD,2,True
21125,11030.0,NORM,0,NORM,0,True
21136,18495.0,MI,3,STTC,1,False
21139,9736.0,MI,3,CD,2,False
21142,19140.0,CD,2,CD,2,True
21143,19140.0,STTC,1,STTC,1,True
21149,16855.0,NORM,0,NORM,0,True
21153,11079.0,MI,3,MI,3,True
21159,20264.0,MI,3,CD,2,False
21161,19024.0,NORM,0,NORM,0,True
21164,19594.0,NORM,0,NORM,0,True
21192,13917.0,STTC,1,STTC,1,True
21196,9596.0,STTC,1,STTC,1,True
21206,20576.0,MI,3,STTC,1,False
21216,14301.0,CD,2,CD,2,True
21217,8693.0,MI,3,MI,3,True
21220,14954.0,NORM,0,NORM,0,True
21223,16962.0,STTC,1,STTC,1,True
21225,14496.0,CD,2,STTC,1,False
21227,13695.0,MI,3,MI,3,True
21228,18627.0,CD,2,CD,2,True
21233,8029.0,MI,3,MI,3,True
21239,21392.0,MI,3,MI,3,True
21245,8037.0,NORM,0,NORM,0,True
21247,21703.0,MI,3,CD,2,False
21251,10415.0,HYP,4,HYP,4,True
21258,18330.0,NORM,0,NORM,0,True
21264,18332.0,NORM,0,NORM,0,True
21265,10415.0,HYP,4,MI,3,False
21273,12449.0,CD,2,CD,2,True
21277,21392.0,MI,3,MI,3,True
21279,10415.0,MI,3,MI,3,True
21289,10119.0,MI,3,STTC,1,False
21291,11621.0,CD,2,CD,2,True
21299,21392.0,MI,3,MI,3,True
21301,21392.0,MI,3,MI,3,True
21319,19066.0,HYP,4,CD,2,False
21325,17347.0,CD,2,CD,2,True
21334,10528.0,NORM,0,NORM,0,True
21337,16094.0,HYP,4,STTC,1,False
21348,20705.0,STTC,1,STTC,1,True
21355,12082.0,NORM,0,NORM,0,True
21363,13640.0,MI,3,MI,3,True
21397,16411.0,MI,3,STTC,1,False
21403,10195.0,MI,3,MI,3,True
21417,10415.0,MI,3,MI,3,True
21423,10997.0,STTC,1,STTC,1,True
21426,10741.0,MI,3,MI,3,True
21430,9918.0,STTC,1,STTC,1,True
21434,17096.0,NORM,0,NORM,0,True
21443,12992.0,NORM,0,NORM,0,True
21455,17701.0,MI,3,NORM,0,False
21470,14496.0,NORM,0,NORM,0,True
21480,13366.0,NORM,0,NORM,0,True
21511,15407.0,MI,3,MI,3,True
21512,20160.0,MI,3,MI,3,True
21515,13242.0,STTC,1,HYP,4,False
21546,14715.0,CD,2,CD,2,True
21547,13332.0,NORM,0,NORM,0,True
21554,14237.0,NORM,0,NORM,0,True
21555,15028.0,HYP,4,STTC,1,False
21565,10090.0,HYP,4,CD,2,False
21566,9383.0,NORM,0,NORM,0,True
21573,12680.0,CD,2,CD,2,True
21574,11615.0,CD,2,CD,2,True
21576,14496.0,NORM,0,NORM,0,True
21579,10090.0,HYP,4,CD,2,False
21580,21507.0,NORM,0,NORM,0,True
21583,9746.0,NORM,0,NORM,0,True
21586,20747.0,NORM,0,NORM,0,True
21591,9360.0,MI,3,MI,3,True
21597,11363.0,NORM,0,NORM,0,True
21600,13270.0,STTC,1,STTC,1,True
21601,20615.0,CD,2,CD,2,True
21606,13367.0,STTC,1,STTC,1,True
21610,19902.0,MI,3,MI,3,True
21619,12214.0,CD,2,CD,2,True
21621,20615.0,HYP,4,CD,2,False
21622,10552.0,NORM,0,NORM,0,True
21624,19902.0,MI,3,MI,3,True
21626,16058.0,MI,3,NORM,0,False
21629,11669.0,CD,2,CD,2,True
21638,18689.0,NORM,0,STTC,1,False
21643,16888.0,CD,2,CD,2,True
21657,7941.0,CD,2,CD,2,True
21661,18689.0,NORM,0,NORM,0,True
21668,9090.0,NORM,0,NORM,0,True
21669,12792.0,HYP,4,MI,3,False
21694,21099.0,NORM,0,NORM,0,True
21698,12792.0,MI,3,MI,3,True
21701,12886.0,NORM,0,NORM,0,True
21714,12317.0,MI,3,MI,3,True
21715,18365.0,STTC,1,STTC,1,True
21719,9653.0,NORM,0,NORM,0,True
21727,19594.0,NORM,0,NORM,0,True
21733,9580.0,STTC,1,STTC,1,True
21735,17698.0,CD,2,CD,2,True
21737,9736.0,MI,3,CD,2,False
21764,12154.0,CD,2,CD,2,True
21774,9993.0,STTC,1,STTC,1,True
21777,8572.0,NORM,0,NORM,0,True
21780,17035.0,MI,3,MI,3,True
21792,10116.0,HYP,4,MI,3,False
21800,11823.0,NORM,0,NORM,0,True
21801,17252.0,NORM,0,NORM,0,True
21807,21396.0,NORM,0,NORM,0,True
21812,20789.0,CD,2,CD,2,True
21814,20746.0,NORM,0,NORM,0,True
21821,8382.0,CD,2,NORM,0,False
21823,18689.0,NORM,0,STTC,1,False
21825,11197.0,NORM,0,NORM,0,True
21830,10520.0,NORM,0,NORM,0,True
21837,11744.0,NORM,0,NORM,0,True
