ecg_id,true_NORM,prob_NORM,pred_NORM,true_STTC,prob_STTC,pred_STTC,true_CD,prob_CD,pred_CD,true_MI,prob_MI,pred_MI,true_HYP,prob_HYP,pred_HYP
9,1,0.93603647,1,0,0.009286684,0,0,0.055882324,0,0,0.009087326,0,0,0.019968504,0
38,1,0.24779886,0,0,0.04307471,0,0,0.85887796,1,0,0.09863065,0,0,0.09604967,0
40,1,0.6994979,1,0,0.08141198,0,0,0.30070052,0,0,0.08337318,0,0,0.110163495,0
57,1,0.9628162,1,0,0.004272665,0,0,0.031778365,0,0,0.0038823758,0,0,0.011814251,0
59,1,0.71198887,1,0,0.019057492,0,0,0.5304919,0,0,0.01769162,0,0,0.058136094,0
63,0,0.5445654,1,0,0.021259021,0,0,0.5577111,0,1,0.11477056,0,0,0.08271471,0
65,0,0.5907767,1,0,0.010099102,0,1,0.776576,1,0,0.008879321,0,0,0.054332085,0
75,1,0.82941574,1,0,0.01627523,0,0,0.2818087,0,0,0.016846864,0,0,0.050657954,0
76,1,0.8670006,1,0,0.006031527,0,0,0.23676558,0,0,0.015120563,0,0,0.031780645,0
79,1,0.67688936,1,0,0.010408983,0,0,0.5851333,0,0,0.027205843,0,0,0.05928511,0
93,1,0.97941977,1,0,0.0025594924,0,0,0.0116617195,0,0,0.0011704187,0,0,0.00489629,0
100,1,0.46798778,1,0,0.017201642,0,0,0.7494288,0,0,0.04666055,0,0,0.07241249,0
112,1,0.8601057,1,0,0.051904563,0,0,0.09889527,0,0,0.028307423,0,0,0.053218488,0
115,1,0.93923646,1,0,0.018068515,0,0,0.01988801,0,0,0.004008968,0,0,0.0129464045,0
116,0,0.7353764,1,1,0.13981575,0,0,0.13853599,0,0,0.033326898,0,0,0.06347895,0
117,1,0.812213,1,0,0.11101042,0,0,0.054837,0,0,0.017053973,0,0,0.04015618,0
119,1,0.88863105,1,0,0.03172013,0,0,0.072520345,0,0,0.024357652,0,0,0.038627476,0
121,1,0.8938486,1,0,0.03529991,0,0,0.062487666,0,0,0.017533476,0,0,0.03477691,0
122,1,0.93932235,1,0,0.0073438725,0,0,0.052977744,0,0,0.0132635925,0,0,0.02239263,0
128,0,0.09331081,0,1,0.82156205,1,0,0.055475485,0,0,0.054849718,0,0,0.15173306,0
129,1,0.95123637,1,0,0.0067280247,0,0,0.04216222,0,0,0.0060197255,0,0,0.01719533,0
132,1,0.771425,1,0,0.12877184,0,0,0.07309363,0,0,0.046645544,0,0,0.053669456,0
157,0,0.053309254,0,0,0.19432192,0,1,0.9312706,1,0,0.17284739,0,0,0.18007027,0
160,0,0.08006416,0,1,0.76326835,1,0,0.15343916,0,0,0.15590556,0,0,0.2521852,1
162,0,0.0007957148,0,1,0.2546369,1,1,0.95049703,1,1,0.8053921,1,1,0.14403977,0
167,0,0.053258978,0,1,0.781409,1,0,0.21043108,0,0,0.16231585,0,0,0.32083073,1
172,0,0.001657228,0,0,0.15473236,0,1,0.96277547,1,0,0.78122646,1,0,0.1383293,0
175,0,0.8547325,1,0,0.029681426,0,0,0.10693961,0,1,0.06486949,0,0,0.057132296,0
180,0,0.004995743,0,0,0.013604087,0,1,0.99341077,1,0,0.26548776,0,0,0.08106711,0
201,1,0.896449,1,0,0.013222082,0,0,0.15000783,0,0,0.0043555736,0,0,0.022724243,0
203,1,0.9710702,1,0,0.0015892016,0,0,0.031352244,0,0,0.004294445,0,0,0.0096104415,0
208,1,0.9776258,1,0,0.001215072,0,0,0.016989442,0,0,0.0039300686,0,0,0.006251394,0
210,0,0.47729897,1,0,0.03439767,0,0,0.6002329,0,1,0.13085999,0,0,0.079184785,0
218,1,0.84155476,1,0,0.070282586,0,1,0.06708285,0,0,0.0089963,0,0,0.042300895,0
240,0,0.7827407,1,0,0.04709148,0,0,0.1765055,0,1,0.10857021,0,0,0.08679791,0
241,1,0.9777868,1,0,0.001490515,0,0,0.012329839,0,0,0.0035837747,0,0,0.0049313894,0
243,1,0.96373427,1,0,0.0041894987,0,0,0.013463524,0,0,0.006756253,0,0,0.0064256573,0
245,1,0.18523288,0,0,0.6776945,1,0,0.0798367,0,0,0.118706815,0,0,0.10292044,0
252,1,0.7426931,1,0,0.1688015,0,0,0.06982566,0,0,0.022559078,0,0,0.06322263,0
271,0,0.003464197,0,1,0.87755007,1,0,0.25713688,0,1,0.5438378,1,1,0.50307256,1
274,0,0.0037444101,0,1,0.44910467,1,0,0.7358375,0,1,0.7981348,1,1,0.23488316,1
299,0,0.019530946,0,1,0.87753296,1,0,0.1364305,0,0,0.19984429,0,1,0.3348415,1
318,0,0.13074787,0,1,0.72466403,1,0,0.18069112,0,0,0.19911271,0,0,0.21858779,1
334,1,0.8944583,1,0,0.03676061,0,0,0.04206292,0,0,0.016016774,0,0,0.024349798,0
336,0,0.038969394,0,1,0.4460373,1,0,0.45484096,0,0,0.7437591,1,1,0.31544808,1
347,0,0.00537604,0,1,0.8617037,1,1,0.3161289,0,0,0.4771924,1,1,0.50199723,1
361,1,0.8947359,1,0,0.047177255,0,0,0.032982156,0,0,0.0047702123,0,0,0.021154065,0
364,1,0.87521577,1,0,0.02445769,0,0,0.14220008,0,0,0.012667682,0,0,0.043883633,0
377,0,0.81556225,1,0,0.08968648,0,1,0.06675474,0,0,0.021336416,0,0,0.05240242,0
378,0,0.95745623,1,0,0.0045853285,0,1,0.034936357,0,0,0.006900023,0,0,0.0141350785,0
388,0,0.051789623,0,1,0.80689985,1,0,0.1959656,0,0,0.19302897,0,0,0.2870883,1
397,1,0.8863478,1,0,0.02003463,0,0,0.121558964,0,0,0.02583953,0,0,0.048728853,0
400,0,0.32817134,0,1,0.18007983,0,0,0.6288581,0,0,0.04116751,0,0,0.13854092,0
405,1,0.96369725,1,0,0.004177044,0,0,0.026868688,0,0,0.004718564,0,0,0.011676401,0
417,1,0.8179258,1,0,0.06528355,0,0,0.14335507,0,0,0.04582066,0,0,0.08312011,0
427,0,0.49800918,1,1,0.464275,1,0,0.07157882,0,0,0.033220146,0,0,0.0922711,0
430,0,0.21390267,0,0,0.04626796,0,0,0.45580006,0,1,0.5885627,1,0,0.09880108,0
440,1,0.85526645,1,0,0.067800686,0,0,0.062441003,0,0,0.0099529205,0,0,0.038819503,0
448,0,0.21054733,0,0,0.031965736,0,1,0.88483953,1,0,0.10221084,0,0,0.088144705,0
452,0,0.022965662,0,1,0.73539364,1,0,0.30866888,0,0,0.5405103,1,1,0.4015693,1
472,1,0.83432466,1,0,0.083425805,0,0,0.05038463,0,0,0.018112183,0,0,0.036297407,0
473,1,0.8241881,1,0,0.009986153,0,0,0.304689,0,0,0.018940654,0,0,0.04194839,0
478,1,0.43403372,1,0,0.015606656,0,1,0.72043735,0,0,0.09286463,0,0,0.07788374,0
499,0,0.046695404,0,1,0.79209393,1,0,0.16637571,0,0,0.19096427,0,0,0.2529357,1
504,1,0.96708596,1,0,0.003892407,0,0,0.018694753,0,0,0.004040821,0,0,0.0082196,0
512,0,0.016290814,0,0,0.25154093,1,1,0.8397012,1,1,0.7051546,1,0,0.18556987,0
514,0,0.041532535,0,0,0.35482734,1,0,0.44846714,0,1,0.7241858,1,0,0.17113283,0
516,0,0.0029311893,0,1,0.9177835,1,0,0.28834665,0,0,0.2811092,0,1,0.61375415,1
526,0,0.041801874,0,0,0.6162231,1,0,0.36650482,0,1,0.52539676,1,0,0.25265828,1
527,0,0.13561128,0,1,0.4984764,1,1,0.56504947,0,0,0.21695544,0,0,0.19715756,0
534,0,0.007217396,0,1,0.88925034,1,0,0.24467278,0,0,0.3885767,1,1,0.56523085,1
559,1,0.859489,1,0,0.042838946,0,0,0.076383695,0,0,0.045152333,0,0,0.046947658,0
564,0,0.0071751047,0,1,0.82312363,1,0,0.20455812,0,1,0.5549927,1,0,0.36882815,1
569,0,0.0064885677,0,1,0.3792654,1,1,0.927944,1,0,0.5018782,1,0,0.28018674,1
570,1,0.90967983,1,0,0.018372487,0,0,0.063718915,0,0,0.021538638,0,0,0.032716967,0
573,0,0.027132519,0,1,0.2431637,0,0,0.8092927,1,0,0.625508,1,1,0.22348692,1
581,0,0.009378714,0,1,0.30182728,1,1,0.57914704,0,1,0.85704184,1,0,0.15409496,0
582,1,0.8085926,1,0,0.02202036,0,0,0.30475214,0,0,0.01175613,0,0,0.044598702,0
584,1,0.64995325,1,0,0.015203479,0,0,0.60528207,0,0,0.03172972,0,0,0.06659261,0
598,0,0.0118150795,0,0,0.10916026,0,1,0.93103236,1,0,0.67145145,1,0,0.1350213,0
611,1,0.88574094,1,0,0.02680973,0,0,0.10410901,0,0,0.02460985,0,0,0.052828018,0
618,0,0.07338328,0,0,0.0404829,0,1,0.9175043,1,0,0.24893703,0,0,0.15124173,0
619,1,0.4953489,1,0,0.42897668,1,0,0.067727275,0,0,0.019957874,0,0,0.06791624,0
658,0,0.85010135,1,0,0.059476383,0,1,0.06750362,0,0,0.02383727,0,0,0.042801894,0
685,0,0.017860169,0,0,0.13318883,0,1,0.8502281,1,1,0.7610765,1,0,0.12965627,0
687,1,0.8953404,1,0,0.0320889,0,0,0.067349926,0,0,0.018777005,0,0,0.03573325,0
688,0,0.018959124,0,1,0.14755362,0,1,0.7530691,1,0,0.8178581,1,0,0.11873531,0
694,1,0.8212952,1,0,0.056082897,0,0,0.17136247,0,0,0.022567187,0,0,0.061762903,0
696,1,0.96917725,1,0,0.0026222202,0,0,0.02358624,0,0,0.004727974,0,0,0.009426009,0
707,0,0.13996717,0,1,0.18700455,0,0,0.85124123,1,0,0.12033565,0,0,0.16496448,0
723,0,0.018350838,0,1,0.12004167,0,0,0.8526142,1,1,0.7545587,1,0,0.13115427,0
726,1,0.3303263,0,0,0.021927776,0,1,0.8804356,1,0,0.037229154,0,0,0.09589566,0
732,1,0.94770086,1,0,0.007155674,0,0,0.0550058,0,0,0.0037802195,0,0,0.01481333,0
751,1,0.8710428,1,0,0.034712866,0,0,0.0903281,0,0,0.038560253,0,0,0.050148815,0
756,0,0.45279077,1,1,0.39179623,1,0,0.09629282,0,0,0.14396623,0,0,0.09705192,0
758,1,0.88467103,1,0,0.021894014,0,0,0.09508889,0,0,0.03775015,0,0,0.04766992,0
764,1,0.9644484,1,0,0.0024729432,0,0,0.032317873,0,0,0.0066833124,0,0,0.011144255,0
765,0,0.087071575,0,0,0.44189838,1,0,0.6169603,0,1,0.27628505,0,0,0.14025578,0
775,1,0.91164714,1,0,0.021870928,0,0,0.043068685,0,0,0.018493883,0,0,0.023734614,0
779,1,0.97415584,1,0,0.0016753944,0,0,0.019349333,0,0,0.004627857,0,0,0.0076963613,0
789,0,0.031921327,0,0,0.120316654,0,1,0.9649566,1,0,0.2425605,0,0,0.16009769,0
795,1,0.20606436,0,0,0.5453002,1,0,0.37968954,0,0,0.13117388,0,0,0.24119951,1
799,0,0.8951687,1,0,0.035136264,0,0,0.052955255,0,1,0.017078066,0,0,0.031427372,0
805,1,0.3030877,0,0,0.19361913,0,0,0.68605644,0,0,0.08470587,0,0,0.13584077,0
806,0,0.10632791,0,0,0.11604423,0,1,0.9299106,1,0,0.066697404,0,0,0.1425672,0
821,0,0.15290105,0,0,0.6274779,1,0,0.26100126,0,1,0.25017938,0,0,0.1848981,0
848,1,0.69284725,1,0,0.11383749,0,0,0.23597364,0,0,0.041666403,0,0,0.09391573,0
854,0,0.089175746,0,1,0.72036636,1,0,0.19702718,0,1,0.24363643,0,0,0.23317036,1
861,0,0.69493425,1,1,0.15406933,0,0,0.18705928,0,0,0.064615145,0,0,0.1189618,0
886,1,0.31157592,0,0,0.28677297,1,0,0.5733193,0,0,0.14148173,0,0,0.15820669,0
892,1,0.5485831,1,0,0.44409856,1,0,0.031673294,0,0,0.01585245,0,0,0.04527204,0
911,1,0.9551096,1,0,0.006967021,0,0,0.033831183,0,0,0.004519323,0,0,0.01362614,0
917,1,0.96075374,1,0,0.007655507,0,0,0.026748547,0,0,0.0026202307,0,0,0.011272311,0
928,1,0.9199687,1,0,0.028413568,0,0,0.026247002,0,0,0.005064384,0,0,0.017521948,0
931,1,0.77932304,1,0,0.0066169314,0,1,0.48057458,0,0,0.01295545,0,0,0.038706727,0
935,1,0.943268,1,0,0.00687917,0,0,0.046929378,0,0,0.011240738,0,0,0.019305103,0
943,0,0.14644296,0,0,0.1243042,0,0,0.17765146,0,1,0.7707087,1,1,0.058108307,0
947,0,0.69590056,1,0,0.14286451,0,0,0.2016872,0,1,0.0593181,0,0,0.113340646,0
949,1,0.92576885,1,0,0.008548209,0,0,0.081043616,0,0,0.012523066,0,0,0.025090942,0
950,0,0.2505423,0,0,0.009574083,0,1,0.9267726,1,0,0.03935999,0,0,0.073479004,0
952,1,0.720788,1,0,0.01743608,0,0,0.35803252,0,0,0.062014177,0,0,0.056394756,0
958,1,0.94142216,1,0,0.00603225,0,0,0.06333648,0,0,0.010891603,0,0,0.023027286,0
959,0,0.012212118,0,0,0.13629505,0,1,0.92123514,1,1,0.6756914,1,0,0.14600459,0
963,0,0.17981888,0,1,0.74592084,1,0,0.05280914,0,0,0.0564896,0,0,0.1119055,0
968,0,0.013615461,0,0,0.6779123,1,0,0.51627046,0,1,0.53854215,1,0,0.3235995,1
975,0,0.027250085,0,0,0.09890454,0,1,0.93320215,1,1,0.47366217,1,0,0.123488694,0
1009,0,0.50184923,1,1,0.42363456,1,0,0.043532517,0,0,0.030115457,0,0,0.04560129,0
1013,0,0.003353372,0,1,0.72202706,1,0,0.7888636,1,0,0.42254075,1,1,0.43823346,1
1014,0,0.09209006,0,0,0.8218469,1,1,0.11952235,0,1,0.07488459,0,0,0.22301549,1
1016,1,0.84606755,1,0,0.018491967,0,0,0.21393044,0,0,0.025835652,0,0,0.055550393,0
1031,1,0.96146905,1,0,0.002750004,0,0,0.016641613,0,0,0.013868167,0,0,0.008291066,0
1051,1,0.9319871,1,0,0.009683716,0,0,0.0461979,0,0,0.018270452,0,0,0.022674402,0
1054,1,0.9734334,1,0,0.0022336547,0,0,0.018224051,0,0,0.0036788043,0,0,0.007962041,0
1056,0,0.0011723808,0,0,0.17670861,0,1,0.9269516,1,1,0.8671596,1,0,0.09777325,0
1061,1,0.97052896,1,0,0.0029422306,0,0,0.025884248,0,0,0.00258133,0,0,0.009408251,0
1068,0,0.020074092,0,1,0.5151923,1,0,0.81354815,1,0,0.3241429,0,0,0.19006088,0
1078,1,0.89531744,1,0,0.03390914,0,0,0.08247893,0,0,0.008578865,0,0,0.03350815,0
1084,1,0.8645848,1,0,0.04017815,0,0,0.12244233,0,0,0.022884177,0,0,0.05246697,0
1093,0,0.012929756,0,1,0.121305555,0,1,0.8949412,1,1,0.74875236,1,0,0.117016815,0
1094,1,0.9554312,1,0,0.0044217436,0,0,0.038364165,0,0,0.007665197,0,0,0.014911055,0
1100,1,0.9135509,1,0,0.025616668,0,0,0.06308968,0,0,0.009318109,0,0,0.029830594,0
1101,1,0.94536656,1,0,0.007897078,0,0,0.03772803,0,0,0.009796232,0,0,0.016985627,0
1113,1,0.9340673,1,0,0.016465,0,0,0.027867183,0,0,0.009808525,0,0,0.01643775,0
1120,0,0.25649917,0,0,0.024969969,0,1,0.8441984,1,0,0.11264795,0,0,0.09724155,0
1133,1,0.91682553,1,0,0.027580416,0,0,0.032183964,0,0,0.0104143815,0,0,0.020324135,0
1147,1,0.9575504,1,0,0.004010328,0,0,0.032354075,0,0,0.009322336,0,0,0.0142982965,0
1157,0,0.013783932,0,0,0.13881779,0,1,0.84145164,1,1,0.7782319,1,0,0.11694566,0
1158,1,0.017134901,0,0,0.423709,1,0,0.7675974,1,0,0.5805956,1,0,0.18777753,0
1166,1,0.95369446,1,0,0.004472618,0,0,0.038967673,0,0,0.009354791,0,0,0.01631106,0
1169,1,0.93261385,1,0,0.01668202,0,0,0.04438951,0,0,0.007256152,0,0,0.02236136,0
1172,1,0.101132564,0,0,0.113528796,0,0,0.9148142,1,0,0.19458795,0,0,0.16373344,0
1175,0,0.44152176,1,1,0.48237258,1,0,0.054209813,0,0,0.04225175,0,0,0.061752226,0
1186,1,0.22571452,0,0,0.28468785,1,0,0.25137284,0,0,0.54424,1,0,0.21588622,1
1197,1,0.77677137,1,0,0.03995959,0,0,0.3154923,0,0,0.03158099,0,0,0.08130923,0
1200,0,0.044715054,0,0,0.20795272,0,1,0.8607222,1,1,0.51307553,1,0,0.23499316,1
1219,0,0.60231876,1,0,0.32576305,1,0,0.09688382,0,0,0.019400768,0,1,0.09171783,0
1220,1,0.032621406,0,0,0.26625827,1,1,0.89961725,1,0,0.411431,1,0,0.23843585,1
1246,1,0.9048989,1,0,0.0070641935,0,0,0.08653017,0,0,0.033823945,0,0,0.02824544,0
1251,1,0.22166145,0,0,0.044489816,0,0,0.8482679,1,0,0.13363446,0,0,0.08980034,0
1266,1,0.98185366,1,0,0.0011113642,0,0,0.014101642,0,0,0.0020705084,0,0,0.005240271,0
1268,0,0.92933047,1,1,0.019727513,0,0,0.042892385,0,0,0.0068091466,0,0,0.021578472,0
1275,0,0.008725965,0,0,0.47245118,1,0,0.6804747,0,1,0.740152,1,0,0.3003456,1
1280,1,0.8725703,1,0,0.028644584,0,0,0.06326803,0,0,0.053167067,0,0,0.034889534,0
1282,1,0.55559933,1,0,0.27220568,1,0,0.2025593,0,0,0.05891798,0,0,0.1167897,0
1287,1,0.8554491,1,0,0.06344601,0,0,0.07195324,0,0,0.016711479,0,0,0.042437725,0
1307,0,0.91787136,1,0,0.006936089,0,0,0.105848886,0,0,0.01602253,0,1,0.030493008,0
1311,1,0.9750505,1,0,0.0025007213,0,0,0.014809939,0,0,0.0027319607,0,0,0.0067686257,0
1315,1,0.94772226,1,0,0.005203651,0,0,0.03557001,0,0,0.014986925,0,0,0.015257214,0
1320,0,0.0064030113,0,1,0.34646365,1,0,0.7229586,0,1,0.8146766,1,1,0.25629234,1
1343,0,0.95718867,1,0,0.0048413235,0,0,0.023264851,0,1,0.008552231,0,0,0.010469896,0
1351,1,0.92430353,1,0,0.01257989,0,0,0.07194275,0,0,0.011748791,0,0,0.029595774,0
1353,1,0.633015,1,0,0.22400884,0,0,0.13738836,0,0,0.07923317,0,0,0.09447552,0
1355,1,0.8873418,1,0,0.021044828,0,0,0.12001171,0,0,0.017562512,0,0,0.04077405,0
1377,0,0.29187116,0,1,0.55511266,1,0,0.1767126,0,0,0.11926286,0,0,0.15355761,0
1386,0,0.90680426,1,0,0.017601471,0,0,0.088414416,0,0,0.01831107,0,1,0.03947311,0
1391,0,0.0022217394,0,0,0.2700513,1,1,0.90391815,1,1,0.8100207,1,0,0.19398828,0
1394,0,0.005255046,0,1,0.9225961,1,0,0.16711123,0,0,0.27199793,0,0,0.49421525,1
1405,0,0.1284251,0,0,0.17916898,0,0,0.43747544,0,1,0.64435047,1,0,0.10341924,0
1416,0,0.83459353,1,0,0.033451464,0,1,0.15884028,0,0,0.039843846,0,0,0.054726385,0
1424,0,0.018462216,0,1,0.11629934,0,1,0.9667243,1,0,0.38101023,1,0,0.16382188,0
1426,0,0.23610379,0,1,0.2654429,1,0,0.34946337,0,0,0.4798714,1,1,0.1344288,0
1429,0,0.012630437,0,1,0.9090151,1,0,0.13363127,0,0,0.13924216,0,0,0.41597188,1
1447,0,0.82983065,1,0,0.024975905,0,0,0.22916684,0,1,0.018812522,0,1,0.048730977,0
1456,0,0.040827245,0,1,0.91187245,1,0,0.01690758,0,0,0.013094167,0,0,0.128801,0
1458,1,0.4886026,1,0,0.35640445,1,0,0.16834693,0,0,0.052578058,0,0,0.12665573,0
1468,1,0.9189383,1,0,0.010496131,0,0,0.08804111,0,0,0.008879564,0,0,0.021760888,0
1479,1,0.9621175,1,0,0.0054484764,0,0,0.025400888,0,0,0.0038897942,0,0,0.011165916,0
1480,0,0.117197305,0,1,0.39350364,1,0,0.20931071,0,1,0.61228114,1,1,0.13803676,0
1487,1,0.82858074,1,0,0.08310324,0,0,0.0677673,0,0,0.022304276,0,0,0.047905825,0
1491,1,0.7802523,1,0,0.08353436,0,0,0.12900366,0,0,0.06669773,0,0,0.059877623,0
1494,1,0.9699342,1,0,0.0017431098,0,0,0.031197933,0,0,0.0046025175,0,0,0.009769585,0
1498,1,0.96743494,1,0,0.005183326,0,0,0.015669148,0,0,0.0028590464,0,0,0.007742968,0
1522,0,0.77245253,1,0,0.09212502,0,0,0.15025093,0,0,0.06973338,0,1,0.10299594,0
1534,0,0.39677346,0,0,0.028386403,0,0,0.7848294,1,0,0.06072538,0,1,0.10024718,0
1556,0,0.43198282,1,0,0.48358083,1,0,0.18067236,0,1,0.14944817,0,1,0.14180613,0
1564,0,0.04917826,0,0,0.024038412,0,1,0.88068265,1,0,0.48720354,1,0,0.059910383,0
1571,0,0.13274533,0,0,0.030192904,0,1,0.8896977,1,1,0.2089362,0,0,0.107355595,0
1589,1,0.8378813,1,0,0.056606904,0,0,0.07119363,0,0,0.061671276,0,0,0.050208427,0
1617,1,0.9687421,1,0,0.002666001,0,0,0.020722324,0,0,0.005463699,0,0,0.008951194,0
1618,1,0.9272674,1,0,0.008050685,0,0,0.09007917,0,0,0.007342427,0,0,0.02165375,0
1624,0,0.10639589,0,1,0.6784471,1,0,0.19676843,0,0,0.33650073,0,0,0.23356666,1
1630,1,0.91162014,1,0,0.0065695997,0,0,0.10293538,0,0,0.019853137,0,0,0.025716862,0
1632,1,0.31047317,0,0,0.17540096,0,0,0.6814341,0,0,0.12770589,0,0,0.14210245,0
1639,1,0.90632707,1,0,0.014503293,0,0,0.0937444,0,0,0.017706195,0,0,0.034739308,0
1655,1,0.14573587,0,0,0.19579744,0,0,0.8408233,1,0,0.1609323,0,0,0.2008949,1
1697,1,0.8656844,1,0,0.0079696365,0,0,0.2206106,0,0,0.01672959,0,0,0.033653215,0
1700,1,0.9172667,1,0,0.008399253,0,0,0.10062764,0,0,0.014660548,0,0,0.030147154,0
1705,1,0.89637405,1,0,0.013329435,0,0,0.107116416,0,0,0.027348127,0,0,0.038223874,0
1708,1,0.9420619,1,0,0.007887486,0,0,0.06368006,0,0,0.006173721,0,0,0.021500759,0
1736,0,0.42230362,1,1,0.09251631,0,0,0.1264472,0,0,0.5021311,1,0,0.06702591,0
1737,0,0.23105887,0,0,0.19077575,0,0,0.18676862,0,1,0.60086966,1,0,0.07617857,0
1741,1,0.8075403,1,0,0.017639622,0,0,0.32800782,0,0,0.014494906,0,0,0.045655474,0
1745,0,0.8973164,1,0,0.039932553,0,0,0.04716387,0,0,0.0080659855,0,1,0.023641622,0
1746,1,0.92656815,1,0,0.008625896,0,0,0.07066507,0,0,0.017250568,0,0,0.026553892,0
1747,0,0.19090666,0,0,0.15907162,0,0,0.12437281,0,1,0.67959535,1,0,0.061296947,0
1753,0,0.03863545,0,0,0.7500344,1,0,0.30097237,0,1,0.35800743,1,0,0.3187938,1
1757,1,0.94107616,1,0,0.0048424513,0,0,0.0795419,0,0,0.005245605,0,0,0.01683855,0
1769,0,0.33384618,0,0,0.03875198,0,0,0.767831,1,1,0.13024202,0,0,0.09879356,0
1775,1,0.9600322,1,0,0.008739471,0,0,0.017070934,0,0,0.0024346067,0,0,0.009327688,0
1780,1,0.9483958,1,0,0.00444384,0,0,0.036893584,0,0,0.0138149755,0,0,0.013792511,0
1785,0,0.9367413,1,0,0.022223143,0,0,0.01974237,0,0,0.002546306,0,1,0.011506284,0
1790,1,0.70640993,1,0,0.17521408,0,0,0.15601465,0,0,0.03952024,0,0,0.095617875,0
1792,0,0.22469267,0,1,0.61168736,1,0,0.18052384,0,0,0.22936098,0,0,0.18527173,0
1812,0,0.015282828,0,0,0.859771,1,0,0.14597824,0,1,0.26228583,0,0,0.2721883,1
1825,1,0.96179205,1,0,0.00473334,0,0,0.025893131,0,0,0.004985535,0,0,0.01155997,0
1835,1,0.89447314,1,0,0.020293765,0,0,0.08220696,0,0,0.03217101,0,0,0.03977882,0
1838,1,0.91976196,1,0,0.01023444,0,0,0.039944027,0,0,0.034293633,0,0,0.022560127,0
1843,1,0.9222673,1,0,0.0054432023,0,0,0.088671386,0,0,0.016782979,0,0,0.022473296,0
1850,1,0.80546105,1,0,0.1194013,0,0,0.05583499,0,0,0.006707424,0,0,0.040681645,0
1853,0,0.01386655,0,0,0.17714967,0,0,0.4398844,0,1,0.9077671,1,0,0.0716676,0
1857,1,0.42842755,1,0,0.03844522,0,0,0.6550721,0,0,0.14414948,0,0,0.10708742,0
1860,1,0.9455777,1,0,0.0069503644,0,0,0.057872497,0,0,0.0063335113,0,0,0.019763185,0
1864,0,0.006244457,0,1,0.8353918,1,0,0.22574057,0,0,0.5902288,1,1,0.5007734,1
1867,1,0.9735989,1,0,0.0023733545,0,0,0.019797796,0,0,0.0029601268,0,0,0.008018712,0
1870,1,0.9033164,1,0,0.034167465,0,0,0.054427844,0,0,0.010087506,0,0,0.029786589,0
1885,1,0.8259678,1,0,0.010636501,0,0,0.3475026,0,0,0.009007484,0,0,0.03541045,0
1899,1,0.5856686,1,0,0.008035449,0,0,0.44264773,0,0,0.11787067,0,0,0.042255983,0
1901,0,0.8119272,1,0,0.012776911,0,0,0.18440129,0,1,0.08116186,0,0,0.054794826,0
1920,0,0.20240888,0,1,0.5364774,1,0,0.16267811,0,0,0.27059576,0,0,0.1082961,0
1933,1,0.9677912,1,0,0.006615415,0,0,0.019918472,0,0,0.0014306273,0,0,0.007902303,0
1938,1,0.74004143,1,0,0.17141902,0,0,0.08142414,0,0,0.029858414,0,0,0.059837975,0
1940,0,0.005290314,0,1,0.5722778,1,1,0.84766257,1,0,0.4523499,1,0,0.2632104,1
1944,0,0.012286438,0,1,0.622073,1,0,0.20735484,0,1,0.7055752,1,0,0.17223842,0
1946,1,0.8341932,1,0,0.08934021,0,0,0.034821093,0,0,0.006132722,0,0,0.029783502,0
1950,0,0.3384411,0,0,0.32359874,1,0,0.29755312,0,1,0.3750218,1,0,0.1470679,0
1958,1,0.92805785,1,0,0.02050241,0,0,0.047213092,0,0,0.006491394,0,0,0.022395907,0
1961,0,0.45157975,1,0,0.32200664,1,0,0.14863658,0,1,0.20841788,0,1,0.15581115,0
1972,1,0.90116006,1,0,0.013387545,0,0,0.1202584,0,0,0.015232239,0,0,0.035286028,0
1988,1,0.91211426,1,0,0.032894865,0,0,0.030185582,0,0,0.0066175833,0,0,0.018867359,0
1993,1,0.7910748,1,0,0.071500406,0,0,0.19652286,0,0,0.04807081,0,0,0.086638704,0
1994,0,0.19553927,0,1,0.71495914,1,0,0.11351406,0,0,0.059950914,0,0,0.16208164,0
1998,0,0.014319467,0,1,0.4945642,1,1,0.48706332,0,1,0.6957198,1,0,0.16428795,0
2019,0,0.007833936,0,0,0.1443852,0,1,0.76124895,1,1,0.8618489,1,0,0.11203922,0
2039,0,0.161728,0,1,0.6577138,1,0,0.28578782,0,0,0.10243517,0,0,0.19589862,0
2045,1,0.9376542,1,0,0.02079987,0,0,0.021678347,0,0,0.0037008142,0,0,0.012606084,0
2050,0,0.03568923,0,1,0.8130157,1,0,0.26463383,0,1,0.17131773,0,0,0.27913982,1
2055,0,0.018843777,0,1,0.7745967,1,0,0.25673464,0,1,0.4947221,1,0,0.35113105,1
2064,0,0.39424753,0,1,0.46081156,1,0,0.12310021,0,0,0.09346763,0,0,0.08219412,0
2083,1,0.981967,1,0,0.0020991955,0,0,0.008140656,0,0,0.0011420638,0,0,0.003912526,0
2101,0,0.056017105,0,1,0.8309492,1,0,0.10292646,0,0,0.118782304,0,0,0.21466134,1
2103,0,0.010021104,0,1,0.66539353,1,0,0.6196306,0,0,0.59432065,1,1,0.40309224,1
2104,0,0.002600713,0,1,0.74482495,1,0,0.5023182,0,1,0.73056316,1,1,0.46909362,1
2110,0,0.15735498,0,1,0.6297105,1,0,0.20001546,0,0,0.26469126,0,0,0.20554356,1
2119,0,0.759888,1,0,0.12610045,0,0,0.12655416,0,0,0.05667454,0,1,0.08759049,0
2144,1,0.9675243,1,0,0.0025871869,0,0,0.022561315,0,0,0.0063616475,0,0,0.009489648,0
2146,0,0.8161498,1,0,0.07805845,0,1,0.092542484,0,0,0.037714522,0,0,0.050035134,0
2151,0,0.47013986,1,1,0.52606547,1,0,0.026418952,0,0,0.012131406,0,0,0.04669426,0
2153,0,0.02197057,0,0,0.12988624,0,1,0.9229256,1,0,0.5620234,1,0,0.17203735,0
2158,1,0.16566646,0,0,0.05585772,0,0,0.8802189,1,0,0.15408702,0,0,0.10826472,0
2160,0,0.021584941,0,1,0.9272886,1,0,0.06460066,0,0,0.047262035,0,0,0.2730557,1
2170,0,0.012504293,0,1,0.8943455,1,0,0.13310258,0,0,0.13265872,0,0,0.2757801,1
2180,0,0.031550232,0,1,0.7098664,1,0,0.44698736,0,0,0.23417768,0,0,0.2214012,1
2192,1,0.9015441,1,0,0.011415476,0,0,0.12947193,0,0,0.01142264,0,0,0.03310194,0
2193,1,0.927233,1,0,0.008691823,0,0,0.08306623,0,0,0.010147746,0,0,0.026393158,0
2203,1,0.94438,1,0,0.010929509,0,0,0.04354777,0,0,0.0045587723,0,0,0.016239116,0
2210,0,0.21202946,0,1,0.6406739,1,0,0.1570927,0,0,0.0829004,0,0,0.12563768,0
2213,0,0.22007321,0,1,0.6012839,1,0,0.16125396,0,0,0.17028284,0,1,0.18898614,0
2221,0,0.041581012,0,1,0.800814,1,0,0.15500593,0,1,0.22714932,0,0,0.2188891,1
2224,1,0.69584566,1,0,0.17625988,0,0,0.11661812,0,0,0.026312364,0,0,0.079011105,0
2226,1,0.94378304,1,0,0.014127507,0,0,0.03495709,0,0,0.004612936,0,0,0.016988415,0
2235,0,0.0049800174,0,0,0.29150632,1,0,0.63477254,0,1,0.88334525,1,0,0.15716201,0
2238,1,0.94687444,1,0,0.0073867035,0,0,0.037112784,0,0,0.009822179,0,0,0.018125031,0
2252,0,0.10201766,0,0,0.04822577,0,1,0.89955,1,0,0.25143254,0,0,0.11089945,0
2267,1,0.87715656,1,0,0.03355968,0,0,0.046013877,0,0,0.03803027,0,0,0.025956025,0
2270,1,0.97783214,1,0,0.0019423527,0,0,0.014858575,0,0,0.0021150513,0,0,0.005644338,0
2277,1,0.72790974,1,0,0.088293575,0,0,0.28415367,0,0,0.03458449,0,0,0.08218414,0
2279,0,0.0697658,0,1,0.25375295,1,1,0.8731532,1,0,0.24435565,0,0,0.16854288,0
2281,0,0.12994854,0,0,0.2040577,0,1,0.82083267,1,0,0.31749034,0,0,0.22723053,1
2282,1,0.28623867,0,0,0.08088218,0,0,0.8244593,1,0,0.10337272,0,0,0.16299263,0
2285,0,0.19750734,0,0,0.056516156,0,1,0.79618466,1,0,0.26060668,0,0,0.122957945,0
2293,0,0.10613226,0,1,0.76023585,1,0,0.13662893,0,0,0.09718215,0,0,0.13443425,0
2302,1,0.79970586,1,0,0.058728717,0,0,0.08856244,0,0,0.1019917,0,0,0.057622958,0
2317,0,0.4957811,1,1,0.36454567,1,0,0.16470498,0,0,0.106887445,0,1,0.1566767,0
2322,0,0.0072573787,0,1,0.88558507,1,0,0.24272884,0,1,0.3748939,1,1,0.46755385,1
2324,0,0.0069150794,0,0,0.22970088,0,1,0.89962536,1,1,0.7394755,1,1,0.20961145,1
2341,1,0.7844171,1,0,0.020394046,0,0,0.37919745,0,0,0.013680694,0,0,0.052599598,0
2345,0,0.0105530685,0,0,0.08508992,0,1,0.9757652,1,1,0.47108972,1,0,0.16812569,0
2355,1,0.9547111,1,0,0.005890723,0,0,0.032971084,0,0,0.0070188604,0,0,0.014820555,0
2368,1,0.963346,1,0,0.0034480712,0,1,0.046002865,0,0,0.0024013699,0,0,0.011765839,0
2369,1,0.57021475,1,0,0.21038178,0,0,0.24959065,0,0,0.07022887,0,0,0.10826202,0
2370,0,0.34281036,0,0,0.012891303,0,1,0.8335389,1,0,0.06680002,0,0,0.08064398,0
2375,0,0.23408188,0,0,0.018946772,0,1,0.94105285,1,0,0.025220273,0,0,0.0946432,0
2379,1,0.87774915,1,0,0.045596037,0,0,0.075865164,0,0,0.016555963,0,0,0.040972747,0
2381,0,0.86761045,1,1,0.053699892,0,0,0.032168545,0,0,0.010321814,0,0,0.027800897,0
2386,1,0.81626815,1,0,0.08316842,0,0,0.115755394,0,0,0.021030955,0,0,0.06128211,0
2387,1,0.20909052,0,0,0.471619,1,0,0.42603084,0,0,0.036868002,0,0,0.13258158,0
2390,0,0.010485821,0,1,0.49969333,1,0,0.86200637,1,0,0.37194267,1,0,0.19787012,0
2403,0,0.06673375,0,1,0.3829074,1,0,0.8106882,1,0,0.08217612,0,0,0.19003381,0
2409,0,0.001250942,0,0,0.16324347,0,1,0.9802893,1,0,0.6384752,1,1,0.12929188,0
2416,1,0.9523038,1,0,0.0044354093,0,0,0.051785294,0,0,0.0068044947,0,0,0.016389282,0
2417,0,0.033015724,0,0,0.85667473,1,0,0.1638063,0,0,0.20356084,0,1,0.44491637,1
2419,0,0.89259785,1,0,0.008828083,0,1,0.13421547,0,0,0.023004003,0,0,0.036540665,0
2422,0,0.16339672,0,0,0.06359109,0,0,0.21884567,0,1,0.8059065,1,0,0.06940986,0
2427,1,0.80957466,1,0,0.0765429,0,0,0.14510697,0,0,0.046985786,0,0,0.07673198,0
2432,1,0.9598061,1,0,0.00519685,0,0,0.026931342,0,0,0.0056749377,0,0,0.012962965,0
2433,0,0.050290514,0,0,0.1564988,0,1,0.9209277,1,0,0.32253724,0,0,0.2014976,1
2449,1,0.9219244,1,0,0.021725021,0,0,0.05390226,0,0,0.00807279,0,0,0.024576303,0
2455,1,0.17976044,0,0,0.12721345,0,0,0.40634668,0,0,0.66204333,1,0,0.09883117,0
2473,0,0.4432292,1,0,0.44626632,1,0,0.19291408,0,0,0.13679403,0,1,0.16914944,0
2476,1,0.9120454,1,0,0.011950374,0,0,0.09832871,0,0,0.013901031,0,0,0.03165414,0
2492,0,0.49509943,1,0,0.343851,1,0,0.13967705,0,1,0.17145605,0,0,0.1374191,0
2507,1,0.8812061,1,0,0.022095103,0,0,0.12105648,0,0,0.027315192,0,0,0.04625609,0
2549,0,0.09634227,0,1,0.66453034,1,0,0.28497317,0,1,0.34676355,0,0,0.28729934,1
2550,1,0.3864586,0,0,0.01580951,0,1,0.8384452,1,0,0.042712804,0,0,0.09236456,0
2551,1,0.78797185,1,0,0.1057063,0,0,0.06631537,0,0,0.036229286,0,0,0.059973434,0
2556,0,0.22440086,0,1,0.4893017,1,0,0.30396,0,0,0.30879143,0,0,0.23281924,1
2560,1,0.9582149,1,0,0.007206441,0,0,0.023384282,0,0,0.004362001,0,0,0.011923525,0
2561,0,0.059831083,0,0,0.7845246,1,0,0.20941365,0,1,0.21536969,0,0,0.31465763,1
2565,0,0.17731492,0,1,0.4914019,1,0,0.31127134,0,0,0.26248902,0,1,0.12285973,0
2569,0,0.035292357,0,0,0.2527958,1,0,0.89104605,1,1,0.43192923,1,0,0.19149807,0
2579,1,0.6880009,1,0,0.11342301,0,0,0.1956983,0,0,0.08531039,0,0,0.06813414,0
2596,1,0.96301764,1,0,0.0028864942,0,0,0.03173056,0,0,0.0073695043,0,0,0.012611749,0
2598,0,0.08450447,0,1,0.733319,1,0,0.21661507,0,1,0.24403593,0,0,0.350892,1
2602,0,0.10713259,0,1,0.7357261,1,0,0.16622485,0,0,0.16380137,0,1,0.3229012,1
2605,0,0.012268115,0,0,0.21610577,0,0,0.3546724,0,1,0.88597554,1,0,0.06480461,0
2606,0,0.803208,1,0,0.03916814,0,1,0.14822023,0,1,0.098356694,0,0,0.075091,0
2626,0,0.08709114,0,0,0.02074701,0,1,0.96261925,1,0,0.088257395,0,0,0.09704424,0
2627,0,0.860492,1,0,0.02428478,0,0,0.028232334,0,1,0.07417794,0,0,0.020524869,0
2638,1,0.9273934,1,0,0.023665331,0,0,0.021048943,0,0,0.005903262,0,0,0.01408757,0
2649,1,0.9594406,1,0,0.0035709655,0,0,0.033178315,0,0,0.007389778,0,0,0.01227646,0
2693,0,0.38111776,0,1,0.4504322,1,0,0.16093336,0,0,0.10157985,0,0,0.111684516,0
2694,1,0.80584794,1,0,0.011411337,0,0,0.22617173,0,0,0.049503736,0,0,0.04293888,0
2722,0,0.017177353,0,0,0.11860921,0,1,0.89054006,1,0,0.68288773,1,0,0.16216975,0
2734,0,0.8737265,1,1,0.040682256,0,0,0.060995426,0,0,0.035451382,0,0,0.036755156,0
2736,0,0.91833335,1,0,0.021219125,0,0,0.043025576,0,1,0.013476241,0,0,0.022068929,0
2764,1,0.9452495,1,0,0.010129752,0,0,0.04331655,0,0,0.005453212,0,0,0.018456763,0
2767,1,0.13841164,0,0,0.0831564,0,1,0.92999524,1,0,0.044073418,0,0,0.13065936,0
2776,0,0.012632494,0,0,0.26991418,1,0,0.8418614,1,1,0.72948015,1,0,0.19606109,0
2779,1,0.2993691,0,0,0.053385146,0,0,0.83003354,1,0,0.094214074,0,0,0.12418345,0
2785,1,0.4008037,1,0,0.35418686,1,0,0.28645402,0,0,0.056194115,0,0,0.16967052,0
2786,1,0.9212369,1,0,0.010463185,0,0,0.08856094,0,0,0.011539081,0,0,0.028599773,0
2789,1,0.8127882,1,0,0.010202013,0,0,0.283152,0,0,0.028625237,0,0,0.04072974,0
2791,1,0.9126279,1,0,0.031036064,0,0,0.032421116,0,0,0.0061276522,0,0,0.020326441,0
2802,0,0.013809202,0,1,0.8576446,1,0,0.27399698,0,1,0.3230214,0,1,0.5132357,1
2813,1,0.45005918,1,0,0.019993326,0,0,0.79421633,1,0,0.038896527,0,0,0.082000524,0
2819,1,0.7906056,1,0,0.10672009,0,0,0.09681942,0,0,0.024023728,0,0,0.07272819,0
2830,1,0.930632,1,0,0.014338742,0,0,0.04457634,0,0,0.011515469,0,0,0.023246184,0
2839,1,0.97013354,1,0,0.004790743,0,0,0.013995063,0,0,0.0023175937,0,0,0.006824937,0
2848,1,0.93361413,1,0,0.010398035,0,0,0.06961677,0,0,0.0070809894,0,0,0.024124786,0
2854,1,0.77566075,1,0,0.05150814,0,0,0.2665576,0,0,0.026593337,0,0,0.06497313,0
2865,0,0.010215716,0,1,0.8919237,1,0,0.21804278,0,0,0.16498664,0,0,0.32646522,1
2867,0,0.38928726,0,1,0.59523916,1,0,0.048041437,0,0,0.024897993,0,0,0.075811826,0
2871,1,0.9610845,1,0,0.0028155404,0,0,0.0325849,0,0,0.009190306,0,0,0.013209986,0
2905,1,0.41286445,1,0,0.033349004,0,1,0.8228865,1,0,0.03039799,0,0,0.10605287,0
2909,1,0.9355109,1,0,0.008696956,0,1,0.047069352,0,0,0.016280416,0,0,0.022075268,0
2910,1,0.8852701,1,0,0.033767056,0,0,0.08303225,0,0,0.020737696,0,0,0.038592022,0
2913,1,0.85113,1,0,0.038438167,0,0,0.15324911,0,0,0.016570108,0,0,0.051919058,0
2920,1,0.9640476,1,0,0.006690721,0,0,0.018210897,0,0,0.002884808,0,0,0.009490087,0
2921,1,0.8587423,1,0,0.05131658,0,0,0.06449203,0,0,0.03493784,0,0,0.044327557,0
2922,0,0.006777377,0,1,0.91570944,1,0,0.18346052,0,0,0.27130213,0,0,0.574455,1
2928,1,0.914434,1,0,0.02193218,0,0,0.057674967,0,0,0.013742864,0,0,0.030430108,0
2929,1,0.92157996,1,0,0.006761087,0,0,0.11082821,0,0,0.010274294,0,0,0.025540724,0
2935,1,0.2730856,0,0,0.29159984,1,0,0.56944436,0,0,0.10553243,0,0,0.15671124,0
2938,0,0.85435516,1,1,0.0303567,0,0,0.14067475,0,0,0.038298994,0,0,0.057210498,0
2939,1,0.85288453,1,0,0.08355528,0,0,0.033025052,0,0,0.0029791328,0,0,0.02406714,0
2941,1,0.14666504,0,0,0.017303322,0,0,0.8614063,1,0,0.2379589,0,0,0.07048613,0
2942,1,0.94016194,1,0,0.007584735,0,0,0.07162131,0,0,0.0041011516,0,0,0.01705622,0
2963,1,0.9573373,1,0,0.007731418,0,0,0.025606604,0,0,0.004245978,0,0,0.012699562,0
2965,1,0.5627939,1,0,0.015409706,0,0,0.661318,0,0,0.04446937,0,0,0.060419112,0
2987,1,0.93362015,1,0,0.016933931,0,0,0.041995328,0,0,0.007237813,0,0,0.02126908,0
3009,0,0.020782227,0,1,0.6682129,1,0,0.15528469,0,1,0.5993791,1,0,0.18737124,0
3022,1,0.87734807,1,0,0.035850365,0,0,0.071495354,0,0,0.03221681,0,0,0.038866077,0
3027,1,0.966056,1,0,0.004220703,0,0,0.026169248,0,0,0.003176955,0,0,0.010831899,0
3033,0,0.024921209,0,1,0.4636136,1,0,0.8542696,1,0,0.26185995,0,0,0.17696008,0
3035,1,0.4375737,1,0,0.02137766,0,1,0.8455376,1,0,0.015602004,0,0,0.077290535,0
3043,1,0.9158309,1,0,0.022110574,0,0,0.051663604,0,0,0.013316304,0,0,0.029550973,0
3052,0,0.014298726,0,0,0.21135907,0,0,0.9331539,1,1,0.530204,1,0,0.18508379,0
3060,1,0.8859973,1,0,0.029888408,0,0,0.074871756,0,0,0.029484538,0,0,0.043822486,0
3073,1,0.6716355,1,0,0.12502371,0,0,0.23732862,0,0,0.043294165,0,0,0.09946597,0
3078,0,0.23824742,0,1,0.61708033,1,0,0.16406219,0,0,0.1241114,0,0,0.16656911,0
3092,0,0.55666727,1,0,0.15640126,0,0,0.2716656,0,0,0.27627817,0,1,0.14037369,0
3103,1,0.96929026,1,0,0.0029325818,0,0,0.022313511,0,0,0.0041205855,0,0,0.009204603,0
3108,1,0.95541245,1,0,0.0048014834,0,0,0.020389637,0,0,0.012199292,0,0,0.010959246,0
3112,1,0.951409,1,0,0.011409607,0,0,0.02405489,0,0,0.0040544937,0,0,0.011695776,0
3122,0,0.017874954,0,0,0.2642297,1,0,0.9127847,1,1,0.52937114,1,0,0.18972091,0
3128,1,0.6741196,1,0,0.013796784,0,0,0.5925073,0,0,0.022250725,0,0,0.05611368,0
3148,1,0.96694803,1,0,0.003839763,0,0,0.023524646,0,0,0.0036868877,0,0,0.009886883,0
3159,1,0.93156,1,0,0.014471365,0,0,0.05679903,0,0,0.0072022965,0,0,0.022414885,0
3164,1,0.93785745,1,0,0.017539583,0,0,0.038195375,0,0,0.004676883,0,0,0.017808057,0
3165,1,0.9632108,1,0,0.003003512,0,0,0.0241562,0,0,0.008532734,0,0,0.010296296,0
3174,1,0.71154004,1,0,0.012216807,0,0,0.5786972,0,0,0.010838599,0,0,0.044090502,0
3201,0,0.12761335,0,0,0.044814367,0,1,0.90748453,1,0,0.18612446,0,0,0.1283612,0
3208,0,0.07516327,0,1,0.55710787,1,0,0.124199055,0,1,0.44697943,1,0,0.10311688,0
3215,0,0.046505578,0,1,0.8786872,1,0,0.09178821,0,0,0.08804443,0,1,0.26277336,1
3220,0,0.063745424,0,1,0.83716786,1,0,0.07715423,0,0,0.07290982,0,0,0.15603052,0
3235,1,0.9372142,1,0,0.0045396336,0,0,0.06488562,0,0,0.01587134,0,0,0.01959108,0
3241,0,0.02466793,0,0,0.13775438,0,0,0.8437981,1,1,0.7277871,1,0,0.14161634,0
3246,0,0.02235861,0,0,0.13304064,0,1,0.9263937,1,1,0.58185977,1,0,0.1745093,0
3248,1,0.91998297,1,0,0.0046920106,0,1,0.13161139,0,0,0.008134094,0,0,0.02255037,0
3272,0,0.006576995,0,1,0.8200043,1,0,0.46105987,0,1,0.497974,1,0,0.51790506,1
3275,0,0.012311654,0,1,0.8729671,1,1,0.21448843,0,1,0.3547807,1,1,0.48414868,1
3281,0,0.02278575,0,1,0.79606557,1,0,0.33839,0,0,0.3564956,1,1,0.4509919,1
3282,0,0.28127488,0,1,0.5892636,1,0,0.10046084,0,0,0.09456904,0,0,0.11549616,0
3299,1,0.47219232,1,0,0.01531399,0,1,0.7654053,1,0,0.042744752,0,0,0.0770465,0
3315,0,0.08285731,0,0,0.23223847,0,0,0.36931437,0,1,0.7778455,1,0,0.17976555,0
3317,0,0.082156196,0,1,0.80850273,1,0,0.10698743,0,0,0.040579967,0,0,0.16412377,0
3320,1,0.7608186,1,0,0.07632705,0,0,0.21735916,0,0,0.07470786,0,0,0.099731915,0
3326,0,0.03620589,0,1,0.84442216,1,0,0.16177113,0,0,0.15138483,0,0,0.3464222,1
3336,0,0.44777745,1,0,0.32889172,1,0,0.18112701,0,1,0.24832837,0,0,0.09449378,0
3342,0,0.1424811,0,1,0.79544014,1,0,0.0865461,0,0,0.044536017,0,0,0.16814165,0
3350,1,0.8616078,1,0,0.0044854414,0,0,0.33100292,0,0,0.0066831857,0,0,0.026619926,0
3356,0,0.289634,0,0,0.021149607,0,1,0.8761083,1,0,0.06533069,0,0,0.094762415,0
3363,0,0.1250711,0,1,0.8047832,1,0,0.03271027,0,0,0.012840305,0,0,0.120688945,0
3371,0,0.5309418,1,0,0.43681675,1,0,0.020893896,0,0,0.0049741096,0,1,0.039938617,0
3384,1,0.89578223,1,0,0.01816506,0,0,0.12922427,0,0,0.010020489,0,0,0.037020326,0
3406,1,0.75154996,1,0,0.15700498,0,0,0.113244735,0,0,0.029116465,0,0,0.0702732,0
3414,1,0.9468398,1,0,0.01200023,0,0,0.019550804,0,0,0.0072287316,0,0,0.011587134,0
3435,1,0.45370215,1,0,0.531172,1,0,0.022630597,0,0,0.0060356846,0,0,0.04929259,0
3452,0,0.016515292,0,0,0.1323628,0,1,0.8719967,1,0,0.73912007,1,0,0.14158328,0
3454,0,0.012012901,0,1,0.29615542,1,0,0.81443304,1,1,0.66053504,1,1,0.3008095,1
3479,0,0.0131514305,0,0,0.076079406,0,1,0.93776083,1,0,0.59423345,1,0,0.13034655,0
3484,0,0.010115911,0,1,0.08461718,0,1,0.9451533,1,0,0.59182566,1,0,0.138248,0
3486,1,0.16154976,0,0,0.5052449,1,1,0.5411525,0,0,0.2031997,0,1,0.20331939,1
3487,1,0.3797915,0,0,0.40922666,1,0,0.3582525,0,0,0.15812017,0,0,0.16861455,0
3497,1,0.89681554,1,0,0.032863095,0,0,0.079626076,0,0,0.011320513,0,0,0.038073137,0
3507,1,0.93590844,1,0,0.0057427404,0,0,0.06262741,0,0,0.016387647,0,0,0.023320492,0
3508,0,0.057328336,0,1,0.80595005,1,0,0.14922424,0,0,0.1755311,0,0,0.32562438,1
3515,1,0.59517443,1,0,0.015677756,0,0,0.66728365,0,0,0.037507374,0,0,0.067938454,0
3521,1,0.6919225,1,0,0.0192187,0,0,0.5556885,0,0,0.020631785,0,0,0.064457305,0
3522,1,0.9696788,1,0,0.002483524,0,0,0.025125172,0,0,0.004291526,0,0,0.009700109,0
3537,1,0.92075104,1,0,0.015078902,0,0,0.08108948,0,0,0.009193802,0,0,0.032313433,0
3544,0,0.2653398,0,0,0.46376115,1,0,0.23600933,0,1,0.3820254,1,0,0.19512075,0
3558,1,0.85057914,1,0,0.025577681,0,0,0.138148,0,0,0.028795455,0,0,0.0386284,0
3559,0,0.07159633,0,0,0.087824225,0,1,0.93887913,1,1,0.20515947,0,0,0.15285712,0
3568,0,0.3082106,0,0,0.03658555,0,1,0.829625,1,1,0.077385314,0,0,0.09274341,0
3579,0,0.97939795,1,0,0.0014152558,0,0,0.0108281495,0,1,0.0030302051,0,0,0.004520179,0
3582,0,0.003573805,0,0,0.09824704,0,1,0.93361104,1,1,0.8131525,1,0,0.10271315,0
3585,1,0.90844405,1,0,0.021709684,0,0,0.07166048,0,0,0.013435364,0,0,0.030195206,0
3590,0,0.4188272,1,1,0.49769965,1,0,0.071978614,0,0,0.054396395,0,0,0.10792089,0
3600,0,0.9455752,1,0,0.0032839316,0,0,0.03490148,0,1,0.021041619,0,0,0.013324897,0
3603,0,0.92326736,1,0,0.02315235,0,0,0.046578847,0,0,0.0070916084,0,1,0.024993598,0
3606,0,0.25975108,0,0,0.46576405,1,0,0.4238189,0,1,0.32522327,0,1,0.25862908,1
3610,0,0.08443179,0,0,0.18909945,0,0,0.8746301,1,1,0.31908888,0,0,0.1504034,0
3612,0,0.70966583,1,1,0.21544877,0,0,0.06743912,0,0,0.014858958,0,0,0.06317758,0
3613,0,0.023737028,0,0,0.2389918,0,1,0.5867467,0,1,0.8102053,1,0,0.20568344,1
3615,1,0.78566563,1,0,0.15293057,0,0,0.033680104,0,0,0.0043165917,0,0,0.031109225,0
3618,1,0.855738,1,0,0.013857729,0,0,0.26207614,0,0,0.0054726033,0,0,0.0323946,0
3625,1,0.91563797,1,0,0.019123167,0,0,0.05249846,0,0,0.014989854,0,0,0.02317615,0
3629,0,0.894729,1,0,0.027404387,0,1,0.073096395,0,1,0.019930134,0,0,0.03233904,0
3632,0,0.5198969,1,0,0.10468485,0,0,0.22386974,0,1,0.25397807,0,0,0.061071534,0
3634,1,0.9257802,1,0,0.013318473,0,0,0.07288626,0,0,0.00952693,0,0,0.028686086,0
3635,1,0.83059335,1,0,0.060927816,0,1,0.14180034,0,0,0.022903634,0,0,0.06559985,0
3641,0,0.43676263,1,0,0.010481419,0,1,0.86032724,1,0,0.019174991,0,0,0.06444552,0
3652,1,0.9493707,1,0,0.0032137262,0,0,0.032329053,0,0,0.018856741,0,0,0.013067685,0
3657,1,0.8397731,1,0,0.02166295,0,0,0.22304095,0,0,0.020906381,0,0,0.052119896,0
3660,0,0.86932164,1,0,0.04939178,0,0,0.06553508,0,0,0.011046308,0,1,0.041042726,0
3665,1,0.83290577,1,0,0.025853483,0,0,0.21651939,0,0,0.028777229,0,0,0.062470093,0
3669,1,0.33740702,0,0,0.58862305,1,0,0.10410429,0,0,0.03812291,0,0,0.1477333,0
3688,0,0.5446119,1,0,0.38641164,1,1,0.12673794,0,0,0.038178816,0,1,0.12175135,0
3689,0,0.039095305,0,1,0.8445691,1,0,0.13748816,0,1,0.14346711,0,0,0.27629682,1
3692,0,0.010110692,0,1,0.31724524,1,0,0.8674899,1,1,0.6280115,1,0,0.15993036,0
3696,0,0.49669957,1,0,0.29119715,1,0,0.16705988,0,1,0.22963181,0,0,0.116455175,0
3699,0,0.15538348,0,0,0.121370606,0,1,0.8576545,1,0,0.18394333,0,0,0.12885463,0
3702,1,0.8875416,1,0,0.012468193,0,0,0.12818195,0,0,0.028589102,0,0,0.040365037,0
3704,1,0.8053596,1,0,0.015661709,0,0,0.1959168,0,0,0.05989538,0,0,0.044612076,0
3708,0,0.010348048,0,0,0.534658,1,1,0.873871,1,0,0.30066645,0,0,0.22529875,1
3712,1,0.3819725,0,0,0.1765934,0,0,0.25831285,0,0,0.48543376,1,0,0.11429558,0
3740,1,0.51979524,1,0,0.018424787,0,1,0.7779555,1,0,0.022093639,0,0,0.08077491,0
3755,0,0.016425373,0,0,0.71485734,1,1,0.60215473,0,1,0.39138982,1,0,0.40314388,1
3756,1,0.9071506,1,0,0.031906255,0,0,0.027378054,0,0,0.008058015,0,0,0.021684147,0
3785,0,0.8674809,1,0,0.05999508,0,0,0.029273963,0,0,0.007948309,0,1,0.023191832,0
3791,0,0.08110809,0,0,0.11777069,0,1,0.9449297,1,0,0.0829136,0,0,0.18008256,0
3805,0,0.06861324,0,0,0.12636365,0,0,0.7949181,1,1,0.5394932,1,0,0.123264864,0
3827,0,0.0136225205,0,1,0.21041457,0,1,0.822231,1,1,0.77951205,1,1,0.15490162,0
3842,0,0.5016246,1,1,0.293627,1,0,0.22766894,0,0,0.09893841,0,1,0.14876597,0
3855,0,0.008163075,0,0,0.2810321,1,1,0.6478298,0,1,0.8623911,1,0,0.15851577,0
3863,1,0.8494662,1,0,0.061142407,0,0,0.09795387,0,0,0.025076611,0,0,0.05150199,0
3867,0,0.0047010737,0,1,0.9025889,1,0,0.2435757,0,0,0.40584764,1,1,0.58284676,1
3869,0,0.0048847497,0,1,0.90238804,1,0,0.24200627,0,0,0.40600073,1,1,0.5915976,1
3872,1,0.8901161,1,0,0.016842278,0,1,0.13768356,0,0,0.013285791,0,0,0.038651735,0
3875,0,0.7230438,1,0,0.13716455,0,0,0.1377866,0,1,0.11592401,0,0,0.09278436,0
3878,1,0.8639186,1,0,0.018369066,0,0,0.16391535,0,0,0.02141946,0,0,0.0388967,0
3892,1,0.93185717,1,0,0.009263111,0,0,0.060081482,0,0,0.013713553,0,0,0.023256728,0
3895,0,0.029507246,0,1,0.7533807,1,0,0.40277725,0,0,0.453568,1,1,0.49062723,1
3904,1,0.1350166,0,0,0.5671999,1,0,0.15722121,0,0,0.3741407,1,0,0.1913209,0
3908,0,0.19464074,0,0,0.526254,1,0,0.16586265,0,1,0.3482042,0,0,0.1706399,0
3909,1,0.97152495,1,0,0.0036892705,0,0,0.017104708,0,0,0.0023917276,0,0,0.007489291,0
3910,0,0.0048895287,0,1,0.70122653,1,0,0.27495283,0,1,0.8023634,1,1,0.39688998,1
3913,0,0.008874819,0,0,0.9104753,1,0,0.1422181,0,1,0.27491564,0,0,0.4827613,1
3914,0,0.06497241,0,0,0.76537037,1,0,0.12989782,0,1,0.25881484,0,0,0.2503072,1
3918,1,0.9082557,1,0,0.019617502,0,0,0.06696815,0,0,0.022088937,0,0,0.036446135,0
3923,1,0.5330594,1,0,0.39103588,1,0,0.07681847,0,0,0.034358256,0,0,0.0870228,0
3925,0,0.7529623,1,0,0.059953656,0,1,0.27690777,0,0,0.015008501,0,1,0.0626319,0
3926,1,0.6512231,1,0,0.017495627,0,0,0.5650785,0,0,0.03620804,0,0,0.065456,0
3937,1,0.92502624,1,0,0.012667883,0,0,0.0452772,0,0,0.018986998,0,0,0.021811383,0
3947,0,0.0062060314,0,0,0.11865647,0,1,0.980753,1,0,0.5037552,1,0,0.16030556,0
3948,0,0.90711063,1,0,0.009818946,0,1,0.10728802,0,0,0.019181933,0,0,0.031898994,0
3949,0,0.007906663,0,0,0.31213787,1,0,0.4607675,0,1,0.89398944,1,0,0.168114,0
3967,0,0.6327292,1,0,0.036828745,0,0,0.1352238,0,1,0.3302001,0,0,0.061079297,0
3984,1,0.89972234,1,0,0.017742772,0,0,0.07856711,0,0,0.03451626,0,0,0.04284624,0
3986,1,0.9357244,1,0,0.007714328,0,0,0.08264905,0,0,0.005718701,0,0,0.022787303,0
4016,0,0.014104195,0,0,0.09999983,0,1,0.94123447,1,0,0.59835935,1,0,0.14861906,0
4025,1,0.42012933,1,0,0.33667934,1,0,0.2970225,0,0,0.098682836,0,0,0.11780863,0
4059,1,0.82409304,1,0,0.050028425,0,0,0.16451849,0,0,0.028408736,0,0,0.06179926,0
4066,1,0.90786755,1,0,0.018023115,0,0,0.06786395,0,0,0.023434984,0,0,0.032406647,0
4070,0,0.100295946,0,0,0.040156305,0,1,0.84556794,1,0,0.39740586,1,0,0.08574983,0
4072,0,0.0027076786,0,1,0.53183407,1,0,0.8947338,1,1,0.4942167,1,0,0.24176595,1
4079,1,0.3370284,0,0,0.0454046,0,0,0.6695539,0,0,0.17859174,0,0,0.12809077,0
4090,1,0.8374702,1,0,0.060124997,0,0,0.12064089,0,0,0.031224301,0,0,0.054537985,0
4097,1,0.90392566,1,0,0.01728115,0,0,0.09543378,0,0,0.01337023,0,0,0.030986333,0
4103,1,0.8691091,1,0,0.01529359,0,0,0.18508166,0,0,0.010288145,0,0,0.03164408,0
4110,1,0.62702644,1,0,0.04813762,0,0,0.4944026,0,0,0.023707867,0,0,0.06366943,0
4123,1,0.48419294,1,0,0.36633933,1,0,0.21362984,0,0,0.10156337,0,0,0.16687807,0
4137,0,0.039197925,0,0,0.7925192,1,0,0.1698274,0,1,0.23026446,0,0,0.23192924,1
4149,0,0.014416274,0,1,0.8892789,1,0,0.14746161,0,0,0.2404741,0,0,0.42470774,1
4153,0,0.78416735,1,0,0.103368044,0,0,0.06198902,0,1,0.06395986,0,0,0.047497697,0
4167,1,0.76024115,1,0,0.11224892,0,1,0.13951926,0,0,0.07561409,0,1,0.08056226,0
4175,0,0.078389704,0,0,0.48637292,1,0,0.63941306,0,1,0.26687098,0,0,0.1799369,0
4177,0,0.5381881,1,0,0.13815954,0,0,0.41050625,0,1,0.1216446,0,0,0.11243679,0
4203,0,0.007765209,0,0,0.7079993,1,0,0.45163184,0,1,0.63343716,1,0,0.33701462,1
4220,0,0.11263621,0,0,0.12874597,0,1,0.9063996,1,0,0.18126854,0,0,0.16451626,0
4224,1,0.8830739,1,0,0.01871583,0,0,0.08462632,0,0,0.048982088,0,0,0.041196752,0
4225,0,0.71721107,1,0,0.07736119,0,0,0.21242325,0,1,0.13217586,0,0,0.09268121,0
4226,0,0.022940125,0,0,0.34297636,1,1,0.927271,1,0,0.26875442,0,0,0.20690201,1
4229,1,0.5995213,1,0,0.31978157,1,0,0.08053858,0,0,0.0349565,0,0,0.06822103,0
4230,0,0.20643361,0,1,0.70156085,1,0,0.055851307,0,0,0.029716589,0,0,0.075664625,0
4235,1,0.5146504,1,0,0.007353824,0,0,0.7318577,0,0,0.041227806,0,0,0.054633413,0
4238,0,0.07206717,0,0,0.023779782,0,1,0.94845337,1,0,0.1749107,0,0,0.10335834,0
4239,1,0.7266735,1,0,0.086237855,0,0,0.14147867,0,0,0.14613901,0,0,0.076874085,0
4245,1,0.43735418,1,0,0.022415893,0,1,0.7939513,1,0,0.03790067,0,0,0.08985345,0
4254,0,0.004239453,0,0,0.1491977,0,1,0.9847868,1,0,0.40663198,1,0,0.17282414,0
4257,0,0.035960224,0,0,0.13569567,0,0,0.95027566,1,1,0.2597775,0,0,0.16288394,0
4261,1,0.94933426,1,0,0.009650791,0,0,0.028489243,0,0,0.0061246273,0,0,0.014639423,0
4266,1,0.86097354,1,0,0.05016537,0,0,0.09787394,0,0,0.030099448,0,0,0.05703437,0
4269,0,0.5945026,1,0,0.037561737,0,0,0.13918006,0,1,0.38965377,1,0,0.06503905,0
4278,0,0.90646356,1,0,0.036185358,0,0,0.029576978,0,0,0.005332812,0,1,0.019520132,0
4295,1,0.92786545,1,0,0.019925985,0,0,0.05131654,0,0,0.0057223137,0,0,0.022635397,0
4329,0,0.038139615,0,1,0.4712751,1,0,0.6435895,0,0,0.528918,1,0,0.23628311,1
4335,0,0.008955429,0,1,0.8921794,1,0,0.20633295,0,0,0.34696147,0,1,0.5196505,1
4336,0,0.012565754,0,1,0.37730125,1,1,0.84997,1,0,0.5896618,1,1,0.18169554,0
4342,1,0.38781196,0,1,0.3318289,1,0,0.22948702,0,0,0.18160293,0,0,0.10596992,0
4354,1,0.91750515,1,0,0.012653734,0,0,0.057261504,0,0,0.025940007,0,0,0.027827295,0
4362,0,0.8011153,1,0,0.09224849,0,0,0.07974794,0,1,0.056616507,0,0,0.055007365,0
4363,0,0.22586286,0,0,0.03449635,0,1,0.9336938,1,0,0.023479627,0,1,0.1059401,0
4391,0,0.6028758,1,0,0.07308099,0,0,0.0739925,0,1,0.29236662,0,0,0.04248969,0
4410,0,0.0047062347,0,1,0.77397066,1,0,0.32180148,0,0,0.60741407,1,0,0.30973113,1
4414,1,0.95244,1,0,0.0034990166,0,0,0.038153023,0,0,0.012438244,0,0,0.014526033,0
4417,1,0.7864328,1,0,0.055038437,0,0,0.21149284,0,0,0.03426397,0,0,0.059512142,0
4432,0,0.013048278,0,0,0.045219272,0,1,0.9447796,1,0,0.6101939,1,0,0.07796823,0
4444,0,0.075596586,0,0,0.12601848,0,1,0.9081467,1,0,0.3156311,0,0,0.18039949,0
4448,0,0.013474403,0,0,0.22120163,0,0,0.76844996,1,1,0.7957138,1,0,0.12841305,0
4458,0,0.75603664,1,0,0.14345483,0,0,0.0571334,0,0,0.012508051,0,1,0.05811135,0
4476,0,0.47609946,1,1,0.4017381,1,0,0.118236855,0,0,0.045231313,0,0,0.13796468,0
4501,0,0.032643013,0,1,0.87691265,1,0,0.05352639,0,0,0.059289373,0,0,0.24638914,1
4506,1,0.4515004,1,0,0.43219778,1,0,0.09214902,0,0,0.031181116,0,0,0.12849303,0
4508,0,0.7477319,1,1,0.18227747,0,0,0.03264952,0,0,0.00854709,0,0,0.036311314,0
4518,0,0.1621477,0,0,0.42141205,1,0,0.15873231,0,1,0.45953035,1,0,0.10914316,0
4542,1,0.86712563,1,0,0.07220049,0,0,0.016794998,0,0,0.0031448414,0,0,0.016309898,0
4546,0,0.16739903,0,0,0.043633748,0,1,0.86462444,1,0,0.18774392,0,1,0.110461965,0
4547,0,0.4503144,1,0,0.35678896,1,0,0.099925034,0,0,0.16607115,0,1,0.087459,0
4556,1,0.6938724,1,0,0.1581791,0,0,0.07506087,0,0,0.08803352,0,0,0.0480161,0
4560,0,0.054869708,0,0,0.015897123,0,1,0.93491966,1,0,0.25497818,0,0,0.0894655,0
4565,1,0.91099703,1,0,0.009075212,0,0,0.10397038,0,0,0.016331324,0,0,0.03072256,0
4576,0,0.076433994,0,0,0.441848,1,0,0.24395043,0,1,0.6226552,1,0,0.13311951,0
4602,0,0.034643833,0,0,0.08240816,0,1,0.96699786,1,0,0.23992056,0,1,0.14835314,0
4609,1,0.4234436,1,0,0.069191985,0,0,0.66252166,0,0,0.10815031,0,0,0.10878698,0
4614,0,0.0027323673,0,1,0.4429918,1,0,0.81972146,1,1,0.7726977,1,1,0.25353456,1
4615,0,0.010468855,0,0,0.49778953,1,0,0.3441165,0,1,0.8325797,1,0,0.23263304,1
4618,0,0.009882212,0,1,0.105646774,0,1,0.9311971,1,1,0.71616316,1,0,0.12955144,0
4619,0,0.10463462,0,0,0.019460566,0,1,0.83048725,1,0,0.39389247,1,0,0.06638009,0
4646,0,0.0064458945,0,1,0.3180427,1,0,0.50570256,0,1,0.8914247,1,0,0.1427408,0
4656,0,0.0051851184,0,1,0.31733072,1,0,0.80210805,1,1,0.8149996,1,1,0.1882216,0
4672,1,0.8920495,1,0,0.03247687,0,0,0.059775647,0,0,0.024572594,0,0,0.036975544,0
4676,0,0.003527759,0,1,0.52624303,1,1,0.87587184,1,0,0.534796,1,0,0.27872822,1
4687,0,0.09561758,0,1,0.7875631,1,0,0.11161885,0,0,0.0881035,0,0,0.21421966,1
4704,1,0.47057545,1,0,0.37624723,1,0,0.17417741,0,0,0.06474551,0,0,0.10252115,0
4719,1,0.9608834,1,0,0.0060751983,0,0,0.027692761,0,0,0.0033369819,0,0,0.010828027,0
4747,1,0.85004234,1,0,0.06584237,0,0,0.050031573,0,0,0.015669938,0,0,0.03847199,0
4749,0,0.0038780516,0,1,0.6461279,1,0,0.73269516,0,1,0.61281884,1,1,0.37556398,1
4755,0,0.004065237,0,1,0.7922044,1,0,0.21455188,0,1,0.68223554,1,0,0.34379765,1
4758,0,0.021803178,0,0,0.11123633,0,1,0.95136786,1,0,0.44802234,1,0,0.1557997,0
4769,0,0.011455667,0,1,0.92912346,1,0,0.107125536,0,0,0.15332349,0,0,0.45602554,1
4771,0,0.011627206,0,0,0.21201724,0,1,0.89611274,1,0,0.6995557,1,0,0.18827657,0
4785,0,0.059631974,0,1,0.7635282,1,0,0.29764166,0,0,0.22748728,0,0,0.30384868,1
4786,1,0.66121167,1,0,0.24191292,0,0,0.058205616,0,0,0.042035967,0,0,0.049786676,0
4797,0,0.053566527,0,1,0.5672155,1,0,0.6587646,0,0,0.25334066,0,0,0.25266984,1
4805,1,0.42460003,1,0,0.00852612,0,0,0.82076997,1,0,0.03596746,0,0,0.05961472,0
4809,0,0.022958318,0,1,0.72911054,1,0,0.52468157,0,0,0.29699925,0,0,0.31310833,1
4820,1,0.935428,1,0,0.010848414,0,0,0.046568364,0,0,0.009566169,0,0,0.019047154,0
4822,1,0.30360708,0,0,0.6793996,1,0,0.07014456,0,0,0.02431814,0,0,0.09458801,0
4825,0,0.3444274,0,0,0.5464408,1,1,0.10700538,0,0,0.06804078,0,0,0.16782078,0
4836,1,0.79655874,1,0,0.07486426,0,0,0.14692383,0,0,0.03409626,0,0,0.055753652,0
4866,0,0.53553396,1,0,0.2788475,1,0,0.24358818,0,1,0.059246067,0,0,0.13844322,0
4873,1,0.74426,1,0,0.10159777,0,0,0.226207,0,0,0.052376624,0,0,0.090505786,0
4880,1,0.3478505,0,0,0.02527966,0,0,0.86729723,1,0,0.034294616,0,0,0.090255275,0
4893,0,0.004020066,0,0,0.008805397,0,1,0.99598664,1,0,0.20437227,0,0,0.083516896,0
4900,1,0.9600372,1,0,0.0046724332,0,0,0.0428642,0,0,0.0026085465,0,0,0.011575584,0
4926,0,0.09710653,0,1,0.7878135,1,0,0.107330404,0,0,0.09609484,0,0,0.16794115,0
4945,1,0.9668045,1,0,0.003249103,0,0,0.028497336,0,0,0.0037230297,0,0,0.010355776,0
4951,1,0.2312813,0,0,0.5506434,1,0,0.30206266,0,0,0.1529811,0,0,0.15846792,0
4960,1,0.70319235,1,0,0.017309615,0,0,0.3971981,0,0,0.06172677,0,0,0.064923614,0
4979,1,0.1456453,0,1,0.093157955,0,0,0.6320878,0,0,0.5666446,1,0,0.1403118,0
4995,0,0.052511875,0,1,0.25852734,1,1,0.5972255,0,0,0.7011946,1,1,0.16742602,0
5000,1,0.5997104,1,0,0.08026166,0,0,0.46517387,0,0,0.045044534,0,0,0.086778834,0
5029,0,0.03137682,0,0,0.07967645,0,1,0.97362876,1,1,0.18008624,0,0,0.15096243,0
5054,0,0.42796397,1,1,0.4429411,1,0,0.12697434,0,0,0.057732143,0,0,0.12898982,0
5067,1,0.7037808,1,0,0.013570246,0,0,0.06985584,0,0,0.29646772,0,0,0.029352693,0
5087,0,0.019521425,0,1,0.82445395,1,0,0.2960203,0,0,0.46754476,1,1,0.532803,1
5099,1,0.5051401,1,0,0.34897804,1,0,0.1530921,0,0,0.027944967,0,0,0.11706763,0
5117,1,0.6878479,1,0,0.015725348,0,1,0.57328,0,0,0.02045937,0,0,0.061878398,0
5122,0,0.12228321,0,1,0.7712945,1,0,0.070999995,0,0,0.035587072,0,0,0.08260097,0
5126,1,0.88227284,1,0,0.0074161445,0,0,0.24390894,0,0,0.005052495,0,0,0.027170688,0
5147,0,0.65908843,1,0,0.13979617,0,0,0.22952639,0,1,0.09882667,0,0,0.09752968,0
5151,1,0.9045583,1,0,0.015134026,0,0,0.08265216,0,0,0.030329403,0,0,0.04156742,0
5154,0,0.1984116,0,0,0.21930572,0,1,0.7709455,1,1,0.20228967,0,0,0.17679477,0
5159,0,0.28675833,0,0,0.48189664,1,0,0.19573495,0,1,0.26279187,0,0,0.11487572,0
5163,0,0.0593708,0,1,0.11421746,0,1,0.7707774,1,1,0.593714,1,1,0.17452873,0
5170,0,0.79196453,1,0,0.008066843,0,1,0.38357967,0,0,0.02196393,0,0,0.04417461,0
5172,1,0.5161348,1,0,0.40736324,1,0,0.12797886,0,0,0.06537364,0,0,0.122443095,0
5182,1,0.88152707,1,0,0.030865809,0,0,0.08317865,0,0,0.03127971,0,0,0.042617124,0
5185,0,0.7008787,1,0,0.11485635,0,0,0.20115027,0,1,0.07419704,0,0,0.07209594,0
5212,0,0.031621467,0,0,0.121250585,0,1,0.9601798,1,0,0.2561383,0,0,0.19340214,0
5217,1,0.86869365,1,0,0.01020628,0,0,0.23977102,0,0,0.009059112,0,0,0.035490427,0
5219,0,0.0034525634,0,0,0.08027757,0,1,0.95950437,1,1,0.7540223,1,0,0.104578055,0
5251,0,0.08601221,0,0,0.43040103,1,0,0.46657696,0,1,0.52597594,1,0,0.16164646,0
5257,0,0.30927268,0,0,0.31126234,1,0,0.5481525,0,1,0.19655037,0,0,0.21854904,1
5269,1,0.9384258,1,0,0.00681815,0,0,0.058179874,0,0,0.013531086,0,0,0.02351613,0
5275,1,0.8669378,1,0,0.022260793,0,0,0.17911787,0,0,0.011827146,0,0,0.046409376,0
5276,0,0.008701331,0,0,0.2608105,1,0,0.9391069,1,1,0.52342063,1,0,0.16237174,0
5278,0,0.17681243,0,1,0.73371696,1,0,0.07748703,0,0,0.05857361,0,0,0.11143219,0
5281,1,0.83214194,1,0,0.09338576,0,0,0.043228514,0,0,0.0120916115,0,0,0.03305243,0
5289,0,0.03365153,0,1,0.6280403,1,0,0.6966476,0,0,0.23561092,0,1,0.24397287,1
5298,1,0.93345165,1,0,0.010063473,0,0,0.057112865,0,0,0.011620719,0,0,0.02432646,0
5299,0,0.30713004,0,1,0.58513415,1,0,0.17656437,0,0,0.095587574,0,0,0.15402983,0
5304,1,0.86913216,1,0,0.04241879,0,0,0.08821122,0,0,0.028400261,0,0,0.04515565,0
5316,1,0.876437,1,0,0.0072825863,0,0,0.19412808,0,0,0.016337521,0,0,0.03209397,0
5331,1,0.54533076,1,0,0.058775965,0,0,0.57128894,0,0,0.079868354,0,0,0.11010279,0
5336,1,0.5155555,1,0,0.3686916,1,0,0.11842343,0,0,0.020152032,0,0,0.08698802,0
5337,0,0.85183495,1,0,0.03704287,0,1,0.14860438,0,0,0.018268947,0,0,0.04757533,0
5338,0,0.029740645,0,0,0.025008656,0,1,0.90718275,1,0,0.53213024,1,1,0.074338846,0
5343,0,0.0047417106,0,0,0.2804367,1,1,0.37700748,0,1,0.9203614,1,1,0.11178644,0
5351,0,0.008235518,0,1,0.21240415,0,0,0.8103942,1,1,0.8222661,1,0,0.15227914,0
5360,0,0.88778675,1,0,0.04406126,0,0,0.036773883,0,1,0.01788543,0,0,0.022753796,0
5370,1,0.883035,1,0,0.03526115,0,0,0.102542065,0,0,0.010412097,0,0,0.037993886,0
5373,1,0.9344922,1,0,0.012572843,0,0,0.0675108,0,0,0.0048732716,0,0,0.024488337,0
5383,1,0.9307028,1,0,0.008275991,0,0,0.046069168,0,0,0.023783205,0,0,0.022959046,0
5384,0,0.034467798,0,1,0.38833225,1,0,0.6892803,0,0,0.45884278,1,0,0.34690896,1
5386,0,0.8827337,1,0,0.006500561,0,0,0.07183156,0,1,0.065525725,0,0,0.024936322,0
5395,1,0.12842284,0,0,0.38633192,1,0,0.70340437,0,0,0.25977412,0,0,0.17782786,0
5413,0,0.0069923564,0,0,0.19418539,0,0,0.8427531,1,1,0.82664484,1,0,0.1378961,0
5428,1,0.9474187,1,0,0.004601808,0,0,0.058408793,0,0,0.008492416,0,0,0.017600564,0
5452,1,0.97164786,1,0,0.0021136135,0,0,0.020539982,0,0,0.004916297,0,0,0.008513059,0
5465,0,0.14168768,0,1,0.7324961,1,0,0.08000762,0,0,0.10390695,0,0,0.13025698,0
5479,0,0.1632639,0,0,0.2533004,1,1,0.77139455,1,1,0.27534986,0,0,0.16882323,0
5501,0,0.0042224773,0,1,0.31503114,1,0,0.7873847,1,1,0.82246965,1,0,0.15933193,0
5519,1,0.9633052,1,0,0.003548079,0,0,0.026035013,0,0,0.006618348,0,0,0.011697617,0
5530,1,0.9081178,1,0,0.015176771,0,0,0.07510004,0,0,0.024771841,0,0,0.031735815,0
5566,1,0.764645,1,0,0.015870493,0,0,0.4570804,0,0,0.007578489,0,0,0.044859577,0
5567,1,0.4185759,1,0,0.02244795,0,0,0.7407648,0,0,0.08026949,0,0,0.07445065,0
5572,0,0.45768768,1,1,0.45471036,1,0,0.14669524,0,0,0.04955315,0,0,0.13609946,0
5600,1,0.9492013,1,0,0.0037554838,0,0,0.036151182,0,0,0.016781589,0,0,0.015072119,0
5605,1,0.9304118,1,0,0.007710894,0,0,0.0794785,0,0,0.008260789,0,0,0.021249387,0
5606,0,0.0071613714,0,1,0.22589429,0,1,0.9561572,1,0,0.41330156,1,0,0.309368,1
5628,0,0.1306941,0,0,0.11522533,0,0,0.89857584,1,1,0.16503,0,0,0.16369878,0
5635,0,0.03600768,0,0,0.22249354,0,0,0.93727446,1,1,0.27473545,0,0,0.18791349,0
5725,1,0.8824444,1,0,0.024840545,0,0,0.08999139,0,0,0.037355393,0,0,0.04584198,0
5737,1,0.75439376,1,0,0.12393086,0,0,0.11777386,0,0,0.06542487,0,0,0.091108434,0
5738,1,0.52944475,1,0,0.089777976,0,1,0.40183994,0,0,0.22255886,0,0,0.12915827,0
5743,1,0.47306895,1,0,0.38044527,1,0,0.1338572,0,0,0.04944056,0,0,0.08503892,0
5753,1,0.9771428,1,0,0.0021127558,0,0,0.013265321,0,0,0.002392061,0,0,0.005818729,0
5771,1,0.26833352,0,0,0.0777633,0,0,0.80667,1,0,0.13835105,0,0,0.12806433,0
5777,0,0.69219214,1,0,0.13028179,0,0,0.24366635,0,1,0.06425661,0,0,0.10441761,0
5784,1,0.96912587,1,0,0.0029717996,0,0,0.023425184,0,0,0.003929524,0,0,0.0092337495,0
5804,0,0.034387242,0,0,0.105035976,0,1,0.9659551,1,0,0.21320787,0,1,0.19157676,0
5806,0,0.4221606,1,0,0.08085193,0,0,0.17149134,0,1,0.4869749,1,0,0.0569784,0
5810,0,0.00917699,0,1,0.7694058,1,0,0.42787316,0,1,0.60389817,1,1,0.48556212,1
5816,1,0.9089456,1,0,0.017618416,0,0,0.08776799,0,0,0.016006954,0,0,0.038453873,0
5824,1,0.28565532,0,0,0.16310407,0,0,0.75277334,1,0,0.1286622,0,0,0.15858911,0
5826,0,0.120568246,0,0,0.036254913,0,1,0.8509265,1,1,0.28936946,0,0,0.11422149,0
5830,0,0.5813367,1,0,0.040130395,0,0,0.63863313,0,0,0.034099687,0,1,0.100700006,0
5831,1,0.8976089,1,0,0.031097054,0,0,0.061642412,0,0,0.01851679,0,0,0.03315549,0
5835,1,0.7559024,1,0,0.025305353,0,0,0.40511078,0,0,0.025910355,0,0,0.068290554,0
5837,1,0.9462587,1,0,0.007409878,0,0,0.046932746,0,0,0.0070388922,0,0,0.018076042,0
5841,0,0.5377092,1,1,0.49277464,1,0,0.017003527,0,0,0.0057810657,0,0,0.027942382,0
5855,1,0.9124669,1,0,0.038391184,0,0,0.01194013,0,0,0.0023965782,0,0,0.010804038,0
5856,0,0.005032605,0,0,0.19109772,0,1,0.8731546,1,1,0.8252011,1,0,0.13721389,0
5868,0,0.78320384,1,1,0.12327495,0,0,0.066734806,0,0,0.012044079,0,1,0.055936355,0
5873,0,0.712436,1,1,0.24861069,0,0,0.031537335,0,0,0.010753282,0,0,0.035747074,0
5881,0,0.1625734,0,1,0.48294544,1,0,0.11661558,0,0,0.35758716,1,0,0.08984738,0
5885,0,0.008210948,0,1,0.7212624,1,0,0.17498161,0,1,0.70171946,1,0,0.28231847,1
5911,0,0.003970129,0,0,0.96238935,1,0,0.06088707,0,0,0.082135394,0,1,0.41830444,1
5914,1,0.95399016,1,0,0.007470487,0,0,0.037768964,0,0,0.004272332,0,0,0.015211146,0
5915,1,0.95545584,1,0,0.0056624664,0,0,0.03764245,0,0,0.005395634,0,0,0.015409555,0
5916,1,0.9360611,1,0,0.0110827,0,0,0.057652686,0,0,0.007891018,0,0,0.024083307,0
5918,1,0.5825471,1,0,0.19559675,0,0,0.26418945,0,0,0.052618667,0,0,0.124966614,0
5924,1,0.95676166,1,0,0.008387601,0,0,0.020816673,0,0,0.0044809165,0,0,0.010835465,0
5946,1,0.25427303,0,0,0.11694112,0,0,0.74052435,0,0,0.24272123,0,0,0.15057601,0
5947,1,0.7627387,1,0,0.07781251,0,0,0.22167571,0,0,0.03270287,0,0,0.08129839,0
5951,0,0.0041879416,0,0,0.121323325,0,1,0.9704681,1,0,0.6545346,1,1,0.13771512,0
5953,0,0.2613703,0,0,0.1305415,0,1,0.80585235,1,0,0.10757924,0,0,0.14609121,0
5973,1,0.4207043,1,0,0.082064584,0,0,0.7067621,0,0,0.050348617,0,0,0.11972448,0
5975,1,0.92902595,1,0,0.022147175,0,0,0.03831772,0,0,0.005858194,0,0,0.019347895,0
5977,1,0.55369484,1,0,0.3671484,1,0,0.077500254,0,0,0.030725628,0,0,0.08025909,0
5992,1,0.48393697,1,0,0.021802872,0,0,0.79469776,1,0,0.023561548,0,0,0.07814266,0
6000,1,0.36611167,0,0,0.18565628,0,0,0.5541446,0,0,0.052146945,0,0,0.10148916,0
6004,1,0.94272697,1,0,0.00548884,0,0,0.079478115,0,0,0.0044324854,0,0,0.017970098,0
6042,0,0.5304623,1,0,0.094946995,0,1,0.48309925,0,1,0.14176214,0,0,0.12302881,0
6046,1,0.37983137,0,0,0.055878878,0,0,0.7422362,0,0,0.09225625,0,0,0.11507287,0
6047,1,0.8814789,1,0,0.028497862,0,0,0.088296026,0,0,0.03516973,0,0,0.048799943,0
6050,1,0.78240985,1,0,0.10047008,0,0,0.14102037,0,0,0.04002525,0,0,0.07757976,0
6056,0,0.055623084,0,0,0.051250376,0,1,0.9251227,1,1,0.3263667,0,0,0.13021371,0
6075,1,0.86475307,1,0,0.017310247,0,0,0.15645044,0,0,0.02028842,0,0,0.03571746,0
6087,1,0.629386,1,0,0.038338926,0,0,0.44725555,0,0,0.052045636,0,0,0.062119547,0
6096,0,0.03627411,0,0,0.13362797,0,1,0.885024,1,0,0.57417476,1,0,0.13535912,0
6098,0,0.20900299,0,1,0.5259451,1,0,0.3819195,0,0,0.24126919,0,1,0.24280012,1
6103,1,0.8112992,1,0,0.08471429,0,0,0.09319868,0,0,0.045284864,0,0,0.059014924,0
6126,0,0.036913607,0,1,0.49158505,1,1,0.38102922,0,1,0.7116537,1,0,0.22522184,1
6131,1,0.9572557,1,0,0.005566379,0,0,0.03788521,0,0,0.0037886256,0,0,0.01204908,0
6132,0,0.0653266,0,1,0.796935,1,0,0.14533903,0,0,0.1446392,0,0,0.26188192,1
6141,0,0.23514816,0,1,0.6583474,1,0,0.08393405,0,0,0.07521404,0,1,0.14097284,0
6151,1,0.8880715,1,0,0.007323167,0,0,0.1751922,0,0,0.013305564,0,0,0.030151384,0
6154,0,0.034809396,0,0,0.080346845,0,1,0.8308406,1,0,0.6542735,1,0,0.11732205,0
6174,0,0.046447247,0,0,0.015694652,0,1,0.9624448,1,0,0.19266066,0,0,0.08661368,0
6180,0,0.8921835,1,0,0.02792646,0,0,0.06400156,0,0,0.029507166,0,1,0.040978618,0
6186,0,0.005968767,0,1,0.58086485,1,0,0.7360473,0,1,0.6555867,1,0,0.34805793,1
6188,1,0.9658463,1,0,0.0049674395,0,0,0.021149872,0,0,0.0030622447,0,0,0.009029073,0
6189,1,0.9122413,1,0,0.017196339,0,0,0.07323566,0,0,0.0153917875,0,0,0.029351054,0
6190,0,0.16736527,0,1,0.5404354,1,0,0.29879335,0,0,0.25548032,0,0,0.1390968,0
6192,0,0.88230234,1,1,0.057487473,0,0,0.03653504,0,0,0.004017438,0,0,0.019058993,0
6200,1,0.96113724,1,0,0.0035044388,0,0,0.031658262,0,0,0.0075932937,0,0,0.013550748,0
6201,0,0.009458191,0,1,0.8674488,1,0,0.26683366,0,0,0.42291197,1,0,0.5049822,1
6207,1,0.94606405,1,0,0.0064174896,0,0,0.04569042,0,0,0.009747544,0,0,0.018381305,0
6208,1,0.9533407,1,0,0.0060986313,0,0,0.033012234,0,0,0.007720524,0,0,0.015269129,0
6210,0,0.054349106,0,1,0.5999599,1,0,0.37377724,0,1,0.44586828,1,0,0.21926333,1
6211,0,0.0012377595,0,0,0.2684885,1,0,0.9550615,1,1,0.73907083,1,0,0.14877898,0
6222,1,0.9456437,1,0,0.0068360968,0,0,0.053429384,0,0,0.006944499,0,0,0.018302632,0
6224,0,0.0042332355,0,0,0.48680425,1,0,0.8203937,1,1,0.6917428,1,0,0.30281308,1
6227,1,0.62962174,1,0,0.21567942,0,0,0.18385217,0,0,0.12397788,0,0,0.118566364,0
6229,0,0.044852603,0,1,0.261437,1,0,0.36668655,0,1,0.775825,1,1,0.16599062,0
6230,0,0.12746923,0,0,0.32223138,1,0,0.7439585,0,1,0.35220426,1,0,0.25741142,1
6231,0,0.124319404,0,0,0.4884669,1,0,0.6323301,0,1,0.19187006,0,0,0.18250011,0
6235,1,0.9207434,1,0,0.026922125,0,0,0.021319779,0,0,0.0038917956,0,0,0.015856937,0
6239,1,0.93010587,1,0,0.01953488,0,0,0.03114612,0,0,0.0068486277,0,0,0.01716115,0
6251,0,0.023079362,0,0,0.2074039,0,1,0.9226309,1,1,0.52013683,1,0,0.17796315,0
6262,1,0.7832874,1,0,0.02912781,0,0,0.32091597,0,0,0.020932233,0,0,0.064022504,0
6265,1,0.2927494,0,0,0.37920937,1,0,0.34291747,0,0,0.028352328,0,0,0.09777907,0
6270,0,0.89453685,1,1,0.031405963,0,0,0.07316471,0,0,0.017030617,0,0,0.036915887,0
6283,0,0.9371753,1,0,0.009922519,0,0,0.04973411,0,1,0.010180229,0,0,0.020171301,0
6284,0,0.17678232,0,0,0.059040044,0,1,0.93248653,1,0,0.043778248,0,0,0.14683983,0
6295,1,0.3014215,0,0,0.027999766,0,0,0.8935453,1,0,0.039519273,0,0,0.109962165,0
6304,0,0.21492405,0,1,0.55293435,1,0,0.15037268,0,0,0.22777013,0,0,0.10674264,0
6305,0,0.767896,1,0,0.07496108,0,0,0.1927719,0,1,0.05500725,0,0,0.074300855,0
6312,1,0.9200759,1,0,0.0056110607,0,0,0.10094685,0,0,0.015271488,0,0,0.02554793,0
6313,0,0.013880132,0,1,0.3294536,1,1,0.68532526,0,1,0.729317,1,0,0.16273244,0
6314,0,0.47547007,1,1,0.48649573,1,0,0.06367994,0,0,0.041324493,0,0,0.073046155,0
6337,0,0.019256707,0,1,0.51935244,1,0,0.622064,0,1,0.6182075,1,1,0.27004546,1
6341,1,0.929944,1,0,0.01610409,0,0,0.04485161,0,0,0.009932409,0,0,0.022827178,0
6350,0,0.022185046,0,1,0.21147476,0,0,0.33904096,0,1,0.9001825,1,0,0.11190743,0
6352,0,0.001240357,0,1,0.1715054,0,1,0.9584692,1,0,0.8000769,1,0,0.11807844,0
6353,0,0.25605687,0,1,0.58494055,1,0,0.1179586,0,1,0.12583353,0,1,0.13908085,0
6355,0,0.031184271,0,0,0.10240492,0,1,0.84221584,1,1,0.7087378,1,0,0.116319746,0
6358,1,0.1805107,0,0,0.38127542,1,1,0.6736949,0,0,0.11015442,0,0,0.18965112,0
6375,0,0.23628902,0,0,0.03944119,0,1,0.9182613,1,0,0.03837524,0,0,0.12142885,0
6380,0,0.904548,1,0,0.05882241,0,0,0.0076729874,0,0,0.0012651936,0,1,0.007546516,0
6381,1,0.9065042,1,0,0.0237638,0,0,0.06803747,0,0,0.015314456,0,0,0.03290573,0
6404,0,0.011264533,0,0,0.15972696,0,1,0.8727059,1,1,0.77840215,1,0,0.13232903,0
6427,0,0.7213934,1,0,0.1940803,0,0,0.09043687,0,0,0.019907635,0,1,0.074711055,0
6428,0,0.17222579,0,0,0.6217592,1,0,0.30149263,0,0,0.09445482,0,1,0.1428138,0
6437,1,0.8696182,1,0,0.07291682,0,0,0.016370475,0,0,0.004231754,0,0,0.015678007,0
6465,1,0.57368517,1,0,0.050264336,0,0,0.5897481,0,0,0.047288343,0,0,0.10869215,0
6471,0,0.7270172,1,0,0.15815808,0,1,0.13135765,0,0,0.058496874,0,1,0.095145926,0
6498,1,0.8660325,1,0,0.045926075,0,0,0.09769625,0,0,0.020782169,0,0,0.05008822,0
6528,1,0.24107443,0,0,0.09515302,0,0,0.8419839,1,0,0.028017784,0,0,0.13086478,0
6542,0,0.45039043,1,0,0.12157273,0,1,0.61393833,0,0,0.06874234,0,0,0.13355154,0
6552,0,0.007646026,0,0,0.23121215,0,0,0.1434055,0,1,0.9296023,1,0,0.103553526,0
6556,0,0.3952201,0,0,0.29086614,1,0,0.4290783,0,1,0.1953954,0,0,0.15728132,0
6562,0,0.056227315,0,0,0.10977149,0,1,0.96027815,1,0,0.1608379,0,0,0.1926394,0
6577,1,0.20953332,0,0,0.06950238,0,0,0.8867295,1,0,0.08473531,0,0,0.15079592,0
6579,0,0.36293602,0,0,0.019424526,0,1,0.836838,1,0,0.052608494,0,0,0.082434654,0
6590,0,0.15967947,0,1,0.60588455,1,0,0.23622759,0,0,0.31485996,0,0,0.22514585,1
6592,0,0.008440876,0,1,0.18875606,0,1,0.943144,1,0,0.6412376,1,0,0.17295165,0
6625,0,0.6118928,1,0,0.2953661,1,0,0.1260375,0,1,0.032155003,0,1,0.110874996,0
6666,0,0.015735086,0,1,0.557829,1,0,0.35624033,0,1,0.7535273,1,1,0.29222706,1
6670,1,0.6599161,1,0,0.2640365,1,0,0.06432112,0,0,0.025686074,0,0,0.06638675,0
6672,1,0.95349264,1,0,0.010225852,0,0,0.01717576,0,0,0.00499985,0,0,0.009557458,0
6683,0,0.36432645,0,0,0.36937428,1,0,0.14980435,0,1,0.260511,0,0,0.09742117,0
6728,1,0.645204,1,0,0.066010416,0,0,0.43776098,0,0,0.06916894,0,0,0.10249062,0
6735,0,0.019562371,0,1,0.8632172,1,0,0.18167719,0,0,0.33116812,0,0,0.42016795,1
6751,0,0.029733779,0,0,0.4476995,1,0,0.2793386,0,1,0.68547696,1,0,0.12690227,0
6776,1,0.4557527,1,0,0.037814442,0,0,0.13436371,0,0,0.55603206,1,0,0.051301233,0
6788,0,0.002179935,0,1,0.7926337,1,0,0.2434537,0,1,0.7951028,1,1,0.4490792,1
6794,0,0.24310759,0,0,0.04891388,0,0,0.20233597,0,1,0.7600793,1,1,0.056838777,0
6796,0,0.008823006,0,1,0.87345105,1,0,0.21527578,0,0,0.3052914,0,0,0.35164922,1
6817,0,0.031925697,0,0,0.22788522,0,0,0.41983747,0,1,0.8078285,1,0,0.08395159,0
6852,0,0.028709669,0,1,0.211386,0,1,0.83515346,1,1,0.5979425,1,0,0.12704091,0
6902,1,0.8335452,1,0,0.013477135,0,0,0.117461294,0,0,0.08710616,0,0,0.039067704,0
6903,0,0.62800604,1,0,0.05318123,0,0,0.11703272,0,1,0.26832584,0,0,0.047572434,0
6911,1,0.09825367,0,0,0.2153884,0,0,0.8695118,1,0,0.3146134,0,0,0.17729627,0
6912,0,0.19579622,0,1,0.62497836,1,0,0.25281006,0,0,0.12414093,0,0,0.2546632,1
6924,1,0.86399686,1,0,0.015823692,0,0,0.14768161,0,0,0.02977042,0,0,0.03827293,0
6925,0,0.0712781,0,0,0.42564377,1,0,0.77478415,1,1,0.36668476,1,1,0.24559268,1
6929,0,0.35995784,0,0,0.3855139,1,0,0.15908352,0,1,0.2773905,0,0,0.08934516,0
6951,1,0.7705152,1,0,0.0077009546,0,0,0.5504766,0,0,0.0067383638,0,0,0.036030732,0
6962,0,0.048402317,0,0,0.0781855,0,0,0.32240903,0,1,0.885059,1,0,0.06243063,0
6992,0,0.010993856,0,1,0.6898701,1,0,0.46564823,0,1,0.68398595,1,1,0.4486891,1
7003,0,0.0101630995,0,1,0.67337143,1,1,0.37599394,0,1,0.72933924,1,0,0.37579456,1
7007,1,0.55922,1,0,0.030704306,0,0,0.58284557,0,0,0.077647924,0,0,0.08489328,0
7016,0,0.3392547,0,0,0.18581387,0,0,0.47533357,0,1,0.29177633,0,0,0.11538767,0
7022,0,0.003178263,0,1,0.19665533,0,1,0.94655895,1,0,0.71637225,1,0,0.14344539,0
7024,0,0.003040106,0,1,0.91772944,1,0,0.1899789,0,0,0.42665103,1,0,0.5355391,1
7025,0,0.0038151843,0,1,0.95536333,1,0,0.08452669,0,0,0.10660215,0,0,0.47511038,1
7034,1,0.9569492,1,0,0.0043915673,0,0,0.049405504,0,0,0.003983935,0,0,0.014870319,0
7053,1,0.18272956,0,0,0.025854435,0,0,0.63431424,0,0,0.45524785,1,0,0.067864366,0
7054,0,0.39851525,0,1,0.5179188,1,0,0.084572755,0,0,0.06463776,0,0,0.110880926,0
7055,0,0.03337379,0,1,0.61716026,1,1,0.69213724,0,0,0.33342585,0,0,0.30258486,1
7069,1,0.75432575,1,0,0.058428716,0,0,0.2802616,0,0,0.03024294,0,0,0.070011094,0
7075,0,0.007537572,0,0,0.13969651,0,1,0.9403099,1,0,0.70933586,1,0,0.16701026,0
7079,0,0.025393099,0,0,0.60953385,1,1,0.75939333,1,0,0.30884466,0,0,0.29804048,1
7080,1,0.87171656,1,0,0.041758757,0,0,0.1061058,0,0,0.014440088,0,0,0.051750492,0
7130,0,0.8857112,1,0,0.00972371,0,0,0.038210217,0,1,0.073513515,0,0,0.02077589,0
7161,1,0.9265821,1,0,0.016437488,0,0,0.043253724,0,0,0.011360916,0,0,0.02120263,0
7170,1,0.92521757,1,0,0.017961204,0,0,0.04186075,0,0,0.011860126,0,0,0.022532804,0
7190,1,0.8661203,1,0,0.0100297835,0,0,0.21757454,0,0,0.017207341,0,0,0.040065628,0
7213,1,0.8497398,1,0,0.02007842,0,0,0.20426185,0,0,0.01517583,0,0,0.042162213,0
7217,1,0.9197857,1,0,0.018766364,0,0,0.038537182,0,0,0.016486777,0,0,0.021196654,0
7243,0,0.079507604,0,1,0.79322904,1,0,0.1284184,0,0,0.06318721,0,1,0.16373622,0
7258,1,0.9342818,1,0,0.011483261,0,0,0.047038946,0,0,0.011507319,0,0,0.022734636,0
7323,1,0.93604743,1,0,0.019553173,0,0,0.0297041,0,0,0.0038317412,0,0,0.01526097,0
7328,1,0.40747872,1,0,0.29335424,1,0,0.35965168,0,0,0.14034276,0,0,0.16830285,0
7348,1,0.8358548,1,0,0.019622061,0,0,0.1289802,0,0,0.068773136,0,0,0.04401916,0
7354,0,0.8130454,1,0,0.08457717,0,0,0.09777537,0,0,0.0184149,0,1,0.060398336,0
7363,1,0.8899925,1,0,0.055919886,0,0,0.015430058,0,0,0.002849881,0,0,0.013385594,0
7374,0,0.00979212,0,1,0.6803825,1,0,0.4334063,0,0,0.63049066,1,0,0.3242164,1
7376,1,0.96428317,1,0,0.004738235,0,0,0.021125209,0,0,0.0042927666,0,0,0.010364635,0
7414,1,0.39833817,0,0,0.02073871,0,1,0.8716705,1,0,0.020752562,0,0,0.09075512,0
7438,0,0.04631028,0,1,0.85846084,1,0,0.13468708,0,0,0.14190052,0,0,0.2826417,1
7443,1,0.92853594,1,0,0.00569504,0,0,0.05181922,0,0,0.02869849,0,0,0.022384176,0
7471,0,0.016550073,0,1,0.59627885,1,0,0.5035538,0,1,0.67730194,1,0,0.3480751,1
7491,1,0.95803267,1,0,0.005263463,0,0,0.029315181,0,0,0.006244049,0,0,0.013590337,0
7529,0,0.008372927,0,1,0.8277234,1,0,0.17581211,0,1,0.50612354,1,1,0.316577,1
7530,1,0.9120351,1,0,0.024499847,0,0,0.060453635,0,0,0.0130161885,0,0,0.032046475,0
7534,0,0.022784071,0,1,0.879113,1,0,0.17885622,0,0,0.15993622,0,0,0.35395196,1
7543,1,0.76881754,1,0,0.17840417,0,0,0.052566018,0,0,0.009643512,0,0,0.03671362,0
7560,1,0.9238985,1,0,0.012304692,0,0,0.054454837,0,0,0.01806966,0,0,0.023591489,0
7561,1,0.949491,1,0,0.015464794,0,0,0.019185396,0,0,0.0021296854,0,0,0.010667416,0
7597,1,0.904189,1,0,0.025267974,0,0,0.069342524,0,0,0.017738061,0,0,0.037647046,0
7598,0,0.0114080245,0,1,0.42901653,1,1,0.90752417,1,0,0.40075973,1,1,0.2523453,1
7619,0,0.0037377134,0,1,0.50910634,1,1,0.891787,1,0,0.4786274,1,1,0.28101885,1
7621,1,0.6428828,1,0,0.34034383,1,0,0.048386775,0,0,0.011063659,0,0,0.046062525,0
7644,1,0.93758976,1,0,0.012933189,0,0,0.058821894,0,0,0.0045851176,0,0,0.020545058,0
7661,0,0.009097779,0,0,0.12619708,0,1,0.96508604,1,1,0.56871986,1,1,0.15414602,0
7668,0,0.0015786438,0,0,0.17435986,0,1,0.9557703,1,1,0.80072415,1,0,0.13027638,0
7670,0,0.8533046,1,0,0.04976798,0,0,0.12771414,0,0,0.020108968,0,1,0.05347148,0
7684,0,0.15374658,0,0,0.3484095,1,0,0.72669786,0,0,0.23280635,0,1,0.22683969,1
7692,0,0.008513022,0,1,0.5719978,1,0,0.63740367,0,1,0.7159178,1,0,0.42632237,1
7700,0,0.0116730295,0,1,0.6214582,1,1,0.7653727,1,1,0.40058824,1,1,0.31137702,1
7744,0,0.171964,0,0,0.28191844,1,0,0.66544545,0,1,0.21678302,0,0,0.13124964,0
7747,0,0.7908429,1,0,0.024875129,0,0,0.30875102,0,1,0.030927788,0,0,0.063642584,0
7751,0,0.0030640939,0,0,0.4281626,1,0,0.477935,0,1,0.9012931,1,0,0.20463945,1
7756,0,0.30660158,0,1,0.55358434,1,0,0.11219017,0,0,0.08344085,0,0,0.120590515,0
7769,0,0.010536844,0,0,0.12005712,0,1,0.97637933,1,0,0.42168802,1,1,0.16409215,0
7770,1,0.9246916,1,0,0.01152533,0,0,0.0880102,0,0,0.0057706274,0,0,0.023561819,0
7793,1,0.8926126,1,0,0.032053996,0,0,0.06218565,0,0,0.019663302,0,0,0.03753981,0
7797,1,0.9133698,1,0,0.021051528,0,0,0.075516984,0,0,0.010473321,0,0,0.034532413,0
7811,0,0.01419615,0,0,0.1192308,0,1,0.9471329,1,0,0.5562989,1,0,0.13616174,0
7812,0,0.2605756,0,0,0.08661259,0,0,0.83724064,1,0,0.101625964,0,1,0.16728303,0
7813,0,0.015320814,0,0,0.44262117,1,1,0.83668643,1,1,0.49752384,1,0,0.237191,1
7819,1,0.7960935,1,0,0.10427065,0,0,0.104680285,0,0,0.027749913,0,0,0.06652752,0
7822,0,0.0023052755,0,1,0.78875196,1,0,0.29654276,0,1,0.7955049,1,1,0.4955907,1
7837,0,0.42378548,1,0,0.029466456,0,1,0.76839525,1,0,0.055877414,0,0,0.092099585,0
7842,1,0.6490249,1,0,0.03233524,0,0,0.52198035,0,0,0.03526707,0,0,0.0655042,0
7848,1,0.78893226,1,0,0.09771211,0,0,0.100031435,0,0,0.035499826,0,0,0.06871882,0
7861,0,0.008450529,0,1,0.8946622,1,0,0.19898184,0,1,0.28319535,0,1,0.4351631,1
7865,0,0.082292646,0,0,0.08254806,0,1,0.86687464,1,0,0.37235922,1,0,0.10269806,0
7873,0,0.0031976781,0,1,0.82361853,1,1,0.5058337,0,0,0.50474656,1,1,0.4548377,1
7876,0,0.0068723634,0,1,0.16668601,0,0,0.8531119,1,1,0.8231858,1,1,0.10230414,0
7877,0,0.25966227,0,0,0.54677397,1,1,0.22949244,0,1,0.17539652,0,0,0.2394823,1
7880,1,0.8764386,1,0,0.012306667,0,0,0.10188177,0,0,0.05448771,0,0,0.041075,0
7881,0,0.014718544,0,1,0.58365446,1,0,0.8133874,1,1,0.32747173,0,0,0.29233855,1
7882,0,0.04914743,0,0,0.031315494,0,1,0.96913457,1,0,0.16294754,0,1,0.11921246,0
7892,1,0.8469198,1,0,0.076171696,0,0,0.05165316,0,0,0.016689954,0,0,0.034017306,0
7895,0,0.94784045,1,0,0.014592127,0,0,0.026941245,0,1,0.0030867662,0,0,0.013803905,0
7905,1,0.9207402,1,0,0.023898983,0,0,0.049828134,0,0,0.0056749424,0,0,0.024747916,0
7916,0,0.137093,0,0,0.72243565,1,0,0.22281365,0,0,0.15446417,0,1,0.29538092,1
7919,0,0.030181954,0,1,0.033078056,0,1,0.96492285,1,0,0.22306247,0,1,0.14772005,0
7946,0,0.001923223,0,1,0.27779493,1,1,0.9722868,1,0,0.50642794,1,0,0.27786636,1
7950,1,0.03459592,0,0,0.55423456,1,0,0.78027815,1,0,0.14917114,0,0,0.19663511,0
7951,0,0.3355316,0,1,0.5165869,1,0,0.115454234,0,0,0.08154677,0,0,0.09595417,0
7961,0,0.0016822666,0,1,0.3551412,1,1,0.95903903,1,0,0.49224737,1,1,0.3446142,1
7967,0,0.023025665,0,0,0.020405063,0,1,0.9493897,1,0,0.40038168,1,0,0.06816714,0
7990,0,0.28804255,0,1,0.36849716,1,0,0.42602128,0,0,0.12321618,0,0,0.15765905,0
7998,0,0.17800623,0,0,0.08472463,0,0,0.85601956,1,1,0.19573745,0,0,0.16065553,0
8000,0,0.32359543,0,1,0.51027596,1,0,0.1429078,0,0,0.12921982,0,0,0.105482884,0
8032,0,0.017508812,0,1,0.6051286,1,0,0.8004038,1,1,0.21702364,0,0,0.22360986,1
8036,0,0.005987335,0,1,0.9471931,1,0,0.08843785,0,0,0.09666961,0,0,0.44319293,1
8041,0,0.0098144645,0,0,0.08398082,0,1,0.9563578,1,1,0.60666144,1,0,0.104776345,0
8062,0,0.0034735037,0,1,0.39448237,1,1,0.8502649,1,0,0.7507959,1,1,0.30194527,1
8065,0,0.08416075,0,0,0.43282545,1,1,0.73330647,0,0,0.14917547,0,0,0.17895228,0
8076,1,0.95170647,1,0,0.004074046,0,0,0.035931576,0,0,0.014157286,0,0,0.016311398,0
8083,0,0.9576872,1,0,0.0049655684,0,0,0.03815643,0,0,0.0051830625,0,1,0.015076366,0
8114,0,0.011352902,0,1,0.9363321,1,0,0.0896365,0,0,0.05836339,0,0,0.34695226,1
8116,1,0.94390976,1,0,0.007974679,0,0,0.04306154,0,0,0.008875998,0,0,0.016989322,0
8121,0,0.88748276,1,0,0.012865933,0,0,0.1035705,0,0,0.037485674,0,1,0.040471245,0
8123,0,0.0012644647,0,0,0.3633426,1,1,0.96023595,1,1,0.5972758,1,0,0.19269887,0
8126,1,0.67026097,1,0,0.2267058,0,0,0.09915015,0,0,0.048766322,0,0,0.07475011,0
8130,0,0.026621869,0,0,0.09945774,0,1,0.9383678,1,1,0.46243852,1,0,0.1503244,0
8133,1,0.3786727,0,0,0.018759739,0,0,0.74346304,0,0,0.11011012,0,0,0.09513118,0
8136,0,0.13412243,0,1,0.29151028,1,0,0.7713321,1,0,0.16150033,0,0,0.13058515,0
8138,1,0.95906997,1,0,0.005028502,0,0,0.033897296,0,0,0.0048905755,0,0,0.014126099,0
8139,0,0.003885357,0,1,0.25291094,1,1,0.94637847,1,0,0.6271068,1,0,0.26308477,1
8140,1,0.6096444,1,0,0.31486368,1,0,0.09714853,0,0,0.054325365,0,0,0.08780644,0
8147,1,0.8570975,1,0,0.0062340028,0,0,0.2861295,0,0,0.010784543,0,0,0.0282447,0
8153,0,0.91655403,1,0,0.014961471,0,0,0.0414009,0,1,0.027245497,0,0,0.023472197,0
8164,1,0.83440655,1,0,0.011295884,0,0,0.2633393,0,0,0.025231643,0,0,0.04823176,0
8170,1,0.96708727,1,0,0.0065495516,0,0,0.012534765,0,0,0.002468556,0,0,0.006846153,0
8178,0,0.009788964,0,0,0.8124045,1,1,0.43176177,0,1,0.27716446,0,0,0.31405333,1
8185,0,0.30105197,0,0,0.17413953,0,1,0.7159968,0,0,0.049333174,0,0,0.14804935,0
8195,0,0.8078594,1,0,0.082013056,0,0,0.09348327,0,1,0.045940936,0,0,0.0618925,0
8203,1,0.42970282,1,0,0.4836284,1,0,0.10214084,0,0,0.05564364,0,0,0.13524559,0
8208,1,0.8655863,1,0,0.06101481,0,0,0.045207236,0,0,0.010269082,0,0,0.033427596,0
8209,0,0.0023387535,0,1,0.9360581,1,0,0.20763902,0,0,0.2628391,0,1,0.5503124,1
8212,0,0.015390194,0,1,0.893442,1,0,0.15032353,0,0,0.10096663,0,0,0.33139464,1
8218,0,0.010651381,0,0,0.6541008,1,1,0.44201624,0,1,0.67023104,1,0,0.32371727,1
8219,1,0.9206697,1,0,0.0068155183,0,0,0.09403339,0,0,0.013232847,0,0,0.024425613,0
8224,1,0.94951105,1,0,0.0092892945,0,0,0.034100056,0,0,0.0058437544,0,0,0.0166589,0
8241,0,0.010145049,0,1,0.49956432,1,0,0.33807322,0,1,0.77633154,1,1,0.15864864,0
8242,0,0.019298889,0,1,0.84506375,1,0,0.13955595,0,0,0.22834095,0,0,0.23936263,1
8244,0,0.038093463,0,0,0.16578482,0,1,0.9442142,1,0,0.30566448,0,1,0.20788515,1
8246,1,0.9341832,1,0,0.012354467,0,0,0.036087524,0,0,0.012288066,0,0,0.018883105,0
8254,1,0.8090905,1,0,0.03883406,0,0,0.2145888,0,0,0.04548725,0,0,0.07386523,0
8256,0,0.2155566,0,0,0.2679328,1,0,0.17368843,0,1,0.50935596,1,0,0.07541111,0
8259,0,0.008731844,0,1,0.88563275,1,0,0.23164068,0,0,0.38600454,1,1,0.5426626,1
8261,1,0.44293708,1,0,0.16947888,0,1,0.5575599,0,0,0.13368881,0,0,0.1641302,0
8277,1,0.9435857,1,0,0.009849531,0,0,0.0393392,0,0,0.007916454,0,0,0.018765409,0
8278,0,0.005854719,0,0,0.11798132,0,1,0.9723298,1,1,0.58757776,1,0,0.1718622,0
8281,0,0.39106548,0,0,0.020294957,0,1,0.8188891,1,1,0.0513706,0,0,0.08439467,0
8284,0,0.691711,1,0,0.21673189,0,0,0.11476609,0,0,0.038120728,0,1,0.091916926,0
8344,0,0.2005159,0,0,0.065338105,0,0,0.4403481,0,1,0.65138566,1,0,0.10191221,0
8406,0,0.0027904902,0,1,0.4769615,1,1,0.7510416,1,1,0.8107464,1,1,0.3069422,1
8410,1,0.9403853,1,0,0.01289032,0,0,0.023256766,0,0,0.009901536,0,0,0.013740665,0
8415,0,0.007275217,0,0,0.15532485,0,0,0.80454504,1,1,0.8608682,1,0,0.094338425,0
8442,0,0.04104052,0,1,0.3121784,1,0,0.8729017,1,1,0.3677799,1,0,0.24328469,1
8446,0,0.32025528,0,0,0.040799927,0,1,0.79272175,1,1,0.12410019,0,0,0.11388743,0
8450,0,0.0038124926,0,1,0.91337574,1,0,0.2494213,0,0,0.24817133,0,0,0.4715967,1
8460,0,0.5237586,1,1,0.11556887,0,0,0.41665828,0,0,0.15896061,0,0,0.11367517,0
8473,0,0.059114784,0,0,0.06382949,0,1,0.4651308,0,1,0.83240855,1,0,0.0629538,0
8475,0,0.011432859,0,1,0.7203444,1,0,0.6982679,0,0,0.33193433,0,1,0.4417665,1
8482,0,0.24323526,0,0,0.56108844,1,1,0.14960125,0,0,0.19411458,0,0,0.09623221,0
8492,1,0.85898906,1,0,0.052488633,0,0,0.10477275,0,0,0.017016802,0,0,0.047437735,0
8496,1,0.9319975,1,0,0.0024514555,0,0,0.14851202,0,0,0.003458797,0,0,0.015009332,0
8501,0,0.00484423,0,1,0.8361133,1,0,0.5745245,0,0,0.23596132,0,1,0.45210278,1
8504,0,0.113379866,0,0,0.021496383,0,1,0.9583501,1,0,0.07691945,0,0,0.11258491,0
8507,1,0.18132497,0,0,0.6073866,1,0,0.28498998,0,0,0.14248762,0,0,0.14910918,0
8509,0,0.011082445,0,0,0.43378863,1,0,0.46773034,0,1,0.8341937,1,0,0.22225659,1
8524,0,0.28003904,0,0,0.24377891,0,0,0.64759636,0,0,0.18583432,0,1,0.18100253,0
8533,0,0.116625614,0,1,0.7740368,1,0,0.121646695,0,0,0.08696241,0,0,0.18815935,0
8535,1,0.20855936,0,0,0.33056033,1,0,0.671586,0,0,0.11441628,0,0,0.20229034,1
8538,1,0.95317346,1,0,0.0038147366,0,0,0.05471177,0,0,0.006941635,0,0,0.01669266,0
8541,1,0.4363082,1,0,0.07229353,0,0,0.7206072,0,0,0.053822197,0,0,0.1322726,0
8555,1,0.9204062,1,0,0.0117711285,0,0,0.076825686,0,0,0.016750105,0,0,0.032866813,0
8591,0,0.5493632,1,1,0.3656972,1,0,0.10801313,0,0,0.07588252,0,0,0.10607261,0
8609,0,0.008761243,0,0,0.51511467,1,0,0.81910354,1,1,0.53789276,1,0,0.25234285,1
8622,0,0.032692175,0,0,0.2809914,1,1,0.91938335,1,0,0.2382196,0,0,0.22439273,1
8625,0,0.015313307,0,1,0.89810616,1,0,0.11186628,0,0,0.17966393,0,0,0.31270307,1
8632,0,0.07927886,0,0,0.02363881,0,1,0.92910945,1,0,0.22252919,0,0,0.080742344,0
8645,1,0.9535468,1,0,0.008465888,0,0,0.017001767,0,0,0.006900508,0,0,0.00956968,0
8663,1,0.92486614,1,0,0.006297981,0,0,0.07197719,0,0,0.02373127,0,0,0.026266351,0
8680,0,0.037775487,0,0,0.10549309,0,1,0.8440597,1,1,0.6562403,1,0,0.14321406,0
8688,1,0.7532609,1,0,0.110006995,0,0,0.12005577,0,0,0.008112544,0,0,0.04910483,0
8704,0,0.050456967,0,1,0.7646598,1,0,0.26104993,0,0,0.22446437,0,1,0.31004077,1
8712,0,0.0069243964,0,0,0.26921436,1,1,0.9723858,1,0,0.2960868,0,0,0.2031321,1
8727,1,0.103664145,0,0,0.14316249,0,0,0.91424257,1,0,0.18543631,0,0,0.18191257,0
8733,0,0.044042073,0,1,0.6522428,1,0,0.5311801,0,1,0.35338143,1,0,0.29669443,1
8736,0,0.16579306,0,1,0.647261,1,0,0.24502242,0,0,0.14291443,0,0,0.20185341,1
8744,0,0.0052579413,0,1,0.85361415,1,1,0.45049098,0,0,0.21617027,0,1,0.34046432,1
8765,1,0.8480638,1,0,0.08795988,0,0,0.030706251,0,0,0.006279816,0,0,0.02511084,0
8772,0,0.004919557,0,0,0.51694304,1,0,0.64527935,0,1,0.76596105,1,1,0.2512138,1
8774,1,0.93849534,1,0,0.010452408,0,0,0.03925709,0,0,0.010332696,0,0,0.017028706,0
8777,0,0.82749057,1,0,0.037933655,0,0,0.19183844,0,0,0.03262167,0,1,0.06675,0
8778,1,0.93296486,1,0,0.008459383,0,0,0.06231915,0,0,0.014524894,0,0,0.02558636,0
8795,0,0.8919963,1,1,0.03153917,0,0,0.081814416,0,0,0.016419651,0,0,0.03833114,0
8808,0,0.02459129,0,1,0.8901411,1,0,0.119195536,0,0,0.088668555,0,0,0.24389465,1
8813,0,0.0047465265,0,1,0.40092635,1,1,0.91191363,1,0,0.53885835,1,0,0.19056942,0
8815,1,0.87469167,1,0,0.024248311,0,1,0.12646885,0,0,0.026098473,0,0,0.04873007,0
8833,1,0.9358618,1,0,0.013565703,0,0,0.032787904,0,0,0.010242591,0,0,0.018081438,0
8834,0,0.8288883,1,1,0.022246411,0,0,0.24305557,0,0,0.019108666,0,0,0.048220616,0
8844,1,0.82854164,1,0,0.113034174,0,0,0.013937035,0,0,0.002575024,0,0,0.016743064,0
8853,1,0.9414925,1,0,0.01407949,0,0,0.038413838,0,0,0.0051323455,0,0,0.016313922,0
8860,0,0.025644928,0,1,0.047291074,0,1,0.96081173,1,1,0.29205334,0,1,0.15691489,0
8864,0,0.03161922,0,1,0.882958,1,0,0.09432632,0,0,0.08399877,0,1,0.24045952,1
8873,0,0.03734544,0,0,0.9023943,1,0,0.04444967,0,1,0.03296691,0,1,0.18712933,0
8880,0,0.2866547,0,0,0.19730099,0,1,0.6689366,0,0,0.1978812,0,1,0.19199179,0
8902,1,0.88201916,1,0,0.0095426645,0,0,0.19016956,0,0,0.014172972,0,0,0.040144324,0
8916,1,0.7773611,1,0,0.108383186,0,0,0.13493463,0,0,0.050761994,0,0,0.07656688,0
8922,1,0.8966351,1,0,0.021770967,0,0,0.07452953,0,0,0.031908866,0,0,0.041887898,0
8963,1,0.91394544,1,0,0.009727007,0,0,0.1007574,0,0,0.012860824,0,0,0.027344631,0
8981,0,0.57215303,1,0,0.013441344,0,0,0.46638113,0,1,0.13706669,0,0,0.06296313,0
9002,1,0.11288785,0,0,0.44127324,1,0,0.69989353,0,0,0.09450871,0,0,0.19995229,0
9010,1,0.9313593,1,0,0.01530925,0,0,0.045925066,0,0,0.009357291,0,0,0.022829954,0
9021,0,0.06234971,0,1,0.25823689,1,0,0.3991152,0,1,0.7201294,1,0,0.15140018,0
9024,0,0.8971446,1,0,0.0102931345,0,0,0.13953005,0,0,0.015651861,0,1,0.035248,0
9036,1,0.95108527,1,0,0.007265628,0,0,0.0344197,0,0,0.006898361,0,0,0.015588792,0
9056,1,0.95772433,1,0,0.0057465155,0,0,0.0321872,0,0,0.004703609,0,0,0.0128199225,0
9063,0,0.25800893,0,0,0.02817107,0,1,0.88754326,1,0,0.05575658,0,1,0.0779611,0
9094,0,0.0066215624,0,0,0.20567442,0,1,0.9722954,1,1,0.40924525,1,0,0.19009325,0
9095,0,0.052503254,0,1,0.83244187,1,0,0.084794685,0,0,0.10594533,0,1,0.17511705,0
9108,0,0.5852856,1,0,0.09142208,0,1,0.4555573,0,0,0.071218245,0,0,0.13413593,0
9110,0,0.11084418,0,0,0.06097729,0,1,0.85614717,1,0,0.19220231,0,1,0.20349738,1
9115,0,0.11129361,0,1,0.6320515,1,0,0.36349663,0,0,0.2887338,0,0,0.22801109,1
9133,1,0.3055263,0,0,0.6460721,1,0,0.12552482,0,0,0.051919814,0,0,0.13336127,0
9144,0,0.015219264,0,0,0.16266714,0,1,0.943988,1,1,0.5087259,1,0,0.21223894,1
9164,1,0.96996707,1,0,0.0022008638,0,0,0.028091324,0,0,0.004313176,0,0,0.010195399,0
9167,0,0.041222505,0,1,0.68456763,1,0,0.557213,0,0,0.15595359,0,0,0.21908118,1
9174,1,0.95234174,1,0,0.007203317,0,0,0.03967079,0,0,0.0051983804,0,0,0.015976647,0
9176,0,0.016597256,0,1,0.58773595,1,0,0.48495325,0,0,0.5825783,1,0,0.20371482,1
9178,1,0.95086694,1,0,0.0088028135,0,0,0.028946811,0,0,0.0060658823,0,0,0.014292664,0
9180,0,0.021117691,0,1,0.84888935,1,0,0.23712978,0,1,0.29286283,0,1,0.4378356,1
9183,0,0.050642863,0,0,0.22229986,0,1,0.9319698,1,0,0.078963384,0,0,0.20545907,1
9187,1,0.7338021,1,0,0.03325113,0,0,0.24103545,0,0,0.08040178,0,0,0.056003258,0
9196,1,0.8054378,1,0,0.11275619,0,0,0.046398036,0,0,0.015829716,0,0,0.0400574,0
9211,0,0.13245746,0,1,0.6410704,1,0,0.20280609,0,0,0.2103295,0,0,0.24844982,1
9217,0,0.12993817,0,0,0.38483804,1,1,0.40300316,0,0,0.43516406,1,0,0.1865984,0
9229,1,0.8681351,1,0,0.06786077,0,0,0.04628431,0,0,0.008039399,0,0,0.027293878,0
9246,0,0.41962117,1,1,0.32676566,1,0,0.3266986,0,0,0.09011958,0,0,0.157289,0
9248,0,0.02522829,0,0,0.15460663,0,0,0.51562,0,1,0.8776335,1,1,0.10133974,0
9260,0,0.34028435,0,1,0.57219315,1,0,0.11052018,0,0,0.037282296,0,0,0.12638637,0
9265,0,0.036165144,0,0,0.80892557,1,1,0.22922209,0,1,0.21788101,0,0,0.2988976,1
9272,1,0.4729418,1,0,0.10650169,0,0,0.5482702,0,0,0.058603402,0,0,0.10129589,0
9282,1,0.38075346,0,0,0.058061235,0,0,0.6860698,0,0,0.1520301,0,0,0.13205004,0
9286,1,0.26586062,0,0,0.03600711,0,0,0.8930879,1,0,0.048651267,0,0,0.098496825,0
9299,0,0.9383234,1,0,0.012817382,0,0,0.040117584,0,0,0.008043967,0,1,0.019051427,0
9301,0,0.1600561,0,1,0.61001056,1,0,0.20402256,0,0,0.25895822,0,0,0.19354397,0
9303,1,0.8364431,1,0,0.008078627,0,0,0.3076107,0,0,0.014032335,0,0,0.035835877,0
9306,0,0.0069080987,0,0,0.2765898,1,1,0.8212397,1,1,0.79027736,1,1,0.1944346,0
9338,1,0.613349,1,0,0.3270139,1,0,0.104768306,0,0,0.036860995,0,0,0.102355,0
9346,0,0.0015128115,0,0,0.16820066,0,1,0.9450344,1,1,0.82648814,1,0,0.11383312,0
9353,1,0.93366724,1,0,0.0075534196,0,0,0.09682529,0,0,0.0032680302,0,0,0.019628758,0
9366,0,0.059800442,0,1,0.7567373,1,0,0.15519421,0,1,0.19110829,0,0,0.15847127,0
9396,1,0.9368028,1,0,0.010303145,0,0,0.05626643,0,0,0.0086192265,0,0,0.022632327,0
9410,1,0.84811795,1,0,0.006986773,0,0,0.076231286,0,0,0.10836635,0,0,0.027841978,0
9416,0,0.02933265,0,0,0.76244885,1,1,0.33661988,0,1,0.37291476,1,0,0.3247025,1
9422,0,0.19442405,0,0,0.23883586,0,0,0.55155987,0,1,0.39514714,1,0,0.15992565,0
9449,1,0.95805436,1,0,0.007480085,0,0,0.03713458,0,0,0.0022327832,0,0,0.013322326,0
9453,0,0.14303464,0,0,0.6985356,1,0,0.23583037,0,1,0.15290256,0,0,0.25503537,1
9458,0,0.0124248145,0,0,0.8431232,1,1,0.35184443,0,0,0.20737688,0,0,0.35096648,1
9461,1,0.4030695,1,0,0.3039998,1,0,0.27384546,0,0,0.03649301,0,0,0.097633496,0
9475,1,0.9569264,1,0,0.005388485,0,0,0.027296226,0,0,0.007237637,0,0,0.013196256,0
9543,0,0.082771964,0,1,0.22437261,0,1,0.40481135,0,1,0.71636444,1,0,0.101442724,0
9562,0,0.010914222,0,0,0.04080982,0,1,0.9815739,1,0,0.3501803,1,0,0.14178298,0
9570,0,0.0007568294,0,0,0.22818874,0,1,0.89688456,1,1,0.8903538,1,0,0.11658653,0
9582,1,0.3252558,0,0,0.013160463,0,0,0.8678095,1,0,0.05703207,0,0,0.073456906,0
9583,0,0.0036510848,0,0,0.18171889,0,1,0.8527367,1,1,0.86163974,1,0,0.119132,0
9589,1,0.86191255,1,0,0.014478689,0,0,0.17573614,0,0,0.025019174,0,0,0.0400238,0
9613,0,0.03255786,0,1,0.86700785,1,0,0.14133133,0,1,0.12453438,0,1,0.40288854,1
9616,1,0.948745,1,0,0.006607501,0,0,0.04408995,0,0,0.007725915,0,0,0.018336497,0
9689,1,0.8998406,1,0,0.019761605,0,0,0.06261618,0,0,0.034419112,0,0,0.034430675,0
9702,1,0.94086266,1,0,0.014803228,0,0,0.034688346,0,0,0.005109255,0,0,0.01897063,0
9730,0,0.21021785,0,1,0.6568107,1,0,0.15631032,0,0,0.10067881,0,0,0.14522214,0
9732,0,0.0156107005,0,1,0.3001995,1,0,0.6377327,0,1,0.7973965,1,0,0.15006457,0
9740,1,0.8797799,1,0,0.021903,0,0,0.09463345,0,0,0.044850927,0,0,0.04686943,0
9744,1,0.94180965,1,0,0.00971036,0,0,0.039131347,0,0,0.009690142,0,0,0.019075593,0
9749,0,0.04140055,0,1,0.7811226,1,0,0.29839325,0,0,0.1646155,0,0,0.25903684,1
9752,1,0.6607966,1,0,0.27321887,1,0,0.055981588,0,0,0.0109632835,0,0,0.062127367,0
9753,1,0.6524182,1,0,0.00817393,0,0,0.589236,0,0,0.034443904,0,0,0.049029138,0
9756,0,0.008404477,0,1,0.5646568,1,0,0.38156113,0,1,0.7788796,1,1,0.24362078,1
9765,0,0.017817268,0,0,0.14397117,0,1,0.7937464,1,1,0.80391693,1,0,0.114310145,0
9773,1,0.95393384,1,0,0.0055000437,0,0,0.03559305,0,0,0.007984598,0,0,0.01578834,0
9791,0,0.0030355053,0,1,0.93719065,1,0,0.12324635,0,0,0.27077067,0,0,0.4236112,1
9794,0,0.85183656,1,0,0.027998067,0,0,0.14133771,0,1,0.050038416,0,0,0.060066123,0
9803,1,0.94885385,1,0,0.010256575,0,0,0.033937342,0,0,0.0050165234,0,0,0.015056823,0
9819,0,0.046426825,0,0,0.402043,1,0,0.50351053,0,1,0.5885794,1,0,0.13398978,0
9823,0,0.009008306,0,0,0.40266913,1,1,0.4702902,0,0,0.83240473,1,0,0.24167119,1
9833,0,0.0435228,0,1,0.8556974,1,0,0.13071002,0,0,0.082107775,0,0,0.22241727,1
9850,1,0.82878166,1,0,0.047245372,0,0,0.13960251,0,0,0.05851014,0,0,0.06940905,0
9860,0,0.015409483,0,0,0.6343439,1,0,0.2985736,0,1,0.6937589,1,0,0.27006093,1
9863,0,0.044007678,0,1,0.82117134,1,0,0.16468795,0,0,0.14562668,0,0,0.24575704,1
9865,1,0.9585959,1,0,0.003400487,0,0,0.04241368,0,0,0.0065662093,0,0,0.014501766,0
9867,0,0.05823298,0,1,0.6033305,1,0,0.5909881,0,0,0.20282134,0,0,0.20293914,1
9869,0,0.0026685835,0,1,0.93040997,1,1,0.22464417,0,0,0.30662066,0,1,0.6374197,1
9873,0,0.78690815,1,0,0.1255895,0,0,0.06948146,0,1,0.027263978,0,0,0.052789267,0
9875,0,0.020148225,0,0,0.12064777,0,1,0.9241592,1,1,0.58026177,1,0,0.13024813,0
9891,0,0.8044363,1,0,0.05281414,0,0,0.13883275,0,1,0.097737685,0,0,0.08011644,0
9892,1,0.94585305,1,0,0.0053559397,0,0,0.051624835,0,0,0.011182401,0,0,0.019713571,0
9897,0,0.26499817,0,1,0.6210053,1,0,0.08301551,0,0,0.09032471,0,0,0.108662866,0
9929,0,0.01805035,0,0,0.15715723,0,1,0.8681328,1,1,0.7259882,1,0,0.16007432,0
9930,1,0.2332062,0,0,0.041741904,0,0,0.89194506,1,0,0.061468635,0,0,0.11927423,0
9943,0,0.023683948,0,1,0.83088124,1,0,0.14442214,0,0,0.2881682,0,0,0.29056785,1
9952,1,0.79186594,1,0,0.005190021,0,0,0.40395495,0,0,0.01974339,0,0,0.035473,0
9953,0,0.0062030377,0,0,0.37178585,1,0,0.11547013,0,1,0.88785625,1,0,0.069584906,0
9962,0,0.028204465,0,0,0.07596925,0,1,0.9717541,1,0,0.24572347,0,0,0.17814556,0
9979,1,0.8831101,1,0,0.008540119,0,0,0.21335602,0,0,0.009460854,0,0,0.03569161,0
9981,1,0.74535155,1,0,0.14764486,0,0,0.080146775,0,0,0.037814952,0,0,0.066025764,0
9982,1,0.9401581,1,0,0.0059610433,0,0,0.056897692,0,0,0.014492645,0,0,0.022787414,0
9992,1,0.9466025,1,0,0.006258985,0,0,0.03998984,0,0,0.0117599685,0,0,0.017328631,0
9994,1,0.16686977,0,0,0.068282455,0,0,0.8710189,1,0,0.19089228,0,0,0.12733857,0
9995,1,0.3970066,0,0,0.5603599,1,0,0.066104114,0,0,0.028590914,0,0,0.10094395,0
10029,1,0.95206463,1,0,0.00818114,0,0,0.034879625,0,0,0.005455517,0,0,0.016287282,0
10054,0,0.0027240498,0,1,0.9591851,1,0,0.087604,0,0,0.13836662,0,0,0.5032713,1
10061,0,0.012711865,0,1,0.3987391,1,1,0.90087044,1,0,0.48139444,1,1,0.25246662,1
10076,0,0.440396,1,1,0.4427594,1,0,0.14552213,0,1,0.12517673,0,0,0.13432217,0
10093,1,0.9231576,1,0,0.01002389,0,0,0.03907232,0,0,0.03341274,0,0,0.023054212,0
10102,0,0.041449912,0,1,0.85698354,1,0,0.12526137,0,0,0.07562103,0,0,0.20812546,1
10115,0,0.09181732,0,1,0.76110786,1,0,0.1527753,0,0,0.122247145,0,1,0.26711336,1
10130,0,0.03151642,0,0,0.016369255,0,1,0.9618827,1,0,0.25424045,0,0,0.091282114,0
10131,0,0.07286107,0,0,0.035414986,0,1,0.9338166,1,0,0.24402593,0,0,0.12686504,0
10141,1,0.7700112,1,0,0.04956564,0,0,0.21270852,0,0,0.095014565,0,0,0.092099205,0
10143,1,0.86863786,1,0,0.03430179,0,0,0.11134406,0,0,0.033828635,0,0,0.05574462,0
10151,1,0.48525214,1,0,0.076209635,0,0,0.6600694,0,0,0.03776093,0,0,0.116799355,0
10152,1,0.7551329,1,0,0.020587163,0,0,0.45085248,0,0,0.011232247,0,0,0.05053296,0
10160,0,0.066633485,0,1,0.69850713,1,0,0.18367784,0,0,0.4073992,1,0,0.21170904,1
10177,0,0.0055225384,0,1,0.93471396,1,0,0.11677475,0,0,0.192468,0,1,0.45368448,1
10180,0,0.31235114,0,0,0.56925744,1,0,0.083354436,0,0,0.04575544,0,1,0.14773896,0
10181,1,0.5859741,1,0,0.0072463183,0,0,0.72967374,0,0,0.021610953,0,0,0.052168246,0
10196,0,0.023829093,0,1,0.8309386,1,0,0.27517146,0,0,0.33628944,0,0,0.41194472,1
10200,0,0.7924184,1,1,0.035191197,0,0,0.2738557,0,0,0.01923018,0,0,0.05182142,0
10205,0,0.8207226,1,0,0.032646038,0,0,0.19591117,0,0,0.052754786,0,1,0.070549555,0
10206,1,0.5682686,1,0,0.15447353,0,0,0.34427685,0,0,0.14977287,0,0,0.11951699,0
10207,0,0.0017779387,0,0,0.7041579,1,1,0.764666,1,1,0.62075496,1,0,0.4787215,1
10210,0,0.6761434,1,0,0.060244624,0,0,0.16949448,0,1,0.1892931,0,0,0.06379275,0
10214,1,0.88449275,1,0,0.03313441,0,0,0.07983409,0,0,0.020977136,0,0,0.03546882,0
10215,1,0.10101349,0,0,0.08509203,0,0,0.93729013,1,0,0.10983977,0,0,0.13158725,0
10238,1,0.7828717,1,0,0.06396259,0,0,0.05732352,0,0,0.093697116,0,0,0.034998976,0
10240,1,0.63606495,1,0,0.02443934,0,0,0.3076646,0,0,0.14651826,0,0,0.052899312,0
10244,0,0.6877217,1,0,0.03318659,0,0,0.34133917,0,1,0.08373805,0,0,0.067110896,0
10250,1,0.83487904,1,0,0.07729421,0,0,0.072344266,0,0,0.00896682,0,0,0.043929674,0
10255,1,0.3484759,0,0,0.045473304,0,1,0.84180284,1,0,0.047215227,0,0,0.13367721,0
10261,1,0.9075768,1,0,0.025531018,0,0,0.06540344,0,0,0.013334317,0,0,0.034345094,0
10268,1,0.6890029,1,0,0.20553513,0,0,0.096764795,0,0,0.024224443,0,0,0.07161155,0
10272,1,0.6147423,1,0,0.2908657,1,0,0.08000612,0,0,0.02555063,0,0,0.075649865,0
10283,0,0.022831906,0,0,0.009839408,0,1,0.98376065,1,0,0.15241884,0,0,0.08420415,0
10318,1,0.6538549,1,0,0.24676871,0,0,0.13033707,0,0,0.078986876,0,0,0.11952968,0
10327,1,0.9191597,1,0,0.02620194,0,0,0.028923895,0,0,0.010000057,0,0,0.017698664,0
10336,0,0.0011690742,0,1,0.4447794,1,1,0.9679165,1,0,0.38854137,1,0,0.19025739,0
10342,0,0.77944064,1,1,0.11123421,0,0,0.11809943,0,0,0.032692272,0,0,0.07909982,0
10344,0,0.0018646838,0,1,0.52245647,1,1,0.90127724,1,0,0.61918455,1,1,0.32969287,1
10356,1,0.44257653,1,0,0.5795421,1,0,0.028860059,0,0,0.0046922797,0,0,0.048455115,0
10358,1,0.88679236,1,0,0.026570005,0,0,0.114125974,0,0,0.015612751,0,0,0.047338467,0
10359,0,0.06752616,0,0,0.11276002,0,1,0.91741663,1,0,0.30158436,0,0,0.16152593,0
10380,1,0.68886244,1,0,0.08672435,0,0,0.28914526,0,0,0.027619084,0,0,0.09604488,0
10383,0,0.060854997,0,0,0.06639017,0,1,0.9236841,1,0,0.32220963,0,0,0.13139667,0
10388,0,0.9177325,1,0,0.017336506,0,0,0.06384399,0,0,0.013854337,0,1,0.030053934,0
10401,0,0.018227182,0,1,0.47558722,1,1,0.85945374,1,0,0.37754762,1,0,0.22971039,1
10431,1,0.7269032,1,0,0.015043421,0,0,0.52525055,0,0,0.009647306,0,0,0.047665115,0
10484,1,0.8684093,1,0,0.012840221,0,0,0.14794017,0,0,0.032778703,0,0,0.042536005,0
10489,1,0.2817685,0,0,0.049057648,0,1,0.88880557,1,0,0.026438748,0,0,0.11068985,0
10501,0,0.29427102,0,0,0.030376974,0,1,0.8550731,1,0,0.07088618,0,0,0.10660949,0
10517,0,0.0291267,0,1,0.6618415,1,0,0.22374934,0,0,0.4964785,1,0,0.22116014,1
10519,1,0.93826973,1,0,0.006338204,0,0,0.056957606,0,0,0.015554675,0,0,0.022701256,0
10537,1,0.8451867,1,0,0.070308045,0,0,0.085396275,0,0,0.018476294,0,0,0.047743663,0
10547,1,0.94833404,1,0,0.016291011,0,0,0.01775362,0,0,0.0018535912,0,0,0.00998818,0
10563,0,0.0025639725,0,1,0.2841156,1,1,0.9407757,1,0,0.7012148,1,1,0.16934776,0
10585,1,0.93694496,1,0,0.011407756,0,0,0.035642337,0,0,0.011824236,0,0,0.019285567,0
10589,1,0.9354049,1,0,0.01325404,0,0,0.036158692,0,0,0.009658862,0,0,0.01695649,0
10594,0,0.013501819,0,1,0.92441237,1,0,0.07143225,0,0,0.07611046,0,1,0.2799503,1
10596,1,0.91925114,1,0,0.01590254,0,0,0.059623048,0,0,0.017121984,0,0,0.030816253,0
10614,0,0.43509793,1,0,0.1163882,0,0,0.50208634,0,1,0.1646023,0,0,0.09534362,0
10615,0,0.07601826,0,1,0.8226742,1,0,0.08723265,0,1,0.07736472,0,0,0.22108676,1
10624,0,0.033110667,0,1,0.26589572,1,0,0.8808349,1,0,0.4678287,1,0,0.20323856,1
10640,0,0.010402487,0,1,0.7430292,1,0,0.4343488,0,0,0.48521224,1,1,0.3115642,1
10660,0,0.06424248,0,0,0.06383448,0,1,0.5262156,0,1,0.7915713,1,0,0.07485251,0
10661,0,0.1281135,0,1,0.4337478,1,1,0.6501944,0,0,0.14061582,0,0,0.22256432,1
10666,1,0.90958405,1,0,0.007889546,0,0,0.07031122,0,0,0.035897523,0,0,0.026129209,0
10675,0,0.068766385,0,1,0.7206257,1,0,0.39262238,0,0,0.13164389,0,0,0.21313417,1
10687,1,0.2403232,0,0,0.17063855,0,0,0.7626128,1,0,0.037584964,0,0,0.12806323,0
10691,1,0.8128589,1,0,0.08719513,0,0,0.076655775,0,0,0.015900638,0,0,0.054792486,0
10731,1,0.90216875,1,0,0.029813636,0,0,0.076280236,0,0,0.010133832,0,0,0.03265154,0
10743,0,0.085594706,0,1,0.8654918,1,0,0.026995583,0,0,0.019012585,0,0,0.10463471,0
10755,0,0.1877153,0,1,0.3343425,1,0,0.32750094,0,1,0.54443115,1,0,0.14057575,0
10760,1,0.95202583,1,0,0.0059132962,0,0,0.029390387,0,0,0.010515633,0,0,0.01616956,0
10766,0,0.53176916,1,1,0.33191416,1,1,0.11573219,0,0,0.018038899,0,1,0.09852514,0
10806,1,0.05866915,0,0,0.24098946,0,0,0.83099693,1,0,0.4033343,1,0,0.17762531,0
10807,0,0.002456316,0,0,0.16056846,0,1,0.8777422,1,1,0.86802703,1,0,0.116988696,0
10822,0,0.25276545,0,0,0.11932352,0,1,0.62160176,0,0,0.28566158,0,0,0.20378579,1
10824,1,0.37964922,0,0,0.029217416,0,0,0.7720991,1,0,0.08674034,0,0,0.096297406,0
10828,0,0.895344,1,0,0.023510603,0,0,0.07266223,0,1,0.029375646,0,0,0.039402552,0
10837,0,0.03754506,0,1,0.69125515,1,1,0.5141767,0,1,0.42284957,1,1,0.407246,1
10846,1,0.07991146,0,0,0.23282948,0,0,0.8664273,1,0,0.34995037,0,0,0.23275574,1
10847,1,0.9296703,1,0,0.013319996,0,0,0.05220756,0,0,0.012258163,0,0,0.024811972,0
10860,0,0.15138401,0,0,0.06361744,0,1,0.8824069,1,0,0.1644208,0,0,0.15965727,0
10878,0,0.0051631858,0,0,0.10538899,0,1,0.90609974,1,1,0.81743515,1,0,0.10512842,0
10887,1,0.7677314,1,0,0.10780336,0,0,0.07976257,0,0,0.08026636,0,0,0.054600645,0
10888,0,0.009773612,0,0,0.08217621,0,1,0.8926359,1,1,0.7869675,1,0,0.090290055,0
10902,0,0.0024298527,0,1,0.5269956,1,1,0.73574066,0,1,0.78800464,1,0,0.37540758,1
10925,0,0.028516872,0,1,0.8216887,1,0,0.13420847,0,0,0.2053126,0,0,0.2060995,1
10950,0,0.02032095,0,1,0.14221632,0,1,0.8763928,1,1,0.6972316,1,1,0.15433586,0
10965,0,0.019966464,0,0,0.24991441,0,1,0.88818896,1,1,0.4882041,1,0,0.15089332,0
10970,1,0.9704902,1,0,0.0020310518,0,0,0.030961812,0,0,0.0033428879,0,0,0.009057507,0
10984,0,0.036084823,0,1,0.75193304,1,0,0.34153146,0,1,0.4072687,1,0,0.37391412,1
10990,1,0.71751195,1,0,0.021692788,0,0,0.50151986,0,0,0.025777023,0,0,0.0701034,0
11010,0,0.101658724,0,0,0.07081098,0,0,0.34021866,0,1,0.8106177,1,0,0.07938584,0
11020,0,0.28060472,0,0,0.046757583,0,1,0.8757225,1,0,0.061184034,0,1,0.13577074,0
11030,0,0.07954195,0,1,0.68857694,1,0,0.3364969,0,0,0.2286605,0,0,0.26810807,1
11055,1,0.48185667,1,0,0.05128771,0,0,0.66477525,0,0,0.07458277,0,0,0.11949546,0
11077,1,0.9043198,1,0,0.02579713,0,0,0.062135383,0,0,0.016871145,0,0,0.031316712,0
11102,1,0.6076849,1,0,0.059849683,0,0,0.4955934,0,0,0.02748426,0,0,0.075678945,0
11103,0,0.104865946,0,0,0.022571195,0,1,0.95342255,1,0,0.08625594,0,0,0.11407917,0
11108,0,0.00379843,0,1,0.6940667,1,1,0.61439115,0,1,0.6878519,1,0,0.4851143,1
11113,1,0.9470975,1,0,0.008391921,0,0,0.03754637,0,0,0.0074664894,0,0,0.016269447,0
11124,1,0.9255388,1,0,0.014644224,0,0,0.046574328,0,0,0.014966637,0,0,0.023720358,0
11125,0,0.10194106,0,0,0.15362318,0,0,0.15172048,0,1,0.8218023,1,0,0.06781576,0
11126,1,0.9553011,1,0,0.00539312,0,0,0.028962879,0,0,0.00814648,0,0,0.013844418,0
11129,1,0.9396714,1,0,0.012495959,0,0,0.02930726,0,0,0.009281977,0,0,0.0154345045,0
11132,0,0.59130687,1,1,0.023244105,0,0,0.50474095,0,0,0.08763978,0,1,0.068416566,0
11139,0,0.009999008,0,1,0.786666,1,0,0.44358423,0,1,0.49069214,1,1,0.42546195,1
11144,1,0.5094862,1,0,0.032731425,0,0,0.715412,0,0,0.04638756,0,0,0.096561715,0
11152,1,0.80300826,1,0,0.0329769,0,0,0.19190396,0,0,0.058992274,0,0,0.06249673,0
11170,0,0.062215794,0,0,0.05431447,0,1,0.92432123,1,1,0.3105769,0,0,0.1258941,0
11182,1,0.8647159,1,0,0.04570633,0,0,0.10692585,0,0,0.024930619,0,0,0.053911395,0
11212,0,0.79483944,1,0,0.03681718,0,0,0.1486322,0,1,0.1144778,0,0,0.06973067,0
11226,0,0.0031765972,0,1,0.48108163,1,1,0.95798224,1,0,0.2410652,0,0,0.23296854,1
11230,1,0.75073135,1,0,0.022882285,0,0,0.14139779,0,0,0.18141696,0,0,0.05671697,0
11238,0,0.0066449987,0,0,0.19341153,0,0,0.25591385,0,1,0.9422056,1,0,0.06039152,0
11285,0,0.004191325,0,0,0.21990079,0,0,0.23859009,0,1,0.9486919,1,0,0.0624116,0
11286,0,0.027735792,0,0,0.26378185,1,0,0.8016267,1,1,0.63991386,1,0,0.21359861,1
11319,0,0.2247807,0,0,0.5952581,1,0,0.1700884,0,1,0.24318925,0,0,0.18718216,0
11336,0,0.037023626,0,0,0.22295517,0,1,0.20948572,0,1,0.8847391,1,0,0.1137147,0
11359,0,0.8300978,1,0,0.057748303,0,0,0.08109777,0,1,0.06440041,0,0,0.053304248,0
11364,1,0.8200725,1,0,0.006187487,0,0,0.43198034,0,0,0.0075028124,0,0,0.031724542,0
11372,1,0.95455855,1,0,0.005381762,0,0,0.031935345,0,0,0.008297121,0,0,0.014861674,0
11406,0,0.7763485,1,0,0.08445875,0,0,0.20670241,0,1,0.041551553,0,0,0.088807054,0
11411,1,0.30237323,0,0,0.08120647,0,0,0.7821894,1,0,0.14698088,0,0,0.15560237,0
11418,0,0.016029404,0,0,0.08146518,0,1,0.95571905,1,0,0.48687857,1,0,0.1429072,0
11420,0,0.40816808,1,1,0.38452595,1,0,0.32642844,0,0,0.12612376,0,0,0.19566229,0
11441,0,0.027525814,0,0,0.05783295,0,1,0.9638492,1,0,0.31168842,0,1,0.13196789,0
11453,0,0.55134726,1,0,0.20602319,0,0,0.22872998,0,1,0.23102644,0,0,0.11898821,0
11474,0,0.010907527,0,0,0.080583096,0,1,0.96145,1,0,0.39897886,1,0,0.2016601,1
11477,0,0.9287018,1,0,0.0077757486,0,0,0.05248218,0,1,0.022555262,0,0,0.021782639,0
11489,1,0.95831496,1,0,0.0043507027,0,0,0.03423838,0,0,0.0072209137,0,0,0.015147605,0
11490,1,0.9402613,1,0,0.0045358413,0,0,0.054647267,0,0,0.017190551,0,0,0.021297803,0
11500,0,0.0017931481,0,0,0.23162472,0,1,0.9136268,1,1,0.8251321,1,0,0.16066654,0
11520,1,0.8273274,1,0,0.04953809,0,0,0.17106299,0,0,0.040757693,0,0,0.076766364,0
11530,1,0.9601393,1,0,0.0047082715,0,0,0.027027372,0,0,0.006096126,0,0,0.012618864,0
11532,1,0.9796071,1,0,0.0016291994,0,0,0.010575946,0,0,0.0024421527,0,0,0.0047809323,0
11533,1,0.90690273,1,0,0.027796313,0,0,0.061517313,0,0,0.011812771,0,0,0.03129073,0
11550,0,0.10895736,0,1,0.665951,1,0,0.2345552,0,0,0.20825526,0,0,0.19088678,0
11564,1,0.96966827,1,0,0.0032383313,0,0,0.02235169,0,0,0.0033491575,0,0,0.009428733,0
11575,1,0.8808619,1,0,0.010961681,0,0,0.14491424,0,0,0.027292326,0,0,0.038136754,0
11601,1,0.95931816,1,0,0.009344755,0,0,0.018696267,0,0,0.00261648,0,0,0.009231045,0
11605,0,0.017575499,0,0,0.33720627,1,1,0.40197012,0,1,0.8565627,1,0,0.18416321,0
11616,0,0.0122417305,0,1,0.8214242,1,0,0.27850255,0,1,0.5773771,1,0,0.54965234,1
11644,0,0.19452837,0,1,0.7223441,1,0,0.10832466,0,0,0.052586187,0,0,0.20390406,1
11645,0,0.6424249,1,0,0.04307815,0,0,0.1451765,0,1,0.28683358,0,0,0.05871271,0
11664,0,0.18982776,0,0,0.5079534,1,0,0.4062561,0,1,0.31117937,0,0,0.2708016,1
11679,1,0.91475344,1,0,0.011541927,0,0,0.060052034,0,0,0.030862415,0,0,0.027856901,0
11681,0,0.12852578,0,1,0.41313863,1,1,0.6938447,0,0,0.09392115,0,1,0.20780522,1
11686,0,0.002034881,0,1,0.27501103,1,1,0.95213217,1,1,0.687599,1,0,0.1776168,0
11705,1,0.7718628,1,0,0.010303753,0,0,0.48351476,0,0,0.012184654,0,0,0.04835187,0
11711,1,0.42300838,1,0,0.2661703,1,0,0.41182107,0,0,0.08038209,0,0,0.15969197,0
11723,1,0.5369878,1,0,0.3939778,1,0,0.0851463,0,0,0.026561193,0,0,0.075503275,0
11727,1,0.613254,1,0,0.34233773,1,0,0.0776457,0,0,0.03571637,0,0,0.08717543,0
11738,0,0.014320766,0,0,0.4668854,1,1,0.9119637,1,0,0.062794775,0,0,0.16778499,0
11739,1,0.9043801,1,0,0.005574961,0,0,0.16850077,0,0,0.008866271,0,0,0.027125401,0
11755,0,0.0025075627,0,1,0.20077835,0,0,0.9473666,1,1,0.7539588,1,1,0.18924467,0
11758,0,0.077271014,0,1,0.7171462,1,0,0.1918495,0,0,0.26376772,0,0,0.2049724,1
11788,0,0.036591794,0,1,0.8945762,1,0,0.08677716,0,0,0.06159627,0,0,0.25945896,1
11789,1,0.9646332,1,0,0.0032962488,0,0,0.02472546,0,0,0.0063778115,0,0,0.011419142,0
11799,0,0.7383701,1,0,0.051157527,0,0,0.33294022,0,1,0.053872902,0,0,0.09475546,0
11802,1,0.37384653,0,0,0.042909164,0,1,0.8337645,1,0,0.016537543,0,0,0.09439306,0
11803,1,0.940556,1,0,0.006879043,0,0,0.04685987,0,0,0.016129412,0,0,0.023155723,0
11805,1,0.94436955,1,0,0.007202007,0,0,0.038890813,0,0,0.012386853,0,0,0.019050289,0
11832,0,0.032339796,0,0,0.22264722,0,1,0.79679406,1,1,0.6861133,1,0,0.21359703,1
11834,0,0.22371566,0,0,0.02303685,0,1,0.88073885,1,0,0.09232737,0,0,0.0901833,0
11842,1,0.7460215,1,0,0.1816328,0,0,0.070044614,0,0,0.015942035,0,0,0.0554984,0
11843,1,0.5769203,1,0,0.400615,1,0,0.062033247,0,0,0.02550184,0,0,0.072766595,0
11853,1,0.07098048,0,0,0.15984273,0,0,0.5239368,0,0,0.6887776,1,0,0.07638314,0
11855,0,0.45093256,1,1,0.38091072,1,0,0.20048217,0,1,0.1855368,0,0,0.18001294,0
11868,0,0.80388004,1,1,0.11304648,0,0,0.04156802,0,0,0.015516287,0,0,0.03148278,0
11872,0,0.5667137,1,0,0.0123204645,0,0,0.52766246,0,1,0.10925497,0,1,0.06229079,0
11884,1,0.84743464,1,0,0.044167537,0,0,0.14598349,0,0,0.02276912,0,0,0.06449552,0
11885,1,0.809546,1,0,0.1271332,0,0,0.027750075,0,0,0.005736471,0,0,0.027611388,0
11896,0,0.022949453,0,0,0.83086514,1,0,0.20352544,0,1,0.2835734,0,0,0.32975328,1
11899,0,0.688679,1,0,0.01967087,0,0,0.13804641,0,1,0.25738445,0,0,0.04792995,0
11901,0,0.033580128,0,1,0.71348625,1,0,0.23752141,0,0,0.3977081,1,1,0.2275447,1
11916,0,0.21333416,0,1,0.13704963,0,0,0.7930815,1,0,0.016731879,0,0,0.09018878,0
11932,1,0.38574916,0,0,0.011183635,0,1,0.8094542,1,0,0.06005382,0,0,0.072989866,0
11933,1,0.50688016,1,0,0.30306342,1,0,0.21056429,0,0,0.059063297,0,0,0.15305325,0
11934,1,0.750719,1,0,0.14931153,0,0,0.103824586,0,0,0.031940185,0,0,0.07685977,0
11937,0,0.0012908261,0,1,0.4060443,1,1,0.9082513,1,1,0.75299025,1,0,0.24662296,1
11956,1,0.9159878,1,0,0.017661126,0,0,0.069897324,0,0,0.011085853,0,0,0.026616257,0
12028,0,0.5820305,1,1,0.19858386,0,1,0.2759022,0,0,0.10519438,0,0,0.11860218,0
12031,0,0.0420256,0,0,0.33322844,1,0,0.8746116,1,0,0.36605975,1,1,0.21610203,1
12033,1,0.07068963,0,0,0.057201248,0,0,0.931657,1,0,0.23187016,0,0,0.114586845,0
12034,1,0.77962524,1,0,0.03387574,0,0,0.16700126,0,0,0.098616816,0,0,0.06253687,0
12074,1,0.9162812,1,0,0.029150432,0,0,0.03466564,0,0,0.0035527672,0,0,0.020969728,0
12082,1,0.7371582,1,0,0.010791188,0,1,0.5657901,0,0,0.010251093,0,0,0.05065917,0
12112,0,0.18052848,0,0,0.74351984,1,0,0.090247184,0,1,0.0573964,0,0,0.14438368,0
12122,0,0.03072043,0,0,0.26957002,1,0,0.9289971,1,0,0.30563784,0,1,0.24840844,1
12124,0,0.8777597,1,0,0.045706954,0,0,0.050319955,0,1,0.02314792,0,0,0.032810707,0
12126,0,0.2370968,0,1,0.6257512,1,0,0.10334672,0,0,0.09430072,0,0,0.11475655,0
12137,0,0.80588675,1,0,0.04250818,0,0,0.12364706,0,1,0.11061749,0,0,0.06772848,0
12143,0,0.08305334,0,0,0.12394773,0,1,0.84898186,1,1,0.4121548,1,0,0.19400194,0
12144,1,0.95264816,1,0,0.0071107354,0,0,0.032762934,0,0,0.006536425,0,0,0.015065947,0
12147,1,0.7617552,1,0,0.05953218,0,0,0.25811484,0,0,0.05384819,0,0,0.08731016,0
12156,0,0.28899914,0,0,0.26152974,1,0,0.22240925,0,1,0.49511853,1,0,0.12943654,0
12169,0,0.005587108,0,0,0.32336497,1,0,0.34035033,0,1,0.91829187,1,0,0.13428956,0
12172,1,0.3714642,0,0,0.20070803,0,0,0.51145434,0,0,0.16148709,0,0,0.1441303,0
12176,0,0.020135844,0,0,0.3660017,1,1,0.77620095,1,1,0.64298373,1,0,0.21948385,1
12178,0,0.027934438,0,0,0.023931976,0,1,0.971236,1,0,0.21923108,0,0,0.1330187,0
12179,1,0.21393524,0,0,0.08807705,0,1,0.860343,1,0,0.09483857,0,0,0.13879284,0
12181,1,0.8328422,1,0,0.062130887,0,0,0.122517265,0,0,0.0323527,0,0,0.058893934,0
12189,0,0.004356376,0,0,0.16570036,0,1,0.9170283,1,1,0.7852535,1,0,0.10966094,0
12190,0,0.018757466,0,0,0.14858271,0,0,0.17437682,0,1,0.9331362,1,0,0.07437902,0
12192,0,0.011095842,0,0,0.2202218,0,1,0.9458652,1,0,0.50562686,1,1,0.17062922,0
12195,0,0.011207469,0,0,0.21281795,0,1,0.8668458,1,0,0.7640566,1,0,0.15432641,0
12197,0,0.10730576,0,0,0.06232946,0,0,0.21129097,0,1,0.84809107,1,0,0.0645945,0
12199,1,0.8518351,1,0,0.060378414,0,0,0.081319295,0,0,0.033766787,0,0,0.051564265,0
12201,0,0.11371561,0,0,0.52867746,1,0,0.122415625,0,1,0.3976049,1,0,0.10523067,0
12216,1,0.22625965,0,0,0.16269678,0,0,0.8015112,1,0,0.11365625,0,0,0.16612351,0
12220,1,0.81234246,1,0,0.0047674645,0,0,0.4324607,0,0,0.01098195,0,0,0.033658974,0
12221,0,0.61072105,1,0,0.26904795,1,1,0.16667089,0,1,0.081456296,0,0,0.119610205,0
12223,0,0.0086212475,0,0,0.5509376,1,1,0.45351416,0,1,0.8070717,1,0,0.3725831,1
12224,0,0.026139297,0,0,0.1432502,0,0,0.6823015,0,1,0.8216803,1,0,0.09057667,0
12230,1,0.023943834,0,0,0.8393861,1,0,0.23834176,0,0,0.066952795,0,0,0.25997457,1
12235,0,0.0012788926,0,0,0.16217862,0,1,0.9485625,1,1,0.8358703,1,0,0.11038399,0
12241,0,0.16130137,0,0,0.046522997,0,1,0.89443976,1,1,0.14044407,0,0,0.10762249,0
12252,0,0.0033824537,0,1,0.94238126,1,0,0.14289549,0,0,0.24673079,0,1,0.5895831,1
12254,1,0.17019935,0,0,0.484183,1,0,0.46037576,0,0,0.07056945,0,0,0.17663993,0
12262,0,0.0032142927,0,0,0.483438,1,1,0.93141896,1,1,0.43751308,1,0,0.22871684,1
12276,1,0.43816394,1,0,0.022204816,0,1,0.8337336,1,0,0.024500119,0,0,0.09465807,0
12277,1,0.9590057,1,0,0.009456381,0,0,0.023820695,0,0,0.0021700324,0,0,0.010774746,0
12281,0,0.0021488133,0,1,0.6731572,1,1,0.8737742,1,0,0.41466483,1,0,0.3851348,1
12285,0,0.41093057,1,0,0.11289002,0,0,0.3147244,0,1,0.3642284,1,0,0.13536973,0
12301,0,0.87423307,1,0,0.05259185,0,0,0.07036635,0,0,0.015425761,0,1,0.03854114,0
12310,1,0.42800498,1,0,0.18643476,0,0,0.56616765,0,0,0.123447746,0,0,0.15709913,0
12328,0,0.66362375,1,0,0.14365241,0,0,0.13241005,0,1,0.16525981,0,0,0.07490884,0
12336,1,0.71530455,1,0,0.09946793,0,0,0.2457898,0,0,0.03623827,0,0,0.0976323,0
12338,0,0.2053333,0,1,0.61678195,1,0,0.22663423,0,0,0.16420849,0,1,0.21430138,1
12340,0,0.38739282,0,0,0.016757198,0,0,0.08584104,0,1,0.6716662,1,0,0.027249807,0
12345,1,0.93657875,1,0,0.019638835,0,0,0.02675002,0,0,0.0044631734,0,0,0.015554361,0
12348,1,0.86963916,1,0,0.026003271,0,0,0.09137282,0,0,0.053263493,0,0,0.049294006,0
12353,0,0.48144963,1,1,0.37613386,1,0,0.20937645,0,0,0.113383204,0,0,0.12282849,0
12355,1,0.26277366,0,0,0.33039546,1,0,0.50891006,0,0,0.04087414,0,0,0.14003521,0
12376,1,0.360305,0,0,0.016046695,0,0,0.8379064,1,0,0.063535,0,0,0.08293155,0
12400,0,0.8995959,1,0,0.014467542,0,1,0.11210474,0,0,0.022832662,0,0,0.04448139,0
12407,1,0.9348603,1,0,0.009834043,0,0,0.034586813,0,0,0.016489405,0,0,0.016860731,0
12409,1,0.7752104,1,0,0.118440926,0,0,0.108818725,0,0,0.03227121,0,0,0.068357,0
12426,0,0.06263885,0,0,0.21550028,0,0,0.57162386,0,1,0.7368234,1,0,0.19361433,0
12451,1,0.8555247,1,0,0.059523325,0,0,0.059605002,0,0,0.018586956,0,0,0.040734407,0
12475,1,0.94491684,1,0,0.0064046914,0,0,0.049701907,0,0,0.0083766775,0,0,0.016504738,0
12478,1,0.6442772,1,0,0.028146856,0,0,0.59577364,0,0,0.026960421,0,0,0.07877331,0
12480,1,0.8843807,1,0,0.030058755,0,0,0.09953287,0,0,0.020974573,0,0,0.044517223,0
12519,0,0.29095134,0,1,0.5003273,1,0,0.33591416,0,0,0.15140533,0,0,0.19108734,0
12520,1,0.42986575,1,0,0.06378428,0,0,0.23938654,0,0,0.44740483,1,0,0.06355164,0
12521,0,0.008116386,0,0,0.32168713,1,0,0.7310651,0,1,0.79349643,1,0,0.22691603,1
12528,1,0.9507317,1,0,0.008175713,0,0,0.038212724,0,0,0.00513936,0,0,0.015829567,0
12529,1,0.84268034,1,0,0.04846612,0,0,0.13620298,0,0,0.03334952,0,0,0.06048742,0
12533,0,0.037927594,0,1,0.65311503,1,0,0.46215424,0,1,0.38568276,1,0,0.23670375,1
12545,0,0.03903636,0,1,0.27764213,1,0,0.7295156,0,1,0.70070785,1,0,0.22393101,1
12552,0,0.011571056,0,0,0.10189435,0,1,0.9811334,1,0,0.3084999,0,0,0.14845285,0
12568,0,0.1517813,0,1,0.5242882,1,0,0.42381752,0,0,0.27252764,0,0,0.17441608,0
12576,0,0.050464783,0,0,0.25947648,1,1,0.7483867,0,0,0.639249,1,0,0.1753507,0
12577,1,0.79446346,1,0,0.017752225,0,0,0.26858452,0,0,0.046536718,0,0,0.05689249,0
12585,0,0.21607096,0,1,0.6700095,1,0,0.12471019,0,0,0.10334574,0,1,0.18634658,0
12596,0,0.22185798,0,1,0.35846344,1,0,0.6420873,0,0,0.17268994,0,0,0.19989716,0
12607,1,0.9457456,1,0,0.008973793,0,0,0.05104094,0,0,0.004570505,0,0,0.017529221,0
12609,1,0.14225481,0,0,0.29801586,1,0,0.7900972,1,0,0.20175005,0,0,0.19699351,0
12618,0,0.006834845,0,0,0.4671299,1,0,0.30218846,0,1,0.8795745,1,0,0.27724728,1
12619,1,0.7095833,1,0,0.027084494,0,0,0.44915238,0,0,0.033944905,0,0,0.07719164,0
12620,1,0.17512572,0,0,0.24614847,0,0,0.7690968,1,0,0.29169962,0,0,0.17479254,0
12631,0,0.27904588,0,0,0.07012941,0,0,0.24553698,0,1,0.66979647,1,0,0.06774979,0
12641,0,0.014948534,0,0,0.13833353,0,1,0.87080866,1,1,0.74721843,1,0,0.14729528,0
12646,0,0.009636533,0,1,0.93288976,1,0,0.084493935,0,0,0.13816549,0,1,0.39209443,1
12649,0,0.008696721,0,1,0.91723245,1,0,0.14351957,0,0,0.19486365,0,1,0.5170069,1
12677,1,0.6530805,1,0,0.22002417,0,0,0.13891011,0,0,0.059307683,0,0,0.12263292,0
12679,0,0.0031099764,0,1,0.83130497,1,1,0.5946337,0,0,0.3779932,1,1,0.48668733,1
12692,0,0.9062174,1,0,0.041887227,0,0,0.032857884,0,0,0.0037487813,0,1,0.016826965,0
12699,1,0.9129594,1,0,0.023809886,0,0,0.06341017,0,0,0.007805741,0,0,0.030319704,0
12702,1,0.9373669,1,0,0.007936905,0,0,0.056440204,0,0,0.010156284,0,0,0.018926045,0
12703,0,0.062411375,0,0,0.044133652,0,1,0.8685599,1,0,0.4416257,1,0,0.12412106,0
12709,1,0.8173483,1,0,0.0835014,0,0,0.10205265,0,0,0.02769158,0,0,0.05544454,0
12710,0,0.21138372,0,0,0.03683976,0,1,0.8549302,1,1,0.13579364,0,0,0.12175034,0
12711,1,0.3009006,0,0,0.6207071,1,0,0.04048795,0,0,0.018205086,0,0,0.09439048,0
12715,1,0.9550404,1,0,0.00891633,0,0,0.03208737,0,0,0.0033864004,0,0,0.014397329,0
12719,0,0.70257664,1,0,0.10162714,0,0,0.18015039,0,1,0.18622948,0,1,0.11584301,0
12720,1,0.9451166,1,0,0.015935998,0,0,0.025950613,0,0,0.004051753,0,0,0.012418836,0
12742,1,0.49381754,1,0,0.022575505,0,0,0.7336256,0,0,0.03868947,0,0,0.073697984,0
12758,0,0.013904589,0,1,0.9014995,1,0,0.17290485,0,1,0.20611933,0,0,0.4541016,1
12770,0,0.073039435,0,1,0.6224439,1,1,0.39085007,0,0,0.23834512,0,0,0.17512688,0
12776,0,0.039741144,0,1,0.78053254,1,0,0.25026858,0,0,0.20258448,0,0,0.23594996,1
12785,0,0.034569122,0,0,0.2619629,1,1,0.8449616,1,0,0.5646398,1,0,0.19144998,0
12801,0,0.02089788,0,0,0.14501086,0,1,0.55525625,0,1,0.88548815,1,0,0.09146896,0
12828,0,0.26569882,0,0,0.47952604,1,0,0.13225503,0,1,0.27972564,0,0,0.113682255,0
12835,1,0.9295365,1,0,0.009443032,0,0,0.06808958,0,0,0.013609002,0,0,0.026148595,0
12841,0,0.009928432,0,0,0.22404177,0,0,0.2873226,0,1,0.9246029,1,0,0.085021615,0
12870,0,0.0059686545,0,0,0.20310707,0,0,0.40252477,0,1,0.92536706,1,0,0.059303753,0
12886,1,0.9192545,1,0,0.0166214,0,0,0.065040156,0,0,0.014505365,0,0,0.03252868,0
12919,1,0.2815434,0,0,0.23991986,0,1,0.5921712,0,0,0.05134509,0,0,0.15908436,0
12925,1,0.92851925,1,0,0.022469444,0,0,0.037330538,0,0,0.0061105513,0,0,0.019062484,0
12936,0,0.0060231565,0,0,0.117489114,0,1,0.97160316,1,1,0.56724024,1,0,0.1751712,0
12937,0,0.101185545,0,0,0.09983941,0,1,0.919405,1,0,0.19618025,0,0,0.15282616,0
12941,0,0.019547144,0,0,0.4018819,1,0,0.5648548,0,1,0.70178133,1,0,0.15398204,0
12991,0,0.032466754,0,0,0.2774946,1,0,0.69342184,0,1,0.67147624,1,0,0.14958024,0
12999,1,0.44371173,1,0,0.03227968,0,0,0.7916032,1,0,0.03713427,0,0,0.100176945,0
13006,1,0.56518185,1,0,0.17171071,0,0,0.37350824,0,0,0.074238434,0,0,0.13975005,0
13007,0,0.048163246,0,1,0.8536757,1,0,0.123621345,0,0,0.11321644,0,0,0.3201636,1
13014,1,0.83748597,1,0,0.030231547,0,0,0.20115112,0,0,0.015836522,0,0,0.047391064,0
13025,1,0.77294546,1,0,0.04868641,0,0,0.23269282,0,0,0.020207895,0,0,0.04738753,0
13035,1,0.93316245,1,0,0.0080554355,0,0,0.04371102,0,0,0.021474104,0,0,0.020898003,0
13052,1,0.91018164,1,0,0.019447835,0,1,0.08863683,0,0,0.0077426713,0,0,0.028078867,0
13058,0,0.15083124,0,0,0.1690806,0,0,0.44484785,0,1,0.6172486,1,0,0.15529837,0
13078,0,0.02781982,0,0,0.2001414,0,0,0.4143094,0,1,0.8766491,1,0,0.13072963,0
13092,1,0.9461729,1,0,0.009954458,0,0,0.037317917,0,0,0.0066002365,0,0,0.018479409,0
13120,1,0.8590251,1,0,0.04624381,0,0,0.11406644,0,0,0.021306066,0,0,0.050851043,0
13122,0,0.0019617167,0,1,0.54839814,1,1,0.77068424,1,0,0.77743566,1,1,0.37096915,1
13139,0,0.89926577,1,1,0.020386625,0,0,0.06782501,0,0,0.02885431,0,0,0.032252297,0
13143,0,0.025245925,0,1,0.7442959,1,0,0.5163224,0,0,0.22722457,0,0,0.2766172,1
13145,1,0.9549277,1,0,0.0066451975,0,0,0.035014663,0,0,0.004988798,0,0,0.014852022,0
13158,0,0.6314947,1,0,0.25964722,1,0,0.12144947,0,1,0.033151727,0,0,0.10901276,0
13166,0,0.0051494343,0,0,0.54755485,1,0,0.8217401,1,1,0.61357754,1,0,0.3295464,1
13167,0,0.5183001,1,0,0.23820534,0,1,0.19585717,0,0,0.094470955,0,0,0.0691672,0
13212,1,0.8038886,1,0,0.10284072,0,0,0.090744875,0,0,0.023720028,0,0,0.06075678,0
13214,0,0.37141985,0,0,0.19036092,0,1,0.53642166,0,0,0.08910419,0,0,0.1284612,0
13227,0,0.0049610897,0,1,0.85283005,1,0,0.30960226,0,1,0.58480036,1,0,0.5539949,1
13233,0,0.0037044168,0,1,0.9296627,1,0,0.16927108,0,1,0.32670766,0,1,0.5786269,1
13238,0,0.08144868,0,1,0.8925298,1,0,0.03395125,0,0,0.008992008,0,0,0.12057559,0
13248,0,0.005562321,0,1,0.37643215,1,1,0.9566804,1,0,0.34814444,0,0,0.22534148,1
13267,1,0.95311344,1,0,0.006991923,0,0,0.04196453,0,0,0.00463564,0,0,0.016982874,0
13268,1,0.9628724,1,0,0.00337461,0,0,0.037177354,0,0,0.0043769167,0,0,0.012400264,0
13282,1,0.92668885,1,0,0.015872667,0,0,0.042868353,0,0,0.013283096,0,0,0.023756152,0
13292,0,0.6068112,1,1,0.18630609,0,0,0.19307126,0,0,0.13720894,0,1,0.08194231,0
13301,0,0.0124984775,0,1,0.8119321,1,0,0.37231517,0,0,0.30661213,0,1,0.3251621,1
13314,1,0.665233,1,0,0.22503337,0,1,0.12644401,0,0,0.033317853,0,0,0.065614395,0
13333,0,0.036573645,0,1,0.72104555,1,0,0.44505957,0,0,0.26956365,0,0,0.27850142,1
13335,0,0.365786,0,0,0.36426446,1,0,0.24968348,0,1,0.26487505,0,0,0.16272819,0
13337,0,0.4708655,1,0,0.24388236,0,1,0.24521022,0,1,0.26715478,0,0,0.1675419,0
13338,0,0.0008989559,0,0,0.2412206,0,1,0.9475941,1,1,0.81527996,1,0,0.13868044,0
13349,1,0.887253,1,0,0.03045873,0,0,0.055382486,0,0,0.033842742,0,0,0.03391242,0
13361,0,0.548346,1,1,0.42399728,1,0,0.026200617,0,0,0.012501937,0,0,0.040920272,0
13370,1,0.9078361,1,0,0.0052421927,0,0,0.10789538,0,0,0.019427704,0,0,0.022906791,0
13380,1,0.8233434,1,0,0.09594348,0,0,0.044275533,0,0,0.014337104,0,0,0.037237268,0
13397,0,0.30495802,0,1,0.6752098,1,0,0.02408228,0,0,0.008976662,0,0,0.06320487,0
13398,1,0.76996213,1,0,0.0156147955,0,0,0.15097313,0,0,0.11109979,0,0,0.03559184,0
13400,1,0.8818199,1,0,0.02653935,0,0,0.11247171,0,0,0.021817809,0,0,0.04601107,0
13404,1,0.6321393,1,0,0.059979156,0,0,0.43043578,0,0,0.026620511,0,0,0.057714406,0
13405,0,0.012320964,0,0,0.20640948,0,0,0.954888,1,1,0.43714035,1,0,0.16255218,0
13446,0,0.031244429,0,1,0.7687693,1,0,0.28980455,0,0,0.22829702,0,0,0.22716315,1
13479,0,0.41285843,1,1,0.35585222,1,0,0.31766006,0,0,0.11404393,0,0,0.150674,0
13494,1,0.106561385,0,0,0.29302338,1,0,0.8060743,1,0,0.26348138,0,0,0.21180624,1
13499,0,0.00455969,0,1,0.3242605,1,1,0.8077619,1,1,0.80231243,1,0,0.22418982,1
13516,0,0.006548642,0,0,0.22456838,0,0,0.84586525,1,1,0.76410973,1,0,0.1921303,0
13556,0,0.008099704,0,1,0.18746158,0,1,0.9200335,1,1,0.7160303,1,1,0.19090143,0
13577,0,0.008391794,0,1,0.17872299,0,0,0.9366417,1,1,0.5461116,1,0,0.2742054,1
13595,1,0.8447135,1,0,0.021680906,0,0,0.21965645,0,0,0.017110424,0,0,0.05013359,0
13612,0,0.53573877,1,0,0.01909279,0,1,0.75197494,1,0,0.027216852,0,0,0.074735664,0
13630,1,0.90393555,1,0,0.038613934,0,0,0.026132884,0,0,0.0051381467,0,0,0.019261781,0
13642,1,0.9216065,1,0,0.02924675,0,0,0.030171925,0,0,0.003146531,0,0,0.017275078,0
13666,0,0.26565188,0,0,0.68544054,1,0,0.06961224,0,0,0.0214963,0,1,0.13370518,0
13711,0,0.18071301,0,0,0.054865703,0,1,0.88943017,1,0,0.10882769,0,0,0.13796544,0
13712,1,0.97188276,1,0,0.0036895094,0,0,0.014218902,0,0,0.002673188,0,0,0.006974313,0
13717,1,0.9399765,1,0,0.016546657,0,0,0.034830496,0,0,0.0045952657,0,0,0.017571844,0
13744,0,0.3939481,0,0,0.07215703,0,0,0.5192235,0,1,0.28186142,0,0,0.10889833,0
13777,1,0.938371,1,0,0.010564626,0,0,0.04162637,0,0,0.0102099655,0,0,0.01908338,0
13786,1,0.97525465,1,0,0.0034385729,0,0,0.012172487,0,0,0.0017357449,0,0,0.005635813,0
13812,1,0.78734446,1,0,0.05899515,0,1,0.2256967,0,0,0.03758499,0,0,0.08303322,0
13819,0,0.93839484,1,0,0.009895242,0,0,0.036261216,0,1,0.013003484,0,0,0.018711898,0
13835,0,0.017197078,0,0,0.22550972,0,0,0.755883,1,1,0.7509087,1,1,0.16532685,0
13847,0,0.20927651,0,1,0.14912473,0,0,0.45641577,0,1,0.54248405,1,0,0.13122205,0
13848,1,0.8692753,1,0,0.008020936,0,0,0.20250407,0,0,0.015189905,0,0,0.028984796,0
13849,0,0.00046669994,0,0,0.16743001,0,1,0.9596537,1,1,0.86823684,1,0,0.11060521,0
13853,0,0.0007049449,0,0,0.14320007,0,1,0.9567628,1,1,0.86403936,1,0,0.09043179,0
13855,0,0.0005806977,0,1,0.16724534,0,1,0.93530434,1,1,0.89469975,1,0,0.09122597,0
13860,1,0.28802717,0,0,0.09047868,0,0,0.8153339,1,0,0.06533241,0,0,0.1127584,0
13867,0,0.018827047,0,1,0.31111458,1,0,0.8717939,1,0,0.5615202,1,0,0.21232136,1
13879,1,0.51161766,1,0,0.20550941,0,0,0.37677595,0,0,0.077645905,0,0,0.14880992,0
13887,1,0.9586206,1,0,0.005563355,0,0,0.031210149,0,0,0.0047012498,0,0,0.01263557,0
13895,1,0.9300203,1,0,0.026132485,0,0,0.014147591,0,0,0.0023115263,0,0,0.010377037,0
13899,0,0.010317124,0,1,0.89904463,1,0,0.18382552,0,0,0.256947,0,1,0.43361014,1
13908,0,0.48827833,1,0,0.1084946,0,1,0.5853596,0,0,0.033334773,0,1,0.10039483,0
13912,0,0.9299617,1,0,0.0110447565,0,0,0.030089336,0,1,0.02105527,0,0,0.015272957,0
13913,0,0.07780421,0,0,0.04911481,0,1,0.6501152,0,1,0.71139055,1,0,0.07796204,0
13918,1,0.95498836,1,0,0.0060964525,0,0,0.028306384,0,0,0.007278933,0,0,0.013948141,0
13923,1,0.69879514,1,0,0.068525456,0,0,0.33059362,0,0,0.016751377,0,0,0.062287327,0
13926,0,0.10101075,0,0,0.021473018,0,1,0.96512526,1,0,0.057792995,0,0,0.10413639,0
13946,0,0.021327896,0,1,0.51115507,1,0,0.8289461,1,0,0.31934258,0,1,0.20606606,1
13954,0,0.0011782427,0,1,0.38103655,1,1,0.9214828,1,0,0.74803555,1,0,0.25978792,1
13955,0,0.09618436,0,0,0.017475909,0,1,0.95596594,1,0,0.09071189,0,0,0.09220261,0
13959,1,0.95184296,1,0,0.0069966987,0,0,0.047413614,0,0,0.003619895,0,0,0.015030284,0
13971,1,0.6760353,1,0,0.11126807,0,0,0.2793662,0,0,0.04229774,0,0,0.11284944,0
13993,1,0.8926089,1,0,0.0021810038,0,0,0.27975696,0,0,0.005180944,0,0,0.01778494,0
14004,0,0.008503729,0,1,0.20419206,0,1,0.9074331,1,1,0.6399913,1,1,0.24977407,1
14005,0,0.003499612,0,0,0.3778023,1,1,0.92219657,1,1,0.6029675,1,0,0.20104954,1
14018,0,0.08377928,0,0,0.13026309,0,0,0.16594689,0,1,0.8528556,1,0,0.06573117,0
14021,1,0.7085715,1,0,0.13115379,0,0,0.2164803,0,0,0.091017894,0,0,0.105267346,0
14026,0,0.007610254,0,1,0.8684062,1,0,0.30052766,0,0,0.45936653,1,1,0.5777424,1
14027,1,0.9020812,1,0,0.038093608,0,0,0.0306201,0,0,0.0056206146,0,0,0.021117648,0
14071,1,0.89805955,1,0,0.024613416,0,0,0.092339836,0,0,0.013723352,0,0,0.03555132,0
14097,1,0.34196287,0,0,0.056297,0,1,0.81603134,1,0,0.07115877,0,0,0.13842821,0
14107,1,0.9745895,1,0,0.002003139,0,0,0.016491748,0,0,0.0036546462,0,0,0.0067067244,0
14123,0,0.32028767,0,0,0.008182595,0,1,0.7836404,1,0,0.12766245,0,0,0.05324024,0
14131,0,0.7986684,1,1,0.06722576,0,0,0.11273321,0,0,0.08697706,0,0,0.07096461,0
14138,1,0.9811699,1,0,0.0014846771,0,0,0.013110656,0,0,0.001684577,0,0,0.005220061,0
14139,1,0.10042959,0,0,0.20895895,0,0,0.8708114,1,0,0.3025466,0,0,0.202269,1
14145,1,0.9497405,1,0,0.003905426,0,0,0.050359335,0,0,0.011325885,0,0,0.018218681,0
14146,1,0.08094775,0,0,0.14091662,0,0,0.89751965,1,0,0.31273887,0,0,0.17244579,0
14149,1,0.64457893,1,0,0.1788797,0,0,0.18323728,0,0,0.02756929,0,0,0.083433874,0
14159,1,0.11803895,0,0,0.21015103,0,0,0.8541276,1,0,0.22127676,0,0,0.17471363,0
14166,0,0.23416507,0,1,0.43250468,1,1,0.4122754,0,0,0.042064726,0,0,0.14089431,0
14167,0,0.023392795,0,1,0.5825801,1,0,0.5399993,0,0,0.6278049,1,1,0.36076888,1
14170,1,0.52565694,1,0,0.014969968,0,0,0.7107022,0,0,0.05347728,0,0,0.07261151,0
14177,1,0.85267663,1,0,0.06936366,0,0,0.03463844,0,0,0.008771137,0,0,0.027670488,0
14184,1,0.20235486,0,0,0.23259163,0,0,0.71479285,0,0,0.12935296,0,0,0.14017718,0
14187,1,0.867568,1,0,0.031422563,0,0,0.12187362,0,0,0.030256558,0,0,0.053338654,0
14192,0,0.0009356163,0,0,0.14030142,0,1,0.95970535,1,1,0.8406111,1,0,0.12018665,0
14194,0,0.24439716,0,0,0.24189553,0,1,0.7101905,0,1,0.24490747,0,0,0.18153684,0
14201,0,0.01160027,0,1,0.24482565,0,1,0.9300775,1,0,0.53093356,1,1,0.2749918,1
14205,1,0.64267975,1,0,0.24767338,0,0,0.08314054,0,0,0.016492536,0,0,0.07991863,0
14217,0,0.56298953,1,1,0.24653755,0,0,0.19830504,0,0,0.067702614,0,0,0.1369479,0
14220,1,0.90802693,1,0,0.013007983,0,0,0.10566837,0,0,0.015656093,0,0,0.03735336,0
14224,0,0.013871093,0,1,0.6747542,1,1,0.54067385,0,0,0.59847677,1,0,0.39683464,1
14238,0,0.08436055,0,1,0.6424278,1,0,0.45023707,0,0,0.12798843,0,0,0.23979808,1
14244,0,0.5629368,1,1,0.3371732,1,0,0.0588086,0,0,0.060514033,0,0,0.060484886,0
14248,1,0.9582422,1,0,0.0055302377,0,0,0.030901339,0,0,0.00518444,0,0,0.012494012,0
14256,1,0.6261637,1,0,0.090979695,0,0,0.37668124,0,0,0.031541187,0,0,0.07489456,0
14288,1,0.7654857,1,0,0.16193692,0,1,0.0482334,0,0,0.01196982,0,0,0.04313688,0
14301,1,0.69750065,1,0,0.010278584,0,0,0.57113475,0,0,0.024595499,0,0,0.05715538,0
14304,1,0.8679881,1,0,0.047490574,0,0,0.09587847,0,0,0.0139065385,0,0,0.047527727,0
14314,0,0.0011179205,0,0,0.16795276,0,0,0.9324681,1,1,0.86242074,1,0,0.11777472,0
14315,0,0.5462452,1,0,0.008067141,0,0,0.70639694,0,0,0.039621145,0,1,0.04682024,0
14350,0,0.01087551,0,1,0.9072889,1,0,0.10642493,0,1,0.1833527,0,1,0.29387185,1
14356,1,0.8462026,1,0,0.09133082,0,0,0.027316049,0,0,0.0028126996,0,0,0.023135142,0
14375,1,0.9081942,1,0,0.031502806,0,0,0.04408979,0,0,0.0057962444,0,0,0.025422068,0
14382,0,0.026160391,0,0,0.1738999,0,0,0.5577064,0,1,0.83990085,1,0,0.093917795,0
14384,0,0.018507425,0,1,0.85243315,1,0,0.22393426,0,0,0.32094374,0,0,0.5348598,1
14392,0,0.23179337,0,1,0.590439,1,0,0.1973958,0,0,0.20545524,0,0,0.21894199,1
14400,0,0.003892692,0,0,0.23318613,0,1,0.67440253,0,1,0.90141845,1,0,0.111395076,0
14409,1,0.8666478,1,0,0.009225913,0,0,0.1371691,0,0,0.038960464,0,0,0.03372903,0
14424,0,0.015101593,0,0,0.30829942,1,0,0.32409397,0,1,0.8697517,1,0,0.1082473,0
14427,0,0.0061019477,0,0,0.55814105,1,1,0.40918913,0,0,0.8226547,1,0,0.2901632,1
14446,0,0.06170228,0,1,0.6235073,1,0,0.29613587,0,1,0.535201,1,0,0.2836447,1
14448,0,0.43493524,1,1,0.45692164,1,0,0.11663209,0,0,0.12490622,0,1,0.1090735,0
14457,1,0.27105197,0,0,0.39558336,1,0,0.4027453,0,0,0.051281445,0,0,0.1762577,0
14459,1,0.8588312,1,0,0.03807249,0,0,0.10130086,0,0,0.05074195,0,0,0.059930287,0
14501,1,0.46812463,1,0,0.25362784,1,0,0.28151157,0,0,0.11055122,0,0,0.16234446,0
14534,0,0.003319178,0,0,0.12637277,0,1,0.95096505,1,1,0.7710024,1,0,0.13770996,0
14565,1,0.93300956,1,0,0.0139099695,0,0,0.040761538,0,0,0.01084228,0,0,0.021710636,0
14580,1,0.8388303,1,0,0.026462572,0,0,0.09892136,0,0,0.094734214,0,0,0.055446263,0
14585,0,0.0044464227,0,1,0.69686157,1,0,0.2047864,0,1,0.797087,1,0,0.32538515,1
14597,1,0.32771748,0,0,0.066837884,0,0,0.7607424,1,0,0.13658917,0,0,0.14014626,0
14613,1,0.9194977,1,0,0.013746011,0,0,0.07473045,0,0,0.014798152,0,0,0.032791566,0
14620,1,0.6588411,1,0,0.0066993088,0,0,0.610665,0,0,0.028238006,0,0,0.04331642,0
14627,0,0.3660603,0,0,0.18874829,0,0,0.55672294,0,1,0.09994887,0,0,0.10114024,0
14628,0,0.47884762,1,1,0.48019746,1,0,0.07610391,0,0,0.038949396,0,0,0.1056481,0
14634,1,0.85840523,1,0,0.07546423,0,0,0.029222209,0,0,0.007924844,0,0,0.021133054,0
14637,1,0.9562531,1,0,0.007818529,0,0,0.019836154,0,0,0.00550656,0,0,0.011038597,0
14647,0,0.26169303,0,0,0.10573234,0,0,0.28255975,0,1,0.65933967,1,0,0.1073599,0
14653,0,0.1648497,0,0,0.21486169,0,1,0.60630673,0,0,0.3914249,1,0,0.18660672,0
14662,1,0.88203186,1,0,0.01435753,0,0,0.16358292,0,0,0.014306746,0,0,0.04107438,0
14667,0,0.36966375,0,0,0.040599268,0,0,0.31296903,0,1,0.50047004,1,0,0.064597756,0
14670,0,0.009515036,0,1,0.6563513,1,0,0.78511447,1,0,0.38326892,1,1,0.38932604,1
14674,0,0.504976,1,1,0.39326662,1,0,0.12291714,0,0,0.10752647,0,0,0.106875956,0
14678,0,0.061327163,0,0,0.0643401,0,1,0.9444175,1,0,0.24273391,0,0,0.16178405,0
14713,0,0.7713654,1,0,0.06587482,0,0,0.10185601,0,1,0.12217953,0,0,0.06294798,0
14729,0,0.022161359,0,1,0.6325491,1,1,0.22705914,0,1,0.66336024,1,1,0.23617816,1
14731,0,0.036163423,0,0,0.07533159,0,1,0.927279,1,1,0.43123788,1,0,0.12944718,0
14745,0,0.005251939,0,1,0.9017165,1,0,0.21255869,0,0,0.42260867,1,1,0.5431345,1
14746,1,0.95074946,1,0,0.012765928,0,0,0.022736505,0,0,0.0032963005,0,0,0.011237745,0
14762,0,0.6814023,1,0,0.03298841,0,0,0.30873343,0,1,0.10710032,0,0,0.065048985,0
14771,1,0.38559875,0,0,0.04884458,0,0,0.7370936,0,0,0.07838312,0,0,0.13144352,0
14775,1,0.8478971,1,0,0.039260183,0,0,0.13654229,0,0,0.03636483,0,0,0.058451455,0
14781,0,0.057793837,0,0,0.590271,1,1,0.5496016,0,1,0.31797275,0,0,0.21215078,1
14805,0,0.9379908,1,0,0.0067457724,0,0,0.068060935,0,0,0.0111349635,0,1,0.025410213,0
14814,1,0.8409381,1,0,0.0641042,0,0,0.07802727,0,0,0.027026601,0,0,0.04030572,0
14836,0,0.007375661,0,1,0.91908294,1,1,0.14646792,0,0,0.121966824,0,1,0.39540896,1
14851,1,0.8775999,1,0,0.045751985,0,0,0.06425692,0,0,0.016512427,0,0,0.033848386,0
14869,0,0.0029730247,0,1,0.93352383,1,0,0.19224052,0,0,0.28469813,0,1,0.5774577,1
14912,0,0.62466717,1,0,0.2155296,0,0,0.15316091,0,1,0.14367974,0,0,0.10865065,0
14923,1,0.9326325,1,0,0.011652335,0,0,0.0337206,0,0,0.016881019,0,0,0.019546846,0
14937,0,0.013559367,0,0,0.31348073,1,1,0.8800149,1,1,0.49753475,1,0,0.3392278,1
14938,1,0.974189,1,0,0.0025612204,0,0,0.018317126,0,0,0.002516695,0,0,0.0073540164,0
14944,1,0.7467024,1,0,0.008118613,0,0,0.45465073,0,0,0.023005467,0,0,0.03742759,0
14946,1,0.9256401,1,0,0.011147073,0,0,0.070551656,0,0,0.013425154,0,0,0.029145304,0
14965,0,0.036112495,0,1,0.77440435,1,0,0.27859524,0,0,0.3364781,0,1,0.31786728,1
14976,1,0.8361527,1,0,0.06396875,0,0,0.07734198,0,0,0.02808572,0,0,0.052437417,0
15001,1,0.97162074,1,0,0.003812748,0,0,0.01639877,0,0,0.002421462,0,0,0.007612808,0
15015,1,0.4934657,1,0,0.019411536,0,0,0.5470216,0,0,0.15482011,0,0,0.06902617,0
15024,0,0.054280795,0,1,0.8580834,1,0,0.09158436,0,1,0.08055143,0,0,0.19341864,0
15034,0,0.05480593,0,0,0.0773729,0,0,0.8646451,1,1,0.528389,1,0,0.123591065,0
15057,1,0.34765238,0,0,0.069457434,0,0,0.79207855,1,0,0.072968096,0,0,0.14161777,0
15059,0,0.001546547,0,0,0.26336214,1,1,0.8422384,1,1,0.86380804,1,0,0.16410214,0
15064,0,0.00408282,0,1,0.34490052,1,1,0.70899725,0,0,0.84318,1,0,0.20143017,1
15074,1,0.95002806,1,0,0.006802829,0,0,0.03434053,0,0,0.008071053,0,0,0.014220721,0
15090,1,0.8370842,1,0,0.06595993,0,0,0.053878408,0,0,0.02217309,0,0,0.04380066,0
15094,1,0.8702002,1,0,0.026077397,0,0,0.12718205,0,0,0.027834147,0,0,0.04894901,0
15101,0,0.024442501,0,0,0.05486991,0,1,0.9507082,1,0,0.45394197,1,0,0.118037835,0
15136,1,0.3185394,0,0,0.364215,1,0,0.34839478,0,0,0.032618795,0,0,0.10863233,0
15139,0,0.13273676,0,1,0.63766664,1,0,0.33136803,0,0,0.11616381,0,0,0.18312728,0
15141,0,0.057537623,0,0,0.80522996,1,0,0.15787517,0,1,0.2275683,0,0,0.28747302,1
15180,0,0.049119763,0,0,0.10855394,0,0,0.4858824,0,1,0.83505464,1,0,0.08386575,0
15203,0,0.010351007,0,0,0.10602519,0,1,0.9632574,1,1,0.53153974,1,0,0.14408043,0
15207,0,0.71439016,1,0,0.11887501,0,0,0.22844867,0,1,0.08282444,0,0,0.10961925,0
15221,1,0.8425167,1,0,0.058799893,0,0,0.11716555,0,0,0.02440878,0,0,0.058423802,0
15227,0,0.6082517,1,0,0.06875336,0,0,0.09185793,0,1,0.307962,0,0,0.052262496,0
15235,0,0.03843767,0,0,0.29122657,1,0,0.22374013,0,1,0.8394242,1,0,0.10990544,0
15259,0,0.25920248,0,1,0.08963599,0,0,0.17764,0,1,0.7090545,1,0,0.072926864,0
15279,0,0.0055544716,0,1,0.42647743,1,1,0.8450101,1,1,0.6989154,1,0,0.34138584,1
15297,0,0.10921485,0,1,0.18515208,0,1,0.84391695,1,0,0.2737943,0,0,0.13657978,0
15377,1,0.72223663,1,0,0.010374832,0,0,0.50059545,0,0,0.027768103,0,0,0.05212586,0
15384,0,0.010106518,0,1,0.9201534,1,0,0.14152016,0,0,0.1854405,0,1,0.46489403,1
15391,1,0.98008144,1,0,0.0014851502,0,0,0.015294918,0,0,0.0018608494,0,0,0.0054123392,0
15400,0,0.86737925,1,0,0.04743627,0,0,0.05695401,0,1,0.025622597,0,0,0.0400448,0
15421,0,0.011749339,0,0,0.298383,1,1,0.8043239,1,1,0.73906624,1,0,0.18937236,0
15438,0,0.01908729,0,0,0.010371915,0,1,0.97966844,1,0,0.22887526,0,0,0.060432922,0
15447,0,0.049943883,0,0,0.07472541,0,1,0.85995936,1,0,0.47971395,1,0,0.16077332,0
15461,1,0.4920023,1,0,0.059217695,0,0,0.67167425,0,0,0.0596929,0,0,0.13219863,0
15484,1,0.87172127,1,0,0.054764654,0,0,0.07646055,0,0,0.012869745,0,0,0.032998055,0
15487,1,0.93749934,1,0,0.0077055516,0,0,0.049144834,0,0,0.01705442,0,0,0.025123052,0
15500,0,0.04550266,0,1,0.53510064,1,0,0.25331235,0,1,0.6546451,1,1,0.20514409,1
15507,1,0.9357086,1,0,0.011975826,0,0,0.05399751,0,0,0.0069900653,0,0,0.020576714,0
15526,0,0.0006672201,0,0,0.21110663,0,1,0.962111,1,0,0.81487393,1,0,0.1672517,0
15532,0,0.020549363,0,0,0.16340049,0,1,0.963628,1,0,0.2673739,0,0,0.18314083,0
15548,1,0.8438237,1,0,0.07110179,0,0,0.046056453,0,0,0.014933296,0,0,0.035098948,0
15549,0,0.64008516,1,0,0.02561149,0,0,0.30204046,0,1,0.16702162,0,0,0.069210745,0
15573,0,0.0038751427,0,0,0.086301774,0,1,0.93815124,1,1,0.7999831,1,0,0.092953764,0
15575,1,0.9623443,1,0,0.004167087,0,0,0.014874209,0,0,0.0076822084,0,0,0.0071834973,0
15588,1,0.7179071,1,0,0.11475424,0,0,0.192656,0,0,0.15235613,0,0,0.120544806,0
15631,0,0.09454859,0,1,0.64704794,1,0,0.38524476,0,0,0.25284436,0,0,0.23150936,1
15638,1,0.9591817,1,0,0.0051733605,0,0,0.037125286,0,0,0.0037723568,0,0,0.012787244,0
15647,0,0.0065645603,0,0,0.11100766,0,0,0.9193574,1,1,0.78108996,1,0,0.117742844,0
15652,1,0.93436766,1,0,0.008909995,0,0,0.048146002,0,0,0.01533156,0,0,0.020429362,0
15674,1,0.75108093,1,0,0.16668129,0,0,0.042238638,0,0,0.01770883,0,0,0.042557716,0
15677,1,0.9692945,1,0,0.005107968,0,0,0.014008756,0,0,0.002445474,0,0,0.007090893,0
15689,1,0.90205073,1,0,0.014715328,0,1,0.09531351,0,0,0.02772159,0,0,0.04426651,0
15715,1,0.8891409,1,0,0.02202358,0,0,0.11018708,0,0,0.021008624,0,0,0.044329498,0
15723,1,0.58258003,1,0,0.057656795,0,0,0.51443267,0,0,0.04239769,0,0,0.0761812,0
15729,0,0.19137664,0,1,0.6435536,1,0,0.16032529,0,0,0.093543395,0,0,0.14615703,0
15732,1,0.80182177,1,0,0.08953666,0,0,0.11516029,0,0,0.022790968,0,0,0.063277125,0
15737,1,0.5339099,1,0,0.43279096,1,0,0.048678823,0,0,0.017986758,0,0,0.06805955,0
15744,0,0.11906733,0,1,0.78300196,1,0,0.119908296,0,0,0.07493878,0,0,0.18338443,0
15757,0,0.014995437,0,1,0.522902,1,0,0.82682526,1,0,0.3926277,1,0,0.22776924,1
15787,0,0.0041758283,0,1,0.86256653,1,0,0.37414834,0,0,0.39623046,1,1,0.43606243,1
15795,0,0.88795435,1,1,0.04453217,0,0,0.034826566,0,0,0.016362898,0,0,0.02444815,0
15796,1,0.9313294,1,0,0.021961745,0,0,0.038419776,0,0,0.0049023805,0,0,0.01734711,0
15797,0,0.02151908,0,1,0.70212513,1,0,0.3513139,0,0,0.6001455,1,1,0.47632775,1
15798,0,0.04366079,0,0,0.01374422,0,1,0.94815016,1,0,0.29795066,0,0,0.062144864,0
15800,0,0.12152215,0,1,0.63637966,1,0,0.21711747,0,0,0.34377462,0,0,0.22577241,1
15803,1,0.9708965,1,0,0.0023232894,0,0,0.019763287,0,0,0.0050071524,0,0,0.008430833,0
15809,0,0.04585191,0,1,0.54719824,1,0,0.20361616,0,1,0.6539697,1,1,0.25910816,1
15810,0,0.0040645306,0,0,0.31824592,1,1,0.94073105,1,1,0.5835107,1,0,0.1898665,0
15817,0,0.06697996,0,0,0.06291896,0,1,0.94490355,1,0,0.19816636,0,0,0.122857384,0
15821,1,0.92425644,1,0,0.026018698,0,0,0.034190588,0,0,0.0055121747,0,0,0.018500905,0
15852,0,0.023691038,0,0,0.1760556,0,1,0.8592646,1,1,0.69161445,1,0,0.1901446,0
15858,0,0.15674558,0,1,0.6437253,1,0,0.16284485,0,0,0.19163191,0,0,0.1646941,0
15863,0,0.0037846684,0,1,0.92487407,1,0,0.16476984,0,0,0.35555622,1,1,0.5452641,1
15864,0,0.82969886,1,1,0.06738657,0,0,0.12613867,0,0,0.03475361,0,0,0.06383692,0
15865,0,0.032749657,0,0,0.6450761,1,0,0.2274265,0,1,0.57778734,1,0,0.2679408,1
15871,0,0.026142845,0,1,0.70331556,1,0,0.3898702,0,1,0.6122064,1,1,0.47681803,1
15874,0,0.3406247,0,1,0.53323954,1,0,0.1767995,0,0,0.1000567,0,0,0.1532825,0
15897,1,0.9531809,1,0,0.0071284855,0,0,0.025590621,0,0,0.007337893,0,0,0.013167427,0
15898,1,0.9560896,1,0,0.0031418488,0,0,0.032050956,0,0,0.0129205575,0,0,0.012495707,0
15899,0,0.4041595,1,0,0.020898256,0,1,0.76373756,1,0,0.06715357,0,0,0.07913448,0
15900,1,0.9622686,1,0,0.008493857,0,0,0.01551178,0,0,0.0024453984,0,0,0.008035206,0
15901,1,0.066451035,0,0,0.123818174,0,0,0.8733355,1,0,0.38760343,1,0,0.17139912,0
15924,0,0.7738923,1,0,0.017391736,0,0,0.20291163,0,1,0.09100972,0,0,0.050069116,0
15926,0,0.0074409912,0,1,0.6581067,1,0,0.75724214,1,0,0.3190504,0,0,0.22008453,1
15930,1,0.95390856,1,0,0.008681463,0,0,0.030604571,0,0,0.0043747304,0,0,0.014325918,0
15948,1,0.9643386,1,0,0.003021501,0,0,0.032478724,0,0,0.00491741,0,0,0.011057676,0
15950,0,0.35224977,0,0,0.15325642,0,0,0.6356504,0,1,0.20168887,0,0,0.1435452,0
15954,0,0.082131125,0,0,0.024646595,0,1,0.9288559,1,0,0.23045707,0,1,0.103192896,0
15958,0,0.010030253,0,0,0.11611599,0,1,0.8919875,1,1,0.7567045,1,0,0.1294107,0
15959,1,0.9633013,1,0,0.005353169,0,0,0.020448312,0,0,0.004184834,0,0,0.0100373,0
15988,1,0.9514599,1,0,0.010511079,0,0,0.02542205,0,0,0.0047761714,0,0,0.013038765,0
16003,1,0.94762105,1,0,0.003181348,0,0,0.03669377,0,0,0.018933479,0,0,0.013773222,0
16010,0,0.0055870633,0,1,0.45315796,1,0,0.22792183,0,1,0.88322806,1,0,0.1552761,0
16024,1,0.36296964,0,0,0.029641872,0,0,0.7930778,1,0,0.08243012,0,0,0.10132528,0
16035,1,0.47711504,1,0,0.01761424,0,1,0.7422044,0,0,0.051185146,0,0,0.07334294,0
16038,0,0.004141531,0,1,0.1432281,0,1,0.9349081,1,1,0.75254333,1,1,0.16958176,0
16045,0,0.84832203,1,0,0.034519266,0,0,0.16106899,0,0,0.026852444,0,1,0.057764605,0
16046,0,0.0013911685,0,0,0.2645359,1,1,0.93331873,1,0,0.76000345,1,0,0.25841433,1
16061,0,0.00584642,0,1,0.9280222,1,0,0.09892887,0,1,0.22047046,0,1,0.39499983,1
16077,0,0.0037818577,0,0,0.17232552,0,1,0.84592795,1,1,0.8512648,1,0,0.14003184,0
16100,0,0.058967017,0,0,0.010660122,0,1,0.95520616,1,0,0.15531988,0,0,0.09301761,0
16101,0,0.25921938,0,1,0.5831169,1,0,0.164567,0,0,0.09441754,0,0,0.19007659,0
16119,0,0.14108513,0,1,0.7593192,1,0,0.1330558,0,0,0.059904404,0,0,0.21782626,1
16127,0,0.019138135,0,0,0.19294491,0,1,0.93297875,1,1,0.5271843,1,0,0.23999754,1
16129,1,0.86620444,1,0,0.009565532,0,0,0.1944569,0,0,0.021163976,0,0,0.035887748,0
16132,0,0.014607355,0,1,0.70924044,1,0,0.51691663,0,0,0.4451637,1,0,0.29648736,1
16135,0,0.5603043,1,0,0.043361805,0,0,0.13761075,0,1,0.41887355,1,0,0.06080681,0
16144,1,0.8454526,1,0,0.054414216,0,0,0.097235054,0,0,0.041104354,0,0,0.052809194,0
16147,1,0.30214617,0,0,0.67111903,1,0,0.057461075,0,0,0.016196905,0,0,0.092304476,0
16149,1,0.94293797,1,0,0.008041502,0,0,0.049756974,0,0,0.008390707,0,0,0.019835616,0
16150,1,0.38987976,0,0,0.016364848,0,0,0.82438284,1,0,0.03769353,0,0,0.060147718,0
16152,0,0.0012167393,0,0,0.2768406,1,0,0.8705057,1,1,0.859317,1,0,0.14201987,0
16168,0,0.0005201716,0,0,0.23569857,0,1,0.95922655,1,1,0.8199089,1,0,0.1514056,0
16182,0,0.0054257466,0,0,0.9033942,1,0,0.21386325,0,0,0.25861904,0,1,0.37683445,1
16187,1,0.9666522,1,0,0.0068432842,0,0,0.011459076,0,0,0.0023194486,0,0,0.0065133073,0
16193,1,0.9221465,1,0,0.014659941,0,0,0.08382992,0,0,0.0057377196,0,0,0.026216943,0
16205,1,0.43918043,1,0,0.011256156,0,1,0.7860682,1,0,0.053711236,0,0,0.06576786,0
16214,0,0.009643306,0,1,0.8658228,1,0,0.29216447,0,0,0.36876565,1,1,0.48415527,1
16224,0,0.013728943,0,1,0.88710153,1,0,0.1365295,0,0,0.20984006,0,1,0.33869028,1
16225,0,0.3978688,0,0,0.030897984,0,0,0.20925564,0,1,0.5677804,1,0,0.05188987,0
16233,1,0.9080858,1,0,0.0049811117,0,0,0.14283794,0,0,0.012389554,0,0,0.025327992,0
16239,0,0.080184445,0,1,0.5245591,1,0,0.36073703,0,0,0.46760133,1,0,0.21139674,1
16260,0,0.102832206,0,1,0.029105864,0,1,0.8906081,1,0,0.22203434,0,0,0.14435484,0
16261,1,0.97282416,1,0,0.0024925559,0,0,0.017027095,0,0,0.003540348,0,0,0.00739636,0
16264,1,0.42796645,1,0,0.035061903,0,0,0.7850816,1,0,0.04072549,0,0,0.09516805,0
16272,0,0.0024959764,0,1,0.27579573,1,1,0.8733137,1,1,0.8297888,1,0,0.18151806,0
16288,1,0.9210164,1,0,0.006875353,0,0,0.10340617,0,0,0.010284985,0,0,0.024129996,0
16340,0,0.006834922,0,0,0.086998306,0,0,0.9025421,1,1,0.81046957,1,0,0.07856576,0
16355,1,0.90195584,1,0,0.009622654,0,0,0.13053976,0,0,0.016346596,0,0,0.03593781,0
16357,0,0.0057037356,0,1,0.5589591,1,1,0.5746315,0,1,0.78075635,1,1,0.4087936,1
16407,1,0.8074093,1,0,0.0118394345,0,0,0.3616365,0,0,0.013830506,0,0,0.040434875,0
16425,1,0.7460827,1,0,0.09381924,0,0,0.2349907,0,0,0.06402942,0,0,0.10081351,0
16427,0,0.76605606,1,0,0.08120054,0,1,0.13746558,0,1,0.1083318,0,0,0.07406681,0
16463,0,0.05683037,0,0,0.84584373,1,0,0.087764554,0,1,0.06969554,0,0,0.19916376,0
16465,0,0.0072918306,0,0,0.20474765,0,1,0.8404538,1,1,0.8250351,1,0,0.14633456,0
16468,1,0.768431,1,0,0.098228045,0,0,0.18981119,0,0,0.058427576,0,0,0.09554191,0
16469,1,0.45184228,1,0,0.07506845,0,0,0.7016978,0,0,0.025844967,0,0,0.09758455,0
16499,1,0.9607277,1,0,0.001848353,0,0,0.043209367,0,0,0.008178436,0,0,0.011699349,0
16511,0,0.12309452,0,1,0.780699,1,0,0.11571251,0,0,0.0941978,0,0,0.21872158,1
16526,0,0.5713466,1,0,0.03774003,0,1,0.57373124,0,0,0.08141944,0,0,0.0959478,0
16529,0,0.0615356,0,0,0.08546253,0,1,0.9225665,1,0,0.31433958,0,0,0.12859862,0
16532,0,0.9328584,1,0,0.01242921,0,0,0.03327303,0,1,0.013777024,0,0,0.016925843,0
16534,1,0.62260467,1,0,0.26035738,1,0,0.07825909,0,0,0.022050772,0,0,0.08376457,0
16535,0,0.053797666,0,1,0.7711981,1,0,0.3525321,0,0,0.17932159,0,0,0.2878241,1
16537,1,0.64094156,1,0,0.22524181,0,0,0.10924418,0,0,0.022338081,0,0,0.07317568,0
16542,1,0.9021707,1,0,0.03515434,0,0,0.05388297,0,0,0.009704466,0,0,0.028137557,0
16543,0,0.035677426,0,0,0.31350443,1,0,0.2656191,0,1,0.818743,1,0,0.12399971,0
16563,1,0.41356042,1,0,0.31294572,1,0,0.3330346,0,0,0.13037823,0,0,0.15864833,0
16564,0,0.051508933,0,0,0.57489073,1,0,0.6259538,0,1,0.37129682,1,0,0.25562805,1
16566,0,0.01973005,0,0,0.13404976,0,0,0.82066816,1,1,0.77846736,1,0,0.13058726,0
16572,1,0.83173144,1,0,0.10225057,0,0,0.039217815,0,0,0.005503073,0,0,0.030948188,0
16591,0,0.008289015,0,1,0.92319524,1,0,0.08181275,0,0,0.1564933,0,0,0.34894058,1
16596,1,0.97307646,1,0,0.003025392,0,0,0.01873388,0,0,0.0023762656,0,0,0.007841022,0
16602,0,0.04124771,0,1,0.6791012,1,1,0.5300591,0,0,0.28679186,0,0,0.3160647,1
16603,1,0.93567854,1,0,0.024472458,0,0,0.027199617,0,0,0.002636002,0,0,0.014144333,0
16609,0,0.01692762,0,1,0.39017603,1,0,0.6985531,0,1,0.70796317,1,1,0.20085824,1
16637,1,0.87462074,1,0,0.03264183,0,0,0.07659265,0,0,0.03366688,0,0,0.03738204,0
16647,1,0.43056524,1,0,0.044323117,0,0,0.73256534,0,0,0.07187924,0,0,0.123425655,0
16651,1,0.68806183,1,0,0.215731,0,0,0.099525474,0,0,0.056777373,0,0,0.0860552,0
16658,0,0.026532829,0,1,0.73077005,1,0,0.52929956,0,0,0.20340209,0,0,0.2663513,1
16674,0,0.39739093,0,0,0.03749683,0,1,0.7811902,1,0,0.06996233,0,0,0.11823494,0
16692,0,0.61113936,1,0,0.12555343,0,0,0.15945901,0,1,0.20331989,0,0,0.06885542,0
16700,0,0.0031149935,0,0,0.097554095,0,1,0.94551104,1,0,0.80879223,1,0,0.102488555,0
16707,0,0.5343752,1,1,0.43128,1,0,0.045105964,0,0,0.024528837,0,0,0.062048163,0
16712,0,0.9178051,1,0,0.009418219,0,0,0.058129508,0,1,0.030447844,0,0,0.025289334,0
16735,0,0.017960725,0,1,0.28045684,1,1,0.92530155,1,0,0.36501583,1,0,0.17689204,0
16748,0,0.0011771445,0,0,0.06966704,0,1,0.98159677,1,0,0.7755559,1,1,0.08506298,0
16750,0,0.023740582,0,1,0.85507935,1,0,0.24273045,0,0,0.26430923,0,0,0.42771927,1
16780,1,0.95547247,1,0,0.0081941,0,0,0.027151134,0,0,0.0042174817,0,0,0.012079165,0
16782,0,0.045360073,0,0,0.52170306,1,0,0.73934835,0,1,0.38976318,1,0,0.29733792,1
16783,0,0.05676351,0,1,0.7757274,1,0,0.25960058,0,0,0.2377597,0,1,0.3238851,1
16792,1,0.90084815,1,0,0.022915686,0,0,0.065234005,0,0,0.025693575,0,0,0.036639243,0
16803,1,0.9344954,1,0,0.01110616,0,0,0.050763406,0,0,0.010795912,0,0,0.022363603,0
16807,0,0.007595741,0,1,0.34989017,1,0,0.86529547,1,1,0.69902617,1,0,0.21108647,1
16815,1,0.9702691,1,0,0.0015713951,0,0,0.020596089,0,0,0.0077194027,0,0,0.007920724,0
16817,1,0.8779418,1,0,0.01966314,0,0,0.10285219,0,0,0.040846612,0,0,0.04282406,0
16861,0,0.0014631678,0,0,0.1907562,0,1,0.97635174,1,1,0.66712135,1,0,0.16219518,0
16865,1,0.86718553,1,0,0.034794126,0,0,0.11067601,0,0,0.035120483,0,0,0.05737166,0
16871,0,0.38110164,0,1,0.15664272,0,0,0.5933432,0,0,0.036161933,0,0,0.12706159,0
16876,0,0.009839026,0,1,0.8958155,1,0,0.15510707,0,0,0.329997,0,1,0.46401727,1
16883,0,0.031243997,0,0,0.027381092,0,1,0.93799084,1,0,0.4304378,1,0,0.077820614,0
16898,0,0.03582471,0,0,0.24566706,0,1,0.60426426,0,1,0.7534968,1,0,0.13182536,0
16905,0,0.009651192,0,0,0.3716512,1,0,0.8844768,1,1,0.56418747,1,0,0.18337817,0
16908,0,0.022538437,0,1,0.79113054,1,0,0.24983363,0,0,0.37929812,1,0,0.32570028,1
16915,0,0.46205568,1,1,0.43288445,1,0,0.099117704,0,0,0.054325826,0,0,0.08779612,0
16920,0,0.0054309624,0,0,0.18477258,0,1,0.93576396,1,0,0.6824777,1,0,0.21518509,1
16944,0,0.08437867,0,0,0.7765829,1,0,0.18658088,0,0,0.068810076,0,1,0.24693139,1
16952,0,0.05461872,0,0,0.1651731,0,0,0.8333506,1,1,0.5681186,1,0,0.17018689,0
16955,1,0.7037503,1,0,0.19904107,0,0,0.08373384,0,0,0.015808899,0,0,0.06918679,0
16975,1,0.8151552,1,1,0.10621038,0,0,0.037450425,0,0,0.0066483673,0,0,0.034926064,0
16993,1,0.81518084,1,0,0.0672073,0,0,0.09446006,0,0,0.07371735,0,0,0.06482423,0
16994,1,0.82108253,1,0,0.08460647,0,0,0.062804826,0,0,0.027304463,0,0,0.04521139,0
17000,0,0.006975594,0,0,0.11611461,0,1,0.9087111,1,1,0.7917339,1,0,0.09890334,0
17007,0,0.006179965,0,0,0.14805853,0,1,0.8888761,1,1,0.80867094,1,0,0.1047869,0
17021,1,0.93587315,1,0,0.012248992,0,0,0.04543801,0,0,0.009657507,0,0,0.021758512,0
17083,0,0.015265113,0,0,0.858598,1,0,0.22731967,0,1,0.3747866,1,0,0.47314975,1
17084,0,0.9011621,1,0,0.03799821,0,1,0.052354727,0,0,0.0071830894,0,0,0.02665759,0
17091,0,0.19959237,0,0,0.28990498,1,0,0.3562634,0,1,0.51721126,1,0,0.17905433,0
17140,0,0.43324798,1,1,0.49427184,1,0,0.062479623,0,0,0.03759251,0,0,0.075345464,0
17169,1,0.20193703,0,0,0.2127257,0,1,0.7796934,1,0,0.18407702,0,0,0.18863983,0
17176,1,0.95433974,1,0,0.007260392,0,0,0.035378642,0,0,0.004237678,0,0,0.013187864,0
17192,1,0.21947739,0,0,0.044050585,0,1,0.9209469,1,0,0.050582517,0,0,0.1198136,0
17193,1,0.79584324,1,0,0.048757266,0,0,0.14022869,0,0,0.046065442,0,0,0.042580914,0
17202,0,0.71035385,1,0,0.063789666,0,1,0.25600436,0,0,0.10500027,0,0,0.11081906,0
17214,1,0.7388071,1,0,0.099997185,0,0,0.18802606,0,0,0.03900087,0,0,0.08121731,0
17226,0,0.39989835,0,0,0.55613285,1,0,0.03382471,0,0,0.009605501,0,1,0.067492515,0
17244,0,0.006785286,0,0,0.23968172,0,1,0.9171865,1,0,0.65237236,1,0,0.14813623,0
17247,0,0.036743578,0,0,0.22748111,0,1,0.9288171,1,0,0.29821718,0,0,0.17979962,0
17252,0,0.17854424,0,1,0.11322168,0,0,0.8741817,1,0,0.104525894,0,0,0.13467866,0
17259,0,0.7612096,1,1,0.116701886,0,0,0.10556094,0,0,0.052631114,0,0,0.07396244,0
17286,0,0.0083101615,0,1,0.8300867,1,0,0.29748532,0,1,0.5564838,1,1,0.49468267,1
17290,1,0.9456272,1,0,0.008760299,0,0,0.035986625,0,0,0.008418357,0,0,0.016569486,0
17297,0,0.040158596,0,0,0.0664821,0,1,0.9432953,1,0,0.34481275,0,0,0.13699119,0
17298,0,0.060459446,0,1,0.70592403,1,0,0.41307175,0,0,0.14438386,0,1,0.23378073,1
17309,0,0.005090314,0,1,0.93045217,1,0,0.17266884,0,0,0.22872083,0,1,0.5755685,1
17316,0,0.036978915,0,1,0.84291834,1,0,0.123815544,0,0,0.14063202,0,0,0.25121823,1
17323,0,0.022799952,0,1,0.7594002,1,0,0.35149887,0,0,0.47665936,1,0,0.39696524,1
17325,0,0.34180012,0,0,0.067844465,0,0,0.34911326,0,0,0.5108534,1,1,0.08057467,0
17358,1,0.92343825,1,0,0.016116168,0,0,0.051517956,0,0,0.01414392,0,0,0.027096555,0
17370,1,0.7187018,1,0,0.22126646,0,0,0.084271535,0,0,0.025364669,0,0,0.058413614,0
17371,0,0.66032326,1,0,0.054055046,0,1,0.10678757,0,0,0.22733448,0,0,0.044324525,0
17401,0,0.2115041,0,0,0.3562334,1,1,0.29361564,0,1,0.46301895,1,0,0.1372521,0
17403,0,0.06601046,0,0,0.18603848,0,0,0.27842724,0,1,0.82992256,1,0,0.10445449,0
17404,0,0.08737934,0,1,0.19496492,0,0,0.36239544,0,1,0.75590664,1,0,0.10586191,0
17419,0,0.7773016,1,0,0.055486817,0,0,0.1653838,0,1,0.13445628,0,0,0.09457498,0
17420,0,0.8239537,1,0,0.014340622,0,0,0.1949553,0,1,0.05952924,0,0,0.053118546,0
17430,0,0.09291482,0,0,0.16124539,0,0,0.41651142,0,1,0.7586499,1,0,0.11773148,0
17431,0,0.14345281,0,0,0.10434248,0,1,0.26062068,0,1,0.7853947,1,0,0.075366236,0
17455,1,0.89097744,1,0,0.02048847,0,0,0.10316973,0,0,0.021728458,0,0,0.038545284,0
17482,0,0.017285144,0,0,0.14280728,0,1,0.7250749,0,1,0.84223884,1,0,0.10783405,0
17511,1,0.8887878,1,0,0.020019395,0,0,0.082846805,0,0,0.043677896,0,0,0.04491267,0
17525,1,0.862212,1,0,0.049770143,0,0,0.08900141,0,0,0.026729371,0,0,0.049717735,0
17536,0,0.10774501,0,1,0.75574327,1,0,0.17991656,0,0,0.17957516,0,0,0.23192675,1
17539,0,0.005297936,0,0,0.15350221,0,1,0.94826853,1,0,0.7272125,1,0,0.15283862,0
17547,1,0.9613066,1,0,0.009793665,0,0,0.014760644,0,0,0.0018773868,0,0,0.0077636577,0
17575,0,0.7117938,1,0,0.06942344,0,0,0.25432765,0,1,0.07677596,0,0,0.0764916,0
17577,1,0.9202222,1,0,0.026089476,0,0,0.038363054,0,0,0.005678986,0,0,0.02113254,0
17590,0,0.030893827,0,1,0.8702391,1,0,0.14229666,0,0,0.13397913,0,0,0.3908981,1
17592,1,0.92630196,1,0,0.020736568,0,0,0.054714937,0,0,0.0062065665,0,0,0.023475286,0
17593,1,0.9078021,1,0,0.020025713,0,0,0.08261137,0,0,0.01580436,0,0,0.03775735,0
17608,1,0.9109386,1,0,0.024617804,0,0,0.058136817,0,0,0.013364072,0,0,0.028643932,0
17617,0,0.50804067,1,0,0.012388106,0,1,0.6871501,0,0,0.058053054,0,0,0.05177946,0
17621,1,0.9308016,1,0,0.009172418,0,0,0.07737969,0,0,0.009130387,0,0,0.026209181,0
17623,1,0.6025674,1,0,0.24704391,0,0,0.17975807,0,0,0.054968964,0,0,0.14315519,0
17638,0,0.082868956,0,0,0.16099358,0,1,0.9091233,1,0,0.1775662,0,1,0.20834003,1
17641,1,0.94220376,1,0,0.011079891,0,0,0.059261724,0,0,0.0032334279,0,0,0.017124206,0
17648,0,0.8507741,1,1,0.027782336,0,0,0.16544901,0,0,0.025428785,0,0,0.04982369,0
17655,0,0.017807784,0,1,0.4628169,1,0,0.8101241,1,0,0.46319717,1,0,0.19314013,0
17658,0,0.7004953,1,1,0.08934972,0,0,0.18215263,0,1,0.17185366,0,0,0.0941777,0
17661,1,0.9603272,1,0,0.0058268113,0,0,0.028225936,0,0,0.0043538907,0,0,0.013172024,0
17676,1,0.9448944,1,0,0.0064391703,0,0,0.057789847,0,0,0.007273006,0,0,0.01997401,0
17689,1,0.14864685,0,0,0.034264516,0,1,0.928161,1,0,0.10588106,0,0,0.114845395,0
17690,0,0.11722728,0,1,0.017141173,0,1,0.89864486,1,0,0.19992834,0,1,0.1016146,0
17700,0,0.45077926,1,0,0.2828176,1,1,0.28902107,0,0,0.0306579,0,0,0.117170036,0
17701,0,0.9152485,1,0,0.011226074,0,0,0.088517375,0,0,0.018948954,0,1,0.033763308,0
17711,1,0.8259458,1,0,0.022417389,0,0,0.21119682,0,0,0.04689069,0,0,0.06537072,0
17719,0,0.021218477,0,0,0.11330234,0,1,0.8709007,1,1,0.67903477,1,0,0.14347851,0
17731,1,0.92582,1,0,0.021506652,0,0,0.048603103,0,0,0.0060657584,0,0,0.02524825,0
17737,1,0.9503667,1,0,0.006234058,0,0,0.036351178,0,0,0.00918233,0,0,0.01614279,0
17739,1,0.9158453,1,0,0.010312406,0,0,0.0751232,0,0,0.025178267,0,0,0.03274178,0
17744,0,0.016118519,0,0,0.32938722,1,0,0.31263483,0,1,0.87740505,1,0,0.15458107,0
17748,1,0.91929346,1,0,0.026661413,0,0,0.04371971,0,0,0.0076561966,0,0,0.022971129,0
17749,1,0.9272008,1,0,0.009952686,0,0,0.048259694,0,0,0.022093888,0,0,0.023008065,0
17780,1,0.83519137,1,0,0.06647555,0,0,0.11603987,0,0,0.038384583,0,0,0.06398954,0
17805,1,0.9095631,1,0,0.017698176,0,0,0.06740859,0,0,0.023126896,0,0,0.03471916,0
17808,0,0.56754225,1,0,0.06890346,0,0,0.25614876,0,1,0.2749472,0,0,0.08133492,0
17818,0,0.22340913,0,1,0.7012486,1,0,0.028018044,0,0,0.01785464,0,0,0.08717048,0
17827,1,0.49211073,1,0,0.41288555,1,0,0.12216273,0,0,0.045394026,0,0,0.12770188,0
17839,0,0.17529687,0,1,0.68988395,1,0,0.12995422,0,0,0.09135752,0,0,0.13734576,0
17860,0,0.0683486,0,1,0.42506558,1,1,0.609191,0,0,0.46622834,1,0,0.22957882,1
17865,1,0.8788428,1,0,0.029246623,0,0,0.0926606,0,0,0.034792777,0,0,0.048724674,0
17866,0,0.011696763,0,0,0.3868838,1,0,0.8806488,1,1,0.5048142,1,1,0.1691127,0
17868,0,0.020668874,0,0,0.84272647,1,0,0.2563309,0,1,0.29699305,0,1,0.38754347,1
17870,0,0.0044718194,0,1,0.21996251,0,1,0.914127,1,0,0.77151465,1,0,0.1575912,0
17885,0,0.4912079,1,0,0.056661494,0,1,0.625885,0,0,0.08517127,0,0,0.13701536,0
17888,1,0.7477031,1,0,0.14954114,0,1,0.12329936,0,0,0.039360855,0,0,0.08539568,0
17891,1,0.9063443,1,0,0.0165379,0,0,0.07452803,0,0,0.02581783,0,0,0.035749353,0
17904,0,0.03104612,0,0,0.6153012,1,0,0.26421297,0,1,0.5416706,1,0,0.21216843,1
17906,0,0.022492472,0,0,0.05058365,0,1,0.9621201,1,0,0.3471069,0,0,0.13967833,0
17909,0,0.32107818,0,0,0.083881795,0,1,0.7587252,1,0,0.10769326,0,0,0.11559295,0
17910,0,0.9390018,1,0,0.009558036,0,0,0.031964473,0,1,0.014186816,0,0,0.017072119,0
17918,1,0.9547255,1,0,0.0067747803,0,0,0.03609903,0,0,0.0049046166,0,0,0.015894365,0
17919,1,0.1855372,0,0,0.58621246,1,0,0.28925028,0,0,0.051444497,0,0,0.14422001,0
17920,0,0.0028115872,0,0,0.08587085,0,1,0.9710925,1,0,0.72167474,1,0,0.11846399,0
17921,1,0.85852754,1,0,0.03771121,0,0,0.1411016,0,0,0.008187771,0,0,0.036149867,0
17935,1,0.104229204,0,0,0.8047687,1,0,0.11381307,0,0,0.074037954,0,0,0.17930542,0
17936,0,0.7631687,1,0,0.00909391,0,1,0.51096606,0,0,0.012692293,0,0,0.04541218,0
17937,0,0.31843898,0,0,0.22597094,0,1,0.57559186,0,0,0.03570402,0,1,0.13023281,0
17951,0,0.29557094,0,0,0.04141247,0,0,0.79534274,1,1,0.15455437,0,0,0.10887017,0
17959,0,0.05729376,0,1,0.8055088,1,0,0.11667635,0,0,0.12614924,0,0,0.18990918,0
17970,1,0.94545317,1,0,0.0069567123,0,0,0.049158048,0,0,0.009006305,0,0,0.02033843,0
17983,0,0.14033112,0,1,0.16605417,0,0,0.73204464,0,0,0.45744678,1,0,0.17541772,0
17995,0,0.0037160409,0,1,0.9242923,1,1,0.22398402,0,0,0.18067501,0,1,0.45670968,1
17996,1,0.9437132,1,0,0.013088807,0,0,0.039534297,0,0,0.005089339,0,0,0.018196672,0
18017,0,0.21516,0,0,0.47490695,1,0,0.49774182,0,0,0.25950646,0,1,0.20878725,1
18019,0,0.027281957,0,1,0.3189448,1,0,0.20350741,0,1,0.75662273,1,0,0.054215785,0
18055,1,0.8348852,1,0,0.082431905,0,0,0.05170121,0,0,0.016053028,0,0,0.038734127,0
18056,0,0.8888394,1,0,0.018739453,0,0,0.065967225,0,1,0.050214093,0,0,0.034033887,0
18057,0,0.028318036,0,1,0.22188352,0,0,0.17652465,0,1,0.8677969,1,0,0.05388859,0
18068,1,0.8392968,1,0,0.08142365,0,0,0.023225904,0,0,0.01123864,0,0,0.022565236,0
18111,1,0.9245919,1,0,0.014566082,0,0,0.042425666,0,0,0.016825577,0,0,0.022853965,0
18121,0,0.049351726,0,0,0.22158921,0,1,0.9044723,1,0,0.3813498,1,0,0.20175213,1
18131,0,0.024939906,0,0,0.13080688,0,1,0.89933634,1,1,0.6211478,1,0,0.1629842,0
18132,1,0.86622727,1,0,0.024039928,0,0,0.14110138,0,0,0.030046467,0,0,0.049182385,0
18134,1,0.46699578,1,0,0.031668745,0,0,0.6995609,0,0,0.07879445,0,0,0.09174055,0
18140,0,0.009856853,0,1,0.36505502,1,1,0.8670914,1,0,0.5862188,1,0,0.1783819,0
18162,0,0.010219294,0,1,0.72900236,1,0,0.3699995,0,0,0.6369512,1,1,0.379183,1
18172,1,0.9041557,1,0,0.009834117,0,0,0.123934254,0,0,0.015291349,0,0,0.029969644,0
18175,1,0.95894593,1,0,0.006930314,0,0,0.019615062,0,0,0.0048811906,0,0,0.010285728,0
18200,1,0.9075619,1,0,0.01371914,0,0,0.10662832,0,0,0.013962635,0,0,0.03617506,0
18202,0,0.036056098,0,0,0.09604672,0,1,0.9537331,1,0,0.28513184,0,0,0.14342357,0
18232,1,0.9694167,1,0,0.0031230222,0,0,0.022682367,0,0,0.003549936,0,0,0.009011162,0
18234,0,0.089440234,0,1,0.7664857,1,0,0.10240492,0,0,0.1854108,0,1,0.20173955,1
18240,0,0.110803805,0,0,0.12821054,0,1,0.9096667,1,0,0.18192032,0,0,0.17486462,0
18256,0,0.2791839,0,1,0.57418066,1,0,0.16538496,0,1,0.22727849,0,0,0.16077583,0
18266,1,0.58007616,1,1,0.2537074,1,0,0.22982976,0,0,0.09018942,0,0,0.11632561,0
18295,0,0.03546576,0,0,0.080956526,0,1,0.865055,1,1,0.6486058,1,0,0.109287046,0
18296,0,0.008990491,0,1,0.95515,1,0,0.029885553,0,0,0.01683447,0,0,0.2632476,1
18332,1,0.36986226,0,0,0.020926394,0,1,0.8276921,1,0,0.054584734,0,0,0.098185904,0
18363,0,0.06287173,0,1,0.12117968,0,0,0.37119266,0,1,0.84507734,1,0,0.094592996,0
18364,0,0.03058045,0,0,0.10278891,0,0,0.7337636,0,1,0.7432042,1,0,0.13714868,0
18365,1,0.9160305,1,0,0.02320887,0,0,0.06631207,0,0,0.008084991,0,0,0.028288541,0
18367,1,0.84947646,1,0,0.0322708,0,0,0.12091529,0,0,0.06294058,0,0,0.062041026,0
18392,1,0.94265527,1,0,0.005504323,0,0,0.066624425,0,0,0.0054514413,0,0,0.015218206,0
18416,1,0.16797617,0,0,0.06137668,0,0,0.70411825,0,0,0.45119497,1,0,0.09369033,0
18421,0,0.040736478,0,0,0.10659183,0,1,0.8862584,1,1,0.5506958,1,0,0.1391836,0
18422,0,0.0070574605,0,1,0.65914506,1,0,0.4762887,0,0,0.6629292,1,0,0.27703387,1
18425,0,0.018564174,0,1,0.8290689,1,0,0.31412518,0,0,0.18104717,0,0,0.27348825,1
18432,0,0.011335873,0,1,0.45633072,1,1,0.7099625,0,1,0.728609,1,1,0.33494198,1
18464,0,0.8550624,1,1,0.08150167,0,0,0.031608324,0,0,0.008045717,0,0,0.025009882,0
18473,1,0.68914616,1,0,0.06122265,0,0,0.32532018,0,0,0.067816816,0,0,0.0790872,0
18490,0,0.20235881,0,0,0.33063087,1,0,0.21263567,0,1,0.56194764,1,0,0.12613714,0
18499,0,0.010544075,0,0,0.09274075,0,1,0.95416474,1,0,0.4453228,1,0,0.20096526,1
18501,1,0.8148575,1,0,0.07668651,0,0,0.116982795,0,0,0.021275772,0,0,0.06150795,0
18506,0,0.003601561,0,0,0.11419264,0,0,0.8660153,1,1,0.8752594,1,0,0.0691663,0
18519,1,0.91887325,1,0,0.017776037,0,0,0.039271228,0,0,0.019462237,0,0,0.023200767,0
18520,0,0.0017618663,0,1,0.4969942,1,1,0.63005775,0,1,0.85726964,1,0,0.25178254,1
18548,0,0.0036878616,0,0,0.032279693,0,1,0.99476916,1,0,0.2418343,0,0,0.15590657,0
18592,0,0.00787687,0,0,0.38317746,1,0,0.59130996,0,1,0.81463146,1,0,0.21296255,1
18612,1,0.96576524,1,0,0.0027355135,0,0,0.033585846,0,0,0.00416891,0,0,0.0099732075,0
18620,1,0.523265,1,0,0.010459142,0,0,0.7048113,0,0,0.050503023,0,0,0.06109193,0
18638,0,0.026146412,0,0,0.22727905,0,1,0.93899494,1,0,0.3284963,0,0,0.24401458,1
18639,1,0.61494213,1,0,0.08283952,0,0,0.4096146,0,0,0.112507984,0,0,0.13038246,0
18644,0,0.0143601,0,0,0.21950214,0,0,0.9096943,1,1,0.62172765,1,1,0.2138089,1
18656,1,0.61592716,1,0,0.25774238,1,0,0.1032667,0,0,0.017895542,0,0,0.07636987,0
18661,1,0.93297225,1,0,0.0069193454,0,0,0.07010059,0,0,0.010830228,0,0,0.020269312,0
18671,0,0.007936105,0,0,0.14256613,0,1,0.974838,1,0,0.44406933,1,0,0.15531538,0
18673,1,0.8551212,1,0,0.015845524,0,0,0.10949797,0,0,0.056217495,0,0,0.035029627,0
18676,0,0.022708166,0,1,0.57643014,1,0,0.3965285,0,0,0.6381253,1,1,0.22844525,1
18708,0,0.025148816,0,1,0.77684975,1,0,0.41484642,0,0,0.15566233,0,0,0.26152268,1
18710,0,0.016677227,0,0,0.14474213,0,1,0.8590333,1,1,0.74838454,1,0,0.13689835,0
18712,0,0.0077305837,0,1,0.8183795,1,0,0.32654446,0,1,0.51662135,1,1,0.4115065,1
18737,0,0.0075819297,0,0,0.24530044,0,0,0.25467238,0,1,0.9257385,1,0,0.07202585,0
18739,0,0.003363868,0,0,0.2742384,1,0,0.82716054,1,1,0.828347,1,0,0.18013628,0
18740,0,0.73554194,1,0,0.06949996,0,0,0.16471167,0,1,0.11413887,0,0,0.06772553,0
18742,1,0.8900085,1,0,0.018893532,0,0,0.106358394,0,0,0.028868726,0,0,0.044782247,0
18752,0,0.0069303336,0,1,0.25459826,1,1,0.70503694,0,1,0.8585309,1,0,0.13133961,0
18756,0,0.0049695233,0,1,0.5512745,1,0,0.43108428,0,1,0.8281818,1,0,0.25314888,1
18758,0,0.93274814,1,0,0.01057246,0,0,0.03521376,0,1,0.018071497,0,0,0.019175107,0
18761,1,0.32243684,0,0,0.31439433,1,0,0.46981063,0,0,0.053183235,0,0,0.14954518,0
18762,0,0.12827118,0,0,0.7096497,1,0,0.17355241,0,1,0.21228251,0,0,0.17379405,0
18775,0,0.1591294,0,0,0.07260866,0,1,0.8704225,1,1,0.21021493,0,0,0.12740614,0
18777,0,0.004885524,0,0,0.04360367,0,1,0.98741245,1,0,0.39525148,1,0,0.1458217,0
18797,0,0.021012567,0,0,0.3917449,1,1,0.91661227,1,1,0.21668012,0,0,0.22955039,1
18802,1,0.8850652,1,0,0.022990339,0,0,0.115250394,0,0,0.020526284,0,0,0.04493071,0
18808,0,0.18493488,0,1,0.1593527,0,0,0.83178747,1,0,0.11433421,0,0,0.13708235,0
18831,0,0.6444541,1,0,0.16104992,0,1,0.22120596,0,0,0.06709273,0,0,0.073353134,0
18847,1,0.96506506,1,0,0.003307933,0,0,0.03832075,0,0,0.0029306891,0,0,0.011043647,0
18859,0,0.00494962,0,1,0.26919645,1,1,0.83241075,1,1,0.8087914,1,0,0.15688656,0
18882,1,0.90218014,1,0,0.029255018,0,0,0.035932172,0,0,0.01679314,0,0,0.025321549,0
18888,1,0.49940652,1,0,0.11132413,0,0,0.5824861,0,0,0.05873887,0,0,0.12523085,0
18891,0,0.24424684,0,0,0.04322761,0,1,0.8509424,1,0,0.12211405,0,0,0.10828061,0
18914,0,0.03749302,0,0,0.37762076,1,1,0.8975602,1,0,0.06449746,0,0,0.16663179,0
18916,0,0.023974093,0,0,0.013104592,0,1,0.9788294,1,0,0.22156061,0,0,0.07336297,0
18937,0,0.35032216,0,1,0.57092834,1,0,0.035956014,0,0,0.030239508,0,0,0.052698825,0
18974,0,0.8530933,1,0,0.06293115,0,1,0.06108437,0,0,0.015049987,0,0,0.04302887,0
18982,1,0.7033868,1,0,0.119893886,0,0,0.16196616,0,0,0.019159283,0,0,0.07116485,0
19017,0,0.50325733,1,0,0.14555791,0,0,0.4196189,0,1,0.031061225,0,0,0.1187373,0
19042,1,0.9227403,1,0,0.020248111,0,0,0.053162977,0,0,0.0096724,0,0,0.025943039,0
19053,0,0.9020742,1,0,0.02006898,0,0,0.05999611,0,1,0.02722752,0,0,0.027920945,0
19054,0,0.009286311,0,0,0.17715336,0,0,0.64493823,0,1,0.88747144,1,0,0.096049845,0
19067,0,0.17313811,0,0,0.038694505,0,0,0.20300522,0,1,0.8148938,1,0,0.044887457,0
19074,0,0.18235601,0,0,0.048981387,0,1,0.8201991,1,1,0.23727317,0,0,0.119120575,0
19077,1,0.9039209,1,0,0.025585053,0,0,0.081279956,0,0,0.010046999,0,0,0.030137945,0
19081,0,0.85984683,1,0,0.0056928615,0,1,0.3235966,0,0,0.006457662,0,0,0.027011693,0
19097,0,0.010573746,0,1,0.19881062,0,0,0.8670014,1,1,0.7676546,1,0,0.15582411,0
19104,0,0.18005602,0,0,0.5976253,1,0,0.30986235,0,1,0.34002548,0,0,0.24456212,1
19134,0,0.026096387,0,0,0.14368711,0,1,0.9675446,1,0,0.24145088,0,0,0.19828281,0
19147,0,0.7898111,1,0,0.037945744,0,1,0.26274854,0,0,0.04267281,0,0,0.07514084,0
19164,0,0.088584654,0,1,0.66317415,1,1,0.26247308,0,0,0.3026599,0,0,0.22070068,1
19187,0,0.40799153,1,0,0.05638625,0,0,0.54218423,0,1,0.24640866,0,0,0.11365691,0
19208,1,0.8814696,1,0,0.0339487,0,0,0.08762511,0,0,0.027996138,0,0,0.04890665,0
19209,0,0.83680296,1,1,0.091592535,0,0,0.01977793,0,0,0.0074786483,0,0,0.019570664,0
19213,1,0.55760473,1,0,0.03854526,0,0,0.48180285,0,0,0.12807152,0,0,0.08214946,0
19217,1,0.55473125,1,0,0.0094233025,0,0,0.7403134,0,0,0.022353476,0,0,0.053858787,0
19226,0,0.14576992,0,1,0.74940884,1,0,0.07105998,0,0,0.04445128,0,0,0.083165415,0
19231,1,0.33927697,0,0,0.038788076,0,0,0.7615601,1,0,0.14533061,0,0,0.11262327,0
19250,0,0.6193853,1,1,0.27618662,1,0,0.08272739,0,0,0.018014733,0,0,0.06381748,0
19251,0,0.16895789,0,1,0.6533802,1,0,0.21906617,0,0,0.16768606,0,0,0.18846865,0
19254,1,0.26468965,0,0,0.5549603,1,0,0.15472987,0,0,0.07473159,0,0,0.11661313,0
19256,1,0.77036947,1,0,0.087362535,0,0,0.12951088,0,0,0.08365206,0,0,0.07282597,0
19267,0,0.019913172,0,1,0.57082844,1,1,0.717727,0,0,0.5163512,1,1,0.375117,1
19268,0,0.0013983891,0,1,0.3378899,1,0,0.9656084,1,0,0.6025536,1,0,0.20332143,1
19271,1,0.85063493,1,0,0.0050898,0,0,0.27962282,0,0,0.014950295,0,0,0.029629977,0
19286,1,0.76376575,1,0,0.015829554,0,0,0.4536582,0,0,0.011524526,0,0,0.052526787,0
19287,1,0.85555875,1,0,0.05211514,0,0,0.07808251,0,0,0.016069502,0,0,0.044259958,0
19291,1,0.6145825,1,0,0.065674685,0,0,0.42906454,0,0,0.08038059,0,0,0.09374043,0
19293,1,0.2171421,0,0,0.03776968,0,0,0.78601557,1,0,0.2593777,0,0,0.10827553,0
19305,0,0.0012029606,0,0,0.14410785,0,1,0.9583038,1,0,0.82240844,1,0,0.11117003,0
19314,1,0.2551738,0,0,0.06387996,0,0,0.8514881,1,0,0.078469016,0,0,0.1128144,0
19316,0,0.005989362,0,0,0.25820065,1,0,0.87258816,1,1,0.77338195,1,0,0.16150221,0
19324,1,0.9424178,1,0,0.012256656,0,0,0.033929903,0,0,0.00719713,0,0,0.01785536,0
19328,0,0.04619335,0,1,0.8539155,1,0,0.10977603,0,0,0.12031086,0,0,0.24672176,1
19330,0,0.833352,1,0,0.03199796,0,1,0.19045386,0,0,0.03172405,0,0,0.061502468,0
19333,1,0.83171815,1,0,0.031306278,0,0,0.14230067,0,0,0.048807766,0,0,0.04752625,0
19334,0,0.945854,1,0,0.0033601387,0,0,0.04357412,0,1,0.01655966,0,0,0.0148657365,0
19345,0,0.043873005,0,0,0.033541933,0,1,0.95002484,1,0,0.29216248,0,0,0.12043558,0
19350,1,0.977598,1,0,0.0020286525,0,0,0.012810332,0,0,0.0023609586,0,0,0.005488897,0
19353,0,0.021922627,0,0,0.23826714,0,0,0.21870854,0,1,0.90113574,1,0,0.090953946,0
19370,0,0.006449175,0,0,0.357606,1,0,0.36053628,0,1,0.900242,1,0,0.14519721,0
19376,1,0.43022978,1,0,0.019800644,0,0,0.7899272,1,0,0.039388306,0,0,0.06350918,0
19388,0,0.0039085587,0,1,0.14414087,0,0,0.9196964,1,1,0.8154258,1,0,0.11940262,0
19396,0,0.0042906576,0,0,0.36703202,1,0,0.32382703,0,1,0.9150386,1,0,0.13600035,0
19402,0,0.93618596,1,0,0.009401512,0,0,0.03769595,0,1,0.016353507,0,0,0.019646497,0
19408,0,0.012718031,0,1,0.32675827,1,1,0.92782366,1,0,0.42406493,1,0,0.18863247,0
19409,0,0.16101807,0,0,0.2532593,1,0,0.6917685,0,1,0.35626763,1,0,0.1560285,0
19412,1,0.2852108,0,0,0.345253,1,0,0.3274909,0,0,0.15536463,0,0,0.2063237,1
19424,1,0.78617394,1,0,0.020892862,0,0,0.26610914,0,0,0.031523608,0,0,0.045715533,0
19427,0,0.20346329,0,1,0.6480617,1,0,0.16547367,0,0,0.07967013,0,0,0.24011259,1
19432,1,0.87397796,1,0,0.027792523,0,0,0.11940852,0,0,0.032726016,0,0,0.05706328,0
19461,1,0.9341289,1,0,0.008926832,0,1,0.066374525,0,0,0.010573133,0,0,0.024365894,0
19466,1,0.665408,1,0,0.28528193,1,0,0.064148866,0,0,0.0203765,0,0,0.06342298,0
19507,0,0.001738237,0,0,0.39023674,1,0,0.798745,1,1,0.8504985,1,0,0.22132704,1
19517,0,0.022186566,0,1,0.335827,1,0,0.7640307,1,0,0.6255914,1,0,0.15674704,0
19526,0,0.006071048,0,1,0.8047333,1,0,0.22352731,0,1,0.6517337,1,1,0.416554,1
19547,0,0.18471979,0,1,0.79236346,1,0,0.019425947,0,0,0.008744082,0,0,0.042916775,0
19571,0,0.0015558938,0,0,0.16944264,0,0,0.925356,1,1,0.8532539,1,0,0.099001914,0
19572,0,0.014219457,0,0,0.17030025,0,0,0.7905712,1,1,0.81011546,1,0,0.12318838,0
19605,1,0.91563725,1,0,0.008230327,0,0,0.045491446,0,0,0.039145254,0,0,0.021698538,0
19661,0,0.8232155,1,0,0.012289287,0,0,0.11053768,0,1,0.10175407,0,0,0.039027184,0
19664,0,0.8215714,1,0,0.039442286,0,1,0.102214284,0,0,0.08669696,0,1,0.051466186,0
19669,1,0.93578386,1,0,0.018296005,0,0,0.039330475,0,0,0.0048973425,0,0,0.01901484,0
19670,1,0.9289955,1,0,0.011497046,0,0,0.068847746,0,0,0.010885836,0,0,0.029021759,0
19686,0,0.004945803,0,0,0.25063762,1,1,0.8957685,1,1,0.7708976,1,1,0.18074425,0
19695,0,0.64634115,1,0,0.13025208,0,1,0.2728286,0,0,0.049705185,0,0,0.10367708,0
19701,0,0.7335875,1,0,0.015403755,0,1,0.519779,0,0,0.009337073,0,0,0.047573708,0
19703,1,0.76311165,1,0,0.07885126,0,0,0.20228164,0,0,0.029260611,0,0,0.07712217,0
19723,1,0.9548679,1,0,0.006259284,0,0,0.037150566,0,0,0.0047110794,0,0,0.014481023,0
19726,0,0.0010670592,0,0,0.35875928,1,1,0.89485556,1,1,0.8151229,1,0,0.26329824,1
19780,0,0.047036782,0,0,0.13335967,0,1,0.9473735,1,1,0.2914495,0,0,0.19644526,0
19848,0,0.023237986,0,0,0.2444365,0,1,0.8223508,1,1,0.66088134,1,0,0.18920584,0
19853,1,0.8940324,1,0,0.033850692,0,0,0.07866609,0,0,0.011030745,0,0,0.038296808,0
19858,0,0.018295186,0,0,0.011016879,0,1,0.9791621,1,0,0.25163203,0,0,0.064227454,0
19867,1,0.9654305,1,0,0.002363648,0,0,0.024326948,0,0,0.0083428575,0,0,0.009403622,0
19877,0,0.004817734,0,0,0.110206194,0,0,0.9382303,1,1,0.767515,1,0,0.09139461,0
19882,0,0.35056564,0,0,0.057621885,0,1,0.7975137,1,0,0.07816983,0,0,0.13111031,0
19884,1,0.577755,1,0,0.020106604,0,0,0.575998,0,0,0.06747774,0,0,0.0749227,0
19893,1,0.40692344,1,0,0.4658072,1,0,0.118070595,0,0,0.04799609,0,0,0.086175635,0
19906,0,0.004704379,0,0,0.09609252,0,1,0.9172275,1,1,0.8194561,1,0,0.086030945,0
19914,0,0.71393716,1,1,0.21406068,0,0,0.07278101,0,0,0.029238703,0,0,0.06142924,0
19920,0,0.13073593,0,0,0.054287724,0,1,0.4966757,0,0,0.6818608,1,0,0.098271266,0
19924,1,0.6631098,1,0,0.24971788,0,0,0.09413865,0,0,0.02373346,0,0,0.07031883,0
19929,1,0.8896304,1,0,0.039259356,0,0,0.0474928,0,0,0.013512056,0,0,0.03037124,0
19935,0,0.008782064,0,1,0.015798643,0,1,0.9900435,1,1,0.24046357,0,0,0.10267719,0
19942,1,0.7873691,1,0,0.09021653,0,0,0.13457611,0,0,0.06477991,0,0,0.07532927,0
19951,0,0.17111874,0,0,0.06508482,0,1,0.9223451,1,0,0.061570324,0,0,0.12900999,0
19955,1,0.88895005,1,0,0.02309297,0,0,0.11326105,0,0,0.020035442,0,0,0.04862438,0
19956,0,0.014680558,0,0,0.28486332,1,0,0.80637115,1,1,0.73721915,1,0,0.16805908,0
19959,1,0.94443506,1,0,0.01487182,0,0,0.028454015,0,0,0.0044270162,0,0,0.014990973,0
19960,1,0.09924419,0,0,0.106414735,0,0,0.9253802,1,0,0.12015726,0,0,0.16024134,0
19981,1,0.74434334,1,0,0.15513577,0,0,0.10104521,0,0,0.029388664,0,0,0.059869856,0
19987,1,0.9537409,1,0,0.007214742,0,0,0.04341329,0,0,0.0034924687,0,0,0.015744593,0
19990,0,0.676589,1,1,0.20342036,0,0,0.14485464,0,0,0.055273335,0,0,0.11759494,0
20023,1,0.57464844,1,0,0.043346193,0,0,0.6227011,0,0,0.027221672,0,0,0.0794468,0
20024,0,0.0117802685,0,1,0.676611,1,0,0.36206335,0,0,0.6012928,1,0,0.25141776,1
20037,1,0.8063412,1,0,0.06975825,0,0,0.13876899,0,0,0.03221594,0,0,0.059783034,0
20049,0,0.16704579,0,1,0.7551178,1,0,0.10926724,0,0,0.059344217,0,0,0.18337828,0
20068,0,0.010963345,0,1,0.9304064,1,0,0.08940531,0,0,0.083236374,0,0,0.36173695,1
20079,0,0.0035650744,0,0,0.23667563,0,0,0.32653558,0,1,0.94537425,1,0,0.0980843,0
20084,0,0.010017439,0,1,0.9069803,1,0,0.17223042,0,0,0.17047444,0,0,0.4150062,1
20100,0,0.010882586,0,0,0.062359262,0,1,0.96414596,1,0,0.55893165,1,0,0.11699125,0
20117,1,0.940789,1,0,0.012394532,0,0,0.037569422,0,0,0.0075204647,0,0,0.018859109,0
20120,0,0.004574822,0,0,0.043379188,0,1,0.9877764,1,0,0.47032145,1,0,0.10859836,0
20127,1,0.92186373,1,0,0.016766723,0,0,0.047042064,0,0,0.014354884,0,0,0.02234587,0
20141,0,0.0018817048,0,0,0.3123772,1,1,0.9593671,1,0,0.59702444,1,0,0.15667899,0
20149,1,0.9203761,1,0,0.019880924,0,0,0.061999217,0,0,0.009367339,0,0,0.028890654,0
20152,0,0.4311501,1,1,0.27609378,1,0,0.3504547,0,0,0.09273587,0,0,0.11062007,0
20198,1,0.76326066,1,0,0.026391845,0,0,0.25199944,0,0,0.07044204,0,0,0.06764367,0
20211,0,0.6616382,1,0,0.035584427,0,0,0.52065426,0,0,0.036758725,0,1,0.08713898,0
20214,0,0.016811565,0,1,0.2510765,1,1,0.85145813,1,1,0.5834552,1,1,0.2994975,1
20220,1,0.7272325,1,0,0.13609417,0,0,0.1420824,0,0,0.0379599,0,0,0.08366138,0
20224,0,0.012356061,0,0,0.2788527,1,1,0.8306181,1,1,0.6984454,1,0,0.26751,1
20236,0,0.0029669162,0,1,0.9569264,1,0,0.081565514,0,0,0.12198883,0,1,0.5217659,1
20240,0,0.05703596,0,1,0.77278507,1,0,0.23957206,0,1,0.2976089,0,0,0.33119822,1
20241,1,0.7775084,1,0,0.013986209,0,0,0.3684,0,0,0.026606712,0,0,0.0498117,0
20242,0,0.6031218,1,0,0.13763593,0,0,0.29175803,0,0,0.026775876,0,1,0.10211234,0
20252,0,0.01453534,0,0,0.1613256,0,1,0.97049946,1,0,0.33750102,0,0,0.18643719,0
20280,1,0.8976798,1,0,0.022269003,0,0,0.10363139,0,0,0.017007992,0,0,0.04545868,0
20288,0,0.07871573,0,0,0.49517003,1,0,0.2916333,0,1,0.40173018,1,0,0.099018246,0
20301,0,0.0011052707,0,0,0.1283917,0,1,0.96276325,1,1,0.82873017,1,0,0.12397368,0
20313,0,0.0031645738,0,0,0.41742793,1,1,0.8756457,1,1,0.71452,1,0,0.2635656,1
20317,0,0.0057464587,0,0,0.5762994,1,0,0.12032954,0,1,0.8250909,1,0,0.15289731,0
20330,0,0.0060424944,0,0,0.07235251,0,0,0.9250985,1,1,0.790055,1,0,0.07605829,0
20356,1,0.91950405,1,0,0.013806386,0,0,0.098551385,0,0,0.004431383,0,0,0.024416473,0
20369,0,0.940762,1,0,0.009175816,0,0,0.037608135,0,0,0.011741662,0,1,0.018241912,0
20387,1,0.8788958,1,0,0.030691849,0,0,0.099505395,0,0,0.02906849,0,0,0.047509734,0
20401,1,0.7299704,1,0,0.027625903,0,0,0.41714635,0,0,0.022107963,0,0,0.06180582,0
20402,1,0.9045633,1,0,0.007054821,0,0,0.12754682,0,0,0.0143900765,0,0,0.02634424,0
20515,0,0.0076006847,0,0,0.31487793,1,1,0.80198526,1,1,0.7471423,1,0,0.14583673,0
20523,1,0.97072953,1,0,0.002614031,0,0,0.023807246,0,0,0.003520152,0,0,0.009343211,0
20536,0,0.008246695,0,0,0.515963,1,1,0.8609133,1,1,0.38578448,1,0,0.20301786,1
20549,1,0.6379614,1,0,0.056123808,0,0,0.48600942,0,0,0.027141707,0,0,0.07755994,0
20563,0,0.7607654,1,1,0.15304318,0,0,0.1051839,0,0,0.029587409,0,0,0.06348802,0
20566,0,0.12583484,0,1,0.8313635,1,0,0.030100208,0,0,0.014040339,0,0,0.088514574,0
20576,1,0.931826,1,0,0.010229013,0,0,0.063553624,0,0,0.010587429,0,0,0.023407832,0
20602,0,0.014454657,0,1,0.36578742,1,1,0.9262097,1,0,0.32011604,0,0,0.23073314,1
20603,1,0.88983226,1,0,0.029535402,0,0,0.07904219,0,0,0.0222147,0,0,0.036348306,0
20624,1,0.98059213,1,0,0.0012897503,0,0,0.017962221,0,0,0.0015513779,0,0,0.0053193057,0
20646,0,0.0050512007,0,0,0.2156666,0,1,0.94556093,1,1,0.646431,1,0,0.16818789,0
20671,1,0.8625488,1,0,0.019384399,0,0,0.15091132,0,0,0.03205302,0,0,0.04587611,0
20674,0,0.053746752,0,0,0.06902191,0,1,0.9364771,1,0,0.28607136,0,0,0.16959861,0
20684,1,0.94968826,1,0,0.00631175,0,0,0.043804593,0,0,0.0067084366,0,0,0.016135566,0
20724,1,0.3004947,0,0,0.5898619,1,0,0.18940909,0,0,0.11089482,0,0,0.17438295,0
20730,1,0.84110206,1,0,0.043575186,0,0,0.11988783,0,0,0.04291184,0,0,0.052902453,0
20753,0,0.15470906,0,1,0.70321345,1,0,0.13207735,0,0,0.0999347,0,0,0.14077148,0
20775,0,0.5442737,1,0,0.037846126,0,0,0.34448692,0,1,0.23291503,0,0,0.074295826,0
20776,0,0.48934236,1,1,0.47632527,1,0,0.06221433,0,0,0.029618258,0,0,0.07221247,0
20801,0,0.0043388335,0,1,0.8864658,1,0,0.4067129,0,0,0.105863236,0,0,0.41592538,1
20831,1,0.9566544,1,0,0.0054764044,0,0,0.025212202,0,0,0.007591403,0,0,0.01203958,0
20865,0,0.0019263393,0,0,0.23842517,0,1,0.9023352,1,1,0.83888423,1,0,0.15758151,0
20873,0,0.26553914,0,1,0.58471245,1,0,0.10302806,0,0,0.113132715,0,0,0.109361604,0
20887,1,0.94332963,1,0,0.0063954527,0,0,0.06575959,0,0,0.006695251,0,0,0.021143556,0
20891,1,0.7420087,1,0,0.12605262,0,0,0.12909292,0,0,0.01599074,0,0,0.062383104,0
20893,0,0.031561773,0,0,0.046798576,0,1,0.9238728,1,0,0.43798658,1,0,0.13830845,0
20902,0,0.002733611,0,0,0.09734599,0,1,0.95708394,1,1,0.7780013,1,0,0.11223018,0
20905,1,0.9085208,1,0,0.006253047,0,0,0.12187461,0,0,0.018079784,0,0,0.029008143,0
20939,0,0.61739635,1,1,0.28255376,1,0,0.07452757,0,0,0.051297273,0,0,0.08564721,0
20943,1,0.7224469,1,0,0.2227144,0,0,0.041592922,0,0,0.014235936,0,0,0.04497694,0
20950,0,0.021944327,0,0,0.07818146,0,1,0.964803,1,0,0.33711886,0,1,0.17362961,0
20958,0,0.005060104,0,0,0.18089329,0,0,0.7968961,1,1,0.8741333,1,0,0.09976138,0
20966,0,0.074116796,0,0,0.0072977776,0,1,0.939257,1,0,0.20150419,0,0,0.0608452,0
20974,0,0.20331904,0,0,0.5081504,1,0,0.34123582,0,1,0.27757442,0,0,0.17013574,0
21004,0,0.0045444313,0,1,0.6341101,1,0,0.73402613,0,1,0.6311874,1,0,0.39154175,1
21011,0,0.83765924,1,0,0.08288507,0,1,0.06685977,0,0,0.012394643,0,0,0.040325608,0
21017,0,0.555522,1,1,0.10271414,0,0,0.4549192,0,0,0.01773694,0,0,0.081859745,0
21021,0,0.023983613,0,1,0.7832959,1,0,0.13799484,0,0,0.2803774,0,1,0.16442147,0
21028,0,0.2743721,0,0,0.1444141,0,0,0.696529,0,1,0.2809829,0,0,0.1564907,0
21036,1,0.9081853,1,0,0.018274272,0,0,0.08927088,0,0,0.014143542,0,0,0.035604894,0
21085,0,0.042040836,0,0,0.009969874,0,1,0.95689666,1,0,0.23599228,0,0,0.0638447,0
21093,0,0.02502239,0,0,0.029463701,0,1,0.94411916,1,0,0.4208193,1,0,0.08776875,0
21099,0,0.36207303,0,1,0.56482273,1,0,0.0687234,0,0,0.04089784,0,0,0.10889014,0
21104,0,0.030919563,0,1,0.66324115,1,0,0.20258501,0,1,0.44732648,1,1,0.1433046,0
21111,0,0.0022378338,0,0,0.10845268,0,1,0.964526,1,0,0.7708724,1,0,0.118801795,0
21148,0,0.1450797,0,0,0.014533006,0,1,0.81523204,1,0,0.3140593,0,0,0.06879659,0
21163,0,0.067350514,0,0,0.019741997,0,1,0.9158047,1,1,0.29820722,0,0,0.081121586,0
21173,0,0.0076710745,0,1,0.7576913,1,0,0.1561078,0,1,0.6000399,1,1,0.22881478,1
21177,1,0.772091,1,0,0.13628726,0,0,0.07954765,0,0,0.029416079,0,0,0.059791952,0
21181,0,0.09064001,0,0,0.013798946,0,1,0.90052325,1,0,0.2767341,0,0,0.07325966,0
21205,0,0.0037758444,0,0,0.40004838,1,0,0.29734388,0,1,0.91177607,1,0,0.14802709,0
21306,0,0.55131084,1,0,0.11191529,0,0,0.45038074,0,1,0.07721955,0,0,0.09234251,0
21325,0,0.0046945116,0,0,0.23499091,0,1,0.85806227,1,0,0.8261543,1,1,0.15602511,0
21363,0,0.0074331136,0,0,0.34133962,1,0,0.33268094,0,1,0.9019113,1,0,0.13946176,0
21385,1,0.9363332,1,0,0.011482466,0,0,0.05658874,0,0,0.007838859,0,0,0.024335857,0
21391,1,0.9614479,1,0,0.0030481291,0,0,0.021418532,0,0,0.011769904,0,0,0.0108146025,0
21431,0,0.022124585,0,1,0.7522546,1,1,0.5140249,0,0,0.1749768,0,1,0.33735937,1
21444,1,0.79111856,1,0,0.13316387,0,0,0.058679543,0,0,0.00834438,0,0,0.04411548,0
21555,0,0.022331335,0,1,0.80760676,1,0,0.30350262,0,0,0.33212328,0,1,0.3754784,1
21584,0,0.1790228,0,0,0.5644765,1,0,0.34818983,0,1,0.22850484,0,0,0.17524007,0
21622,1,0.8808711,1,0,0.028797965,0,0,0.08941113,0,0,0.03245443,0,0,0.044429317,0
21673,0,0.009080403,0,1,0.7419119,1,0,0.54241115,0,0,0.58320504,1,1,0.51760685,1
21675,0,0.00847845,0,1,0.7250878,1,1,0.6052947,0,0,0.5499334,1,1,0.53669834,1
21764,0,0.00056218536,0,0,0.34742,1,1,0.8935981,1,1,0.85977376,1,0,0.21651894,1
21796,0,0.0027809793,0,0,0.17262837,0,1,0.95569295,1,1,0.74428,1,0,0.1672346,0
21809,1,0.80461705,1,0,0.05974295,0,0,0.09885794,0,0,0.09279085,0,0,0.06046598,0
21812,0,0.027222103,0,0,0.045579027,0,1,0.95660216,1,0,0.36453292,1,0,0.12597904,0
21818,1,0.49570808,1,0,0.053641155,0,0,0.58852243,0,0,0.08437474,0,0,0.08574394,0
21819,0,0.043751746,0,0,0.26487198,1,1,0.9312761,1,0,0.15226732,0,0,0.21785934,1
21826,0,0.047508188,0,0,0.27938262,1,0,0.8458947,1,1,0.39454466,1,0,0.15320837,0
