ecg_id,true_NORM,prob_NORM,pred_NORM,true_STTC,prob_STTC,pred_STTC,true_CD,prob_CD,pred_CD,true_MI,prob_MI,pred_MI,true_HYP,prob_HYP,pred_HYP
11,1,0.9109153,1,0,0.005856248,0,0,0.03794874,0,0,0.024376156,0,0,0.023286235,0
25,1,0.9260566,1,0,0.013039352,0,0,0.022413349,0,0,0.007080333,0,0,0.025647342,0
26,0,0.042431004,0,1,0.5605022,1,0,0.2918242,0,0,0.55034316,1,0,0.21539097,1
28,0,0.035541333,0,1,0.56880164,1,0,0.27762297,0,0,0.5538091,1,0,0.19851749,0
31,1,0.9376302,1,0,0.0027246352,0,0,0.041674644,0,0,0.008873959,0,0,0.019507105,0
32,0,0.8627347,1,0,0.009706129,0,1,0.05505503,0,0,0.04130893,0,0,0.026415579,0
35,1,0.92857146,1,0,0.0065713176,0,0,0.029038357,0,0,0.012582039,0,0,0.023127321,0
36,1,0.8316863,1,0,0.011349247,0,0,0.035843097,0,0,0.106126554,0,0,0.023064222,0
39,0,0.101811096,0,1,0.49387783,1,0,0.109107174,0,1,0.50414985,1,0,0.11921391,0
40,1,0.75930506,1,0,0.03676641,0,0,0.17840618,0,0,0.07963706,0,0,0.083446406,0
43,1,0.93849415,1,0,0.0033404294,0,0,0.03693099,0,0,0.009606906,0,0,0.020779923,0
46,1,0.9391316,1,0,0.0046561155,0,0,0.023977699,0,0,0.01261887,0,0,0.019863306,0
47,1,0.88627005,1,0,0.01072504,0,0,0.041627374,0,0,0.04422321,0,0,0.030519733,0
52,0,0.79540586,1,0,0.019094685,0,1,0.19533187,0,0,0.03909494,0,0,0.06575668,0
60,1,0.90480125,1,0,0.0043734866,0,0,0.047936123,0,0,0.027949374,0,0,0.022235751,0
67,1,0.92860913,1,0,0.004803685,0,0,0.037977237,0,0,0.013506755,0,0,0.023920422,0
71,1,0.9352772,1,0,0.011522641,0,0,0.015778977,0,0,0.0072716014,0,0,0.021940788,0
74,1,0.95574963,1,0,0.0032357448,0,0,0.01843611,0,0,0.007820064,0,0,0.0174099,0
75,1,0.81383175,1,0,0.029785005,0,0,0.14461145,0,0,0.044622388,0,0,0.0782004,0
76,1,0.9375323,1,0,0.0026895031,0,0,0.023301883,0,0,0.020366555,0,0,0.015084731,0
82,1,0.9254904,1,0,0.0062530176,0,0,0.025830371,0,0,0.018995786,0,0,0.021800138,0
83,1,0.7316418,1,0,0.062258452,0,0,0.11343052,0,0,0.15454845,0,0,0.08303987,0
85,1,0.8790369,1,0,0.0071364813,0,0,0.09286258,0,0,0.025963241,0,0,0.036279134,0
90,1,0.9488744,1,0,0.002623052,0,0,0.027432531,0,0,0.008414469,0,0,0.017403767,0
91,1,0.97232676,1,0,0.0015736874,0,0,0.010075923,0,0,0.0038219758,0,0,0.010641627,0
93,1,0.95796967,1,0,0.0024514615,0,0,0.019796334,0,0,0.0066492492,0,0,0.015676364,0
94,1,0.93362546,1,0,0.0058318106,0,0,0.026116427,0,0,0.0112893665,0,0,0.021194164,0
98,1,0.6301342,1,0,0.047101084,0,0,0.351958,1,0,0.08446753,0,0,0.09604625,0
101,1,0.7932796,1,0,0.047303278,0,0,0.0814458,0,0,0.058416303,0,0,0.060078718,0
105,1,0.664545,1,0,0.020168507,0,0,0.064580716,0,0,0.28596804,0,0,0.029663147,0
106,0,0.801064,1,0,0.015707137,0,0,0.05075485,0,1,0.13636754,0,1,0.031816576,0
111,1,0.8932536,1,0,0.008961385,0,0,0.035834834,0,0,0.039257206,0,0,0.025705766,0
116,0,0.6640998,1,1,0.1841954,0,0,0.048822004,0,0,0.054930743,0,0,0.05984998,0
120,1,0.9344068,1,0,0.01025106,0,0,0.019974107,0,0,0.008697046,0,0,0.024273325,0
124,1,0.8218608,1,0,0.02161287,0,0,0.12401473,0,0,0.057226304,0,0,0.0640599,0
129,1,0.92185384,1,0,0.0056697866,0,0,0.037350196,0,0,0.019363267,0,0,0.025319124,0
131,0,0.73004156,1,0,0.021184223,0,0,0.0518259,0,1,0.21101643,0,0,0.030865919,0
135,0,0.067217104,0,1,0.67668813,1,0,0.086348526,0,0,0.28584623,0,0,0.12184153,0
136,1,0.76995695,1,0,0.035708748,0,0,0.076921046,0,0,0.13455132,0,0,0.05432182,0
146,0,0.0038527332,0,1,0.288088,0,0,0.28828394,0,1,0.9330797,1,1,0.13760003,0
148,0,0.20531484,0,1,0.07947023,0,0,0.7976857,1,0,0.11487973,0,0,0.14596973,0
149,1,0.91798407,1,0,0.00961071,0,0,0.04210536,0,0,0.015201229,0,0,0.034130696,0
169,0,0.22402105,0,0,0.44607216,1,1,0.18320625,0,0,0.35397995,1,0,0.12625867,0
170,0,0.0051027876,0,1,0.9058957,1,0,0.10013032,0,0,0.16612098,0,0,0.3621748,1
171,0,0.019498862,0,1,0.8691912,1,0,0.07570279,0,0,0.11262333,0,0,0.22279264,1
172,0,0.0038892785,0,0,0.1550438,0,1,0.93000656,1,0,0.66198635,1,0,0.14679363,0
176,1,0.75918674,1,0,0.107962586,0,0,0.052013803,0,0,0.042752307,0,0,0.062597744,0
184,0,0.0028829458,0,0,0.12554803,0,0,0.8647568,1,1,0.8477085,1,0,0.10647693,0
185,1,0.7710852,1,0,0.03302069,0,0,0.10451462,0,0,0.08430262,0,0,0.054123193,0
187,1,0.74638945,1,0,0.058242418,0,0,0.10218089,0,0,0.08652324,0,0,0.06600624,0
189,0,0.004934226,0,0,0.10032706,0,0,0.7251773,1,1,0.898111,1,0,0.09136003,0
198,1,0.91027814,1,0,0.0075779622,0,0,0.044499505,0,0,0.019537317,0,0,0.028894981,0
199,0,0.6991349,1,0,0.024333542,0,0,0.054694105,0,1,0.22894463,0,1,0.030393831,0
205,1,0.6871506,1,0,0.09968473,0,0,0.06809181,0,0,0.11206025,0,0,0.062296502,0
218,1,0.8380586,1,0,0.020810787,0,1,0.08943367,0,0,0.036386687,0,0,0.04851439,0
222,0,0.0050085373,0,0,0.15462013,0,1,0.9220727,1,0,0.6494139,1,1,0.15772265,0
223,0,0.00053646736,0,1,0.77497363,1,0,0.4262876,1,1,0.705309,1,1,0.48661104,1
225,1,0.66599137,1,0,0.062403478,0,0,0.19046248,0,0,0.19797054,0,0,0.0974981,0
229,1,0.9471195,1,0,0.002905153,0,0,0.024456644,0,0,0.011095167,0,0,0.017556358,0
233,1,0.8980131,1,0,0.009015451,0,0,0.063882515,0,0,0.020668263,0,0,0.036715783,0
235,1,0.11216502,0,0,0.05609925,0,1,0.87750983,1,0,0.1458834,0,0,0.1324025,0
237,1,0.93341553,1,0,0.007429677,0,0,0.024166903,0,0,0.012485183,0,0,0.024061207,0
249,1,0.657747,1,0,0.14967199,0,0,0.08165128,0,0,0.107535735,0,0,0.07948367,0
252,1,0.72282875,1,0,0.094006054,0,0,0.13131855,0,0,0.09566811,0,0,0.0979573,0
259,0,0.3789061,0,1,0.52216375,1,0,0.091241166,0,0,0.098284096,0,0,0.11340915,0
260,0,0.69052815,1,1,0.053749125,0,1,0.07409395,0,0,0.17444363,0,0,0.048501864,0
262,1,0.8964611,1,0,0.0068509276,0,0,0.03260203,0,0,0.050050873,0,0,0.023213986,0
275,1,0.8953692,1,0,0.0045086346,0,0,0.032017533,0,0,0.047919493,0,0,0.017057825,0
277,1,0.91928893,1,0,0.005782683,0,0,0.042217523,0,0,0.013718822,0,0,0.024867196,0
278,1,0.6472468,1,0,0.2560774,0,0,0.043792143,0,0,0.032553006,0,0,0.060337696,0
283,1,0.85006773,1,0,0.02985672,0,0,0.05372659,0,0,0.03518824,0,0,0.045842875,0
284,0,0.014730281,0,1,0.6004288,1,0,0.29622072,0,0,0.6550927,1,1,0.24336149,1
285,0,0.72262955,1,0,0.023284271,0,1,0.12990953,0,0,0.1319851,0,0,0.045397576,0
287,0,0.028262066,0,0,0.14620486,0,1,0.9216623,1,1,0.25020358,0,0,0.18850714,0
289,1,0.68563825,1,0,0.16357629,0,0,0.09724159,0,0,0.06698708,0,0,0.09186681,0
296,0,0.0037800167,0,1,0.8988125,1,0,0.14184049,0,0,0.2707506,0,1,0.51094705,1
309,1,0.86312807,1,0,0.008779416,0,0,0.060348623,0,0,0.048396725,0,0,0.028381987,0
319,0,0.13659936,0,0,0.34271786,0,0,0.17518888,0,1,0.6066673,1,0,0.110453986,0
321,0,0.031147905,0,1,0.57050264,1,0,0.37462014,1,0,0.5806982,1,0,0.2623399,1
330,1,0.7849182,1,0,0.035613216,0,0,0.14978328,0,0,0.07531355,0,0,0.082941435,0
331,0,0.78593767,1,0,0.038832135,0,1,0.095402725,0,0,0.069991425,0,0,0.05827704,0
343,1,0.77427894,1,0,0.006490142,0,0,0.2385283,0,0,0.041150235,0,0,0.037303437,0
344,0,0.115648165,0,1,0.67825973,1,0,0.06715045,0,0,0.18151066,0,0,0.11577671,0
356,1,0.6570776,1,0,0.020946411,0,0,0.20295419,0,0,0.15841965,0,0,0.04996979,0
358,1,0.9750089,1,0,0.0005334648,0,0,0.01085652,0,0,0.0042336355,0,0,0.0066380305,0
360,1,0.8994564,1,0,0.0027570664,0,0,0.07615871,0,0,0.017536474,0,0,0.020002404,0
362,1,0.8025344,1,0,0.004468497,0,1,0.260305,0,0,0.022147162,0,0,0.034506768,0
365,1,0.8827047,1,0,0.011398005,0,0,0.086801745,0,0,0.02018741,0,0,0.044942163,0
376,1,0.895548,1,0,0.01510739,0,0,0.04792948,0,0,0.026317887,0,0,0.041828435,0
379,1,0.95839304,1,0,0.0014331465,0,0,0.024293113,0,0,0.0061957845,0,0,0.013163622,0
389,1,0.9721053,1,0,0.0017519488,0,0,0.008784778,0,0,0.0033396534,0,0,0.00986808,0
390,0,0.78259575,1,0,0.032538626,0,1,0.15786123,0,0,0.0412825,0,0,0.07103107,0
405,1,0.88885933,1,0,0.008043325,0,0,0.07200903,0,0,0.027189745,0,0,0.035936747,0
410,1,0.9087676,1,0,0.004966348,0,0,0.039952673,0,0,0.029638922,0,0,0.022249077,0
416,0,0.035582963,0,1,0.74335027,1,0,0.12489685,0,0,0.3029416,0,0,0.22689348,1
423,0,0.0028836394,0,1,0.8107917,1,1,0.38824642,1,1,0.44002822,1,1,0.50824153,1
424,0,0.015391052,0,0,0.055196825,0,1,0.9741708,1,0,0.13523197,0,0,0.16437075,0
425,0,0.031165738,0,1,0.47139183,1,0,0.2980938,0,1,0.7416831,1,1,0.22222579,1
433,1,0.47184002,1,0,0.3693564,1,0,0.09645699,0,0,0.13823682,0,0,0.105877124,0
440,1,0.85760677,1,0,0.020637058,0,0,0.050481807,0,0,0.04297601,0,0,0.03855129,0
445,1,0.64931315,1,0,0.07749698,0,0,0.153757,0,0,0.22202022,0,0,0.092190415,0
446,1,0.87373334,1,0,0.011120649,0,0,0.05115455,0,0,0.044615723,0,0,0.031587806,0
450,0,0.03085883,0,1,0.78906816,1,0,0.08465923,0,0,0.23760752,0,0,0.18588856,0
453,0,0.048937548,0,0,0.11170817,0,0,0.11438676,0,1,0.8677035,1,0,0.04655027,0
454,1,0.88903403,1,0,0.010786439,0,0,0.06407516,0,0,0.024449462,0,0,0.038441915,0
464,0,0.072278805,0,0,0.14071825,0,0,0.89015406,1,1,0.18393196,0,0,0.1966859,0
467,1,0.9267479,1,0,0.0027426681,0,0,0.02063134,0,0,0.028497739,0,0,0.012413686,0
471,1,0.8913646,1,0,0.0036784739,0,0,0.043443915,0,0,0.041642893,0,0,0.017160472,0
472,1,0.84900147,1,0,0.024193421,0,0,0.04024761,0,0,0.049510807,0,0,0.035323143,0
473,1,0.863047,1,0,0.005444488,0,0,0.10839611,0,0,0.028301714,0,0,0.030253349,0
475,1,0.3765901,0,0,0.43664342,1,0,0.05544107,0,0,0.12859342,0,0,0.07219541,0
480,1,0.744791,1,0,0.07505706,0,0,0.062973306,0,0,0.08161639,0,0,0.058281362,0
486,0,0.19358459,0,0,0.3070111,0,0,0.1492674,0,1,0.5919004,1,0,0.114627324,0
489,0,0.008743128,0,0,0.10969464,0,1,0.9562439,1,0,0.3446939,0,1,0.17410791,0
490,1,0.9210311,1,0,0.007823947,0,0,0.044535063,0,0,0.011432569,0,0,0.030709593,0
491,1,0.9303357,1,0,0.006079369,0,0,0.026978403,0,0,0.01605192,0,0,0.023023225,0
492,0,0.49582222,1,0,0.11938938,0,0,0.19447027,0,1,0.3752054,1,0,0.10421522,0
500,0,0.019614736,0,1,0.38328683,1,1,0.3758126,1,1,0.81108034,1,1,0.18749765,0
516,0,0.0020318995,0,1,0.8718927,1,0,0.387065,1,0,0.18753377,0,1,0.49805164,1
517,0,0.0056798826,0,0,0.059864245,0,1,0.9836375,1,0,0.18878482,0,0,0.16850393,0
522,0,0.03737201,0,1,0.77197534,1,1,0.14726005,0,0,0.21815065,0,0,0.22099242,1
525,0,0.042775467,0,1,0.74788487,1,0,0.15916577,0,0,0.2502317,0,0,0.22098914,1
528,0,0.0048843604,0,1,0.08049654,0,1,0.96407473,1,1,0.41898647,1,0,0.15477489,0
531,1,0.68644,1,0,0.1324264,0,0,0.12609304,0,0,0.08529708,0,0,0.09709933,0
532,0,0.0008644933,0,0,0.17553371,0,0,0.8487694,1,1,0.89053714,1,0,0.117976144,0
535,0,0.0013387786,0,0,0.23430687,0,1,0.6624466,1,1,0.9158486,1,0,0.15323676,0
539,1,0.9234233,1,0,0.0068991906,0,0,0.026147516,0,0,0.021349054,0,0,0.023053749,0
552,1,0.1836428,0,0,0.06366987,0,0,0.4977301,1,0,0.48198447,1,0,0.08852657,0
558,0,0.52647096,1,0,0.090096205,0,0,0.10374193,0,1,0.38879237,1,0,0.068934396,0
559,1,0.80670935,1,0,0.026427373,0,0,0.05290314,0,0,0.09660387,0,0,0.039818853,0
576,0,0.20253967,0,1,0.6535386,1,0,0.09594894,0,0,0.108506575,0,0,0.13337831,0
578,1,0.91235936,1,0,0.004724298,0,0,0.044980902,0,0,0.021437166,0,0,0.022756021,0
587,1,0.9670031,1,0,0.0013929164,0,0,0.014459108,0,0,0.0048705945,0,0,0.010917512,0
589,1,0.9632285,1,0,0.0010035478,0,0,0.009692801,0,0,0.01201508,0,0,0.0073298807,0
591,1,0.95790964,1,0,0.000855822,0,0,0.021971906,0,0,0.0073209307,0,0,0.009029726,0
592,0,0.09559909,0,0,0.07291078,0,1,0.72106737,1,1,0.4564007,1,0,0.120527014,0
607,0,0.012462336,0,0,0.16692355,0,1,0.8587366,1,1,0.68107647,1,0,0.15271077,0
610,0,0.0049196645,0,1,0.5995145,1,0,0.3848387,1,1,0.7476072,1,0,0.2885641,1
612,0,0.21871088,0,1,0.55110985,1,0,0.099860094,0,0,0.15598035,0,0,0.09173083,0
614,1,0.7970412,1,0,0.013167402,0,0,0.031217206,0,0,0.12702566,0,0,0.020104758,0
615,1,0.6195975,1,0,0.26630348,0,0,0.08943427,0,0,0.069427975,0,0,0.10269725,0
618,0,0.014623164,0,0,0.071852125,0,1,0.9539527,1,0,0.29840696,0,0,0.17000058,0
622,0,0.11021,0,1,0.22940771,0,0,0.18780236,0,1,0.7250273,1,0,0.09314207,0
624,1,0.90094256,1,0,0.010247489,0,0,0.031003501,0,0,0.028024284,0,0,0.025413278,0
626,0,0.10907491,0,1,0.52604884,1,1,0.1315839,0,0,0.40922067,1,1,0.11265615,0
632,0,0.09129662,0,1,0.6911444,1,0,0.059426833,0,0,0.19373061,0,0,0.10487644,0
636,0,0.0014348337,0,1,0.7855814,1,0,0.31834403,0,1,0.6784904,1,0,0.49554333,1
637,0,0.0011597986,0,1,0.48480925,1,1,0.8894125,1,0,0.51405245,1,0,0.31050038,1
638,1,0.91373307,1,0,0.0072505143,0,0,0.052953366,0,0,0.014962329,0,0,0.031982403,0
647,1,0.81104165,1,0,0.03889797,0,0,0.09939844,0,0,0.06406519,0,0,0.07183799,0
654,1,0.97317106,1,0,0.0012986468,0,0,0.010097676,0,0,0.0037793792,0,0,0.009779668,0
655,1,0.7708363,1,0,0.05069258,0,0,0.15551355,0,0,0.08719312,0,0,0.09972323,0
656,0,0.22894913,0,1,0.5872952,1,0,0.18256654,0,0,0.20625219,0,0,0.20639354,1
659,0,0.041127607,0,0,0.21124883,0,1,0.8812949,1,0,0.25639975,0,0,0.2024959,1
661,0,0.04491943,0,0,0.20254819,0,0,0.14525454,0,1,0.8368372,1,0,0.08087908,0
668,1,0.93504286,1,0,0.0059958044,0,0,0.020110568,0,0,0.014926635,0,0,0.019751687,0
676,1,0.85885835,1,0,0.017829055,0,0,0.0719967,0,0,0.05136874,0,0,0.049403466,0
681,0,0.10524095,0,0,0.48431897,1,1,0.30617994,0,1,0.5021117,1,0,0.18760823,0
697,0,0.54225653,1,0,0.14770916,0,0,0.34433785,0,0,0.117488824,0,1,0.14865825,0
708,0,0.11565453,0,1,0.20388477,0,0,0.05257439,0,1,0.68400073,1,0,0.04454905,0
715,1,0.7271316,1,0,0.029473446,0,0,0.09487098,0,0,0.1812661,0,0,0.048996802,0
725,1,0.88887733,1,0,0.007148865,0,0,0.051725514,0,0,0.026156923,0,0,0.02529266,0
728,0,0.02646472,0,0,0.4190086,1,1,0.30441147,0,1,0.76697457,1,0,0.17471507,0
731,0,0.0014588637,0,1,0.6381853,1,1,0.71463436,1,1,0.528731,1,0,0.35764524,1
733,0,0.04305338,0,0,0.27819374,0,1,0.8715312,1,0,0.15929642,0,0,0.2378144,1
749,1,0.93949246,1,0,0.0035171742,0,0,0.024717236,0,0,0.012989598,0,0,0.017255565,0
751,1,0.82092756,1,0,0.013464696,0,0,0.033523366,0,0,0.101528905,0,0,0.022912141,0
752,1,0.43672225,0,0,0.30909896,0,0,0.09722443,0,0,0.2446028,0,0,0.10018264,0
753,1,0.8944408,1,0,0.009969569,0,0,0.039846648,0,0,0.036189657,0,0,0.029699882,0
758,1,0.73889834,1,0,0.03607944,0,0,0.08651084,0,0,0.17475387,0,0,0.055074293,0
768,0,0.010127147,0,1,0.79801625,1,1,0.16322312,0,0,0.32525674,0,0,0.25515637,1
775,1,0.87857854,1,0,0.013368783,0,0,0.027958818,0,0,0.0420776,0,0,0.024749285,0
776,1,0.95393676,1,0,0.0026292708,0,0,0.021857608,0,0,0.007887345,0,0,0.01642103,0
785,0,0.21120006,0,0,0.026860466,0,1,0.8679831,1,0,0.08906542,0,0,0.11236827,0
792,1,0.78869194,1,0,0.07149757,0,0,0.054358494,0,0,0.043279674,0,0,0.055091918,0
796,0,0.003914543,0,0,0.3114152,0,1,0.9338693,1,0,0.4034808,1,1,0.28953847,1
798,0,0.0027363263,0,0,0.27365506,0,1,0.94293416,1,0,0.47986615,1,0,0.23809001,1
799,0,0.88109374,1,0,0.00961717,0,0,0.0361533,0,1,0.054065034,0,0,0.0258046,0
800,0,0.026971107,0,0,0.13933972,0,1,0.8574508,1,1,0.5333695,1,0,0.16147465,0
801,0,0.45945752,1,1,0.16651896,0,0,0.15158632,0,0,0.3856338,1,0,0.10019298,0
805,1,0.61311287,1,0,0.18373486,0,0,0.06637198,0,0,0.10510034,0,0,0.069670714,0
810,0,0.59197176,1,0,0.03800975,0,0,0.16012119,0,1,0.28732422,0,0,0.05811318,0
811,0,0.13689068,0,1,0.6626984,1,0,0.067446895,0,0,0.16496861,0,0,0.09925694,0
814,0,0.008140721,0,1,0.10230939,0,1,0.9713202,1,0,0.27422678,0,1,0.21488191,1
817,1,0.40752473,0,0,0.2383266,0,0,0.29240197,0,0,0.25846303,0,0,0.13719335,0
824,1,0.71004915,1,0,0.004019003,0,0,0.014653476,0,0,0.27726406,0,0,0.006654536,0
832,1,0.95621115,1,0,0.00088386785,0,0,0.011203147,0,0,0.014041019,0,0,0.006257635,0
837,1,0.8838555,1,0,0.019627284,0,0,0.034247525,0,0,0.025728147,0,0,0.033264983,0
846,0,0.018376164,0,1,0.76869714,1,0,0.18563512,0,0,0.30668166,0,0,0.24167699,1
862,1,0.7363382,1,0,0.044704944,0,0,0.15989709,0,0,0.09132147,0,0,0.07624299,0
871,0,0.018000424,0,0,0.017671179,0,1,0.9794486,1,0,0.079585776,0,0,0.11059764,0
874,1,0.75395584,1,0,0.018740827,0,0,0.035856415,0,0,0.16285586,0,0,0.023674015,0
882,1,0.16540204,0,1,0.5441285,1,0,0.19246213,0,0,0.34802997,0,0,0.16394064,0
886,1,0.5653053,1,0,0.08089143,0,0,0.08845813,0,0,0.30105004,0,0,0.055518374,0
887,1,0.59740084,1,0,0.07330324,0,0,0.062395472,0,0,0.2500927,0,0,0.045546345,0
888,1,0.7533978,1,0,0.13199928,0,0,0.043681577,0,0,0.030926604,0,0,0.05837702,0
891,1,0.8453214,1,0,0.010883448,0,0,0.0375254,0,0,0.08045691,0,0,0.02319855,0
906,1,0.9205341,1,0,0.0072260695,0,0,0.026467826,0,0,0.016088119,0,0,0.021190014,0
908,0,0.2013479,0,1,0.3200816,0,0,0.39950132,1,0,0.42981592,1,0,0.1846869,0
911,1,0.9581168,1,0,0.0024150054,0,0,0.013918338,0,0,0.007811833,0,0,0.012691906,0
913,1,0.90180975,1,0,0.0061979457,0,0,0.034442715,0,0,0.03837426,0,0,0.022130212,0
916,1,0.9330066,1,0,0.007347266,0,0,0.02154165,0,0,0.013964742,0,0,0.02237908,0
920,1,0.8634338,1,0,0.016202021,0,0,0.0859488,0,0,0.028230025,0,0,0.04912443,0
922,1,0.18252447,0,0,0.31433693,0,0,0.09082315,0,0,0.5411574,1,0,0.07939908,0
925,1,0.89086616,1,0,0.007888998,0,0,0.06167319,0,0,0.024679495,0,0,0.031267814,0
933,1,0.80038214,1,0,0.028945835,0,0,0.078757904,0,0,0.076335505,0,0,0.047973115,0
935,1,0.97111195,1,0,0.0012288925,0,0,0.008435571,0,0,0.0061176275,0,0,0.008641334,0
939,0,0.14402577,0,1,0.64413655,1,0,0.17005198,0,0,0.20175575,0,0,0.18705633,0
951,1,0.9398169,1,0,0.0027037272,0,0,0.029887663,0,0,0.0137047,0,0,0.017274732,0
955,0,0.018171648,0,1,0.11078537,0,0,0.10910865,0,1,0.9272082,1,0,0.041827638,0
956,1,0.7720808,1,0,0.0100055,0,0,0.06022407,0,0,0.15505639,0,0,0.02405573,0
958,1,0.9249073,1,0,0.0035352898,0,0,0.035431232,0,0,0.019052282,0,0,0.018839471,0
961,1,0.5312276,1,0,0.09051155,0,0,0.0750346,0,0,0.3055866,0,0,0.049851958,0
964,0,0.0012353361,0,1,0.6120164,1,1,0.7412649,1,1,0.6007426,1,1,0.39021838,1
966,1,0.8752096,1,0,0.015663428,0,0,0.05277294,0,0,0.038132127,0,0,0.03933534,0
967,1,0.8628868,1,0,0.03583523,0,0,0.040329188,0,0,0.022857156,0,0,0.04372277,0
973,0,0.11974487,0,1,0.55908227,1,0,0.10141802,0,0,0.36530173,1,0,0.113268085,0
975,0,0.0051225014,0,0,0.12600541,0,1,0.948989,1,1,0.48569638,1,0,0.16119824,0
985,1,0.83477175,1,0,0.028689215,0,0,0.07923801,0,0,0.048348464,0,0,0.056074206,0
1011,1,0.7655045,1,0,0.041408997,0,0,0.108405426,0,0,0.07861965,0,0,0.06008434,0
1013,0,0.0024850057,0,1,0.8964682,1,0,0.23945963,0,0,0.19960347,0,1,0.49938124,1
1016,1,0.7645254,1,0,0.020254714,0,0,0.08270281,0,0,0.13185595,0,0,0.03843651,0
1017,0,0.03951701,0,1,0.5050032,1,1,0.6985298,1,0,0.27649817,0,0,0.29580697,1
1021,1,0.75682425,1,0,0.009140124,0,0,0.091205046,0,0,0.13755962,0,0,0.026259884,0
1024,0,0.04778829,0,0,0.0137145715,0,1,0.9751521,1,0,0.040831044,0,0,0.102586195,0
1025,0,0.001677082,0,1,0.4596005,1,1,0.4320171,1,1,0.8951808,1,1,0.2557861,1
1028,1,0.85279936,1,0,0.017524485,0,0,0.050490092,0,0,0.066193864,0,0,0.037347976,0
1033,0,0.0027476808,0,1,0.8300494,1,1,0.24792138,0,1,0.5488021,1,1,0.5241743,1
1056,0,0.0008451701,0,0,0.19154152,0,1,0.935455,1,1,0.74910647,1,0,0.12073077,0
1057,1,0.65686846,1,0,0.008713403,0,0,0.0294826,0,0,0.32620057,0,0,0.013344879,0
1064,0,0.21983476,0,0,0.5195507,1,1,0.17486934,0,0,0.27250803,0,0,0.13830586,0
1065,0,0.0042685,0,1,0.8329961,1,0,0.2793676,0,0,0.31179893,0,0,0.4237836,1
1075,0,0.0031097326,0,0,0.4230326,1,1,0.79673886,1,1,0.6356892,1,0,0.25492024,1
1077,0,0.0074757817,0,0,0.7155496,1,1,0.38665247,1,1,0.4375228,1,0,0.31895888,1
1079,0,0.1652437,0,0,0.12756068,0,1,0.55467737,1,1,0.4713859,1,0,0.1299056,0
1084,1,0.87661827,1,0,0.015957348,0,0,0.06464455,0,0,0.03342243,0,0,0.04558002,0
1093,0,0.00058640144,0,1,0.38663423,1,1,0.9007051,1,1,0.6696762,1,0,0.20329593,1
1108,0,0.61751384,1,0,0.07250224,0,1,0.15055557,0,1,0.26140442,0,0,0.08024288,0
1118,1,0.9158439,1,0,0.0068578124,0,0,0.045042455,0,0,0.019370008,0,0,0.029919844,0
1126,0,0.0030508505,0,1,0.6581025,1,0,0.71387464,1,1,0.3812605,1,1,0.3599774,1
1146,0,0.0311562,0,1,0.7822649,1,0,0.10427028,0,0,0.20722823,0,0,0.17048901,0
1161,1,0.025527963,0,0,0.5223099,1,0,0.5994487,1,0,0.35037422,1,0,0.19760667,0
1163,1,0.9699785,1,0,0.0006438292,0,0,0.007987824,0,0,0.009788566,0,0,0.0058614947,0
1165,1,0.8740495,1,0,0.0073261694,0,0,0.08791086,0,0,0.027053395,0,0,0.03353225,0
1167,1,0.83342314,1,0,0.021680571,0,0,0.06330682,0,0,0.07042685,0,0,0.043377373,0
1169,1,0.9048241,1,0,0.0063649667,0,0,0.037564848,0,0,0.026059438,0,0,0.022528151,0
1172,1,0.20037982,0,0,0.11046843,0,0,0.67718923,1,0,0.20187622,0,0,0.12505992,0
1182,1,0.90195656,1,0,0.0025742853,0,0,0.03990639,0,0,0.03580677,0,0,0.014333951,0
1195,1,0.80488855,1,0,0.004011143,0,0,0.021974126,0,0,0.16270316,0,0,0.009662817,0
1197,1,0.60457766,1,0,0.086191125,0,0,0.31212634,0,0,0.11896559,0,0,0.116234496,0
1200,0,0.12704116,0,0,0.24031554,0,1,0.3966394,1,1,0.5728189,1,0,0.1359429,0
1206,1,0.65634394,1,0,0.07928137,0,0,0.19489779,0,0,0.13535136,0,0,0.09386302,0
1207,0,0.06740837,0,1,0.6294084,1,0,0.1556116,0,0,0.30543375,0,0,0.14142613,0
1211,0,0.9327431,1,0,0.004120488,0,0,0.04316399,0,0,0.0087176785,0,1,0.023444582,0
1215,0,0.007929981,0,0,0.7231909,1,0,0.28194648,0,1,0.61746585,1,0,0.4007965,1
1229,0,0.09047229,0,1,0.63408136,1,0,0.105900444,0,0,0.33480227,0,0,0.14522938,0
1232,0,0.008163303,0,0,0.13753974,0,1,0.9479696,1,0,0.36654532,1,0,0.17656463,0
1237,0,0.006237366,0,0,0.0674222,0,1,0.9517693,1,0,0.43994153,1,0,0.13480395,0
1240,0,0.0076514874,0,0,0.08548363,0,1,0.9586929,1,0,0.30374703,0,0,0.14551328,0
1242,0,0.15537506,0,1,0.5169199,1,0,0.0760674,0,0,0.3583265,1,0,0.0976459,0
1251,1,0.48400152,1,0,0.09732742,0,0,0.33586714,0,0,0.25224805,0,0,0.10887919,0
1262,1,0.65966314,1,0,0.020419052,0,0,0.21438335,0,0,0.14324608,0,0,0.04960034,0
1263,1,0.6516228,1,0,0.06692371,0,0,0.077773504,0,0,0.21765287,0,0,0.054986104,0
1271,1,0.8783924,1,0,0.01853354,0,0,0.03483677,0,0,0.028433347,0,0,0.03092746,0
1280,1,0.8277609,1,0,0.009685023,0,0,0.030169265,0,0,0.10966112,0,0,0.018693594,0
1292,1,0.8686247,1,0,0.007522672,0,0,0.06479285,0,0,0.03774093,0,0,0.027052611,0
1301,1,0.91517466,1,0,0.010204588,0,0,0.028115895,0,0,0.017604472,0,0,0.025834506,0
1312,1,0.9173704,1,0,0.0058836285,0,0,0.036839634,0,0,0.022660475,0,0,0.024842335,0
1324,0,0.045024715,0,0,0.28226864,0,0,0.20592864,0,1,0.78009146,1,0,0.09957961,0
1325,0,0.07037728,0,0,0.2048292,0,0,0.3506364,1,1,0.7724514,1,1,0.12500203,0
1330,1,0.5165024,1,0,0.014385966,0,0,0.060125362,0,0,0.4740349,1,0,0.020905683,0
1341,1,0.8890721,1,0,0.011386611,0,0,0.054341193,0,0,0.027393406,0,0,0.035450663,0
1343,0,0.8328806,1,0,0.007135725,0,0,0.03060189,0,1,0.118116856,0,0,0.016850846,0
1347,0,0.024318216,0,0,0.044890042,0,1,0.9593268,1,0,0.16909958,0,0,0.13538489,0
1348,1,0.90017205,1,0,0.0058625755,0,0,0.039682675,0,0,0.03639086,0,0,0.022929396,0
1349,1,0.79643726,1,0,0.054189347,0,0,0.08844338,0,0,0.05657195,0,0,0.0709406,0
1354,1,0.88861006,1,0,0.006868639,0,1,0.054578558,0,0,0.0397775,0,0,0.028494801,0
1358,0,0.1378687,0,0,0.6208464,1,0,0.22413789,0,0,0.2570367,0,1,0.20529914,1
1361,1,0.79524344,1,0,0.057795767,0,0,0.069394656,0,0,0.053252876,0,0,0.06114173,0
1362,0,0.042582087,0,0,0.48464668,1,0,0.29867718,0,1,0.633488,1,0,0.17554995,0
1371,0,0.0042438977,0,0,0.16859472,0,1,0.6991958,1,1,0.88895094,1,0,0.10663141,0
1380,1,0.75545007,1,0,0.047489744,0,1,0.09858801,0,0,0.06895272,0,0,0.056141745,0
1383,1,0.88007736,1,0,0.008362095,0,0,0.083868,0,0,0.02730259,0,0,0.037724655,0
1385,0,0.72752005,1,0,0.09764374,0,0,0.14314032,0,0,0.08346641,0,1,0.10791967,0
1386,0,0.7863081,1,0,0.033779122,0,0,0.14891115,0,0,0.07973967,0,1,0.08118277,0
1391,0,0.0004961544,0,0,0.22264488,0,1,0.92784166,1,1,0.81145585,1,0,0.1461791,0
1401,1,0.9152421,1,0,0.014526901,0,0,0.029583473,0,0,0.015580355,0,0,0.033326138,0
1403,0,0.00036723368,0,1,0.7075019,1,1,0.5213597,1,1,0.76133096,1,1,0.39450896,1
1405,0,0.12493588,0,0,0.14390178,0,0,0.16453168,0,1,0.75808036,1,0,0.066898085,0
1413,1,0.86863726,1,0,0.0126055265,0,0,0.057839755,0,0,0.03680466,0,0,0.033712275,0
1415,0,0.6007531,1,0,0.024577418,0,0,0.18934643,0,1,0.22815384,0,0,0.04805339,0
1418,1,0.88952184,1,0,0.00949884,0,0,0.028806124,0,0,0.04560989,0,0,0.023456192,0
1419,0,0.0011330956,0,1,0.6836015,1,1,0.7071688,1,0,0.44428504,1,0,0.347166,1
1427,0,0.0051205675,0,1,0.6705211,1,0,0.30841294,0,1,0.7450178,1,0,0.38989413,1
1437,0,0.0018118377,0,1,0.16579887,0,1,0.9252749,1,1,0.74551195,1,0,0.13550773,0
1441,0,0.10865653,0,0,0.028007759,0,0,0.17075315,0,1,0.83879703,1,0,0.032339055,0
1443,0,0.0033414469,0,1,0.45638388,1,1,0.6340228,1,1,0.78609496,1,1,0.2537308,1
1444,0,0.02439946,0,0,0.039042998,0,1,0.9665182,1,0,0.1340056,0,0,0.13051248,0
1445,0,0.0032086817,0,1,0.7751981,1,0,0.3630131,1,0,0.56821185,1,0,0.4911171,1
1446,1,0.37474313,0,0,0.4925549,1,0,0.12399578,0,0,0.18189831,0,0,0.1557074,0
1450,0,0.19731416,0,0,0.54373956,1,1,0.15020266,0,0,0.18545493,0,0,0.11176936,0
1452,0,0.031669103,0,0,0.03606748,0,1,0.9665336,1,1,0.12624177,0,0,0.14279209,0
1457,0,0.007568787,0,1,0.24929668,0,0,0.21404617,0,1,0.9179757,1,0,0.098635316,0
1460,1,0.6587712,1,0,0.033615984,0,0,0.08081077,0,0,0.2809425,0,0,0.043726347,0
1468,1,0.8473553,1,0,0.01057029,0,0,0.05981868,0,0,0.06302606,0,0,0.02930346,0
1469,0,0.002330496,0,1,0.751867,1,1,0.26508856,0,0,0.7258142,1,1,0.44673392,1
1472,1,0.6813218,1,0,0.13413657,0,0,0.11816233,0,0,0.113670185,0,0,0.1030946,0
1478,0,0.024181874,0,0,0.04261682,0,1,0.9645342,1,0,0.14750946,0,0,0.1441388,0
1481,1,0.82744396,1,0,0.010273697,0,0,0.055573173,0,0,0.10115273,0,0,0.027767565,0
1486,0,0.00078883325,0,1,0.83830416,1,0,0.3176881,0,0,0.6230294,1,1,0.5591276,1
1490,0,0.05282967,0,1,0.21443886,0,0,0.37094927,1,1,0.7710526,1,0,0.11777301,0
1499,1,0.8758476,1,0,0.0071428977,0,0,0.041361287,0,0,0.05049589,0,0,0.021835323,0
1506,1,0.38557792,0,0,0.44812003,1,0,0.16117203,0,0,0.1819483,0,0,0.15719058,0
1526,1,0.7017494,1,0,0.06600981,0,0,0.15930402,0,0,0.136442,0,0,0.08835044,0
1537,0,0.0015322523,0,1,0.52153087,1,0,0.5018798,1,1,0.85314214,1,0,0.26836783,1
1541,0,0.4846924,1,0,0.050431695,0,0,0.1394039,0,1,0.41732478,1,0,0.053926967,0
1562,0,0.01202324,0,1,0.8445671,1,0,0.1232962,0,0,0.27860546,0,0,0.32373378,1
1566,1,0.36351237,0,0,0.06800717,0,0,0.16043691,0,0,0.514979,1,0,0.059575554,0
1572,0,0.08221564,0,1,0.5385948,1,1,0.2181263,0,0,0.44429615,1,0,0.14755401,0
1584,1,0.95534945,1,0,0.0007999266,0,0,0.014666844,0,0,0.013445847,0,0,0.0069725355,0
1586,0,0.012905248,0,0,0.636757,1,0,0.2940294,0,1,0.65119654,1,1,0.3053075,1
1588,0,0.07877224,0,1,0.71795684,1,0,0.07002921,0,1,0.17494582,0,0,0.11323542,0
1598,1,0.885038,1,0,0.018336253,0,0,0.040744007,0,0,0.022119023,0,0,0.03585252,0
1602,0,0.07687799,0,1,0.6767445,1,1,0.105758965,0,0,0.25712112,0,0,0.13113041,0
1604,1,0.6619925,1,0,0.0147887,0,0,0.24961552,0,0,0.11477596,0,0,0.044329863,0
1605,0,0.04934672,0,1,0.7596312,1,0,0.13542697,0,0,0.19905312,0,0,0.19829746,0
1608,0,0.0025563086,0,1,0.85958195,1,0,0.1414622,0,1,0.5417921,1,1,0.50303787,1
1614,1,0.8842196,1,0,0.008125935,0,0,0.05868742,0,0,0.031941786,0,0,0.030033268,0
1630,1,0.9268201,1,0,0.003402252,0,0,0.02934792,0,0,0.024116121,0,0,0.017566396,0
1635,0,0.00473607,0,0,0.122173235,0,1,0.9439245,1,1,0.5852587,1,0,0.15119308,0
1642,1,0.782262,1,0,0.013380386,0,1,0.19949114,0,0,0.040909413,0,0,0.050021153,0
1645,1,0.8391992,1,0,0.020718636,0,0,0.12453051,0,0,0.039957777,0,0,0.066634506,0
1646,0,0.005102512,0,1,0.8872059,1,0,0.16965528,0,0,0.2149838,0,0,0.44245878,1
1660,1,0.9461589,1,0,0.0014365434,0,0,0.024701882,0,0,0.013060399,0,0,0.011468732,0
1672,1,0.7310849,1,0,0.09547443,0,0,0.043431956,0,0,0.06115669,0,0,0.050114837,0
1679,1,0.7832578,1,0,0.053191677,0,1,0.059581555,0,0,0.07016072,0,0,0.052051175,0
1682,0,0.06715587,0,0,0.09994467,0,0,0.18908763,0,1,0.8499185,1,0,0.06397012,0
1684,0,0.0120868785,0,1,0.717471,1,1,0.35585472,1,0,0.45347348,1,1,0.35943452,1
1687,0,0.0085353395,0,0,0.6714798,1,0,0.23936898,0,1,0.7125793,1,1,0.34430227,1
1698,1,0.9490557,1,0,0.0024481195,0,0,0.032321274,0,0,0.0063658264,0,0,0.017860118,0
1707,1,0.9633513,1,0,0.0014656528,0,0,0.019608099,0,0,0.0047052186,0,0,0.012416439,0
1711,1,0.9103294,1,0,0.009742184,0,0,0.03708725,0,0,0.02323373,0,0,0.030990055,0
1713,0,0.07254313,0,1,0.5861246,1,1,0.21426424,0,0,0.4324221,1,0,0.17703435,0
1734,1,0.9613162,1,0,0.0022216886,0,0,0.01413144,0,0,0.0074543576,0,0,0.013403805,0
1735,0,0.046564925,0,0,0.042241223,0,1,0.95492464,1,0,0.10162424,0,0,0.14137296,0
1736,0,0.17743216,0,1,0.07452239,0,0,0.054205246,0,0,0.7398898,1,0,0.033731885,0
1747,0,0.08031125,0,0,0.12939028,0,0,0.07011248,0,1,0.81051725,1,0,0.043778576,0
1751,0,0.41762578,0,1,0.42477965,1,0,0.15262203,0,0,0.14911643,0,0,0.13853472,0
1754,0,0.036127537,0,0,0.17728253,0,1,0.8844452,1,1,0.3192216,0,0,0.1825365,0
1755,0,0.08776555,0,1,0.5692607,1,0,0.17546107,0,0,0.48550096,1,0,0.18010658,0
1766,0,0.41585183,0,0,0.041615967,0,1,0.5353512,1,0,0.202959,0,0,0.0894694,0
1781,0,0.009460362,0,1,0.5269855,1,0,0.767666,1,1,0.31481534,0,1,0.24849954,1
1788,1,0.8688727,1,0,0.018486198,0,0,0.032558467,0,0,0.033405703,0,0,0.027640471,0
1799,0,0.0014998913,0,1,0.5718562,1,1,0.82200277,1,0,0.48136735,1,0,0.34932402,1
1802,0,0.45697114,1,0,0.06489136,0,1,0.40828824,1,0,0.25478047,0,0,0.09915337,0
1803,0,0.09594963,0,1,0.5386356,1,0,0.16436921,0,0,0.47550088,1,1,0.15616928,0
1809,0,0.009910661,0,0,0.18135945,0,1,0.27647653,0,1,0.9220936,1,0,0.090813726,0
1810,0,0.002104453,0,1,0.2104672,0,1,0.9423515,1,1,0.6125456,1,0,0.18109347,0
1815,0,0.0058349296,0,0,0.45422217,1,1,0.7562924,1,1,0.5276532,1,0,0.19484317,0
1818,1,0.8600774,1,0,0.010876366,0,0,0.067893274,0,0,0.047979806,0,0,0.03417666,0
1827,1,0.30027813,0,0,0.23634394,0,0,0.18012786,0,0,0.49277642,1,0,0.10491248,0
1829,0,0.7656133,1,0,0.009451853,0,0,0.05988797,0,1,0.16501737,0,0,0.023032548,0
1831,1,0.62828636,1,0,0.09123583,0,0,0.15448648,0,0,0.19219096,0,0,0.08556042,0
1835,1,0.75653476,1,0,0.07130335,0,0,0.11188129,0,0,0.081660055,0,0,0.08502967,0
1836,1,0.79155993,1,0,0.008102819,0,0,0.11893852,0,0,0.08616909,0,0,0.031066194,0
1844,0,0.011628631,0,0,0.09895054,0,0,0.13095553,0,1,0.9464482,1,0,0.042522337,0
1845,1,0.5856546,1,0,0.10230598,0,0,0.077722974,0,0,0.24633716,0,0,0.061013184,0
1847,0,0.06750511,0,1,0.7851942,1,0,0.07625445,0,0,0.14163978,0,1,0.17213726,0
1848,0,0.02472665,0,0,0.06403476,0,0,0.089288585,0,1,0.931422,1,0,0.030953439,0
1869,1,0.8336851,1,0,0.018593736,0,0,0.1121974,0,0,0.035367284,0,0,0.05248551,0
1883,1,0.91209143,1,0,0.006100632,0,0,0.02366456,0,0,0.0309919,0,0,0.01807961,0
1884,1,0.8339374,1,0,0.04316611,0,0,0.07096406,0,0,0.040215436,0,0,0.06424638,0
1886,0,0.036267225,0,1,0.8273121,1,0,0.043276295,0,0,0.1197276,0,0,0.12599981,0
1895,0,0.055821735,0,1,0.742765,1,0,0.19116387,0,0,0.22434156,0,0,0.25460583,1
1896,1,0.96808827,1,0,0.0010041561,0,0,0.014237281,0,0,0.005240646,0,0,0.009418518,0
1902,0,0.002904414,0,1,0.38579378,1,1,0.7337791,1,1,0.7735333,1,0,0.19367492,0
1904,1,0.53781873,1,0,0.2977774,0,0,0.1303792,0,0,0.13440388,0,0,0.120789476,0
1914,0,0.05081803,0,0,0.22737858,0,0,0.26860914,0,1,0.8183954,1,1,0.121063106,0
1915,1,0.42681143,0,0,0.3942587,1,0,0.101708755,0,0,0.16450168,0,0,0.109251775,0
1916,1,0.76094216,1,0,0.039374758,0,0,0.069627225,0,0,0.13549975,0,0,0.051034555,0
1917,1,0.8840716,1,0,0.008970893,0,0,0.03233138,0,0,0.046344727,0,0,0.02257104,0
1923,1,0.8929956,1,0,0.0041305325,0,0,0.05839645,0,0,0.031077309,0,0,0.022060527,0
1931,1,0.95655066,1,0,0.0022769698,0,0,0.020307044,0,0,0.006396444,0,0,0.014511829,0
1935,0,0.20608348,0,0,0.030187758,0,0,0.1163101,0,1,0.7665136,1,0,0.032944124,0
1937,0,0.0030933411,0,0,0.16165705,0,1,0.93054354,1,1,0.70081836,1,0,0.14156169,0
1940,0,0.012147427,0,1,0.7912914,1,1,0.1578711,0,0,0.347767,0,0,0.26282567,1
1941,0,0.0022384664,0,0,0.19602528,0,1,0.9035387,1,1,0.76715666,1,0,0.13066614,0
1945,1,0.9418552,1,0,0.0047904593,0,0,0.024872027,0,0,0.0100037055,0,0,0.020953473,0
1952,1,0.8852227,1,0,0.021326704,0,0,0.044903852,0,0,0.019577963,0,0,0.04073798,0
1954,1,0.6438144,1,0,0.08666545,0,1,0.21661441,0,0,0.13090913,0,0,0.10086391,0
1959,1,0.87340176,1,0,0.011588145,0,0,0.05549057,0,0,0.042724285,0,0,0.033848703,0
1962,0,0.0040107067,0,1,0.46712175,1,1,0.86149204,1,0,0.43390647,1,0,0.28857386,1
1965,0,0.00275792,0,1,0.6466465,1,0,0.35518923,1,1,0.78877395,1,1,0.3564801,1
1971,1,0.70919126,1,0,0.061492283,0,0,0.12938884,0,0,0.13238621,0,0,0.07329749,0
1973,0,0.51224947,1,0,0.15000634,0,0,0.1691681,0,0,0.3489935,0,1,0.111288354,0
1984,0,0.07546685,0,1,0.69890165,1,0,0.10996062,0,0,0.26359612,0,0,0.16153969,0
1989,1,0.8385987,1,0,0.03161605,0,0,0.0888944,0,0,0.041334797,0,0,0.06544039,0
1996,0,0.44347265,0,0,0.117161945,0,0,0.17979975,0,0,0.47297806,1,1,0.10184914,0
2002,0,0.0067581544,0,1,0.80073607,1,0,0.17207997,0,1,0.5146092,1,0,0.3986045,1
2010,1,0.86403835,1,0,0.03172589,0,0,0.046787176,0,0,0.023129605,0,0,0.046028342,0
2021,1,0.70000875,1,0,0.08596918,0,0,0.10910128,0,0,0.1368535,0,0,0.08265985,0
2029,0,0.65752065,1,0,0.055877153,0,0,0.19527431,0,1,0.19894955,0,0,0.08991518,0
2031,0,0.10195243,0,1,0.7147801,1,0,0.07910902,0,0,0.16460286,0,0,0.13534643,0
2034,0,0.047528367,0,0,0.028209101,0,1,0.9654207,1,0,0.08487285,0,0,0.12935653,0
2036,1,0.6645346,1,0,0.025845854,0,0,0.22515051,0,0,0.14892817,0,0,0.06079354,0
2037,1,0.8707722,1,0,0.008912513,0,0,0.042077437,0,0,0.06293579,0,0,0.026303466,0
2043,1,0.8956905,1,0,0.010506403,0,0,0.052671775,0,0,0.022779936,0,0,0.034387715,0
2047,0,0.0035262038,0,0,0.20115718,0,1,0.84887886,1,1,0.8037959,1,1,0.15793006,0
2056,1,0.6427997,1,0,0.25003856,0,0,0.07127092,0,0,0.051523972,0,0,0.08702116,0
2061,1,0.9284167,1,0,0.0034919626,0,0,0.025550047,0,0,0.022903271,0,0,0.016309774,0
2069,1,0.8092165,1,0,0.03393199,0,0,0.04508496,0,0,0.06613522,0,0,0.038396016,0
2071,1,0.9240731,1,0,0.0040196613,0,0,0.03209019,0,0,0.021995999,0,0,0.019334953,0
2073,0,0.45062935,1,0,0.20385376,0,0,0.21501215,0,1,0.42092925,1,0,0.14378999,0
2079,1,0.7990426,1,0,0.065856904,0,0,0.06572382,0,0,0.03475161,0,0,0.06094527,0
2084,1,0.9771568,1,0,0.0009638113,0,0,0.010046159,0,0,0.0024774582,0,0,0.008802031,0
2096,0,0.0075745736,0,0,0.31064895,0,1,0.851306,1,1,0.5725992,1,0,0.16370882,0
2097,1,0.95101655,1,0,0.0012892183,0,0,0.019911421,0,0,0.013986242,0,0,0.010602154,0
2102,1,0.4676992,1,0,0.06582763,0,0,0.16875672,0,0,0.4231574,1,0,0.06792339,0
2106,0,0.03449338,0,1,0.75733995,1,0,0.114456296,0,0,0.22254223,0,0,0.1599855,0
2121,0,0.60172683,1,0,0.08427171,0,1,0.17678784,0,0,0.20593362,0,0,0.08510673,0
2122,1,0.9313204,1,0,0.004378639,0,0,0.019904025,0,0,0.019284358,0,0,0.015802335,0
2125,0,0.012662332,0,1,0.9099193,1,0,0.05448274,0,0,0.09546962,0,0,0.28715968,1
2126,1,0.8943607,1,0,0.0070227333,0,0,0.0448838,0,0,0.03400434,0,0,0.025468314,0
2130,1,0.11550135,0,0,0.36371288,1,0,0.47830692,1,0,0.4959234,1,0,0.18781888,0
2142,0,0.8123073,1,0,0.037287876,0,0,0.079518996,0,0,0.05385567,0,1,0.056567114,0
2146,0,0.742446,1,0,0.07091846,0,1,0.0640065,0,0,0.09447713,0,0,0.060299113,0
2153,0,0.02141035,0,0,0.1816744,0,1,0.9171649,1,0,0.3551508,1,0,0.19977711,0
2158,1,0.72250694,1,0,0.028956003,0,0,0.11348364,0,0,0.13451383,0,0,0.0480221,0
2161,1,0.9305653,1,0,0.0105199,0,0,0.03169999,0,0,0.010378907,0,0,0.0330136,0
2166,1,0.5418043,1,0,0.31834057,0,0,0.075600214,0,0,0.10265865,0,0,0.09086329,0
2177,0,0.5999507,1,1,0.09860509,0,0,0.10583362,0,0,0.18657707,0,0,0.06638209,0
2180,0,0.04230266,0,1,0.766168,1,0,0.05790162,0,0,0.21642976,0,0,0.133866,0
2185,1,0.9176157,1,0,0.0035414617,0,0,0.023768509,0,0,0.025406644,0,0,0.013244797,0
2187,1,0.61210376,1,0,0.24104397,0,0,0.07569732,0,0,0.08205626,0,0,0.08616415,0
2190,1,0.943719,1,0,0.0035733976,0,0,0.027875083,0,0,0.011331631,0,0,0.020403016,0
2198,1,0.70156074,1,0,0.10199922,0,0,0.07897939,0,0,0.10060513,0,0,0.071072444,0
2202,0,0.06266008,0,0,0.2720962,0,0,0.19792424,0,1,0.7686101,1,0,0.10956193,0
2204,1,0.82991546,1,0,0.043542255,0,0,0.08864209,0,0,0.041493088,0,0,0.07396176,0
2206,0,0.0178442,0,0,0.7290015,1,1,0.15430734,0,1,0.49108592,1,0,0.26018533,1
2211,1,0.046236493,0,0,0.80167586,1,0,0.08967254,0,0,0.15235762,0,0,0.20491546,1
2212,1,0.87211406,1,0,0.012493399,0,0,0.052213367,0,0,0.042825166,0,0,0.03381905,0
2213,0,0.070039414,0,1,0.7068869,1,0,0.08067746,0,0,0.2447184,0,1,0.14048061,0
2214,1,0.837322,1,0,0.028142018,0,0,0.05225664,0,0,0.048737947,0,0,0.041643977,0
2223,0,0.0568734,0,0,0.28410426,0,0,0.15475322,0,1,0.77467984,1,0,0.10266004,0
2224,1,0.68553674,1,0,0.1585694,0,0,0.12705724,0,0,0.09608271,0,0,0.11938575,0
2225,0,0.025449876,0,0,0.006309253,0,1,0.9844678,1,0,0.06402596,0,0,0.07675944,0
2229,0,0.71138525,1,0,0.06781348,0,0,0.2010614,0,0,0.065102145,0,1,0.0985486,0
2234,0,0.37821606,0,0,0.47758397,1,0,0.16743442,0,0,0.17655984,0,1,0.15876566,0
2244,0,0.74294305,1,0,0.12373387,0,0,0.11040164,0,1,0.06826027,0,0,0.11575869,0
2246,0,0.24568267,0,0,0.6169488,1,0,0.118572876,0,0,0.13629302,0,1,0.14337404,0
2247,0,0.8638379,1,0,0.013716996,0,1,0.054675896,0,0,0.051200304,0,0,0.035478376,0
2253,0,0.0018549372,0,0,0.17202973,0,1,0.87838036,1,1,0.83304393,1,0,0.12792306,0
2258,0,0.59847903,1,0,0.014540087,0,1,0.576491,1,0,0.030316148,0,0,0.06940985,0
2260,0,0.010317084,0,1,0.29436633,0,0,0.5237231,1,1,0.84896225,1,1,0.1729228,0
2264,1,0.31201494,0,0,0.1168989,0,1,0.14077103,0,0,0.5684726,1,0,0.068199016,0
2266,1,0.40755808,0,0,0.5052358,1,0,0.09473496,0,0,0.092397735,0,0,0.11749347,0
2271,0,0.003121661,0,1,0.31645754,0,1,0.8875779,1,0,0.60145324,1,0,0.16360535,0
2277,1,0.7007742,1,0,0.036676407,0,0,0.1066222,0,0,0.1801059,0,0,0.051627267,0
2278,1,0.8834955,1,0,0.011256857,0,0,0.07742997,0,0,0.018241698,0,0,0.03992833,0
2282,1,0.63120836,1,0,0.08862514,0,0,0.17356774,0,0,0.2032761,0,0,0.09536619,0
2283,1,0.8326617,1,0,0.033276565,0,0,0.028412687,0,0,0.038767893,0,0,0.029854227,0
2285,0,0.5704348,1,0,0.05018088,0,1,0.18929684,0,0,0.28830457,0,0,0.069392085,0
2287,1,0.5548774,1,0,0.37412447,1,0,0.079462446,0,0,0.06613462,0,0,0.1098767,0
2291,0,0.2804794,0,0,0.056167625,0,0,0.21338712,0,1,0.6388318,1,0,0.06866843,0
2292,1,0.9200172,1,0,0.0028065396,0,0,0.04152292,0,0,0.022602702,0,0,0.017996348,0
2306,1,0.595348,1,0,0.05336786,0,0,0.07489992,0,0,0.3234586,0,0,0.048880063,0
2309,1,0.69598055,1,0,0.1023727,0,0,0.067060076,0,0,0.09059707,0,0,0.059424106,0
2317,0,0.5032996,1,1,0.4058868,1,0,0.10683274,0,0,0.1036978,0,1,0.1402373,0
2319,1,0.46388394,1,0,0.47321284,1,0,0.06508477,0,0,0.0738138,0,0,0.09591023,0
2321,1,0.3343822,0,0,0.0755081,0,0,0.5946011,1,0,0.146093,0,0,0.10750437,0
2324,0,0.00095870544,0,0,0.1961701,0,1,0.8562352,1,1,0.87175167,1,1,0.14272578,0
2326,1,0.95469326,1,0,0.0016958443,0,0,0.017351061,0,0,0.010510736,0,0,0.011515013,0
2329,1,0.86132795,1,0,0.017596433,0,0,0.065263845,0,0,0.034655575,0,0,0.04202799,0
2345,0,0.00767444,0,0,0.15440862,0,1,0.919365,1,1,0.5964117,1,0,0.17464776,0
2349,0,0.07342654,0,0,0.009140374,0,1,0.97140056,1,0,0.030355567,0,0,0.08760078,0
2355,1,0.8838029,1,0,0.0058576805,0,0,0.037360363,0,0,0.053997885,0,0,0.020153062,0
2362,0,0.091251254,0,0,0.29681206,0,1,0.5368149,1,1,0.41428515,1,0,0.14125435,0
2364,1,0.7324686,1,0,0.13780862,0,0,0.08713104,0,0,0.037434522,0,0,0.083424166,0
2365,0,0.039531756,0,0,0.004977908,0,1,0.9791125,1,0,0.06080196,0,0,0.06403706,0
2368,1,0.9568244,1,0,0.0016572254,0,1,0.02436815,0,0,0.0063932957,0,0,0.013889213,0
2379,1,0.8400811,1,0,0.04039894,0,0,0.078732915,0,0,0.038590062,0,0,0.06928872,0
2380,1,0.7576227,1,0,0.06037761,0,0,0.05993317,0,0,0.0742808,0,0,0.051179692,0
2385,1,0.7449287,1,0,0.04544698,0,1,0.07467147,0,0,0.124938846,0,0,0.05210411,0
2389,1,0.89764595,1,0,0.00796004,0,0,0.026760712,0,0,0.039760564,0,0,0.020586656,0
2395,1,0.76640475,1,0,0.0084065525,0,0,0.29012161,0,0,0.02938453,0,0,0.04618618,0
2399,1,0.6126238,1,0,0.01252352,0,0,0.4882406,1,0,0.04661306,0,0,0.05430759,0
2416,1,0.92984647,1,0,0.0054647946,0,0,0.024691155,0,0,0.016602704,0,0,0.020136084,0
2417,0,0.049108654,0,0,0.59028,1,0,0.4006475,1,0,0.4726453,1,1,0.2971233,1
2421,1,0.61087126,1,0,0.054904003,0,1,0.3832959,1,0,0.07430901,0,0,0.103387155,0
2422,0,0.09422073,0,0,0.043038037,0,0,0.20492299,0,1,0.8372788,1,0,0.040882096,0
2435,1,0.94345826,1,0,0.003356923,0,0,0.021172382,0,0,0.010486285,0,0,0.015417602,0
2436,1,0.84219295,1,0,0.020355862,0,0,0.07611611,0,0,0.055817045,0,0,0.048437692,0
2437,1,0.9484066,1,0,0.0033495447,0,0,0.02048199,0,0,0.011996122,0,0,0.017729638,0
2449,1,0.8435547,1,0,0.045662474,0,0,0.05153363,0,0,0.025882654,0,0,0.052765347,0
2456,1,0.46750993,1,0,0.48028347,1,0,0.07317636,0,0,0.064977944,0,0,0.10860871,0
2460,1,0.8995035,1,0,0.004540453,0,0,0.0650426,0,0,0.027099406,0,0,0.026780488,0
2462,1,0.94132686,1,0,0.005448936,0,0,0.018314064,0,0,0.01030049,0,0,0.017915037,0
2463,1,0.3438735,0,0,0.06301592,0,0,0.21814431,0,0,0.5371919,1,0,0.07053509,0
2467,1,0.6566352,1,0,0.22389925,0,0,0.052922532,0,0,0.043852434,0,0,0.06605032,0
2468,0,0.0019970825,0,1,0.294135,0,1,0.83598375,1,1,0.7890917,1,1,0.16747265,0
2470,0,0.7206317,1,0,0.067149624,0,1,0.111727074,0,1,0.11662203,0,0,0.07263976,0
2473,0,0.37202257,0,0,0.15894157,0,0,0.09607716,0,0,0.4546988,1,1,0.06670919,0
2475,1,0.8739587,1,0,0.013745429,0,0,0.03925608,0,0,0.048868567,0,0,0.0305328,0
2477,1,0.6987678,1,0,0.012793493,0,1,0.2875158,0,0,0.052774176,0,0,0.045470558,0
2479,1,0.65863544,1,0,0.044477522,0,0,0.34692782,0,0,0.07281812,0,0,0.10338738,0
2492,0,0.36176986,0,0,0.14935571,0,0,0.101870194,0,1,0.49171385,1,0,0.07096142,0
2509,0,0.10019638,0,0,0.6619354,1,1,0.13959007,0,0,0.23358424,0,0,0.15417258,0
2510,0,0.004347636,0,1,0.73156923,1,0,0.316983,0,1,0.6302523,1,1,0.39522538,1
2513,0,0.0028410342,0,1,0.681009,1,0,0.32295737,0,1,0.7699054,1,0,0.38990694,1
2514,1,0.377523,0,0,0.38281506,1,0,0.1418718,0,0,0.23162764,0,0,0.12699565,0
2517,0,0.6489155,1,0,0.049224164,0,0,0.066256925,0,1,0.25739348,0,0,0.04670594,0
2520,0,0.0028584185,0,1,0.8032227,1,1,0.47360826,1,0,0.2602654,0,0,0.40465838,1
2523,1,0.53845495,1,0,0.15337329,0,0,0.08089001,0,0,0.22261344,0,0,0.06474607,0
2524,1,0.9650532,1,0,0.0017854449,0,0,0.011228964,0,0,0.006086242,0,0,0.010514506,0
2525,0,0.08171784,0,1,0.5882157,1,0,0.12933908,0,1,0.42606276,1,0,0.14006871,0
2528,1,0.8367882,1,0,0.011285616,0,0,0.09888449,0,0,0.052324012,0,0,0.039575648,0
2531,0,0.7000959,1,0,0.061375797,0,1,0.18538333,0,0,0.065415636,0,1,0.080609694,0
2534,0,0.014001355,0,1,0.802935,1,0,0.09253371,0,0,0.33165282,0,0,0.23117751,1
2544,0,0.001092319,0,1,0.8556733,1,1,0.40632948,1,0,0.37898332,1,1,0.5434816,1
2548,1,0.97612005,1,0,0.0010189876,0,0,0.010480627,0,0,0.0036325406,0,0,0.009857644,0
2551,1,0.7023176,1,0,0.07232309,0,0,0.11045393,0,0,0.1790166,0,0,0.081377394,0
2554,1,0.7713053,1,0,0.013529762,0,0,0.21803299,0,0,0.035010148,0,0,0.049345206,0
2560,1,0.91819876,1,0,0.012026032,0,0,0.0352874,0,0,0.013265739,0,0,0.033494048,0
2570,1,0.3129891,0,0,0.28344783,0,0,0.11143962,0,0,0.38431686,1,0,0.08221898,0
2571,0,0.0042859833,0,0,0.33922994,0,1,0.9367964,1,0,0.24225129,0,0,0.2389124,1
2572,0,0.0024642327,0,1,0.63558495,1,1,0.736017,1,1,0.43768665,1,0,0.3531692,1
2575,1,0.7770227,1,0,0.03862968,0,0,0.09252282,0,0,0.09253577,0,0,0.05794187,0
2584,1,0.9125277,1,0,0.014783046,0,0,0.033039566,0,0,0.01123419,0,0,0.032497182,0
2597,1,0.55425155,1,0,0.040392727,0,0,0.120209895,0,0,0.37157336,1,0,0.05121172,0
2602,0,0.061267573,0,1,0.7660968,1,0,0.11190313,0,0,0.16478746,0,1,0.18325195,0
2607,1,0.9183971,1,0,0.0053845956,0,0,0.046114977,0,0,0.01013187,0,0,0.023561945,0
2609,1,0.74272853,1,0,0.08865659,0,0,0.08043161,0,0,0.06553958,0,0,0.07116359,0
2613,1,0.5543784,1,0,0.31024215,0,0,0.12650327,0,0,0.088653795,0,0,0.11910269,0
2614,0,0.028676953,0,0,0.060766328,0,1,0.96129596,1,0,0.13085344,0,0,0.16807067,0
2624,0,0.002212483,0,1,0.79868615,1,0,0.32510728,0,1,0.5794307,1,1,0.49113527,1
2650,0,0.0027184165,0,1,0.22223002,0,0,0.94268066,1,1,0.52864575,1,1,0.22494197,1
2653,0,0.0018148845,0,1,0.85108554,1,1,0.39250955,1,0,0.3292021,0,1,0.5247066,1
2654,0,0.0023605106,0,0,0.15038012,0,1,0.87215036,1,1,0.8426453,1,0,0.11902978,0
2657,0,0.050017502,0,0,0.697178,1,0,0.16704927,0,1,0.36570954,1,1,0.23208386,1
2669,0,0.0027679314,0,0,0.41172802,1,1,0.8012626,1,1,0.64883524,1,0,0.19416457,0
2671,0,0.0058596805,0,0,0.23495848,0,1,0.94127226,1,0,0.3328952,0,1,0.18671831,0
2681,0,0.0034809143,0,0,0.12713046,0,1,0.82513624,1,1,0.8580483,1,0,0.1084347,0
2684,0,0.009831582,0,0,0.12367605,0,1,0.92474735,1,1,0.511655,1,0,0.15565468,0
2690,0,0.014881884,0,1,0.75209093,1,0,0.16677393,0,0,0.40032062,1,0,0.23639193,1
2691,0,0.11042981,0,1,0.36479098,1,0,0.08215573,0,0,0.5852109,1,0,0.08588568,0
2692,0,0.002093732,0,0,0.17231493,0,1,0.90739584,1,1,0.7896302,1,0,0.12745267,0
2695,1,0.94228625,1,0,0.0030016392,0,0,0.031061593,0,0,0.010902827,0,0,0.019136496,0
2696,0,0.0015064427,0,1,0.92894834,1,0,0.13539013,0,1,0.22433399,0,1,0.54356724,1
2700,1,0.9158067,1,0,0.009913628,0,0,0.024924928,0,0,0.019707862,0,0,0.024407875,0
2704,0,0.5170791,1,1,0.15848745,0,0,0.09108656,0,0,0.26572472,0,0,0.07153241,0
2711,1,0.9785567,1,0,0.0006696638,0,0,0.009112023,0,0,0.0025497333,0,0,0.0070978794,0
2713,1,0.9427223,1,0,0.0028666896,0,0,0.02294673,0,0,0.011103935,0,0,0.014756866,0
2721,1,0.7604049,1,0,0.07606012,0,0,0.084409945,0,0,0.077463135,0,0,0.07433553,0
2726,1,0.7586744,1,0,0.049871534,0,0,0.09674356,0,0,0.121670544,0,0,0.06827812,0
2738,1,0.8055465,1,0,0.040441383,0,0,0.13655376,0,0,0.04353222,0,0,0.08366121,0
2747,0,0.09588561,0,1,0.6131296,1,0,0.14390261,0,0,0.3230609,0,0,0.14311515,0
2765,1,0.84973836,1,0,0.008060241,0,0,0.07548644,0,0,0.05914712,0,0,0.030293737,0
2771,1,0.8604616,1,0,0.013763399,0,0,0.059493277,0,0,0.043208905,0,0,0.035198074,0
2775,1,0.9634017,1,0,0.0019915854,0,0,0.012616731,0,0,0.007024263,0,0,0.012046292,0
2780,1,0.9496068,1,0,0.0035882366,0,0,0.02038961,0,0,0.007418022,0,0,0.016771393,0
2782,0,0.062139377,0,1,0.7302914,1,0,0.0782161,0,0,0.22630052,0,0,0.13847214,0
2785,1,0.60335,1,0,0.20827642,0,0,0.16736424,0,0,0.10978787,0,0,0.12429421,0
2786,1,0.87734354,1,0,0.026775356,0,0,0.06327504,0,0,0.025758913,0,0,0.0588378,0
2795,0,0.0005846663,0,1,0.6520654,1,1,0.8548773,1,0,0.3988671,1,0,0.43553704,1
2797,0,0.04185767,0,1,0.7838503,1,0,0.052376393,0,0,0.19336465,0,0,0.1406834,0
2813,1,0.8385439,1,0,0.015121252,0,0,0.08791533,0,0,0.049446028,0,0,0.04245731,0
2816,1,0.69518405,1,0,0.021920333,0,1,0.33165047,0,0,0.051152967,0,0,0.07075965,0
2823,0,0.0003016591,0,1,0.8490046,1,1,0.48008567,1,0,0.5246577,1,1,0.56518567,1
2829,1,0.7341532,1,0,0.087102406,0,0,0.051794954,0,0,0.071432926,0,0,0.053294722,0
2833,0,0.00058920827,0,1,0.78335357,1,1,0.53450054,1,1,0.57768905,1,1,0.49607062,1
2835,1,0.6788938,1,0,0.033517033,0,0,0.05928636,0,0,0.23029624,0,0,0.035116628,0
2838,1,0.93415964,1,0,0.0031320252,0,0,0.028694836,0,0,0.01637652,0,0,0.017233359,0
2848,1,0.8989768,1,0,0.00987946,0,0,0.0405783,0,0,0.02837045,0,0,0.029837865,0
2853,1,0.76642036,1,0,0.014800016,0,0,0.055341758,0,0,0.17263743,0,0,0.02873088,0
2855,1,0.8628986,1,0,0.018238354,0,0,0.04481366,0,0,0.03135526,0,0,0.031881034,0
2861,1,0.8101011,1,0,0.020447534,0,0,0.060298488,0,0,0.08077439,0,0,0.034450717,0
2863,0,0.0031138775,0,1,0.6068044,1,0,0.7369573,1,0,0.41315937,1,1,0.29498234,1
2868,0,0.0005294868,0,1,0.7645011,1,1,0.62295884,1,0,0.53344923,1,1,0.47427082,1
2869,0,0.0013340787,0,1,0.6111395,1,1,0.8067952,1,0,0.5024663,1,1,0.4112297,1
2877,1,0.9200864,1,0,0.006912353,0,0,0.04038373,0,0,0.015085362,0,0,0.027692325,0
2889,0,0.002038561,0,0,0.15165175,0,1,0.9018324,1,1,0.8032726,1,0,0.14636305,0
2893,0,0.1000885,0,0,0.07974782,0,0,0.0661152,0,1,0.8191305,1,0,0.03478093,0
2894,0,0.0007672573,0,0,0.18334576,0,1,0.93294704,1,1,0.7937633,1,0,0.1437611,0
2905,1,0.6887417,1,0,0.025031907,0,1,0.37794662,1,0,0.04398301,0,0,0.08373754,0
2911,0,0.40575874,0,0,0.37108192,1,0,0.27280644,0,0,0.18865746,0,1,0.18471378,0
2917,1,0.8888029,1,0,0.005801971,0,0,0.042689975,0,0,0.03614191,0,0,0.020705745,0
2918,0,0.043275367,0,0,0.65110934,1,1,0.37606487,1,0,0.2361266,0,0,0.20794566,1
2920,1,0.93785,1,0,0.0061085564,0,0,0.021702638,0,0,0.011447678,0,0,0.02101002,0
2922,0,0.0041039614,0,1,0.88679314,1,0,0.16688155,0,0,0.30633664,0,0,0.50413966,1
2925,0,0.18403147,0,1,0.60405165,1,1,0.20314595,0,0,0.17720392,0,0,0.16762428,0
2927,0,0.024523819,0,0,0.16053009,0,0,0.12511049,0,1,0.896994,1,0,0.06391285,0
2931,1,0.6892733,1,0,0.18283994,0,0,0.04804219,0,0,0.04068045,0,0,0.06231143,0
2946,1,0.5183357,1,0,0.24469316,0,0,0.070486456,0,0,0.14177024,0,0,0.073734865,0
2955,1,0.8227824,1,0,0.015036399,0,0,0.091658935,0,0,0.076040715,0,0,0.043142334,0
2959,0,0.0938001,0,0,0.027683705,0,1,0.277006,0,1,0.8065946,1,0,0.04021931,0
2961,1,0.7324255,1,0,0.08186445,0,0,0.051842805,0,0,0.0734156,0,0,0.050928686,0
2971,0,0.016362384,0,0,0.24836034,0,0,0.1734867,0,1,0.8870343,1,0,0.0928109,0
2985,0,0.0053555127,0,0,0.12472427,0,1,0.93697125,1,1,0.5903301,1,1,0.1609252,0
2987,1,0.84713167,1,0,0.017729398,0,0,0.06129798,0,0,0.058002427,0,0,0.039596956,0
2991,1,0.9458359,1,0,0.002950982,0,0,0.028255977,0,0,0.010439642,0,0,0.018877523,0
2993,0,0.08655347,0,0,0.19881584,0,0,0.20403126,0,1,0.77095276,1,0,0.10191851,0
2994,0,0.0036939322,0,0,0.16976808,0,0,0.45062268,1,1,0.94051,1,0,0.115832165,0
2999,0,0.0020166815,0,1,0.24626063,0,1,0.38445327,1,1,0.94866896,1,1,0.1423152,0
3000,0,0.12507766,0,1,0.7342075,1,1,0.11220609,0,0,0.13376838,0,1,0.1931452,0
3001,0,0.0054875673,0,0,0.10855595,0,1,0.9484021,1,1,0.48671675,1,0,0.15696,0
3005,1,0.89338565,1,0,0.019951578,0,0,0.044673502,0,0,0.020667944,0,0,0.04340792,0
3006,0,0.0043791775,0,0,0.8214884,1,1,0.40689027,1,0,0.22366656,0,1,0.44702828,1
3009,0,0.023654405,0,1,0.538561,1,0,0.11626122,0,1,0.721146,1,0,0.1492953,0
3010,0,0.0017297419,0,1,0.8014986,1,1,0.5359911,1,0,0.3410749,0,1,0.47704384,1
3018,0,0.002901844,0,1,0.9219575,1,0,0.11182644,0,0,0.18181019,0,1,0.46160108,1
3026,1,0.6819599,1,0,0.10622336,0,0,0.08233638,0,0,0.110298656,0,0,0.068559736,0
3033,0,0.067746446,0,1,0.68314403,1,0,0.09688332,0,0,0.21945707,0,0,0.11248764,0
3037,0,0.013887005,0,0,0.037021846,0,1,0.9715205,1,0,0.16894974,0,0,0.11922418,0
3038,0,0.03278767,0,1,0.571511,1,0,0.27676386,0,0,0.57245815,1,1,0.19854915,0
3039,0,0.00031704418,0,1,0.60125035,1,0,0.67158693,1,1,0.80668753,1,1,0.3551606,1
3041,0,0.0062176557,0,0,0.13682088,0,1,0.9525762,1,0,0.4176421,1,0,0.18129098,0
3047,0,0.010617175,0,0,0.31247294,0,0,0.5610293,1,1,0.8167669,1,0,0.17384236,0
3048,1,0.9311328,1,0,0.0041638906,0,0,0.038759038,0,0,0.0108380765,0,0,0.021981787,0
3064,1,0.609113,1,0,0.15530562,0,0,0.14476147,0,0,0.16497189,0,0,0.1037003,0
3065,1,0.3701358,0,0,0.022384575,0,1,0.78147215,1,0,0.0715188,0,0,0.10301392,0
3066,0,0.038175963,0,1,0.7787741,1,0,0.16496532,0,0,0.16566382,0,0,0.2273024,1
3067,1,0.9713615,1,0,0.0008124913,0,0,0.008726844,0,0,0.0061471774,0,0,0.006825623,0
3072,1,0.4511837,1,0,0.44110706,1,0,0.08843606,0,0,0.101598166,0,0,0.110530026,0
3075,0,0.04439716,0,1,0.20691241,0,0,0.112011544,0,0,0.84435856,1,0,0.0794329,0
3077,0,0.0045766113,0,1,0.8683698,1,0,0.22222936,0,0,0.32594958,0,1,0.5214697,1
3080,1,0.9089487,1,0,0.008352986,0,0,0.035394657,0,0,0.024690453,0,0,0.02688419,0
3084,0,0.48749426,1,1,0.24215087,0,1,0.1065645,0,0,0.25507918,0,0,0.101056345,0
3087,0,0.0017710447,0,1,0.90710413,1,0,0.19954324,0,0,0.28306708,0,1,0.5596452,1
3093,1,0.95051765,1,0,0.0025691811,0,0,0.017715517,0,0,0.012666798,0,0,0.014329923,0
3100,0,0.009493274,0,0,0.27163842,0,1,0.9058803,1,0,0.4235796,1,0,0.1844414,0
3104,1,0.48396993,1,0,0.41302493,1,0,0.0949644,0,0,0.11207877,0,0,0.11975316,0
3106,0,0.07544724,0,1,0.7240823,1,0,0.07472698,0,0,0.207816,0,0,0.14363983,0
3107,0,0.0020792494,0,1,0.79306257,1,0,0.3585726,1,0,0.5903757,1,1,0.5117086,1
3109,0,0.61015975,1,0,0.019180864,0,0,0.08372405,0,1,0.3284577,0,0,0.030799417,0
3115,1,0.72384703,1,0,0.02061734,0,0,0.15769108,0,0,0.11049682,0,0,0.047750667,0
3117,0,0.28854367,0,0,0.04937945,0,0,0.19182754,0,1,0.61753637,1,0,0.055884358,0
3119,1,0.6211218,1,0,0.08888408,0,0,0.27060893,0,0,0.121942446,0,0,0.11295912,0
3126,0,0.016837541,0,0,0.026873522,0,1,0.9598962,1,1,0.21491383,0,0,0.11118293,0
3131,0,0.04806316,0,1,0.8022129,1,0,0.054554205,0,0,0.123070166,0,0,0.12755235,0
3136,1,0.85369754,1,0,0.030502446,0,0,0.031922992,0,0,0.028349748,0,0,0.032682773,0
3140,1,0.37612617,0,0,0.13324335,0,1,0.511585,1,0,0.1181969,0,0,0.13597703,0
3148,1,0.9436584,1,0,0.0029066203,0,0,0.025032524,0,0,0.012031228,0,0,0.01667019,0
3150,0,0.0022452094,0,1,0.90376914,1,0,0.18019891,0,1,0.27890664,0,1,0.52963996,1
3152,1,0.76196975,1,0,0.02262436,0,0,0.07470834,0,0,0.1322681,0,0,0.037789267,0
3156,1,0.8978867,1,0,0.017514776,0,0,0.03153081,0,0,0.02059098,0,0,0.03300639,0
3165,1,0.9387444,1,0,0.0021925485,0,0,0.014392446,0,0,0.024707237,0,0,0.010157483,0
3171,0,0.2330642,0,1,0.6125254,1,0,0.046846054,0,0,0.120935865,0,0,0.078399405,0
3173,0,0.0057431166,0,0,0.74235296,1,0,0.27048075,0,1,0.5781767,1,0,0.3748728,1
3177,0,0.00525297,0,0,0.14839937,0,0,0.37387633,1,1,0.9450542,1,0,0.08752128,0
3180,0,0.01835744,0,1,0.7631761,1,0,0.1499183,0,0,0.3677267,1,0,0.23503235,1
3183,1,0.92472893,1,0,0.004945962,0,0,0.044634465,0,0,0.012004121,0,0,0.025021257,0
3184,1,0.84369415,1,0,0.02693014,0,0,0.039734613,0,0,0.045898337,0,0,0.034913182,0
3190,1,0.95190406,1,0,0.00308756,0,0,0.017458541,0,0,0.008994579,0,0,0.01509656,0
3191,0,0.029356467,0,1,0.6925939,1,0,0.12485096,0,0,0.44054058,1,1,0.18543221,0
3195,0,0.002423172,0,0,0.22551571,0,0,0.8904666,1,1,0.7103032,1,0,0.12675914,0
3202,0,0.014479154,0,1,0.75381655,1,0,0.0856833,0,0,0.43538356,1,0,0.18317196,0
3205,0,0.38735437,0,0,0.29347137,0,0,0.15012223,0,0,0.34567863,0,1,0.114056505,0
3214,1,0.9442676,1,0,0.0036397423,0,0,0.020776717,0,0,0.014544823,0,0,0.018005911,0
3220,0,0.034911543,0,1,0.7362577,1,0,0.04465129,0,0,0.24693276,0,0,0.09131438,0
3224,0,0.0059762495,0,1,0.5175994,1,0,0.38660878,1,0,0.8144898,1,0,0.2692157,1
3242,0,0.06834596,0,0,0.043700945,0,1,0.9367539,1,0,0.10519191,0,1,0.12980302,0
3252,0,0.8197624,1,0,0.021080393,0,0,0.07233913,0,0,0.0857772,0,1,0.044865873,0
3255,1,0.9196576,1,0,0.0033039951,0,0,0.07512308,0,0,0.009669787,0,0,0.025961535,0
3256,1,0.67168146,1,0,0.22362976,0,0,0.06174815,0,0,0.045543052,0,0,0.08034181,0
3258,0,0.091953956,0,0,0.13468622,0,1,0.8249227,1,0,0.21546915,0,0,0.16294214,0
3261,1,0.7585329,1,0,0.03745444,0,0,0.17858076,0,0,0.07569479,0,0,0.083305106,0
3265,0,0.38406932,0,0,0.20231035,0,0,0.08778513,0,1,0.38521385,1,1,0.07097178,0
3268,0,0.07687686,0,0,0.2260094,0,1,0.8173162,1,0,0.20445678,0,1,0.20361318,1
3273,1,0.97898793,1,0,0.0008367295,0,0,0.008751433,0,0,0.0031682432,0,0,0.008612714,0
3278,0,0.011174927,0,0,0.089617394,0,1,0.85678387,1,1,0.73510504,1,0,0.12399118,0
3279,1,0.9065319,1,0,0.013339066,0,0,0.041586943,0,0,0.01793405,0,0,0.036491353,0
3280,1,0.42723975,0,0,0.2743755,0,0,0.12421155,0,0,0.29282713,0,0,0.10221295,0
3282,0,0.21802539,0,1,0.6217896,1,0,0.05136502,0,0,0.1392769,0,0,0.09222921,0
3283,1,0.9151898,1,0,0.009987709,0,0,0.04353399,0,0,0.012239512,0,0,0.03251965,0
3285,0,0.0598396,0,0,0.086570345,0,1,0.92488307,1,0,0.1334408,0,0,0.16577196,0
3287,1,0.7609177,1,0,0.05747804,0,0,0.06335253,0,0,0.08745831,0,0,0.054776356,0
3289,0,0.011095131,0,1,0.84142166,1,0,0.15123823,0,0,0.22721961,0,1,0.3097734,1
3290,0,0.0010436106,0,1,0.6157976,1,0,0.36695367,1,1,0.8568842,1,0,0.31551498,1
3297,1,0.8520006,1,0,0.006441117,0,0,0.047263786,0,0,0.08314302,0,0,0.02130813,0
3300,1,0.9048325,1,0,0.009177173,0,0,0.041095953,0,0,0.024620656,0,0,0.03024248,0
3301,1,0.8678416,1,0,0.019919528,0,0,0.042750504,0,0,0.030848615,0,0,0.03442317,0
3302,0,0.014812973,0,0,0.08773291,0,0,0.8594097,1,1,0.6687675,1,0,0.12945107,0
3303,1,0.77681786,1,0,0.0175158,0,0,0.15329291,0,0,0.0729554,0,0,0.051463418,0
3315,0,0.03700197,0,0,0.2748475,0,0,0.28091073,0,1,0.8181093,1,0,0.13900086,0
3320,1,0.7705632,1,0,0.0818725,0,0,0.14556637,0,0,0.06272424,0,0,0.117048286,0
3329,0,0.0036103637,0,0,0.22134441,0,1,0.7371534,1,1,0.8594801,1,0,0.20740992,1
3334,1,0.83222234,1,0,0.032316055,0,0,0.07320602,0,0,0.056798212,0,0,0.058166392,0
3336,0,0.4609228,1,0,0.055045653,0,0,0.05452198,0,1,0.45745832,1,0,0.033949837,0
3372,1,0.8961901,1,0,0.0040144436,0,0,0.08734118,0,0,0.014877865,0,0,0.026153462,0
3378,0,0.060159065,0,1,0.74619967,1,0,0.1550651,0,0,0.21452278,0,0,0.2273136,1
3379,1,0.44304758,0,0,0.47696346,1,0,0.06113107,0,0,0.068209834,0,0,0.08563915,0
3381,1,0.304177,0,0,0.09950228,0,0,0.104541585,0,0,0.5969892,1,0,0.053623967,0
3383,0,0.07406711,0,1,0.6401362,1,0,0.12475511,0,0,0.38157514,1,0,0.17045021,0
3386,0,0.05709307,0,0,0.040201016,0,1,0.94699985,1,0,0.08726472,0,0,0.13001245,0
3387,0,0.095161766,0,0,0.5662516,1,0,0.18087648,0,1,0.38042042,1,0,0.14457546,0
3395,1,0.75266325,1,0,0.10111694,0,0,0.08221256,0,0,0.05892248,0,0,0.08073075,0
3396,0,0.5644956,1,0,0.03731164,0,1,0.4466258,1,0,0.12452502,0,0,0.0923339,0
3398,0,0.06510049,0,0,0.23059806,0,1,0.7880129,1,0,0.28569984,0,1,0.17559068,0
3411,0,0.0022793578,0,0,0.20394371,0,1,0.9136623,1,1,0.7307003,1,0,0.14710084,0
3417,1,0.7338071,1,0,0.048287172,0,1,0.14512208,0,0,0.061479565,0,0,0.06651182,0
3418,1,0.4388334,0,0,0.14631449,0,0,0.27639008,0,0,0.3988313,1,0,0.13042516,0
3422,0,0.009364579,0,1,0.74495226,1,0,0.1566177,0,0,0.52534294,1,0,0.26417056,1
3423,0,0.052242707,0,1,0.77253526,1,0,0.109695904,0,0,0.19271578,0,0,0.20176587,1
3427,0,0.03247802,0,0,0.27251956,0,1,0.47122315,1,1,0.767224,1,0,0.15947326,0
3429,1,0.8488968,1,0,0.0034732444,0,0,0.033722583,0,0,0.10371808,0,0,0.013210092,0
3431,0,0.004891699,0,0,0.21348153,0,1,0.92300415,1,1,0.61576074,1,0,0.1803096,0
3439,0,0.1061343,0,0,0.58984464,1,0,0.09335792,0,0,0.33876118,0,1,0.10719213,0
3441,1,0.39890012,0,0,0.3230627,0,0,0.099354826,0,0,0.24078664,0,0,0.08990099,0
3444,1,0.91489285,1,0,0.008461363,0,0,0.039528005,0,0,0.021599457,0,0,0.031271785,0
3449,0,0.44341645,0,1,0.45765433,1,0,0.081417665,0,0,0.10515333,0,1,0.10455852,0
3456,0,0.060643636,0,1,0.6248716,1,0,0.27866575,0,0,0.3539612,1,0,0.20783128,1
3459,1,0.7860415,1,0,0.012822011,0,0,0.039409872,0,0,0.149769,0,0,0.022025973,0
3463,0,0.0052605127,0,0,0.18082468,0,1,0.89164627,1,1,0.68834966,1,0,0.16319151,0
3473,0,0.0015195562,0,0,0.2201005,0,1,0.8973842,1,1,0.80008554,1,0,0.16555633,0
3478,1,0.83584034,1,0,0.04291799,0,0,0.05382606,0,0,0.026204767,0,0,0.048472233,0
3479,0,0.0064265863,0,0,0.14194526,0,1,0.94461626,1,0,0.47995636,1,0,0.18395412,0
3484,0,0.002484182,0,1,0.35128975,1,1,0.92040694,1,0,0.4682902,1,0,0.2773465,1
3486,1,0.20469785,0,0,0.3266751,0,1,0.22398105,0,0,0.52805054,1,1,0.12199227,0
3490,1,0.6199838,1,0,0.17305884,0,0,0.13092817,0,0,0.14487246,0,0,0.11032797,0
3495,0,0.78357005,1,0,0.026528554,0,1,0.12873852,0,1,0.050194412,0,0,0.053521916,0
3499,0,0.04842819,0,0,0.70674247,1,1,0.24853987,0,1,0.22560303,0,0,0.21072906,1
3500,0,0.2624537,0,0,0.11225966,0,1,0.6333872,1,0,0.19673128,0,0,0.13674194,0
3503,0,0.016547255,0,0,0.10239132,0,1,0.94834733,1,1,0.26514378,0,0,0.17147416,0
3507,1,0.95011497,1,0,0.0022037243,0,0,0.028194439,0,0,0.00888681,0,0,0.01679767,0
3514,0,0.00785392,0,0,0.031929784,0,1,0.950711,1,1,0.4739114,1,0,0.10348077,0
3517,0,0.030077683,0,1,0.8018078,1,0,0.15282966,0,0,0.21827476,0,1,0.27606744,1
3528,0,0.020521294,0,1,0.5974282,1,0,0.24673162,0,1,0.60375905,1,0,0.20238823,1
3529,0,0.06953787,0,1,0.71058387,1,0,0.13717818,0,0,0.23748279,0,0,0.1746684,0
3532,0,0.004801577,0,0,0.16121627,0,1,0.9043477,1,1,0.6964369,1,0,0.14907761,0
3536,1,0.7936711,1,0,0.018457703,0,0,0.05709541,0,0,0.13226278,0,0,0.034583293,0
3537,1,0.881222,1,0,0.00566037,0,0,0.10028583,0,0,0.01881599,0,0,0.031873148,0
3538,0,0.019288696,0,1,0.8596079,1,0,0.05213211,0,0,0.16445152,0,0,0.19882305,0
3540,1,0.94483906,1,0,0.0024839183,0,0,0.03076736,0,0,0.009356213,0,0,0.017152095,0
3551,0,0.024238493,0,1,0.8013951,1,1,0.102420114,0,0,0.22227564,0,0,0.19491328,0
3553,0,0.026349775,0,1,0.78047746,1,0,0.14354353,0,0,0.26501316,0,0,0.23287988,1
3559,0,0.30713132,0,0,0.089552134,0,1,0.69214314,1,1,0.113348186,0,0,0.15018994,0
3564,1,0.9392295,1,0,0.0042635654,0,0,0.018019583,0,0,0.01125095,0,0,0.014727078,0
3584,0,0.0013231239,0,1,0.93864316,1,0,0.10351599,0,1,0.2505222,0,1,0.5782302,1
3586,0,0.04365432,0,1,0.77901393,1,0,0.12510765,0,0,0.16788727,0,0,0.18985778,0
3592,1,0.75215393,1,0,0.059828293,0,0,0.06662697,0,0,0.098544784,0,0,0.058718838,0
3596,1,0.057634808,0,0,0.7262858,1,0,0.12520534,0,0,0.23924458,0,0,0.17601989,0
3597,0,0.0032767397,0,0,0.5693991,1,1,0.84470284,1,0,0.28868377,0,1,0.32132202,1
3598,1,0.79526615,1,0,0.013298053,0,0,0.1271811,0,0,0.06990199,0,0,0.042000595,0
3610,0,0.43149632,0,0,0.11456875,0,0,0.092988834,0,1,0.4162352,1,0,0.05744888,0
3613,0,0.0034446418,0,0,0.29730874,0,1,0.6852414,1,1,0.8526371,1,0,0.18156189,0
3618,1,0.93001336,1,0,0.004161918,0,0,0.029403623,0,0,0.014000394,0,0,0.01823798,0
3620,0,0.2540689,0,0,0.104563214,0,0,0.13174324,0,1,0.6621494,1,0,0.06388732,0
3625,1,0.8869836,1,0,0.00747222,0,0,0.059307043,0,0,0.031594932,0,0,0.029379796,0
3630,1,0.87567484,1,0,0.035234503,0,0,0.029135862,0,0,0.013372041,0,0,0.03528934,0
3631,1,0.9017476,1,0,0.0052792104,0,0,0.023292532,0,0,0.04364124,0,0,0.016307365,0
3634,1,0.93636274,1,0,0.0043303794,0,0,0.025725028,0,0,0.013770249,0,0,0.01934547,0
3642,0,0.0010932252,0,0,0.9501974,1,0,0.101515524,0,0,0.14316194,0,1,0.5526173,1
3660,0,0.85961604,1,0,0.020918097,0,0,0.07432965,0,0,0.034889765,0,1,0.050981503,0
3664,0,0.003320335,0,0,0.2742968,0,1,0.9128698,1,1,0.5972258,1,0,0.16667868,0
3674,1,0.95759624,1,0,0.0018296073,0,0,0.015128227,0,0,0.010185039,0,0,0.011834843,0
3675,1,0.7491715,1,0,0.07672282,0,0,0.11748074,0,0,0.07553493,0,0,0.08822721,0
3683,1,0.96641546,1,0,0.0013304955,0,0,0.016045213,0,0,0.005472764,0,0,0.011571554,0
3684,1,0.5055402,1,0,0.32796943,0,0,0.14875394,0,0,0.11853,0,0,0.12378526,0
3701,0,0.53239083,1,0,0.036518,0,1,0.071993254,0,1,0.43712077,1,0,0.03797277,0
3705,1,0.45836544,1,0,0.28645042,0,0,0.16737422,0,0,0.18311404,0,0,0.11320375,0
3706,0,0.002005742,0,0,0.18692549,0,1,0.95546365,1,1,0.5786248,1,0,0.17418869,0
3709,1,0.9413632,1,0,0.0028173833,0,0,0.014777151,0,0,0.019946894,0,0,0.012050384,0
3710,1,0.91654176,1,0,0.005820774,0,0,0.039322305,0,0,0.021368608,0,0,0.025116425,0
3711,1,0.9391004,1,0,0.0023672353,0,0,0.050954077,0,0,0.007359155,0,0,0.02068192,0
3719,1,0.81561816,1,0,0.013289404,0,0,0.12181775,0,0,0.061597385,0,0,0.0455439,0
3726,1,0.8571251,1,0,0.04935205,0,0,0.045465644,0,0,0.019472193,0,0,0.05496406,0
3729,0,0.06411022,0,0,0.058413263,0,1,0.9374907,1,0,0.07999544,0,1,0.14362855,0
3730,1,0.8439306,1,0,0.010285325,0,0,0.15111549,0,0,0.020612774,0,0,0.0458357,0
3734,1,0.8930644,1,0,0.015819632,0,0,0.053601213,0,0,0.021143885,0,0,0.042578325,0
3737,0,0.56800735,1,0,0.34006155,0,1,0.08909432,0,0,0.08667336,0,0,0.11266084,0
3739,0,0.069256745,0,1,0.6619454,1,0,0.0689517,0,0,0.2987416,0,0,0.10601384,0
3743,1,0.89974695,1,0,0.015045901,0,0,0.025461385,0,0,0.022729555,0,0,0.026708668,0
3746,1,0.85033995,1,0,0.018846242,0,0,0.053996913,0,0,0.05512421,0,0,0.038102746,0
3748,1,0.9521915,1,0,0.003172832,0,0,0.022393182,0,0,0.00849971,0,0,0.018431934,0
3749,1,0.921008,1,0,0.005527595,0,0,0.023389187,0,0,0.02391694,0,0,0.018125527,0
3751,0,0.07094876,0,0,0.20765178,0,1,0.82577205,1,0,0.23093025,0,0,0.18326308,0
3753,1,0.40744182,0,0,0.385673,1,0,0.19220209,0,0,0.22335802,0,0,0.16189958,0
3758,1,0.92232597,1,0,0.0024094128,0,0,0.034417525,0,0,0.019759431,0,0,0.014153457,0
3759,0,0.21337804,0,0,0.5063388,1,0,0.18666199,0,0,0.38954017,1,1,0.18168662,0
3763,0,0.090359315,0,1,0.73868227,1,0,0.07354771,0,0,0.14038403,0,0,0.12864512,0
3765,1,0.8830191,1,0,0.018432762,0,0,0.055379745,0,0,0.025330877,0,0,0.044738792,0
3768,1,0.24168923,0,0,0.51387376,1,0,0.13197961,0,0,0.26679954,0,0,0.12540717,0
3774,0,0.010035239,0,1,0.8699083,1,0,0.1102296,0,0,0.21257222,0,0,0.32282293,1
3782,1,0.8894427,1,0,0.008109659,0,0,0.052607045,0,0,0.033279803,0,0,0.02954602,0
3784,0,0.00582795,0,0,0.22175841,0,1,0.9334757,1,1,0.49365488,1,0,0.20626748,1
3787,1,0.91003114,1,0,0.0052711577,0,0,0.054570954,0,0,0.016855547,0,0,0.026359992,0
3789,0,0.010218189,0,0,0.8219334,1,0,0.18994923,0,1,0.3436107,0,0,0.395275,1
3794,1,0.089635804,0,0,0.72601634,1,0,0.105582744,0,0,0.16442095,0,0,0.16111836,0
3804,0,0.02959255,0,1,0.5987527,1,1,0.26131606,0,0,0.46990553,1,0,0.16757852,0
3810,1,0.9692235,1,0,0.0016787114,0,0,0.0093338145,0,0,0.005552694,0,0,0.010275471,0
3816,0,0.047717568,0,1,0.5042261,1,1,0.4018582,1,0,0.43231654,1,0,0.17792164,0
3819,0,0.25538817,0,0,0.532359,1,0,0.20510425,0,0,0.28222895,0,1,0.19269688,0
3821,0,0.021651767,0,0,0.13891359,0,1,0.57218385,1,1,0.8475903,1,0,0.11507221,0
3842,0,0.345742,0,1,0.57093185,1,0,0.07849168,0,0,0.08609605,0,1,0.112555824,0
3849,1,0.87680435,1,0,0.008814087,0,0,0.07028241,0,0,0.032238226,0,0,0.03356201,0
3857,1,0.8362397,1,0,0.0075619454,0,1,0.16187346,0,0,0.026844962,0,0,0.040101077,0
3871,1,0.84444344,1,0,0.020718928,0,0,0.0730044,0,0,0.053902876,0,0,0.048104305,0
3877,0,0.06381904,0,0,0.68290573,1,0,0.2088781,0,1,0.31972203,0,0,0.22915687,1
3884,0,0.0132922735,0,1,0.8200677,1,0,0.118225075,0,0,0.29690233,0,0,0.25900924,1
3888,1,0.9298106,1,0,0.0034942362,0,1,0.051316716,0,0,0.009153192,0,0,0.02325121,0
3892,1,0.9076688,1,0,0.0041197995,0,0,0.02682854,0,0,0.036927003,0,0,0.015423024,0
3896,1,0.9507664,1,0,0.0018691649,0,0,0.021137038,0,0,0.008273151,0,0,0.011923519,0
3897,0,0.04502262,0,1,0.76658726,1,0,0.091873184,0,0,0.22655122,0,0,0.17340666,0
3906,1,0.94812095,1,0,0.0034560286,0,0,0.022205194,0,0,0.0090391,0,0,0.017641868,0
3916,1,0.84211445,1,0,0.06420172,0,0,0.04226103,0,0,0.018302374,0,0,0.054305147,0
3921,0,0.006482779,0,1,0.90855527,1,0,0.090591334,0,0,0.16115274,0,0,0.3857304,1
3933,1,0.49902213,1,0,0.039045367,0,1,0.42436603,1,0,0.15330388,0,0,0.07494816,0
3939,0,0.68525493,1,1,0.15681562,0,0,0.11691247,0,0,0.09460792,0,0,0.10986159,0
3947,0,0.0052690734,0,0,0.2926685,0,1,0.91807085,1,0,0.50735873,1,0,0.20840864,1
3957,0,0.043889746,0,1,0.8297878,1,0,0.044523053,0,0,0.09911753,0,0,0.13043152,0
3963,0,0.27775642,0,1,0.39521423,1,0,0.1439785,0,0,0.399791,1,0,0.1254283,0
3964,1,0.90814,1,0,0.010120575,0,0,0.0465251,0,0,0.015634958,0,0,0.032924682,0
3969,1,0.7919584,1,0,0.08165723,0,0,0.077146195,0,0,0.04638133,0,0,0.083359085,0
3983,0,0.017533321,0,0,0.09780119,0,0,0.07407036,0,1,0.931087,1,0,0.033758238,0
3992,0,0.1753074,0,0,0.3677977,1,0,0.25133196,0,1,0.55168235,1,0,0.16315238,0
4000,1,0.8968362,1,0,0.011915437,0,0,0.045946807,0,0,0.025538595,0,0,0.035214424,0
4008,1,0.9110532,1,0,0.0071862997,0,0,0.026722115,0,0,0.030194642,0,0,0.021605175,0
4012,1,0.95238316,1,0,0.004692928,0,0,0.016972495,0,0,0.0062794494,0,0,0.01806048,0
4016,0,0.005816255,0,0,0.15760867,0,1,0.9469795,1,0,0.4653365,1,0,0.1763581,0
4025,1,0.5092008,1,0,0.14670785,0,0,0.10223493,0,0,0.29431704,0,0,0.07385475,0
4031,0,0.34362265,0,0,0.44823477,1,1,0.08159653,0,0,0.17706664,0,1,0.09751047,0
4032,0,0.6301466,1,0,0.048851244,0,0,0.095376454,0,1,0.30145457,0,0,0.057270836,0
4048,0,0.065097764,0,0,0.23178087,0,0,0.12403189,0,1,0.79007536,1,1,0.08505749,0
4059,1,0.8994519,1,0,0.016370753,0,0,0.052623212,0,0,0.01723349,0,0,0.044637386,0
4062,1,0.8624409,1,0,0.025136024,0,0,0.052555047,0,0,0.025212044,0,0,0.042248603,0
4063,0,0.27092698,0,1,0.48959264,1,0,0.15025578,0,0,0.26536918,0,0,0.13888584,0
4076,1,0.79875714,1,0,0.010907363,0,0,0.09524927,0,0,0.0792666,0,0,0.031066548,0
4077,1,0.78009653,1,0,0.0267644,0,0,0.0894214,0,0,0.09519803,0,0,0.046492938,0
4083,1,0.6761135,1,0,0.05719716,0,0,0.11372778,0,0,0.22312027,0,0,0.068898104,0
4084,0,0.0066534174,0,1,0.8756599,1,0,0.15395781,0,0,0.30336088,0,1,0.4795393,1
4087,0,0.04893695,0,1,0.80248606,1,0,0.06502351,0,0,0.14643174,0,0,0.16594134,0
4090,1,0.78008896,1,0,0.03002992,0,0,0.06987125,0,0,0.11306335,0,0,0.044557344,0
4097,1,0.8272838,1,0,0.014871974,0,0,0.056803517,0,0,0.08434184,0,0,0.032224864,0
4098,0,0.5225807,1,0,0.17678268,0,1,0.14764139,0,1,0.29770523,0,1,0.10606657,0
4101,1,0.9330014,1,0,0.0074411565,0,0,0.02884653,0,0,0.009437114,0,0,0.025393575,0
4103,1,0.8747947,1,0,0.008814387,0,0,0.048968762,0,0,0.040484615,0,0,0.025940755,0
4108,0,0.011911402,0,1,0.7773496,1,0,0.23548292,0,0,0.41311356,1,1,0.36085263,1
4109,0,0.17516822,0,1,0.6629547,1,0,0.13619156,0,0,0.15962823,0,0,0.18553096,0
4110,1,0.8319682,1,0,0.014671297,0,0,0.046675213,0,0,0.07161447,0,0,0.027006045,0
4114,1,0.7295315,1,0,0.04113218,0,0,0.15586744,0,0,0.113721386,0,0,0.073038906,0
4121,0,0.008296136,0,1,0.21977477,0,1,0.94640666,1,0,0.3088516,0,0,0.21604608,1
4125,1,0.86109746,1,0,0.00926529,0,0,0.08318545,0,0,0.03890117,0,0,0.034997784,0
4128,0,0.1317924,0,1,0.6211544,1,0,0.07746087,0,0,0.2288504,0,0,0.100124836,0
4133,0,0.24611335,0,0,0.47295004,1,1,0.23112859,0,0,0.1666334,0,0,0.13063273,0
4135,0,0.0026821143,0,1,0.93121403,1,0,0.09167698,0,0,0.15447234,0,1,0.44852075,1
4137,0,0.018855026,0,0,0.72024137,1,0,0.14670868,0,1,0.4258609,1,0,0.2083515,1
4140,0,0.14448933,0,1,0.6073,1,0,0.17287661,0,1,0.30355054,0,0,0.19866012,0
4141,0,0.026597047,0,0,0.216216,0,1,0.9190465,1,0,0.16422698,0,0,0.20202142,1
4153,0,0.54094577,1,0,0.069287725,0,0,0.06361067,0,1,0.34795797,0,0,0.044521082,0
4157,1,0.70773745,1,0,0.05373824,0,0,0.111833386,0,0,0.19399036,0,0,0.072898984,0
4158,0,0.012672621,0,0,0.15832801,0,1,0.9389356,1,1,0.3443881,0,0,0.18179087,0
4160,0,0.09027179,0,0,0.050935093,0,1,0.7722118,1,1,0.4289501,1,0,0.10915535,0
4163,1,0.7120404,1,0,0.116487876,0,0,0.058849327,0,0,0.065747276,0,0,0.06105506,0
4165,1,0.9455923,1,0,0.0031488684,0,0,0.025589934,0,0,0.010445904,0,0,0.01801375,0
4168,1,0.8032963,1,0,0.052963343,0,0,0.09000872,0,0,0.04737089,0,0,0.07180098,0
4170,0,0.106205,0,1,0.48575443,1,0,0.17220168,0,0,0.520301,1,0,0.13798371,0
4172,1,0.9202158,1,0,0.0052612117,0,0,0.039834373,0,0,0.019378979,0,0,0.024584869,0
4175,0,0.3215732,0,0,0.35098118,1,0,0.2382875,0,1,0.28235614,0,0,0.14967102,0
4184,1,0.9225503,1,0,0.0054128524,0,0,0.03229102,0,0,0.021117324,0,0,0.022677103,0
4189,0,0.7017725,1,0,0.009968095,0,0,0.024144093,0,1,0.26231188,0,0,0.013953388,0
4190,1,0.6533537,1,0,0.019377325,0,0,0.1162,0,0,0.24191618,0,0,0.037770305,0
4195,0,0.006664801,0,1,0.3801268,1,0,0.23211947,0,1,0.90018153,1,0,0.19133653,0
4196,0,0.0045550196,0,1,0.2791221,0,0,0.40946963,1,1,0.91736215,1,0,0.14325655,0
4203,0,0.0021959865,0,0,0.71198076,1,0,0.36954537,1,1,0.715195,1,0,0.41025028,1
4204,1,0.833235,1,0,0.076295905,0,0,0.045810133,0,0,0.020077834,0,0,0.062129017,0
4210,1,0.91291255,1,0,0.004695022,0,0,0.05142793,0,0,0.018277185,0,0,0.024888849,0
4220,0,0.39828455,0,0,0.17533965,0,1,0.38496155,1,0,0.195946,0,0,0.13148817,0
4229,1,0.51034415,1,0,0.38795024,1,0,0.05934548,0,0,0.08370512,0,0,0.08755605,0
4230,0,0.07761926,0,1,0.7434117,1,0,0.04196757,0,0,0.13066328,0,0,0.08763526,0
4234,0,0.030122897,0,1,0.7693168,1,0,0.13456373,0,0,0.33125642,0,0,0.26402834,1
4241,1,0.97277766,1,0,0.0013513267,0,0,0.011866817,0,0,0.0038745222,0,0,0.011142495,0
4245,1,0.6848349,1,0,0.023483915,0,1,0.31667936,0,0,0.057876263,0,0,0.068823524,0
4251,0,0.039853014,0,0,0.054468628,0,1,0.95709187,1,0,0.10480224,0,1,0.15376349,0
4252,1,0.78501785,1,0,0.040607117,0,0,0.13228752,0,0,0.06804877,0,0,0.07795967,0
4258,0,0.28471336,0,0,0.08701391,0,1,0.66412246,1,0,0.15151383,0,0,0.12912306,0
4261,1,0.91772825,1,0,0.012503793,0,0,0.027390676,0,0,0.011441728,0,0,0.027745819,0
4262,1,0.58763427,1,0,0.08747689,0,0,0.25164255,0,0,0.20674202,0,0,0.10694447,0
4270,0,0.00048206447,0,1,0.39274943,1,1,0.9007509,1,1,0.6876327,1,0,0.21964292,1
4272,1,0.93613917,1,0,0.0032433912,0,0,0.037713252,0,0,0.011809587,0,0,0.020779515,0
4275,0,0.32119757,0,1,0.548569,1,0,0.10971877,0,0,0.1635237,0,0,0.1459814,0
4281,0,0.38645583,0,0,0.31506202,0,1,0.27861395,0,0,0.2285882,0,0,0.16140325,0
4285,1,0.7380368,1,0,0.08903672,0,0,0.07822778,0,0,0.076525815,0,0,0.069343396,0
4287,1,0.97558343,1,0,0.0018407388,0,0,0.0100706965,0,0,0.001924298,0,0,0.011501961,0
4288,1,0.8098747,1,0,0.023697464,0,0,0.12885587,0,0,0.059252128,0,0,0.064180925,0
4301,1,0.9270899,1,0,0.0049924115,0,0,0.035031065,0,0,0.01503061,0,0,0.022818632,0
4322,0,0.020546425,0,1,0.71758074,1,1,0.26574382,0,0,0.33592948,0,0,0.23449866,1
4326,0,0.0230929,0,1,0.7784298,1,1,0.20020726,0,0,0.24092141,0,0,0.24682482,1
4330,0,0.002907556,0,0,0.15604314,0,1,0.52040064,1,1,0.9395972,1,1,0.12103365,0
4335,0,0.0057302546,0,1,0.8622235,1,0,0.20583443,0,0,0.2390645,0,1,0.3915833,1
4337,1,0.7842836,1,0,0.018932933,0,0,0.08620854,0,0,0.12197887,0,0,0.04190091,0
4342,1,0.48917857,1,1,0.2115702,0,0,0.14310086,0,0,0.24123946,0,0,0.105879046,0
4351,0,0.18860461,0,0,0.4346639,1,0,0.15820579,0,1,0.36362514,1,0,0.102607995,0
4354,1,0.878678,1,0,0.0039222925,0,0,0.023471432,0,0,0.07808028,0,0,0.0128138475,0
4357,0,0.11185654,0,1,0.11045609,0,0,0.4920195,1,0,0.6627083,1,0,0.11968521,0
4368,0,0.060370553,0,1,0.5452462,1,0,0.29253364,0,0,0.5086119,1,0,0.19512565,0
4372,1,0.68795365,1,0,0.16965294,0,0,0.12238268,0,0,0.10014474,0,0,0.12977093,0
4374,1,0.8971221,1,0,0.0094571,0,0,0.044041067,0,0,0.030019721,0,0,0.030753063,0
4379,0,0.6246519,1,1,0.21056183,0,0,0.088394016,0,0,0.0955634,0,0,0.092989996,0
4389,1,0.7694611,1,0,0.07735782,0,0,0.08826423,0,0,0.04933648,0,0,0.07377611,0
4391,0,0.52457935,1,0,0.041162863,0,0,0.07000409,0,1,0.43085337,1,0,0.038129337,0
4399,0,0.004168866,0,1,0.9066209,1,0,0.11722337,0,0,0.17568909,0,1,0.3913378,1
4414,1,0.9225495,1,0,0.006108472,0,0,0.042340007,0,0,0.017041698,0,0,0.028989334,0
4419,0,0.04924248,0,1,0.1629997,0,0,0.15402278,0,1,0.84601766,1,0,0.06689248,0
4420,1,0.5427797,1,0,0.1472843,0,0,0.2813904,0,0,0.18544316,0,0,0.13259691,0
4425,0,0.007952438,0,0,0.06018869,0,1,0.9686113,1,0,0.24381492,0,0,0.14405748,0
4428,1,0.9655406,1,0,0.0015588084,0,0,0.012947398,0,0,0.0069089006,0,0,0.011296422,0
4429,1,0.3297278,0,0,0.5258505,1,0,0.08496594,0,0,0.11411664,0,0,0.09701693,0
4431,1,0.5698453,1,0,0.2487966,0,0,0.091815256,0,0,0.11876029,0,0,0.089801915,0
4443,0,0.040064905,0,0,0.5722127,1,0,0.17475083,0,1,0.60827386,1,0,0.202177,1
4446,0,0.6986308,1,0,0.049723405,0,0,0.24648991,0,0,0.10444293,0,1,0.102881394,0
4459,1,0.73498815,1,0,0.030729469,0,0,0.07815628,0,0,0.18496618,0,0,0.046471342,0
4464,1,0.7693837,1,0,0.12327201,0,0,0.06038227,0,0,0.03554976,0,0,0.07739174,0
4465,0,0.034147974,0,1,0.80095124,1,0,0.096686095,0,0,0.16908748,0,0,0.18183222,0
4472,1,0.8655165,1,0,0.00966441,0,0,0.05771045,0,0,0.053755093,0,0,0.030831164,0
4478,1,0.6292126,1,0,0.040499777,0,0,0.3493509,0,0,0.10474303,0,0,0.09180185,0
4480,1,0.63337785,1,0,0.24171804,0,0,0.08186924,0,0,0.06460374,0,0,0.09067815,0
4481,1,0.8274017,1,0,0.015750602,0,0,0.118670866,0,0,0.055791207,0,0,0.052775595,0
4482,1,0.8693266,1,0,0.02501603,0,0,0.054490365,0,0,0.04192198,0,0,0.05264776,0
4487,1,0.80111223,1,0,0.021328123,0,0,0.044733994,0,0,0.09895617,0,0,0.02954177,0
4494,0,0.7480173,1,0,0.1315454,0,1,0.09909612,0,0,0.04482936,0,0,0.10341565,0
4496,0,0.0066166935,0,1,0.17984462,0,1,0.5001036,1,1,0.9113036,1,0,0.09761272,0
4499,0,0.01197027,0,1,0.66636926,1,0,0.19310588,0,1,0.6878573,1,1,0.30285132,1
4505,1,0.84246767,1,0,0.03549752,0,0,0.07664397,0,0,0.03647489,0,0,0.062888645,0
4515,1,0.8221261,1,0,0.013853409,0,0,0.15869902,0,0,0.044890124,0,0,0.05706899,0
4516,0,0.010514823,0,1,0.75753254,1,0,0.20614558,0,0,0.4654655,1,0,0.31268495,1
4520,1,0.84013075,1,0,0.031604987,0,0,0.046199255,0,0,0.04832503,0,0,0.042433046,0
4526,0,0.76186186,1,1,0.018923499,0,0,0.06222024,0,0,0.1694769,0,0,0.033617612,0
4539,1,0.86005735,1,0,0.006856549,0,0,0.047415316,0,0,0.07373839,0,0,0.023353416,0
4540,0,0.19761838,0,1,0.25459906,0,0,0.06409869,0,0,0.54053086,1,0,0.057480246,0
4553,1,0.896192,1,0,0.009778782,0,0,0.030482754,0,0,0.031154897,0,0,0.023622429,0
4558,1,0.6264661,1,0,0.1302491,0,0,0.113891535,0,0,0.19341284,0,0,0.09420689,0
4564,0,0.20100173,0,0,0.2485519,0,0,0.14409615,0,1,0.5909861,1,0,0.08539419,0
4572,0,0.7335559,1,0,0.086730085,0,0,0.12979604,0,0,0.058551535,0,1,0.088209234,0
4579,1,0.9389486,1,0,0.005482942,0,0,0.028685175,0,0,0.009452461,0,0,0.023380807,0
4580,0,0.025163995,0,0,0.01147923,0,1,0.9804967,1,0,0.08281085,0,0,0.09895059,0
4585,1,0.6376466,1,0,0.046522688,0,0,0.10248617,0,0,0.29396233,0,0,0.05659149,0
4591,0,0.7367074,1,0,0.020052364,0,1,0.25860485,0,0,0.047315225,0,0,0.064032175,0
4597,1,0.7908819,1,0,0.034511622,0,0,0.099175714,0,0,0.07604601,0,0,0.059332915,0
4598,1,0.91351897,1,0,0.014305542,0,0,0.026373621,0,0,0.014351047,0,0,0.02874194,0
4599,0,0.010795306,0,0,0.25389418,0,1,0.91517013,1,0,0.40779242,1,0,0.187903,0
4612,0,0.62343913,1,0,0.056472167,0,1,0.25165564,0,0,0.112634435,0,0,0.0774184,0
4613,1,0.94102657,1,0,0.0029564376,0,0,0.019596826,0,0,0.016792275,0,0,0.01438671,0
4617,0,0.004197362,0,0,0.13649006,0,1,0.92182016,1,1,0.7127909,1,0,0.13986552,0
4619,0,0.15567797,0,0,0.03791858,0,1,0.82132953,1,0,0.21311134,0,0,0.10808872,0
4621,0,0.53882694,1,0,0.25118187,0,0,0.24142742,0,1,0.22180061,0,0,0.18485965,0
4627,0,0.053858392,0,1,0.7662567,1,0,0.07110731,0,0,0.19318137,0,0,0.15085858,0
4629,0,0.0019077747,0,1,0.3824139,1,1,0.8560609,1,0,0.6344482,1,0,0.18698987,0
4633,1,0.933575,1,0,0.003043079,0,0,0.025237298,0,0,0.022662507,0,0,0.016433187,0
4634,1,0.7599152,1,0,0.02400224,0,0,0.124329,0,0,0.11028,0,0,0.052704867,0
4635,1,0.73875576,1,0,0.036677796,0,0,0.13291642,0,0,0.11910008,0,0,0.06327755,0
4638,1,0.87053597,1,0,0.026240882,0,0,0.0314081,0,0,0.020451544,0,0,0.03158798,0
4643,1,0.4859449,1,0,0.1684618,0,0,0.22839157,0,0,0.24890089,0,0,0.111878164,0
4657,0,0.3149132,0,0,0.222345,0,1,0.44831076,1,0,0.11704981,0,0,0.13574176,0
4658,0,0.015941571,0,0,0.1507919,0,1,0.28710124,0,0,0.910773,1,0,0.07915749,0
4659,0,0.009479967,0,0,0.14102463,0,0,0.4451141,1,1,0.9120273,1,0,0.0927701,0
4665,0,0.010347643,0,1,0.8580455,1,1,0.1362931,0,0,0.21576941,0,0,0.31688917,1
4666,0,0.10692691,0,0,0.055037964,0,1,0.89222723,1,1,0.11083099,0,0,0.132572,0
4667,0,0.06597584,0,0,0.3318068,0,1,0.7810335,1,0,0.2519083,0,0,0.2244941,1
4669,1,0.6656995,1,0,0.17492236,0,0,0.118545935,0,0,0.10751173,0,0,0.11919214,0
4673,0,0.023575572,0,0,0.089494765,0,1,0.95652056,1,1,0.16242489,0,0,0.17934799,0
4679,1,0.92565286,1,0,0.007465673,0,0,0.022829842,0,0,0.015716929,0,0,0.02102405,0
4680,1,0.8753258,1,0,0.009734441,0,0,0.05130266,0,0,0.044143498,0,0,0.02953864,0
4685,1,0.65261364,1,0,0.17785087,0,0,0.09142246,0,0,0.10192033,0,0,0.094893865,0
4689,1,0.9184466,1,0,0.0073179756,0,0,0.03593692,0,0,0.019715432,0,0,0.02734597,0
4692,0,0.00483392,0,1,0.19062178,0,1,0.93334365,1,0,0.5669152,1,1,0.16050792,0
4701,0,0.027079025,0,1,0.777509,1,0,0.227591,0,0,0.2614369,0,1,0.31564608,1
4702,0,0.45326373,1,0,0.29979578,0,0,0.10665466,0,0,0.24451017,0,1,0.10508213,0
4711,1,0.27688658,0,1,0.4620884,1,0,0.18492056,0,0,0.27320454,0,0,0.14869285,0
4712,0,0.008526326,0,0,0.7433798,1,0,0.51296985,1,1,0.16181473,0,0,0.3413105,1
4722,0,0.06721767,0,0,0.023688287,0,1,0.9241534,1,0,0.17197806,0,0,0.103025116,0
4725,0,0.019999186,0,0,0.13378161,0,1,0.78095937,1,1,0.7144413,1,0,0.12724024,0
4739,1,0.87566894,1,0,0.0122486055,0,0,0.060757942,0,0,0.03907064,0,0,0.03784341,0
4742,1,0.25931942,0,0,0.6050745,1,0,0.10556768,0,0,0.11589774,0,0,0.12833264,0
4749,0,0.0008722458,0,1,0.8368673,1,0,0.45060322,1,1,0.41155764,1,1,0.511244,1
4756,0,0.001374597,0,1,0.489485,1,1,0.83631706,1,1,0.6319606,1,0,0.33507034,1
4758,0,0.014121445,0,0,0.13703112,0,1,0.9549633,1,0,0.18855152,0,0,0.1971901,0
4763,0,0.0048302375,0,1,0.8570738,1,0,0.28490153,0,0,0.25225663,0,1,0.49216333,1
4776,0,0.13139999,0,1,0.5783384,1,1,0.3176464,0,0,0.22789404,0,1,0.21072906,1
4780,1,0.8788556,1,0,0.018922577,0,1,0.07842071,0,0,0.022066446,0,0,0.05519597,0
4791,0,0.0028499907,0,1,0.9108249,1,0,0.16991845,0,0,0.18182735,0,1,0.49504596,1
4798,1,0.49001294,1,0,0.18307284,0,0,0.06683602,0,0,0.22932854,0,0,0.0609182,0
4808,1,0.1850723,0,0,0.6779207,1,0,0.075618066,0,0,0.096319504,0,0,0.118635714,0
4812,0,0.0026165147,0,0,0.89476615,1,0,0.16157717,0,1,0.3355683,0,0,0.5215287,1
4820,1,0.92731494,1,0,0.009151116,0,0,0.029530726,0,0,0.013135077,0,0,0.028934581,0
4833,0,0.55207145,1,0,0.3701576,1,0,0.07663047,0,1,0.06780456,0,0,0.101942286,0
4834,1,0.9330952,1,0,0.0040608393,0,0,0.015926348,0,0,0.019696107,0,0,0.013314238,0
4837,0,0.07142812,0,0,0.08654308,0,1,0.90460515,1,0,0.1323567,0,0,0.14865766,0
4845,0,0.10069528,0,1,0.583722,1,0,0.082743585,0,0,0.32730094,0,0,0.1014863,0
4851,1,0.88431597,1,0,0.024157695,0,0,0.048137523,0,0,0.019337181,0,0,0.04591656,0
4858,1,0.9266401,1,0,0.0067070266,0,0,0.031875648,0,0,0.016567357,0,0,0.026173808,0
4862,1,0.7484986,1,0,0.12457203,0,0,0.07477694,0,0,0.043707937,0,0,0.082998484,0
4887,1,0.9121624,1,0,0.008527002,0,0,0.03742229,0,0,0.026747487,0,0,0.03085584,0
4888,1,0.6052149,1,0,0.3051021,0,0,0.09738428,0,0,0.06939567,0,0,0.116808146,0
4892,1,0.7590998,1,0,0.017996352,0,0,0.06462056,0,0,0.16740519,0,0,0.03301076,0
4894,0,0.017644396,0,1,0.07626798,0,1,0.77935684,1,1,0.7632156,1,0,0.10401271,0
4896,0,0.8089459,1,0,0.0357568,0,0,0.10641084,0,0,0.046921227,0,1,0.06613836,0
4898,1,0.42949054,0,0,0.031608105,0,0,0.083272666,0,0,0.5367605,1,0,0.033559203,0
4901,0,0.04590174,0,0,0.40683013,1,0,0.16268468,0,1,0.6833931,1,0,0.1089313,0
4905,1,0.7337296,1,0,0.024438621,0,0,0.13441792,0,0,0.1472236,0,0,0.05462386,0
4910,1,0.7503359,1,0,0.021100445,0,0,0.060395066,0,0,0.18010797,0,0,0.034007724,0
4911,1,0.6077435,1,0,0.1386484,0,0,0.15254276,0,0,0.18460786,0,0,0.10241564,0
4913,1,0.61190134,1,0,0.1880884,0,0,0.13964555,0,0,0.1486228,0,0,0.11246411,0
4918,0,0.8762801,1,0,0.01667976,0,0,0.051405903,0,0,0.036861762,0,1,0.04026513,0
4924,1,0.7248643,1,0,0.09107655,0,0,0.10301611,0,0,0.097392745,0,0,0.08432193,0
4933,1,0.81077546,1,0,0.028424138,0,0,0.12168687,0,0,0.029896593,0,0,0.05796767,0
4935,0,0.82078385,1,1,0.077120855,0,0,0.028578484,0,0,0.02013834,0,0,0.041730974,0
4940,0,0.56144273,1,0,0.10426725,0,1,0.11183198,0,1,0.24503373,0,0,0.06804467,0
4945,1,0.94515765,1,0,0.0034600217,0,0,0.02525034,0,0,0.010282787,0,0,0.018703949,0
4951,1,0.07490851,0,0,0.7140969,1,0,0.057323933,0,0,0.17157352,0,0,0.093841136,0
4952,0,0.524301,1,1,0.16223273,0,0,0.07466406,0,0,0.22283535,0,0,0.062776685,0
4957,0,0.010141224,0,0,0.06894467,0,1,0.97095126,1,0,0.16609453,0,1,0.16107336,0
4959,1,0.93221503,1,0,0.0084335795,0,0,0.02635279,0,0,0.011718954,0,0,0.026710864,0
4961,1,0.8208402,1,0,0.021115925,0,0,0.032763936,0,0,0.0733119,0,0,0.026903654,0
4966,0,0.69930065,1,0,0.025971357,0,0,0.097568356,0,1,0.20315126,0,0,0.042393547,0
4978,0,0.0009888413,0,1,0.29942986,0,1,0.94976217,1,1,0.5718512,1,1,0.239533,1
4988,0,0.00074224186,0,1,0.2853644,0,1,0.8401735,1,1,0.85343516,1,1,0.17181265,0
5043,0,0.010050789,0,0,0.7327604,1,0,0.24435256,0,1,0.55922,1,0,0.36414924,1
5044,1,0.86856484,1,0,0.019503808,0,0,0.04479852,0,0,0.035200667,0,0,0.036216877,0
5046,0,0.52097327,1,1,0.034789737,0,1,0.5400533,1,0,0.080323026,0,0,0.08636219,0
5047,0,0.07505396,0,0,0.762219,1,0,0.08870164,0,0,0.13451444,0,1,0.15875062,0
5049,1,0.92924964,1,0,0.005933465,0,0,0.0357205,0,0,0.014208942,0,0,0.026834087,0
5050,0,0.078530475,0,0,0.065385364,0,0,0.06580566,0,1,0.8572599,1,0,0.030375186,0
5051,0,0.0032292798,0,1,0.91311324,1,0,0.10596007,0,0,0.23173764,0,0,0.45752263,1
5058,0,0.0001711756,0,1,0.5606078,1,1,0.888385,1,1,0.6256313,1,1,0.3559732,1
5062,0,0.09844273,0,1,0.6481898,1,1,0.14302333,0,0,0.3165811,0,1,0.17508005,0
5081,1,0.91306275,1,0,0.005306846,0,0,0.052937984,0,0,0.01782696,0,0,0.02747146,0
5088,0,0.23520207,0,1,0.5198032,1,0,0.19148035,0,0,0.31805497,0,1,0.16934153,0
5091,1,0.85821766,1,0,0.011767834,0,0,0.06943833,0,0,0.043864153,0,0,0.035177685,0
5098,1,0.94317615,1,0,0.0030889665,0,0,0.023294507,0,0,0.0113816615,0,0,0.016019884,0
5099,1,0.40465733,0,0,0.48443466,1,0,0.08591304,0,0,0.10391131,0,0,0.105582826,0
5102,1,0.9144825,1,0,0.0075386637,0,0,0.042947277,0,0,0.015775386,0,0,0.028247735,0
5103,0,0.07594198,0,1,0.3757032,1,0,0.18167776,0,0,0.6833103,1,1,0.13508843,0
5104,1,0.92326444,1,0,0.007822237,0,0,0.031537328,0,0,0.018901812,0,0,0.027941266,0
5110,1,0.848331,1,0,0.0128713185,0,0,0.0764817,0,0,0.052632373,0,0,0.038090672,0
5125,0,0.79840577,1,1,0.02600327,0,0,0.03969563,0,0,0.09020722,0,0,0.03077613,0
5132,0,0.0013140736,0,1,0.8562083,1,0,0.4005885,1,0,0.35415983,1,1,0.54981273,1
5139,0,0.0080575235,0,0,0.29714504,0,0,0.36414522,1,1,0.8921663,1,0,0.14178494,0
5141,1,0.11926081,0,0,0.23368013,0,0,0.21473488,0,0,0.7198204,1,0,0.10947057,0
5152,1,0.09598956,0,0,0.36043525,1,0,0.19003859,0,0,0.65536296,1,0,0.12286884,0
5160,0,0.4202661,0,0,0.39932016,1,0,0.100878365,0,1,0.11342476,0,0,0.09550528,0
5162,1,0.92686146,1,0,0.009660581,0,0,0.031976897,0,0,0.011386186,0,0,0.030485086,0
5163,0,0.00044824765,0,1,0.6764169,1,1,0.5807385,1,1,0.7511903,1,1,0.38865608,1
5164,0,0.0059264773,0,0,0.37898552,1,0,0.55801624,1,1,0.82808787,1,0,0.21273173,1
5170,0,0.8461647,1,0,0.008181361,0,1,0.0893252,0,0,0.03929129,0,0,0.030232646,0
5174,1,0.89694285,1,0,0.008102926,0,0,0.04787835,0,0,0.033764794,0,0,0.0303239,0
5175,0,0.004469303,0,0,0.24144381,0,1,0.895844,1,1,0.6722489,1,0,0.18220612,0
5182,1,0.8242043,1,0,0.021562109,0,0,0.090797685,0,0,0.07430479,0,0,0.053400278,0
5187,0,0.081396416,0,0,0.117759734,0,1,0.6966771,1,1,0.5276543,1,0,0.1344322,0
5193,0,0.9272106,1,0,0.0043940926,0,0,0.04362747,0,1,0.012919944,0,0,0.02445311,0
5202,0,0.0031037221,0,0,0.43091258,1,0,0.16900654,0,1,0.9220989,1,0,0.19849941,0
5204,0,0.7528006,1,0,0.09163375,0,0,0.07168472,0,1,0.05148126,0,0,0.06677709,0
5215,1,0.9582752,1,0,0.0011613541,0,0,0.03088755,0,0,0.004998159,0,0,0.013304187,0
5221,0,0.09433816,0,0,0.1465412,0,1,0.5555956,1,1,0.6185395,1,0,0.12853059,0
5222,1,0.8000132,1,0,0.050184622,0,0,0.10033797,0,0,0.062371124,0,0,0.07776277,0
5227,1,0.8795417,1,0,0.0118191615,0,0,0.05428403,0,0,0.037118576,0,0,0.035146,0
5232,1,0.9367419,1,0,0.0051728766,0,0,0.01993959,0,0,0.014653358,0,0,0.01845363,0
5235,0,0.70166904,1,1,0.1261669,0,0,0.059525717,0,0,0.06854981,0,0,0.063368395,0
5236,1,0.9193787,1,0,0.006336492,0,0,0.04661479,0,0,0.012014815,0,0,0.027572256,0
5237,0,0.09473657,0,1,0.54856664,1,0,0.12530954,0,0,0.4797313,1,0,0.13181278,0
5245,1,0.8260164,1,0,0.042398233,0,0,0.055824395,0,0,0.03719019,0,0,0.04968431,0
5246,0,0.6242258,1,0,0.018240115,0,0,0.06231875,0,1,0.3281109,0,0,0.026076186,0
5247,0,0.0024877812,0,0,0.27410704,0,0,0.54970324,1,1,0.9098891,1,0,0.16532876,0
5251,0,0.16125646,0,0,0.13638136,0,0,0.12694149,0,1,0.72904307,1,0,0.063142724,0
5257,0,0.53236014,1,0,0.09830115,0,0,0.18795562,0,1,0.32472038,0,0,0.093151174,0
5260,0,0.0012994775,0,1,0.8595513,1,1,0.37363613,1,0,0.39062005,1,1,0.55858564,1
5261,1,0.8462779,1,0,0.008587589,0,0,0.11414558,0,0,0.04166264,0,0,0.03905539,0
5267,1,0.2841138,0,0,0.58780843,1,0,0.12538391,0,0,0.11007791,0,0,0.14491992,0
5273,1,0.9207746,1,0,0.00809432,0,0,0.03703392,0,0,0.015673246,0,0,0.029302388,0
5275,1,0.862883,1,0,0.030600773,0,0,0.061343517,0,0,0.037022952,0,0,0.058776334,0
5278,0,0.05850662,0,1,0.7622466,1,0,0.08522,0,0,0.1616125,0,0,0.14607358,0
5287,0,0.013111074,0,0,0.1733242,0,0,0.37708116,1,1,0.9012827,1,0,0.09406792,0
5289,0,0.10297342,0,1,0.51464874,1,0,0.1729485,0,0,0.4842145,1,1,0.13632973,0
5293,0,0.0010375101,0,1,0.65215003,1,0,0.40015036,1,1,0.834505,1,1,0.38160926,1
5308,1,0.93592125,1,0,0.008540434,0,0,0.024005204,0,0,0.010137376,0,0,0.026217742,0
5310,0,0.636091,1,1,0.2269168,0,0,0.07356482,0,0,0.058383003,0,0,0.0782938,0
5315,1,0.7865116,1,0,0.044938006,0,0,0.10205012,0,0,0.045103945,0,0,0.061874807,0
5317,0,0.10067971,0,0,0.042824857,0,0,0.08185791,0,1,0.8529978,1,0,0.027189119,0
5320,0,0.027733864,0,0,0.056052417,0,1,0.9596151,1,0,0.17990182,0,0,0.17051305,0
5322,0,0.0030768262,0,1,0.33686736,0,1,0.9361149,1,0,0.35919964,1,1,0.32236987,1
5323,0,0.04366744,0,0,0.8151636,1,0,0.10090804,0,0,0.14159244,0,1,0.22772895,1
5329,0,0.09310464,0,0,0.13605504,0,0,0.092196755,0,1,0.79983294,1,1,0.053100124,0
5331,1,0.77669245,1,0,0.024595933,0,0,0.113371655,0,0,0.10765441,0,0,0.0543146,0
5333,0,0.059493456,0,0,0.72091645,1,0,0.11108952,0,1,0.25966254,0,0,0.16771425,0
5336,1,0.67765695,1,0,0.1492718,0,0,0.124265715,0,0,0.08028054,0,0,0.10247371,0
5337,0,0.8746741,1,0,0.019494802,0,1,0.05328272,0,0,0.030874578,0,0,0.043024722,0
5338,0,0.008969291,0,0,0.032378063,0,1,0.9480006,1,0,0.42921934,1,1,0.10653452,0
5340,0,0.021567978,0,1,0.7524686,1,1,0.11299019,0,0,0.38109258,1,0,0.20900267,1
5341,0,0.060528807,0,1,0.61586535,1,1,0.18386838,0,0,0.3859093,1,0,0.16369526,0
5342,0,0.05037619,0,1,0.63275796,1,1,0.1920147,0,0,0.42534235,1,0,0.19340536,0
5344,1,0.911977,1,0,0.0067777266,0,0,0.049482908,0,0,0.017276837,0,0,0.029418964,0
5349,0,0.037932638,0,0,0.11991422,0,1,0.7059383,1,1,0.6936108,1,0,0.12721837,0
5356,0,0.05889881,0,0,0.5833298,1,1,0.17826757,0,1,0.47115448,1,0,0.15724924,0
5358,0,0.03976774,0,0,0.11628747,0,1,0.93206805,1,0,0.15385695,0,0,0.18109785,0
5359,0,0.0012874042,0,1,0.91744703,1,0,0.18760706,0,0,0.2949131,0,1,0.59149176,1
5360,0,0.73296994,1,0,0.024075827,0,0,0.04720194,0,1,0.18389793,0,0,0.029317558,0
5363,1,0.60418034,1,0,0.10226099,0,0,0.08703609,0,0,0.22809178,0,0,0.06767394,0
5370,1,0.92849666,1,0,0.0049840477,0,0,0.040110577,0,0,0.008930536,0,0,0.023012033,0
5375,1,0.96284753,1,0,0.0011450164,0,0,0.014548419,0,0,0.0075560934,0,0,0.009327397,0
5379,0,0.03467343,0,0,0.06139766,0,1,0.94571847,1,0,0.20270972,0,0,0.16206495,0
5382,1,0.68684185,1,0,0.033559382,0,0,0.3648869,1,0,0.062269807,0,0,0.101973705,0
5383,1,0.88570136,1,0,0.004624715,0,0,0.022874206,0,0,0.067740165,0,0,0.014458522,0
5385,1,0.7970139,1,0,0.019590283,0,0,0.1192617,0,0,0.0695058,0,0,0.050351832,0
5402,0,0.14121123,0,1,0.7140287,1,0,0.07316605,0,0,0.11685406,0,0,0.13460441,0
5404,0,0.0013668694,0,0,0.18850377,0,1,0.91090924,1,1,0.7999322,1,0,0.14422418,0
5407,0,0.010394635,0,1,0.3204633,0,1,0.9001305,1,0,0.33035782,0,0,0.20606679,1
5408,0,0.029101683,0,1,0.8064166,1,0,0.1595798,0,0,0.20793402,0,0,0.27519497,1
5418,1,0.90272856,1,0,0.007835734,0,0,0.049996015,0,0,0.025486182,0,0,0.030924235,0
5419,0,0.0005778791,0,1,0.88608503,1,0,0.36118156,1,0,0.38237125,1,1,0.5830648,1
5424,0,0.019963553,0,0,0.12792327,0,1,0.94334024,1,0,0.26364842,0,0,0.17640914,0
5429,0,0.029561648,0,1,0.6007728,1,0,0.3284901,0,0,0.5406147,1,0,0.2514274,1
5431,1,0.9321148,1,0,0.00691144,0,0,0.02522046,0,0,0.013462043,0,0,0.023505967,0
5444,0,0.00016795065,0,0,0.61791354,1,1,0.81927794,1,1,0.6582641,1,0,0.35010839,1
5449,0,0.15761973,0,0,0.08236337,0,0,0.19488454,0,1,0.75895697,1,1,0.06600895,0
5455,0,0.67630357,1,0,0.02292627,0,1,0.19110464,0,0,0.13870394,0,0,0.05054255,0
5458,0,0.5042722,1,1,0.37777433,1,1,0.0619647,0,0,0.08663018,0,0,0.08309024,0
5459,1,0.72048855,1,0,0.04171075,0,0,0.098324224,0,0,0.16898203,0,0,0.05637797,0
5468,1,0.9482484,1,0,0.0024097587,0,0,0.028391436,0,0,0.0077829035,0,0,0.016365824,0
5469,1,0.7359833,1,0,0.042315103,0,0,0.12151736,0,0,0.13883835,0,0,0.06725837,0
5473,0,0.012039184,0,0,0.21507633,0,1,0.92241734,1,0,0.41432357,1,0,0.1885547,0
5475,1,0.6963226,1,0,0.034895882,0,0,0.09740902,0,0,0.2174173,0,0,0.051293913,0
5476,0,0.0068941317,0,1,0.8572861,1,1,0.18575042,0,0,0.28267875,0,0,0.41687718,1
5478,0,0.57879925,1,0,0.11059416,0,0,0.067967676,0,1,0.23176412,0,0,0.05908827,0
5481,1,0.82353145,1,0,0.029712183,0,0,0.06471319,0,0,0.07791624,0,0,0.051858958,0
5482,1,0.9228473,1,0,0.004263171,0,0,0.03319504,0,0,0.018867435,0,0,0.01937598,0
5485,0,0.029402284,0,1,0.5742067,1,0,0.26422977,0,0,0.6231615,1,1,0.21917593,1
5491,1,0.9099437,1,0,0.008278521,0,0,0.031195505,0,0,0.02417379,0,0,0.024730198,0
5492,0,0.009386696,0,0,0.14745723,0,1,0.24774969,0,1,0.93717253,1,0,0.069399506,0
5495,0,0.004513189,0,0,0.16397704,0,1,0.9488297,1,1,0.50331956,1,0,0.18968806,0
5498,0,0.7934124,1,0,0.012543243,0,0,0.038480587,0,1,0.15120193,0,0,0.02315484,0
5501,0,0.012553269,0,1,0.3905188,1,0,0.3026707,0,1,0.8384382,1,0,0.16884781,0
5505,1,0.80121523,1,0,0.021887917,0,0,0.1845009,0,0,0.03652779,0,0,0.070027515,0
5506,1,0.8990493,1,0,0.0069399984,0,0,0.035555627,0,0,0.03361762,0,0,0.022617595,0
5508,1,0.46496162,1,0,0.35785437,1,0,0.14639486,0,0,0.1335614,0,0,0.12745787,0
5530,1,0.7969073,1,0,0.008382946,0,0,0.032340422,0,0,0.15349184,0,0,0.016617363,0
5536,1,0.8639351,1,0,0.031857304,0,0,0.051518146,0,0,0.024971617,0,0,0.050241116,0
5539,1,0.5542467,1,0,0.23902826,0,0,0.08183711,0,0,0.13811821,0,0,0.08641455,0
5558,1,0.89544326,1,0,0.004624491,0,0,0.07657612,0,0,0.01982904,0,0,0.027143734,0
5561,1,0.7742311,1,0,0.047749106,0,0,0.077612944,0,0,0.09478681,0,0,0.058366176,0
5564,1,0.9285815,1,0,0.0060569337,0,0,0.025041185,0,0,0.015005491,0,0,0.020663183,0
5565,1,0.7113821,1,0,0.10838277,0,0,0.04828361,0,0,0.06698218,0,0,0.053743802,0
5570,0,0.12089775,0,0,0.19588432,0,0,0.09805115,0,1,0.72243667,1,0,0.06575871,0
5572,0,0.68493474,1,1,0.12730972,0,0,0.07913873,0,0,0.091199785,0,0,0.07351682,0
5579,1,0.8969178,1,0,0.0093025835,0,0,0.0669505,0,0,0.020102039,0,0,0.038072385,0
5582,0,0.24051087,0,0,0.12135392,0,0,0.106662154,0,0,0.6530993,1,1,0.061857805,0
5589,1,0.6288682,1,0,0.08828695,0,0,0.14651398,0,0,0.26240036,0,0,0.09489884,0
5590,0,0.1405396,0,0,0.5905479,1,1,0.14664856,0,1,0.27494958,0,0,0.1309144,0
5605,1,0.9568613,1,0,0.0022784101,0,0,0.01584627,0,0,0.008587462,0,0,0.013219798,0
5618,1,0.59372854,1,0,0.21998604,0,0,0.08571357,0,0,0.08554964,0,0,0.08067347,0
5629,0,0.7095429,1,0,0.016442576,0,0,0.087387726,0,1,0.2018477,0,0,0.03288965,0
5632,0,0.019402249,0,0,0.19558378,0,0,0.13437581,0,1,0.8926981,1,0,0.06940674,0
5636,0,0.0010192926,0,1,0.6986813,1,0,0.323733,0,1,0.822479,1,1,0.40724993,1
5637,0,0.0015020809,0,1,0.6779512,1,1,0.29328254,0,1,0.8282345,1,1,0.38165474,1
5640,0,0.0043338863,0,0,0.33558127,0,0,0.4151691,1,1,0.9006476,1,0,0.2019041,1
5644,0,0.01093707,0,1,0.7554698,1,0,0.23421213,0,0,0.5177483,1,1,0.38397303,1
5645,0,0.02992054,0,0,0.38453487,1,0,0.2975608,0,1,0.77308524,1,0,0.16161858,0
5646,0,0.010808661,0,1,0.7621664,1,0,0.24280158,0,0,0.47762772,1,0,0.37400255,1
5647,0,0.009342645,0,1,0.75271875,1,0,0.24931444,0,0,0.54918957,1,0,0.40463975,1
5648,0,0.015479118,0,1,0.73205274,1,0,0.24157557,0,0,0.51667875,1,0,0.3694851,1
5651,1,0.88822824,1,0,0.0067207036,0,0,0.07962513,0,0,0.024371108,0,0,0.033698313,0
5652,1,0.59355605,1,0,0.31167212,0,0,0.05886302,0,0,0.05495469,0,0,0.07740405,0
5657,0,0.3617333,0,0,0.34792644,0,0,0.2636159,0,0,0.15134549,0,1,0.14051008,0
5660,0,0.012311753,0,1,0.76936424,1,0,0.16204712,0,0,0.42390943,1,0,0.28450963,1
5661,0,0.0042427476,0,1,0.7089289,1,0,0.4984699,1,0,0.4966588,1,0,0.38871694,1
5667,0,0.019301487,0,0,0.15963991,0,0,0.08850543,0,1,0.90654,1,0,0.054523394,0
5679,0,0.16228496,0,1,0.6324671,1,0,0.16386612,0,0,0.17460227,0,1,0.17132258,0
5687,0,0.0027928264,0,1,0.91181505,1,1,0.17022227,0,0,0.1850226,0,1,0.50323254,1
5696,0,0.048573546,0,1,0.11395557,0,1,0.8776092,1,0,0.28227016,0,0,0.15087163,0
5732,0,0.4377908,0,1,0.36646104,1,0,0.13420571,0,0,0.17975457,0,0,0.1261363,0
5733,1,0.87380624,1,0,0.012000581,0,0,0.067984365,0,0,0.030983545,0,0,0.03799937,0
5736,0,0.035192724,0,1,0.5453246,1,1,0.647728,1,0,0.24372856,0,1,0.27069962,1
5741,1,0.95986634,1,0,0.0013496791,0,0,0.014175331,0,0,0.010275613,0,0,0.01001977,0
5747,1,0.11015593,0,0,0.63009346,1,0,0.13761428,0,0,0.23843393,0,0,0.1386928,0
5751,1,0.8140015,1,0,0.018118981,0,0,0.04252638,0,0,0.10578616,0,0,0.03008555,0
5758,1,0.5900848,1,0,0.20831946,0,0,0.08262373,0,0,0.12872705,0,0,0.08985573,0
5759,1,0.8672004,1,0,0.014482371,0,0,0.042908918,0,0,0.050767727,0,0,0.03157807,0
5763,0,0.039347343,0,0,0.13748291,0,0,0.078224376,0,1,0.8738672,1,0,0.046220556,0
5767,1,0.70342565,1,0,0.09007408,0,0,0.088016614,0,0,0.11746237,0,0,0.07383866,0
5768,0,0.084035836,0,1,0.7383592,1,1,0.101323284,0,0,0.17400922,0,0,0.17924522,0
5770,1,0.56715745,1,0,0.31396887,0,0,0.06367294,0,0,0.07504324,0,0,0.081236154,0
5771,1,0.67519325,1,0,0.039419748,0,0,0.16859281,0,0,0.14803648,0,0,0.062221292,0
5773,0,0.13095768,0,0,0.013180282,0,1,0.93923193,1,0,0.035187963,0,0,0.09003897,0
5783,1,0.85908276,1,0,0.017267868,0,0,0.053219974,0,0,0.05243358,0,0,0.038903344,0
5784,1,0.9475421,1,0,0.004466552,0,0,0.020170113,0,0,0.009738817,0,0,0.019434748,0
5798,1,0.92598,1,0,0.0036590241,0,0,0.028174391,0,0,0.021234015,0,0,0.016877765,0
5800,0,0.044155497,0,1,0.6747644,1,1,0.36990643,1,0,0.23327251,0,0,0.24301879,1
5806,0,0.26526752,0,0,0.04739592,0,0,0.08731358,0,1,0.702818,1,0,0.036958348,0
5807,0,0.029986463,0,1,0.7710001,1,1,0.11974703,0,0,0.25172293,0,0,0.1907514,0
5810,0,0.007881937,0,1,0.53183883,1,0,0.42676088,1,1,0.78040236,1,1,0.28824383,1
5811,1,0.67309034,1,0,0.008558533,0,1,0.38744777,1,0,0.043360487,0,0,0.04253941,0
5813,1,0.834409,1,0,0.004363366,0,0,0.017793743,0,0,0.1224938,0,0,0.010059418,0
5815,1,0.91121185,1,0,0.009055358,0,0,0.023355821,0,0,0.022598963,0,0,0.021010388,0
5820,1,0.95179933,1,0,0.003156466,0,0,0.02698984,0,0,0.0059902137,0,0,0.019183403,0
5821,0,0.006567935,0,1,0.6152508,1,0,0.2692349,0,0,0.770066,1,1,0.29274806,1
5826,0,0.107718565,0,0,0.047702786,0,1,0.91414225,1,1,0.11126202,0,0,0.14632662,0
5831,1,0.8754673,1,0,0.013933148,0,0,0.04780704,0,0,0.037585057,0,0,0.03362899,0
5832,0,0.04262544,0,0,0.13363297,0,1,0.8669355,1,0,0.3656501,1,0,0.16551399,0
5834,1,0.75919634,1,0,0.0662278,0,0,0.1174602,0,0,0.09247059,0,0,0.08736972,0
5841,0,0.51192856,1,1,0.3858895,1,0,0.05393496,0,0,0.071054816,0,0,0.078267485,0
5842,0,0.0018828596,0,1,0.8357296,1,0,0.21835041,0,0,0.58739716,1,1,0.51247257,1
5846,1,0.79793996,1,0,0.017235741,0,0,0.10223624,0,0,0.084939,0,0,0.043571766,0
5849,1,0.81354624,1,0,0.0487999,0,0,0.06492956,0,0,0.038484864,0,0,0.055820607,0
5861,0,0.09687073,0,1,0.2948796,0,0,0.16463536,0,0,0.7037504,1,0,0.10537411,0
5865,0,0.021571385,0,0,0.04253094,0,1,0.96744955,1,0,0.15866895,0,0,0.15961012,0
5870,1,0.7137267,1,0,0.13752285,0,0,0.0731946,0,0,0.061551075,0,0,0.079683855,0
5873,0,0.5233208,1,1,0.3940395,1,0,0.071759865,0,0,0.067082286,0,0,0.09658966,0
5882,1,0.8007455,1,0,0.01136135,0,0,0.047333714,0,0,0.13471754,0,0,0.024555303,0
5883,0,0.3298755,0,0,0.32948083,0,0,0.1447244,0,1,0.38698953,1,0,0.120420724,0
5885,0,0.0051600467,0,1,0.62843615,1,0,0.26676443,0,1,0.7710882,1,0,0.2883913,1
5887,1,0.92875725,1,0,0.003974761,0,0,0.021669239,0,0,0.024377346,0,0,0.016162552,0
5890,1,0.3914224,0,0,0.24624391,0,0,0.15723418,0,0,0.38098276,1,0,0.11570974,0
5895,0,0.46341348,1,0,0.26948354,0,0,0.12251201,0,1,0.24813293,0,0,0.10699555,0
5896,1,0.7321382,1,0,0.09775926,0,0,0.0837572,0,0,0.06821752,0,0,0.07207326,0
5902,0,0.006194672,0,0,0.34269774,0,1,0.8966026,1,1,0.42709243,1,0,0.19359481,0
5909,0,0.051980294,0,0,0.47667605,1,0,0.26289406,0,1,0.67343557,1,0,0.2018207,1
5911,0,0.015756391,0,0,0.8567329,1,0,0.098926686,0,0,0.21808146,0,1,0.29718292,1
5918,1,0.7231924,1,0,0.07990005,0,0,0.12113253,0,0,0.11814821,0,0,0.08739571,0
5927,0,0.005733934,0,0,0.1346915,0,0,0.22780672,0,1,0.9533513,1,0,0.06729561,0
5928,1,0.879808,1,0,0.014971538,0,0,0.04543396,0,0,0.025607632,0,0,0.032919575,0
5929,1,0.8352321,1,0,0.031588193,0,0,0.031766504,0,0,0.037561193,0,0,0.030655269,0
5931,1,0.81626135,1,0,0.057169113,0,0,0.08225904,0,0,0.035861548,0,0,0.07354482,0
5935,1,0.9604299,1,0,0.001371315,0,0,0.01714618,0,0,0.008587215,0,0,0.011364178,0
5936,0,0.6170157,1,0,0.06209043,0,0,0.16433065,0,1,0.26983392,0,0,0.080651425,0
5937,0,0.765286,1,0,0.053466283,0,0,0.17489731,0,0,0.06031121,0,1,0.100569114,0
5938,1,0.8575561,1,0,0.01942173,0,0,0.051618174,0,0,0.044948824,0,0,0.03809097,0
5940,0,0.12733164,0,0,0.19901961,0,1,0.7256749,1,0,0.24530682,0,0,0.16771151,0
5950,0,0.056030143,0,1,0.8320997,1,0,0.054624315,0,0,0.07906948,0,0,0.15626068,0
5953,0,0.69720995,1,0,0.10714864,0,1,0.115451194,0,0,0.094944276,0,0,0.08495908,0
5958,0,0.8185975,1,0,0.011942178,0,0,0.031565927,0,1,0.11337685,0,0,0.021353342,0
5961,1,0.5509146,1,0,0.013740692,0,1,0.6104521,1,0,0.03836354,0,0,0.06250687,0
5962,1,0.8048541,1,0,0.024378695,0,0,0.08276343,0,0,0.08706112,0,0,0.050045762,0
5965,0,0.0072870455,0,1,0.7862869,1,0,0.29805714,0,0,0.3825948,1,1,0.36545599,1
5976,1,0.93186265,1,0,0.0036364116,0,0,0.028084446,0,0,0.016655518,0,0,0.017651407,0
5981,1,0.9117469,1,0,0.004259541,0,0,0.037290595,0,0,0.025550926,0,0,0.01908646,0
5991,0,0.038584072,0,0,0.10891251,0,1,0.93362445,1,0,0.1943668,0,0,0.18251885,0
6005,1,0.5957566,1,0,0.07518535,0,0,0.06651641,0,0,0.26206192,0,0,0.04929155,0
6008,1,0.9408687,1,0,0.004104961,0,0,0.024698608,0,0,0.01154035,0,0,0.01909869,0
6010,1,0.91645,1,0,0.0061617927,0,0,0.02029377,0,0,0.027960178,0,0,0.017728392,0
6011,0,0.01185126,0,0,0.39714015,1,0,0.46399313,1,1,0.812378,1,0,0.21549873,1
6017,0,0.024006551,0,1,0.62847275,1,0,0.4693253,1,0,0.43622044,1,1,0.31359777,1
6018,0,0.5578149,1,0,0.047812957,0,0,0.06730254,0,1,0.38417768,1,1,0.041932546,0
6023,1,0.49209195,1,0,0.08865507,0,1,0.40018517,1,0,0.16043796,0,0,0.107302204,0
6024,1,0.77516574,1,0,0.01762895,0,0,0.03830644,0,0,0.14676906,0,0,0.0250535,0
6030,1,0.12905313,0,0,0.7122395,1,0,0.07513716,0,0,0.11416373,0,0,0.12218458,0
6034,1,0.8591111,1,0,0.010668917,0,0,0.08660268,0,0,0.031790443,0,0,0.036959033,0
6035,1,0.9286662,1,0,0.009852187,0,0,0.039329585,0,0,0.012857919,0,0,0.03784103,0
6052,1,0.17347132,0,0,0.60109234,1,0,0.10652086,0,0,0.22245099,0,0,0.12064532,0
6057,0,0.69474745,1,0,0.013929783,0,1,0.08231613,0,0,0.20485282,0,0,0.027173348,0
6060,0,0.6511942,1,0,0.16277643,0,1,0.1963894,0,0,0.13296805,0,1,0.14859524,0
6070,0,0.006597071,0,1,0.63218373,1,0,0.24051408,0,1,0.7832667,1,1,0.3254832,1
6074,1,0.79056895,1,0,0.03423976,0,0,0.15022108,0,0,0.06510239,0,0,0.081704706,0
6078,0,0.08140997,0,1,0.6560724,1,0,0.04645802,0,1,0.25369108,0,0,0.07652504,0
6082,0,0.14221996,0,1,0.4247124,1,0,0.19530751,0,1,0.4862542,1,0,0.12201552,0
6085,0,0.061041284,0,0,0.24470246,0,0,0.2611345,0,1,0.7815133,1,1,0.119800396,0
6088,0,0.009534812,0,0,0.51220226,1,1,0.35940495,1,1,0.79309976,1,0,0.24341278,1
6095,1,0.08123831,0,0,0.4859789,1,0,0.2689501,0,0,0.5074062,1,0,0.14928643,0
6097,1,0.80038196,1,0,0.024356838,0,0,0.061537314,0,0,0.098419935,0,0,0.03980366,0
6103,1,0.7266174,1,0,0.07321298,0,0,0.11479659,0,0,0.08085914,0,0,0.07346453,0
6118,1,0.44058022,0,0,0.38187826,1,0,0.07929467,0,0,0.14662258,0,0,0.095991574,0
6131,1,0.92316437,1,0,0.00385953,0,0,0.04438226,0,0,0.012781299,0,0,0.02097428,0
6134,0,0.06127373,0,0,0.1900287,0,1,0.86300945,1,0,0.2626434,0,0,0.20412336,1
6141,0,0.11401737,0,1,0.6578617,1,0,0.11599587,0,0,0.24929751,0,1,0.14731278,0
6153,0,0.05316882,0,0,0.004193207,0,1,0.9741702,1,0,0.057115834,0,0,0.05736173,0
6155,0,0.20758675,0,1,0.46445385,1,1,0.2807507,0,0,0.35547605,1,0,0.17784575,0
6160,1,0.8664599,1,0,0.021054097,0,0,0.048099007,0,0,0.04303846,0,0,0.042034205,0
6167,0,0.000803056,0,1,0.8313751,1,0,0.41667873,1,1,0.5342912,1,1,0.5541837,1
6169,1,0.8624682,1,0,0.018076187,0,0,0.06743508,0,0,0.032190252,0,0,0.0433231,0
6177,0,0.010229712,0,1,0.8429984,1,1,0.18375507,0,0,0.27432683,0,0,0.3803348,1
6178,1,0.8146915,1,0,0.016567418,0,0,0.08993196,0,0,0.095718205,0,0,0.04562136,0
6184,1,0.30828175,0,0,0.12575698,0,0,0.6725645,1,0,0.16939797,0,0,0.1897426,0
6194,0,0.18561094,0,1,0.25424513,0,0,0.10988374,0,0,0.6043317,1,0,0.07692721,0
6216,1,0.29077914,0,0,0.61973387,1,0,0.08865304,0,0,0.094684,0,0,0.12902182,0
6223,0,0.06950825,0,1,0.7712731,1,0,0.13035072,0,0,0.14032376,0,0,0.22717264,1
6224,0,0.0020445492,0,0,0.7562587,1,0,0.5417064,1,1,0.43849573,1,0,0.42573002,1
6231,0,0.32877916,0,0,0.4001467,1,0,0.07692529,0,1,0.24897084,0,0,0.0819218,0
6237,1,0.95439273,1,0,0.0016928674,0,0,0.026431812,0,0,0.006297677,0,0,0.013953008,0
6245,0,0.19657828,0,1,0.46374124,1,0,0.25891542,0,0,0.3439261,0,0,0.16257857,0
6246,1,0.7381388,1,0,0.08417872,0,0,0.116820015,0,0,0.11045745,0,0,0.094953515,0
6247,0,0.21765503,0,1,0.6037862,1,0,0.1382332,0,0,0.203294,0,0,0.17332196,0
6254,0,0.005412911,0,1,0.31238592,0,0,0.85141814,1,1,0.67503214,1,1,0.23711535,1
6259,0,0.03401606,0,1,0.33184648,0,0,0.1815516,0,1,0.8163259,1,1,0.13667944,0
6262,1,0.8290838,1,0,0.018235555,0,0,0.12683043,0,0,0.031043377,0,0,0.053653885,0
6270,0,0.74677825,1,1,0.12601429,0,0,0.07232651,0,0,0.041476898,0,0,0.076195434,0
6273,0,0.83379364,1,0,0.023540294,0,0,0.088582315,0,1,0.05115562,0,0,0.054393128,0
6274,1,0.77542204,1,0,0.12151715,0,0,0.037514776,0,0,0.024196608,0,0,0.05389687,0
6275,0,0.0024743963,0,1,0.17650637,0,1,0.55497575,1,1,0.9318299,1,1,0.10296687,0
6278,1,0.04777911,0,0,0.7649595,1,0,0.066980705,0,0,0.18133268,0,0,0.13176441,0
6280,0,0.48550254,1,0,0.37955806,1,0,0.1590659,0,1,0.10048919,0,0,0.14728971,0
6281,1,0.88244593,1,0,0.0069329166,0,0,0.058762513,0,0,0.03537868,0,0,0.02729358,0
6282,0,0.024662212,0,0,0.02168387,0,1,0.97326374,1,0,0.10005089,0,0,0.115699336,0
6284,0,0.1330229,0,0,0.047395315,0,1,0.8827029,1,0,0.10578821,0,0,0.12569816,0
6288,0,0.024155883,0,0,0.039061785,0,1,0.9396732,1,1,0.28977332,0,0,0.12438047,0
6298,1,0.9445986,1,0,0.0024181963,0,0,0.025288928,0,0,0.012095001,0,0,0.015272448,0
6306,0,0.050753057,0,0,0.3491826,0,1,0.35034573,1,1,0.6911191,1,0,0.13750422,0
6311,1,0.9280712,1,0,0.0031938902,0,0,0.024625719,0,0,0.024137935,0,0,0.015168492,0
6312,1,0.9173297,1,0,0.004261924,0,0,0.034941986,0,0,0.026393894,0,0,0.020119479,0
6322,0,0.012945449,0,1,0.3647641,1,1,0.84640414,1,0,0.42875317,1,1,0.20230982,1
6326,1,0.8778563,1,0,0.005613613,0,0,0.0280384,0,0,0.0744771,0,0,0.017366907,0
6331,0,0.013765846,0,0,0.04802939,0,1,0.9042507,1,1,0.5980403,1,0,0.11070787,0
6338,0,0.55548203,1,0,0.08887727,0,0,0.08997818,0,1,0.33634838,0,0,0.06595398,0
6341,1,0.9237729,1,0,0.004722182,0,0,0.031491503,0,0,0.019816164,0,0,0.02049167,0
6347,0,0.71535355,1,0,0.080842406,0,0,0.16358422,0,0,0.08297274,0,1,0.09888891,0
6356,0,0.53755295,1,0,0.051308822,0,1,0.47806442,1,0,0.11587402,0,0,0.10709207,0
6366,0,0.009134494,0,1,0.8600822,1,0,0.13755065,0,0,0.2445903,0,0,0.34370485,1
6370,1,0.5784527,1,0,0.1066422,0,0,0.25803864,0,0,0.21060213,0,0,0.11915031,0
6381,1,0.8656081,1,0,0.027540984,0,0,0.04918118,0,0,0.030976037,0,0,0.046194214,0
6389,0,0.05483686,0,1,0.5510515,1,1,0.23529625,0,0,0.56097424,1,1,0.19179182,0
6393,1,0.6836815,1,0,0.13539235,0,0,0.101067826,0,0,0.09186034,0,0,0.08774757,0
6394,0,0.5743662,1,0,0.03252565,0,0,0.08122922,0,1,0.38337716,1,0,0.039590012,0
6398,0,0.043955114,0,1,0.77790046,1,0,0.13207981,0,0,0.2529199,0,0,0.2491416,1
6406,1,0.90848255,1,0,0.011562236,0,0,0.05058903,0,0,0.016728986,0,0,0.039149225,0
6422,0,0.11376996,0,0,0.6905559,1,0,0.10071499,0,0,0.15547185,0,1,0.13375504,0
6425,1,0.91490585,1,0,0.008468647,0,0,0.032444734,0,0,0.023615733,0,0,0.027669065,0
6427,0,0.65918046,1,0,0.19528656,0,0,0.06754973,0,0,0.06374299,0,1,0.07656535,0
6441,1,0.795123,1,0,0.034813233,0,0,0.060367037,0,0,0.09530466,0,0,0.04632605,0
6445,0,0.0056403866,0,1,0.74842334,1,1,0.22378683,0,1,0.57437366,1,0,0.34441316,1
6446,0,0.030816644,0,0,0.20285913,0,0,0.31895602,0,1,0.85832757,1,0,0.113054894,0
6452,0,0.01455231,0,1,0.749546,1,0,0.24911773,0,0,0.4394315,1,1,0.35622424,1
6458,1,0.23508275,0,0,0.58943444,1,0,0.16797686,0,0,0.1771054,0,0,0.17850421,0
6460,0,0.008853349,0,1,0.8936212,1,0,0.0978655,0,0,0.1636036,0,0,0.34881398,1
6471,0,0.6067595,1,0,0.20788576,0,1,0.1289707,0,0,0.1435016,0,1,0.11472479,0
6480,0,0.0013037781,0,1,0.48079547,1,1,0.48932293,1,1,0.8837055,1,1,0.27292472,1
6482,1,0.9368843,1,0,0.0045378935,0,0,0.027600404,0,0,0.014156279,0,0,0.021370085,0
6498,1,0.8786564,1,0,0.021149917,0,0,0.052147772,0,0,0.027215164,0,0,0.045391038,0
6509,0,0.014988657,0,1,0.6997688,1,0,0.25662836,0,0,0.53061455,1,1,0.3044783,1
6520,0,0.0017497553,0,1,0.36252004,1,0,0.52255356,1,1,0.9023363,1,1,0.2111371,1
6533,0,0.0044470476,0,1,0.23382345,0,1,0.9406585,1,0,0.42292604,1,0,0.17348349,0
6534,1,0.929088,1,0,0.0087381825,0,0,0.023467168,0,0,0.012086138,0,0,0.023869585,0
6536,0,0.56017417,1,0,0.13256828,0,0,0.094335675,0,1,0.24081375,0,0,0.06979373,0
6537,0,0.012468029,0,1,0.36034223,1,1,0.82093155,1,0,0.45832375,1,0,0.17299706,0
6538,0,0.0022221738,0,1,0.33095476,0,0,0.42324647,1,1,0.9246562,1,0,0.17053723,0
6541,1,0.2711268,0,0,0.47953206,1,0,0.17895979,0,0,0.283118,0,0,0.15393311,0
6543,0,0.0026705472,0,0,0.08733539,0,1,0.923018,1,1,0.77543634,1,0,0.10468169,0
6544,0,0.026241109,0,0,0.5837775,1,0,0.17993204,0,1,0.6527366,1,0,0.2057971,1
6547,0,0.010788872,0,0,0.25604594,0,0,0.32625633,0,1,0.89818615,1,0,0.1273217,0
6559,0,0.08724777,0,1,0.55484825,1,0,0.14616367,0,1,0.43405154,1,0,0.12881021,0
6566,1,0.95039207,1,0,0.0023823155,0,0,0.020970192,0,0,0.010377707,0,0,0.014592613,0
6570,1,0.8175382,1,0,0.013026436,0,0,0.05591794,0,0,0.10658283,0,0,0.030212548,0
6571,1,0.8867277,1,0,0.0077377167,0,0,0.040130522,0,0,0.044057697,0,0,0.024392756,0
6573,1,0.85457295,1,0,0.029974164,0,0,0.07005458,0,0,0.03867684,0,0,0.059944265,0
6576,0,0.008024013,0,1,0.89453715,1,0,0.091937974,0,0,0.16584979,0,1,0.3265935,1
6589,0,0.01576654,0,0,0.051785305,0,1,0.9728845,1,0,0.16682282,0,0,0.17519905,0
6591,0,0.044514596,0,1,0.7177351,1,0,0.10625369,0,0,0.29907614,0,0,0.15648468,0
6598,1,0.97353053,1,0,0.00084355974,0,0,0.010265065,0,0,0.004039236,0,0,0.007786123,0
6599,0,0.26082706,0,1,0.5570874,1,0,0.20692484,0,0,0.2236047,0,1,0.2061316,1
6601,1,0.88905996,1,0,0.005736001,0,0,0.04492344,0,0,0.045012303,0,0,0.023033224,0
6605,0,0.25002554,0,1,0.5732529,1,0,0.1897216,0,0,0.20832904,0,0,0.19969599,0
6622,1,0.7928852,1,0,0.015784087,0,0,0.08146635,0,0,0.11105537,0,0,0.037337434,0
6627,0,0.04344567,0,1,0.73972213,1,0,0.16108595,0,0,0.3070324,0,0,0.23885319,1
6630,0,0.007622436,0,0,0.601885,1,0,0.3005385,0,1,0.72578984,1,0,0.27984494,1
6639,1,0.8051197,1,0,0.015514074,0,0,0.09528285,0,0,0.102744475,0,0,0.043813113,0
6640,1,0.37309864,0,0,0.45614064,1,0,0.1631199,0,0,0.093525566,0,0,0.12940338,0
6656,1,0.87754774,1,0,0.015183643,0,0,0.06399508,0,0,0.030633088,0,0,0.043256626,0
6658,1,0.9123333,1,0,0.009701666,0,0,0.031974174,0,0,0.01756689,0,0,0.02653633,0
6677,0,0.015648298,0,0,0.14325246,0,0,0.24118222,0,1,0.92280984,1,0,0.070837304,0
6678,0,0.0033605061,0,0,0.5768797,1,1,0.83214074,1,0,0.32419178,0,0,0.43340632,1
6683,0,0.16984412,0,0,0.2457135,0,0,0.06455281,0,1,0.58089006,1,0,0.06005861,0
6687,1,0.48294434,1,0,0.09853573,0,0,0.09966845,0,0,0.40665165,1,0,0.06369043,0
6689,1,0.7575911,1,0,0.05036156,0,0,0.068445556,0,0,0.10676886,0,0,0.053983152,0
6695,0,0.83250606,1,0,0.004797905,0,0,0.026447034,0,1,0.11994106,0,0,0.012286444,0
6697,0,0.026839754,0,1,0.53747797,1,0,0.27558273,0,0,0.6780787,1,0,0.2095004,1
6708,0,0.01672014,0,1,0.38827384,1,1,0.83501554,1,1,0.33721137,0,0,0.2061169,1
6715,0,0.032130364,0,0,0.3640261,1,1,0.7960138,1,1,0.38717818,1,0,0.21806459,1
6716,0,0.4485511,0,0,0.07409752,0,0,0.06279687,0,1,0.4613154,1,0,0.04310137,0
6718,0,0.064756006,0,1,0.3940104,1,0,0.27171093,0,1,0.67605793,1,0,0.16895102,0
6721,0,0.20270285,0,0,0.11641663,0,0,0.356718,1,1,0.58540004,1,0,0.1023544,0
6725,1,0.4859164,1,0,0.32866699,0,0,0.19780768,0,0,0.15436025,0,0,0.16461357,0
6729,1,0.6343817,1,0,0.044761274,0,0,0.2572977,0,0,0.14883026,0,0,0.08051546,0
6738,0,0.010547941,0,0,0.1753405,0,1,0.9397399,1,0,0.3896904,1,0,0.2465088,1
6743,1,0.79325104,1,0,0.007809856,0,0,0.16087176,0,0,0.043944426,0,0,0.032882176,0
6744,1,0.9381686,1,0,0.0068172715,0,0,0.026464848,0,0,0.008420093,0,0,0.024152597,0
6754,0,0.028468842,0,1,0.43300316,1,0,0.15918271,0,0,0.7694723,1,1,0.1545279,0
6756,0,0.5568177,1,0,0.16213608,0,0,0.20236409,0,0,0.27786794,0,1,0.13449727,0
6759,0,0.058604192,0,0,0.044593114,0,1,0.9519829,1,0,0.090789534,0,0,0.15804935,0
6761,0,0.5544739,1,0,0.26048422,0,1,0.1929521,0,0,0.08942037,0,0,0.14211075,0
6765,1,0.1263995,0,0,0.501241,1,0,0.15407705,0,0,0.47708622,1,0,0.14584576,0
6767,0,0.07381599,0,1,0.08592064,0,0,0.086707406,0,1,0.8568103,1,0,0.03948772,0
6768,1,0.9118013,1,0,0.008582673,0,0,0.03201573,0,0,0.026811833,0,0,0.02719814,0
6769,0,0.001359641,0,1,0.8306584,1,0,0.34020936,0,0,0.55894214,1,1,0.5504593,1
6771,1,0.90427995,1,0,0.00831138,0,0,0.037380487,0,0,0.0342815,0,0,0.02853743,0
6776,1,0.3322323,0,0,0.015198638,0,0,0.052148715,0,0,0.667674,1,0,0.017319229,0
6789,1,0.6728273,1,0,0.061799165,0,0,0.13127752,0,0,0.17819028,0,0,0.07016244,0
6790,0,0.015806682,0,1,0.8822561,1,0,0.046235956,0,0,0.09315029,0,1,0.17236651,0
6793,0,0.010148445,0,1,0.20848967,0,0,0.13109446,0,1,0.9231562,1,1,0.08025854,0
6794,0,0.2799077,0,0,0.019607268,0,0,0.058135994,0,1,0.71122855,1,1,0.019854594,0
6796,0,0.007887173,0,1,0.8895358,1,0,0.06931809,0,0,0.22863966,0,0,0.32974496,1
6799,1,0.9007786,1,0,0.0065082116,0,0,0.024185538,0,0,0.039223492,0,0,0.017643554,0
6805,0,0.006547867,0,0,0.104676664,0,1,0.91214,1,0,0.67198807,1,0,0.13500506,0
6806,0,0.38841674,0,1,0.5550271,1,0,0.08403601,0,0,0.08100504,0,1,0.11642255,0
6809,0,0.023391552,0,0,0.39543828,1,1,0.71538454,1,0,0.52788866,1,0,0.20533238,1
6812,0,0.04796873,0,0,0.48822957,1,1,0.49575916,1,0,0.49381387,1,0,0.21803273,1
6815,1,0.891154,1,0,0.0024300413,0,0,0.08361345,0,0,0.02227963,0,0,0.019509286,0
6821,0,0.00999494,0,0,0.3930639,1,1,0.696185,1,0,0.63515973,1,0,0.17609444,0
6828,0,0.015052049,0,0,0.48375568,1,1,0.47643974,1,0,0.66469985,1,0,0.20142004,1
6833,0,0.0108879395,0,1,0.5411921,1,1,0.59511757,1,0,0.5552881,1,0,0.25829166,1
6835,0,0.014045271,0,0,0.30026317,0,0,0.41182858,1,1,0.843543,1,0,0.13527913,0
6836,1,0.8960886,1,0,0.0069387564,0,0,0.038752906,0,0,0.037910238,0,0,0.023967344,0
6838,0,0.0011777837,0,1,0.44689494,1,0,0.31763226,0,1,0.9286147,1,1,0.24676876,1
6840,0,0.011040268,0,0,0.13049962,0,1,0.9419418,1,1,0.34925023,0,0,0.1694823,0
6844,0,0.018947277,0,1,0.80901337,1,0,0.2134777,0,0,0.2960398,0,0,0.38576156,1
6847,0,0.0016705747,0,1,0.7106302,1,0,0.6534385,1,0,0.49983847,1,1,0.46580103,1
6852,0,0.046500105,0,1,0.5501974,1,1,0.30195636,0,1,0.486157,1,0,0.17437032,0
6853,1,0.5084396,1,0,0.31573746,0,0,0.2123079,0,0,0.18040271,0,0,0.17485785,0
6854,1,0.025106402,0,0,0.51349604,1,0,0.6100051,1,0,0.37528944,1,0,0.20174877,1
6855,1,0.95759654,1,0,0.0020553155,0,0,0.020613175,0,0,0.0056974273,0,0,0.013825239,0
6856,0,0.014239088,0,0,0.29158968,0,1,0.68699384,1,0,0.7396197,1,0,0.161829,0
6862,1,0.82996625,1,0,0.045501396,0,0,0.05215827,0,0,0.03150853,0,0,0.049269386,0
6863,0,0.018061088,0,0,0.11870051,0,0,0.11279803,0,1,0.92721266,1,0,0.052456092,0
6865,1,0.95693356,1,0,0.0024627564,0,0,0.019923477,0,0,0.007164868,0,0,0.015650054,0
6866,0,0.021489138,0,1,0.43529692,1,1,0.6067725,1,0,0.6004194,1,0,0.20147708,1
6867,1,0.8948031,1,0,0.0052058226,0,0,0.030579736,0,0,0.052237432,0,0,0.018452676,0
6876,0,0.00060403487,0,0,0.56310505,1,1,0.6412874,1,0,0.8190673,1,0,0.32708907,1
6892,0,0.007367234,0,1,0.8048363,1,1,0.17441483,0,1,0.50529885,1,1,0.4100661,1
6894,0,0.27103466,0,1,0.41965517,1,0,0.12249307,0,0,0.34498957,0,0,0.10722047,0
6897,1,0.9377462,1,0,0.0033126334,0,0,0.027129686,0,0,0.012791217,0,0,0.016998906,0
6907,0,0.011071246,0,0,0.1723947,0,0,0.20107073,0,1,0.92600656,1,0,0.07938617,0
6918,0,0.010107963,0,1,0.40763867,1,0,0.53741133,1,1,0.7736717,1,1,0.19455314,0
6923,1,0.8096318,1,0,0.018226715,0,0,0.061467078,0,0,0.107665084,0,0,0.037121627,0
6924,1,0.8777782,1,0,0.0066094385,0,0,0.09542192,0,0,0.022060681,0,0,0.033519574,0
6938,0,0.16826788,0,0,0.09236509,0,1,0.7678286,1,0,0.13585606,0,0,0.12494824,0
6940,0,0.002359324,0,1,0.8464811,1,0,0.33552384,0,0,0.356065,1,1,0.50037724,1
6951,1,0.9493554,1,0,0.0020775008,0,0,0.024601396,0,0,0.008741504,0,0,0.014040913,0
6954,1,0.9448415,1,0,0.0032808334,0,0,0.019731166,0,0,0.0124300355,0,0,0.015597171,0
6956,0,0.48002633,1,1,0.14529695,0,0,0.19283019,0,0,0.3837097,1,0,0.11093607,0
6960,1,0.89951944,1,0,0.004898951,0,0,0.032770682,0,0,0.04392777,0,0,0.01873301,0
6964,1,0.7839733,1,0,0.022280244,0,0,0.052577943,0,0,0.13914818,0,0,0.036298897,0
6967,0,0.020975167,0,0,0.39332882,1,1,0.78342164,1,0,0.4073953,1,0,0.23843126,1
6970,0,0.045188367,0,1,0.7869586,1,0,0.11948503,0,0,0.16506156,0,1,0.20343436,1
6976,0,0.006688468,0,0,0.14546719,0,1,0.943496,1,0,0.4152639,1,0,0.15564261,0
6979,1,0.9158559,1,0,0.009579665,0,0,0.03012181,0,0,0.019426614,0,0,0.027309263,0
6980,1,0.6770693,1,0,0.10447244,0,0,0.08591495,0,0,0.10587046,0,0,0.06641027,0
7003,0,0.009127509,0,1,0.43460855,1,1,0.27514708,0,1,0.857118,1,0,0.20324217,1
7009,0,0.008343361,0,0,0.24476655,0,0,0.15900367,0,1,0.9279227,1,0,0.10492578,0
7012,0,0.6543237,1,0,0.10999257,0,0,0.13859095,0,1,0.19352248,0,0,0.10389262,0
7019,0,0.0068425657,0,1,0.4870281,1,1,0.66435957,1,1,0.6693833,1,0,0.2933513,1
7032,1,0.822572,1,0,0.015809871,0,0,0.108175404,0,0,0.061390728,0,0,0.048114173,0
7039,1,0.68783945,1,0,0.02804076,0,0,0.18097979,0,0,0.15213577,0,0,0.059673816,0
7044,1,0.72547626,1,0,0.1549997,0,1,0.052582715,0,0,0.031495113,0,0,0.062359538,0
7045,1,0.75937295,1,0,0.027262082,0,0,0.17839913,0,0,0.077846006,0,0,0.070173346,0
7050,0,0.45922148,1,0,0.3565236,1,0,0.20654592,0,0,0.15125757,0,1,0.16235451,0
7053,1,0.17758743,0,0,0.050666284,0,0,0.48078904,1,0,0.53608567,1,0,0.08214388,0
7058,1,0.7964473,1,0,0.014403209,0,0,0.13592471,0,0,0.065407634,0,0,0.04602173,0
7059,1,0.7184873,1,0,0.031884324,0,0,0.20452087,0,0,0.09992257,0,0,0.07236118,0
7060,1,0.8622415,1,0,0.009020765,0,0,0.07810702,0,0,0.03666793,0,0,0.032729242,0
7068,1,0.67604953,1,0,0.17643666,0,0,0.11463806,0,0,0.091642104,0,0,0.11684385,0
7085,1,0.50751853,1,0,0.35688683,1,0,0.11517768,0,0,0.12102301,0,0,0.11886405,0
7086,1,0.93116134,1,0,0.0059836814,0,0,0.035263542,0,0,0.012761644,0,0,0.026588602,0
7087,1,0.9638916,1,0,0.0013047241,0,0,0.009964228,0,0,0.009496574,0,0,0.008539521,0
7090,0,0.013529698,0,0,0.12248486,0,1,0.9542245,1,0,0.27148294,0,0,0.22592315,1
7093,0,0.004101787,0,0,0.29190457,0,1,0.68853873,1,1,0.84526044,1,0,0.17705463,0
7094,0,0.025894474,0,0,0.1625865,0,1,0.9138538,1,0,0.26068017,0,0,0.18698089,0
7103,1,0.47123426,1,0,0.37020192,1,1,0.10816565,0,0,0.1251675,0,0,0.10636264,0
7106,1,0.8793889,1,0,0.009553897,0,0,0.06685313,0,0,0.028736662,0,0,0.03407153,0
7108,1,0.9238829,1,0,0.003787166,0,0,0.050533533,0,0,0.013142887,0,0,0.023674218,0
7111,0,0.014713737,0,0,0.591028,1,0,0.30772454,0,1,0.68537873,1,0,0.26181525,1
7121,0,0.6631015,1,0,0.011315061,0,1,0.50921893,1,0,0.033145063,0,0,0.0640072,0
7122,0,0.023157343,0,0,0.50191295,1,0,0.2500924,0,1,0.7261423,1,0,0.18125899,0
7126,1,0.873204,1,0,0.01468082,0,0,0.046478502,0,0,0.04449304,0,0,0.034858935,0
7127,1,0.9190962,1,0,0.0047641336,0,0,0.023564463,0,0,0.02346446,0,0,0.01586044,0
7129,1,0.4146464,0,0,0.03991635,0,0,0.61480063,1,0,0.13148439,0,0,0.10032852,0
7150,1,0.7959185,1,0,0.033893373,0,0,0.06716865,0,0,0.071592085,0,0,0.044759277,0
7162,0,0.85848737,1,1,0.030258805,0,0,0.05084422,0,0,0.025552647,0,0,0.044816457,0
7172,0,0.0008836624,0,1,0.34266734,0,1,0.86185217,1,1,0.7824566,1,1,0.24017042,1
7174,0,0.063999675,0,0,0.2432475,0,1,0.83046776,1,0,0.1925339,0,0,0.19111007,0
7176,0,0.0034011574,0,1,0.92051035,1,0,0.08595174,0,0,0.19503021,0,1,0.4235123,1
7199,0,0.005368737,0,1,0.715857,1,0,0.30481076,0,1,0.6703806,1,0,0.416864,1
7212,0,0.2365935,0,0,0.031676605,0,0,0.14259999,0,1,0.7095886,1,0,0.03712113,0
7227,0,0.012008024,0,0,0.023573807,0,1,0.98571557,1,0,0.09087611,0,1,0.13861124,0
7233,0,0.036194738,0,1,0.62733126,1,0,0.20319973,0,0,0.54416555,1,0,0.22952303,1
7242,0,0.40330586,0,0,0.07663058,0,1,0.52683574,1,0,0.15841477,0,0,0.110871054,0
7262,1,0.17644483,0,0,0.62693954,1,0,0.13032715,0,0,0.19285886,0,0,0.15106232,0
7266,0,0.019860394,0,1,0.7511199,1,0,0.21695022,0,0,0.34823647,0,1,0.29187873,1
7268,1,0.9616488,1,0,0.0013820798,0,0,0.019807482,0,0,0.0064741573,0,0,0.012299171,0
7280,0,0.016088579,0,1,0.82721543,1,0,0.19835964,0,1,0.19065604,0,1,0.32143342,1
7285,0,0.0036017166,0,1,0.43583125,1,0,0.48231736,1,1,0.8628024,1,1,0.23718902,1
7287,0,0.08532992,0,0,0.59829575,1,0,0.08882629,0,1,0.39712715,1,0,0.11895689,0
7290,1,0.92061216,1,0,0.013154024,0,0,0.025535854,0,0,0.008886613,0,0,0.02689149,0
7302,0,0.005667949,0,1,0.27405787,0,0,0.47701758,1,1,0.8924425,1,0,0.17132187,0
7309,1,0.7896725,1,0,0.07465751,0,0,0.04967727,0,0,0.03711713,0,0,0.053208537,0
7317,0,0.7420783,1,0,0.015206456,0,0,0.0378467,0,1,0.19762664,0,0,0.021889377,0
7328,1,0.4644175,1,0,0.45413977,1,0,0.09338307,0,0,0.08918569,0,0,0.11364332,0
7331,0,0.26790163,0,1,0.5610736,1,0,0.07152138,0,0,0.16849023,0,0,0.10582879,0
7349,0,0.3292108,0,0,0.068148874,0,1,0.41234154,1,1,0.38941216,1,0,0.0942016,0
7352,1,0.5543029,1,0,0.043333475,0,0,0.43305218,1,0,0.14091374,0,0,0.09657882,0
7354,0,0.5268485,1,0,0.365229,1,0,0.1221929,0,0,0.08702018,0,1,0.12810446,0
7368,1,0.93372804,1,0,0.0051005515,0,0,0.023789639,0,0,0.016361117,0,0,0.020083783,0
7376,1,0.92588633,1,0,0.0064627244,0,0,0.035468977,0,0,0.016930398,0,0,0.027540268,0
7386,0,0.08868343,0,1,0.6791754,1,0,0.13408643,0,0,0.23593669,0,0,0.15776302,0
7390,0,0.54220116,1,1,0.31256098,0,0,0.130685,0,0,0.13729016,0,0,0.13020024,0
7391,0,0.23950548,0,1,0.51432675,1,0,0.13186486,0,0,0.1989009,0,0,0.117446266,0
7395,1,0.9462398,1,0,0.0052902643,0,0,0.017931892,0,0,0.010670411,0,0,0.019754821,0
7404,0,0.00075787125,0,1,0.45548564,1,0,0.34736523,0,1,0.93010545,1,1,0.24620713,1
7414,1,0.7733584,1,0,0.0050743283,0,1,0.3260884,0,0,0.021127952,0,0,0.03780105,0
7417,1,0.71610785,1,0,0.015376976,0,0,0.0468079,0,0,0.22982045,0,0,0.023590555,0
7421,1,0.78093356,1,0,0.04798428,0,0,0.12264807,0,0,0.084295705,0,0,0.083498865,0
7425,1,0.8339186,1,0,0.029219802,0,0,0.047099583,0,0,0.057381965,0,0,0.040621247,0
7431,0,0.0011343532,0,1,0.5386929,1,0,0.39992604,1,1,0.8835832,1,0,0.3007753,1
7435,1,0.8581259,1,0,0.024889385,0,0,0.0880517,0,0,0.032179233,0,0,0.06297691,0
7436,1,0.8619269,1,0,0.028209794,0,0,0.031924397,0,0,0.025297381,0,0,0.031929404,0
7461,1,0.9381179,1,0,0.0034797417,0,0,0.021456106,0,0,0.014651142,0,0,0.015436882,0
7472,1,0.75777465,1,0,0.11798285,0,1,0.071879715,0,0,0.03964919,0,0,0.078221075,0
7475,1,0.82616323,1,0,0.005520593,0,0,0.025101086,0,0,0.1253554,0,0,0.0123374425,0
7476,1,0.4023273,0,0,0.44422236,1,0,0.07606616,0,0,0.14585021,0,0,0.0969788,0
7479,1,0.18713795,0,0,0.43810606,1,0,0.120501906,0,0,0.41835156,1,0,0.10701319,0
7488,0,0.15229644,0,1,0.5908616,1,0,0.14439498,0,0,0.3449914,0,0,0.17132871,0
7489,0,0.01125752,0,0,0.2512836,0,0,0.6368872,1,1,0.8114426,1,0,0.14423989,0
7490,1,0.7406794,1,0,0.026947504,0,0,0.057781346,0,0,0.1842277,0,0,0.03772871,0
7491,1,0.95512587,1,0,0.002677306,0,0,0.0182229,0,0,0.0095135495,0,0,0.01597361,0
7492,0,0.053118985,0,1,0.81448776,1,0,0.098705485,0,0,0.14815606,0,0,0.24429177,1
7498,0,0.34218875,0,0,0.05837426,0,1,0.6977784,1,1,0.13670301,0,0,0.13138261,0
7500,0,0.48249757,1,0,0.060452797,0,1,0.45374504,1,1,0.24092473,0,0,0.114492275,0
7507,1,0.8669112,1,0,0.025348088,0,0,0.05140957,0,0,0.028328583,0,0,0.044790745,0
7508,0,0.0010530244,0,1,0.4297248,1,0,0.43503466,1,1,0.9193807,1,1,0.2429201,1
7515,0,0.0036790173,0,1,0.9293994,1,0,0.06571783,0,0,0.14786893,0,0,0.38995373,1
7523,0,0.70222133,1,1,0.10817419,0,0,0.05169105,0,0,0.07700139,0,0,0.0555589,0
7525,0,0.008035256,0,1,0.9113196,1,0,0.07867309,0,0,0.13159378,0,0,0.35877293,1
7528,0,0.81868845,1,0,0.018825756,0,1,0.06715004,0,0,0.10167095,0,0,0.04290709,0
7532,1,0.16021214,0,0,0.6004731,1,0,0.16064325,0,0,0.26290572,0,0,0.16212247,0
7536,0,0.0032410675,0,1,0.28542584,0,1,0.28717464,0,1,0.9334919,1,0,0.13252667,0
7538,0,0.11292555,0,1,0.6541954,1,0,0.06563755,0,0,0.23327895,0,0,0.1086708,0
7539,0,0.030847983,0,0,0.004755972,0,1,0.98418725,1,0,0.05272109,0,0,0.06602058,0
7550,0,0.7100019,1,0,0.007498211,0,0,0.033964723,0,1,0.26182047,0,0,0.013911691,0
7552,0,0.038123436,0,1,0.8435932,1,0,0.031399917,0,0,0.080206186,0,0,0.10133411,0
7560,1,0.8811501,1,0,0.0044009467,0,0,0.024176251,0,0,0.07409005,0,0,0.014047768,0
7572,0,0.021903045,0,0,0.23164114,0,0,0.29990947,0,1,0.8637396,1,0,0.11438408,0
7578,1,0.7252275,1,0,0.005726181,0,0,0.01964457,0,0,0.25954473,0,0,0.00986013,0
7579,0,0.00840468,0,0,0.23092568,0,1,0.9280225,1,0,0.3549892,1,0,0.19580305,0
7583,1,0.87575716,1,0,0.005132299,0,0,0.027519302,0,0,0.071015164,0,0,0.015648166,0
7595,0,0.026886791,0,1,0.85781884,1,0,0.02788241,0,0,0.09347081,0,0,0.11231178,0
7597,1,0.8658862,1,0,0.019790033,0,0,0.059556168,0,0,0.03583293,0,0,0.044385023,0
7598,0,0.0060394052,0,1,0.6783623,1,1,0.6782882,1,0,0.24300648,0,1,0.34523493,1
7600,0,0.6815188,1,0,0.008195208,0,0,0.021869726,0,1,0.29075897,0,0,0.011216905,0
7607,0,0.100623794,0,1,0.6734548,1,0,0.13569169,0,0,0.24349013,0,0,0.17439322,0
7612,0,0.005621454,0,1,0.91178894,1,0,0.09406681,0,0,0.14074568,0,1,0.36157742,1
7614,0,0.62226576,1,0,0.30605844,0,0,0.061580494,0,1,0.046649024,0,0,0.0859975,0
7615,1,0.95776844,1,0,0.0021628612,0,0,0.016565392,0,0,0.008688647,0,0,0.013687006,0
7617,0,0.015686655,0,1,0.7190881,1,1,0.4116694,1,0,0.23684344,0,0,0.26061773,1
7618,0,0.14175417,0,0,0.095997594,0,1,0.83137906,1,0,0.19020496,0,0,0.16525665,0
7619,0,0.0037292643,0,1,0.749226,1,1,0.60878634,1,0,0.27749395,0,1,0.43881634,1
7623,1,0.38430494,0,0,0.50037014,1,0,0.066383176,0,0,0.1079731,0,0,0.103772216,0
7629,0,0.021613175,0,0,0.851774,1,0,0.08501844,0,0,0.14382602,0,1,0.223309,1
7636,1,0.84616107,1,0,0.010072679,0,0,0.047201417,0,0,0.08711186,0,0,0.02713644,0
7642,1,0.9004354,1,0,0.0065168445,0,0,0.051827047,0,0,0.021302398,0,0,0.026357017,0
7647,1,0.9680117,1,0,0.00084848126,0,0,0.016099596,0,0,0.005072376,0,0,0.009156393,0
7650,1,0.9408287,1,0,0.0075105457,0,0,0.020125538,0,0,0.009878852,0,0,0.023415763,0
7655,0,0.003111022,0,0,0.16842714,0,1,0.91476536,1,1,0.73429215,1,0,0.13475408,0
7667,0,0.38319683,0,0,0.050922256,0,0,0.115233526,0,1,0.5396139,1,0,0.04637577,0
7668,0,0.002172918,0,0,0.20117319,0,1,0.86772704,1,1,0.8152662,1,0,0.12808806,0
7672,1,0.5455667,1,0,0.3535778,1,0,0.08380259,0,0,0.088407196,0,0,0.10692938,0
7681,1,0.8140481,1,0,0.020541219,0,0,0.050943792,0,0,0.08566596,0,0,0.032241337,0
7685,0,0.15474369,0,0,0.017592527,0,1,0.92161644,1,0,0.049166642,0,0,0.10618861,0
7686,0,0.008949231,0,0,0.056238703,0,1,0.9362737,1,1,0.5531035,1,1,0.13047083,0
7690,0,0.04190695,0,1,0.7875602,1,0,0.13242516,0,0,0.2169496,0,0,0.24920307,1
7697,0,0.016747436,0,1,0.8721085,1,0,0.07715662,0,0,0.16803198,0,0,0.28503355,1
7698,1,0.45142782,1,0,0.04188002,0,0,0.34744045,0,0,0.3000599,0,0,0.07452331,0
7700,0,0.009793771,0,1,0.82144564,1,1,0.23796155,0,1,0.26569077,0,1,0.3520808,1
7705,0,0.03284437,0,1,0.72817343,1,0,0.22502597,0,0,0.29031715,0,0,0.23290047,1
7708,0,0.008225339,0,0,0.21624,0,0,0.22902928,0,1,0.9287177,1,0,0.10028929,0
7709,1,0.63535696,1,0,0.022258338,0,0,0.08473361,0,0,0.31962645,0,0,0.036846768,0
7710,1,0.9551852,1,0,0.0015556901,0,0,0.019657196,0,0,0.009947017,0,0,0.012006836,0
7716,0,0.09487951,0,1,0.7037361,1,0,0.11310999,0,0,0.17875056,0,1,0.15493616,0
7718,1,0.9419101,1,0,0.0024911903,0,0,0.027924497,0,0,0.012536932,0,0,0.01601478,0
7719,1,0.41900772,0,0,0.077197336,0,0,0.06681378,0,0,0.49008566,1,0,0.04334002,0
7730,1,0.6150558,1,0,0.23968673,0,0,0.15399913,0,0,0.094586514,0,0,0.14134562,0
7732,0,0.31985235,0,1,0.5809076,1,0,0.09499407,0,0,0.10142249,0,0,0.13213047,0
7736,0,0.013063264,0,0,0.55877066,1,0,0.28754064,0,1,0.7474974,1,0,0.24713849,1
7743,0,0.024392242,0,1,0.7485006,1,0,0.123414315,0,0,0.29662257,0,0,0.17478287,0
7752,1,0.8090883,1,0,0.07722044,0,0,0.042279832,0,0,0.026008923,0,0,0.05136682,0
7757,1,0.9443266,1,0,0.0035101618,0,0,0.018317454,0,0,0.011228488,0,0,0.014793786,0
7758,1,0.42737064,0,0,0.2770567,0,0,0.17167899,0,0,0.3473047,0,0,0.13060778,0
7761,1,0.85326666,1,0,0.061143346,0,0,0.033651117,0,0,0.013685164,0,0,0.046650242,0
7775,1,0.6669331,1,0,0.00785094,0,0,0.3645117,1,0,0.053640403,0,0,0.038151737,0
7786,0,0.06546744,0,1,0.69062185,1,0,0.24798545,0,0,0.21320692,0,0,0.22797817,1
7802,0,0.014686766,0,1,0.7453391,1,1,0.26462594,0,0,0.4350409,1,1,0.3412664,1
7810,0,0.025499297,0,1,0.8284104,1,0,0.076319344,0,0,0.1490787,0,0,0.18101497,0
7812,0,0.79274505,1,0,0.029471885,0,0,0.13817194,0,0,0.06738869,0,1,0.070029505,0
7813,0,0.03199242,0,0,0.6395895,1,1,0.38117298,1,1,0.3848256,1,0,0.25402948,1
7815,0,0.5273007,1,0,0.15687183,0,1,0.21395436,0,0,0.17888273,0,0,0.10085797,0
7816,0,0.007007783,0,1,0.8828082,1,0,0.10578954,0,0,0.22074373,0,1,0.36065498,1
7818,1,0.7542456,1,0,0.02194683,0,0,0.07803273,0,0,0.15661688,0,0,0.03952416,0
7825,0,0.79649264,1,0,0.008482845,0,0,0.06411908,0,1,0.119565,0,0,0.023275293,0
7827,0,0.022031885,0,1,0.31596643,0,0,0.08889299,0,1,0.8424976,1,0,0.08956759,0
7845,1,0.877605,1,0,0.013831169,0,0,0.03921737,0,0,0.033559844,0,0,0.028702047,0
7851,0,0.6876708,1,0,0.021767247,0,0,0.05593544,0,1,0.25075194,0,0,0.029613914,0
7852,0,0.25912288,0,1,0.5809632,1,0,0.16339792,0,0,0.10888717,0,0,0.16765966,0
7853,1,0.91915315,1,0,0.00936131,0,0,0.032986693,0,0,0.019031696,0,0,0.03023881,0
7878,0,0.039195333,0,0,0.04564808,0,0,0.22790276,0,1,0.9097449,1,0,0.041863147,0
7881,0,0.028722718,0,1,0.7598132,1,0,0.24199551,0,1,0.25706667,0,0,0.2793243,1
7887,0,0.06365997,0,1,0.72085196,1,0,0.1158345,0,0,0.21094055,0,0,0.15636514,0
7891,1,0.89482075,1,0,0.0073704673,0,0,0.062442742,0,0,0.022846969,0,0,0.031454373,0
7897,0,0.0018888455,0,0,0.16589756,0,1,0.9138838,1,1,0.77792126,1,0,0.13778648,0
7899,1,0.8887842,1,0,0.01462526,0,0,0.037129384,0,0,0.02755423,0,0,0.031028926,0
7911,1,0.03816054,0,0,0.8199445,1,0,0.09069822,0,0,0.15274951,0,0,0.21203306,1
7912,0,0.08394317,0,1,0.7497012,1,0,0.09316696,0,0,0.14214167,0,0,0.15698393,0
7914,1,0.9437053,1,0,0.0026667668,0,0,0.03359137,0,0,0.0067152334,0,0,0.017284254,0
7920,1,0.7151829,1,0,0.03301562,0,0,0.11376906,0,0,0.20237851,0,0,0.05961586,0
7924,1,0.92651105,1,0,0.0055323127,0,0,0.024360675,0,0,0.016576394,0,0,0.018713098,0
7928,1,0.9484346,1,0,0.0017673394,0,0,0.014407604,0,0,0.015871095,0,0,0.009651561,0
7933,1,0.87436354,1,0,0.01732439,0,0,0.07370037,0,0,0.03759591,0,0,0.053845767,0
7939,0,0.55872136,1,1,0.30566433,0,0,0.07135004,0,0,0.074199416,0,0,0.09189147,0
7950,1,0.0975694,0,0,0.7117321,1,0,0.08087101,0,0,0.15511653,0,0,0.12814265,0
7960,0,0.018543106,0,0,0.027187476,0,1,0.9749513,1,0,0.10199387,0,0,0.13263209,0
7962,0,0.024576088,0,0,0.017751707,0,1,0.9697787,1,0,0.120456226,0,0,0.09107685,0
7964,1,0.6368435,1,0,0.016834019,0,1,0.27957204,0,0,0.12461347,0,0,0.04882571,0
7967,0,0.011168153,0,0,0.09142993,0,1,0.95734125,1,0,0.29869106,0,0,0.17238365,0
7972,1,0.7344301,1,0,0.029980225,0,0,0.16158083,0,0,0.07365526,0,0,0.0564576,0
7984,1,0.5904177,1,0,0.32310766,0,0,0.0985814,0,0,0.07354287,0,0,0.12912774,0
7986,1,0.6027462,1,0,0.09883706,0,0,0.18777423,0,0,0.25623628,0,0,0.10507964,0
8000,0,0.21365689,0,1,0.38789487,1,0,0.06301654,0,0,0.34969792,0,0,0.064988546,0
8004,0,0.4815259,1,0,0.2444506,0,0,0.105119355,0,0,0.25178233,0,1,0.09660005,0
8007,0,0.045055993,0,1,0.42054492,1,1,0.5301553,1,0,0.4495091,1,0,0.15505935,0
8010,1,0.6639756,1,0,0.014924777,0,0,0.036534004,0,0,0.3000871,0,0,0.019978667,0
8029,1,0.7744627,1,0,0.017133303,0,0,0.12265614,0,0,0.09900969,0,0,0.045464575,0
8031,0,0.0020601165,0,1,0.7312481,1,0,0.4383996,1,1,0.6022184,1,0,0.4125274,1
8032,0,0.06824733,0,1,0.58241224,1,0,0.28512067,0,1,0.344856,0,0,0.17388134,0
8042,1,0.7998091,1,0,0.046863556,0,0,0.099686705,0,0,0.0474124,0,0,0.06911127,0
8055,0,0.56959534,1,0,0.041779876,0,1,0.36914375,1,0,0.13898157,0,0,0.082085624,0
8066,0,0.025065294,0,1,0.8050843,1,1,0.08853387,0,0,0.23385839,0,1,0.1985993,0
8068,1,0.6459888,1,0,0.28799266,0,0,0.06401196,0,0,0.049295742,0,0,0.09459518,0
8072,0,0.4227577,0,0,0.053307883,0,0,0.10306868,0,1,0.5119432,1,0,0.046247195,0
8080,1,0.8783969,1,0,0.014969225,0,0,0.043992523,0,0,0.038666666,0,0,0.03473487,0
8086,1,0.84185463,1,0,0.0124072395,0,0,0.05309069,0,0,0.07617151,0,0,0.029878642,0
8094,1,0.7640591,1,0,0.028759655,0,0,0.061764445,0,0,0.14557602,0,0,0.04065499,0
8099,1,0.61578476,1,0,0.0906556,0,0,0.07546088,0,0,0.21861452,0,0,0.05749209,0
8104,1,0.694023,1,0,0.08537654,0,0,0.1411105,0,0,0.15341067,0,0,0.09421292,0
8105,0,0.4994652,1,0,0.14815849,0,1,0.2516658,0,0,0.2358575,0,0,0.11377049,0
8115,1,0.89680046,1,0,0.009928058,0,0,0.06355168,0,0,0.02015292,0,0,0.03802652,0
8119,0,0.31370893,0,1,0.27517107,0,0,0.08428794,0,0,0.36933252,1,0,0.073677376,0
8134,0,0.9610088,1,0,0.0018374055,0,0,0.021313028,0,0,0.004994058,0,1,0.0143216755,0
8136,0,0.32041553,0,1,0.2332298,0,0,0.09888745,0,0,0.39792132,1,0,0.06707602,0
8147,1,0.96866053,1,0,0.00084574654,0,0,0.01203149,0,0,0.005114928,0,0,0.0074831373,0
8154,1,0.8582934,1,0,0.018814718,0,0,0.04324024,0,0,0.053380582,0,0,0.03484914,0
8156,0,0.940584,1,0,0.0027009386,0,0,0.044672783,0,0,0.005643206,0,1,0.019553069,0
8157,0,0.0043431963,0,0,0.13580742,0,0,0.93483657,1,1,0.62893605,1,0,0.14456442,0
8159,0,0.90223193,1,0,0.01291277,0,0,0.031431258,0,0,0.023008477,0,1,0.028896399,0
8160,1,0.82271504,1,0,0.031539474,0,0,0.060711104,0,0,0.067073055,0,0,0.04790985,0
8162,0,0.009008654,0,0,0.4946692,1,0,0.35675338,1,1,0.8135719,1,0,0.2592283,1
8166,0,0.012887638,0,0,0.25556228,0,0,0.29297075,0,1,0.8967418,1,0,0.13171344,0
8168,1,0.7691274,1,0,0.03838176,0,0,0.05329987,0,0,0.104600996,0,0,0.041560058,0
8169,0,0.5416343,1,0,0.3264323,0,0,0.17127134,0,1,0.1727197,0,0,0.170725,0
8170,1,0.9469341,1,0,0.0024310898,0,0,0.015561002,0,0,0.016684445,0,0,0.012273079,0
8174,1,0.39121225,0,0,0.10583136,0,0,0.11593885,0,0,0.525826,1,0,0.06845735,0
8176,1,0.77675444,1,0,0.02914569,0,0,0.09829404,0,0,0.11925697,0,0,0.056067858,0
8181,1,0.8742675,1,0,0.009296771,0,1,0.087767206,0,0,0.01853662,0,0,0.035643272,0
8187,0,0.80350584,1,0,0.02891895,0,0,0.07316503,0,1,0.089799605,0,0,0.048553165,0
8192,1,0.7186628,1,0,0.059769403,0,0,0.0586257,0,0,0.12469023,0,0,0.04924093,0
8200,1,0.9432067,1,0,0.007855432,0,0,0.016702943,0,0,0.008085757,0,0,0.021163119,0
8205,1,0.9727022,1,0,0.0007637376,0,0,0.010083773,0,0,0.006275249,0,0,0.0078480365,0
8207,0,0.51728094,1,0,0.028635487,0,1,0.5853253,1,0,0.06119321,0,0,0.08944948,0
8219,1,0.9313747,1,0,0.007427944,0,0,0.035251345,0,0,0.010855353,0,0,0.02961464,0
8221,1,0.9121049,1,0,0.013825868,0,0,0.034126163,0,0,0.01271548,0,0,0.03227065,0
8223,0,0.008826635,0,0,0.07510605,0,1,0.8848572,1,1,0.7328511,1,0,0.11553475,0
8225,0,0.2428653,0,0,0.06358523,0,1,0.5388984,1,1,0.37013438,1,0,0.10113389,0
8229,0,0.52297825,1,1,0.053804573,0,0,0.28483766,0,1,0.2504836,0,0,0.07995718,0
8236,0,0.2879142,0,1,0.6298564,1,0,0.036970574,0,0,0.055548273,0,0,0.07092705,0
8237,0,0.21676362,0,0,0.62706065,1,1,0.20813979,0,0,0.15650234,0,0,0.25521576,1
8243,1,0.09871046,0,0,0.69564927,1,0,0.08270429,0,0,0.1639736,0,0,0.11367335,0
8251,0,0.9002448,1,0,0.0076568914,0,1,0.044733167,0,0,0.027329523,0,1,0.027431767,0
8256,0,0.10793502,0,0,0.24693352,0,0,0.08322861,0,1,0.68719554,1,0,0.06080377,0
8270,1,0.5451961,1,0,0.06844273,0,1,0.14677534,0,0,0.3737196,1,0,0.07391602,0
8272,0,0.06259755,0,1,0.7229036,1,0,0.14599165,0,0,0.24469824,0,1,0.19687697,0
8281,0,0.5809048,1,0,0.020269513,0,1,0.35869545,1,1,0.12038063,0,0,0.053711053,0
8293,1,0.58102894,1,0,0.16774525,0,0,0.09532318,0,0,0.16959615,0,0,0.07939124,0
8300,0,0.26093122,0,0,0.06815223,0,1,0.42986485,1,0,0.43356013,1,0,0.09570398,0
8301,0,0.011612573,0,1,0.7519096,1,0,0.2453834,0,1,0.47142944,1,0,0.35300878,1
8304,0,0.44760737,0,1,0.33149272,0,1,0.23877878,0,0,0.25850782,0,0,0.18393993,0
8306,1,0.8873116,1,0,0.031294942,0,0,0.03835603,0,0,0.017644595,0,0,0.047517337,0
8307,0,0.008047046,0,0,0.0738818,0,1,0.9599264,1,0,0.30760923,0,0,0.14112529,0
8310,1,0.9434478,1,0,0.0017542654,0,0,0.025979249,0,0,0.012648051,0,0,0.012499166,0
8317,0,0.004421832,0,1,0.9054644,1,1,0.10269465,0,0,0.21973452,0,0,0.41708323,1
8329,0,0.009674542,0,1,0.49895886,1,0,0.20178267,0,1,0.8124341,1,0,0.18979873,0
8335,0,0.43383133,0,1,0.48336855,1,0,0.08298018,0,0,0.08742536,0,0,0.1067265,0
8342,0,0.10282727,0,0,0.12920637,0,1,0.6252613,1,1,0.5562485,1,0,0.13473098,0
8343,0,0.8098819,1,0,0.046733297,0,1,0.07282,0,0,0.04685474,0,0,0.05907401,0
8344,0,0.06668285,0,0,0.061224557,0,0,0.322168,0,1,0.84436554,1,0,0.06037789,0
8351,1,0.56775314,1,0,0.2844735,0,0,0.08301925,0,0,0.08972426,0,0,0.09103529,0
8352,0,0.11444653,0,0,0.36950716,1,0,0.14595833,0,1,0.6093751,1,0,0.10173867,0
8364,0,0.17187472,0,1,0.639798,1,0,0.114553526,0,0,0.17438187,0,0,0.14056304,0
8368,1,0.48396903,1,0,0.34776795,0,0,0.16274904,0,0,0.17940037,0,0,0.15904109,0
8371,0,0.0027763864,0,1,0.8109859,1,1,0.39230135,1,0,0.4354122,1,0,0.5026309,1
8375,0,0.0038457229,0,0,0.5354339,1,1,0.5980755,1,0,0.7342211,1,0,0.32341436,1
8377,0,0.006987842,0,1,0.8767958,1,0,0.13294938,0,0,0.27654815,0,0,0.42640737,1
8378,0,0.3368302,0,0,0.12503506,0,1,0.29174548,0,0,0.43096438,1,0,0.09554889,0
8394,1,0.9381879,1,0,0.0018536223,0,0,0.024561387,0,0,0.01869306,0,0,0.01237951,0
8399,0,0.0049260035,0,1,0.5789641,1,0,0.5319376,1,1,0.6287143,1,0,0.2511581,1
8400,1,0.9294634,1,0,0.008201094,0,0,0.030697403,0,0,0.012451324,0,0,0.028253993,0
8403,0,0.022933554,0,0,0.21199019,0,0,0.16749118,0,1,0.8886731,1,0,0.08887779,0
8416,0,0.002261905,0,1,0.90300167,1,0,0.18146321,0,0,0.29917806,0,1,0.5502795,1
8417,1,0.8969397,1,0,0.006175529,0,0,0.08371495,0,0,0.017460825,0,0,0.03428088,0
8433,1,0.87192714,1,0,0.00750082,0,0,0.042191062,0,0,0.06222787,0,0,0.023482643,0
8435,0,0.65609926,1,1,0.03296562,0,0,0.18446136,0,0,0.19686058,0,0,0.06394238,0
8444,1,0.94383794,1,0,0.0034636194,0,0,0.014321324,0,0,0.011254059,0,0,0.012042865,0
8447,1,0.8830603,1,0,0.013402052,0,0,0.050169013,0,0,0.029679228,0,0,0.035294544,0
8448,0,0.27419335,0,0,0.36175576,1,1,0.23034906,0,0,0.41067892,1,0,0.1579749,0
8451,0,0.069965154,0,1,0.3510481,1,0,0.6217316,1,0,0.45117974,1,0,0.184014,0
8473,0,0.044676494,0,0,0.03941218,0,1,0.2998398,0,1,0.88884,1,0,0.043198705,0
8477,0,0.024561387,0,0,0.15778796,0,0,0.10973952,0,1,0.9032879,1,0,0.0630834,0
8478,0,0.20502982,0,1,0.1911057,0,0,0.12408356,0,0,0.62666714,1,0,0.07028499,0
8481,1,0.6375764,1,0,0.27992618,0,0,0.04874267,0,0,0.041339718,0,0,0.071797445,0
8497,0,0.5597919,1,0,0.0747813,0,1,0.31938806,0,0,0.12057102,0,0,0.08991243,0
8499,0,0.00741226,0,0,0.14520133,0,1,0.8745619,1,1,0.7215323,1,0,0.13994497,0
8505,0,0.026506478,0,0,0.06578659,0,1,0.9629991,1,0,0.1444109,0,1,0.17424078,0
8514,1,0.95537436,1,0,0.0019037648,0,0,0.017683102,0,0,0.008849843,0,0,0.012248634,0
8524,0,0.5849386,1,0,0.17565066,0,0,0.10674246,0,0,0.16229942,0,1,0.08754014,0
8526,1,0.8834542,1,0,0.00853446,0,0,0.039919965,0,0,0.04032568,0,0,0.024111869,0
8531,1,0.7536536,1,0,0.016641442,0,0,0.09286958,0,0,0.16085306,0,0,0.03880739,0
8532,0,0.0033329336,0,1,0.5076634,1,1,0.300881,0,1,0.8741435,1,1,0.24898753,1
8536,1,0.95671856,1,0,0.0017025806,0,0,0.02436484,0,0,0.0052484623,0,0,0.013389239,0
8542,0,0.24820781,0,0,0.2648589,0,0,0.28435928,0,1,0.5703167,1,0,0.1593997,0
8556,1,0.27187365,0,0,0.5795744,1,0,0.048490852,0,0,0.11188127,0,0,0.077422455,0
8564,1,0.91279143,1,0,0.008416797,0,0,0.04883877,0,0,0.021955784,0,0,0.03560018,0
8565,1,0.82510775,1,0,0.011379687,0,0,0.058544844,0,0,0.09858245,0,0,0.029671712,0
8572,0,0.49146122,1,1,0.36552426,1,0,0.13916028,0,0,0.1467665,0,0,0.138398,0
8575,0,0.00550127,0,0,0.27587107,0,1,0.89846873,1,1,0.61861426,1,0,0.22101644,1
8576,0,0.008007322,0,0,0.07867761,0,0,0.6320705,1,1,0.90286374,1,0,0.077941544,0
8582,1,0.42050666,0,0,0.076310694,0,0,0.0862103,0,0,0.50801724,1,0,0.051449347,0
8591,0,0.28780156,0,1,0.43509704,1,0,0.10485419,0,0,0.31323314,0,0,0.10947613,0
8592,1,0.86309993,1,0,0.031116046,0,0,0.037205644,0,0,0.020870842,0,0,0.03682856,0
8599,0,0.0118223755,0,0,0.14788784,0,1,0.950122,1,0,0.27666277,0,1,0.1848471,0
8601,0,0.0640982,0,1,0.75761473,1,0,0.087893106,0,0,0.15578525,0,1,0.14916061,0
8612,0,0.042315025,0,1,0.76510096,1,0,0.075280815,0,1,0.19926292,0,0,0.14865807,0
8622,0,0.103272885,0,0,0.41936642,1,1,0.5564322,1,0,0.28183395,0,0,0.18224418,0
8624,0,0.004405267,0,1,0.3434722,0,0,0.48113093,1,1,0.88601273,1,0,0.22103341,1
8628,0,0.25536567,0,0,0.5097393,1,0,0.17018914,0,1,0.2225962,0,0,0.13705176,0
8642,1,0.94432956,1,0,0.0011697715,0,0,0.034243386,0,0,0.009182138,0,0,0.011537282,0
8643,0,0.008458839,0,0,0.77169955,1,0,0.32335103,0,1,0.31016135,0,0,0.29960555,1
8644,1,0.8389172,1,0,0.064901456,0,0,0.06046711,0,0,0.021674506,0,0,0.07085675,0
8647,1,0.8340216,1,0,0.014657538,0,0,0.053034313,0,0,0.08482078,0,0,0.032366168,0
8648,0,0.0446757,0,0,0.065623924,0,0,0.15853776,0,1,0.90429795,1,0,0.04446802,0
8654,1,0.9364992,1,0,0.0032891973,0,0,0.031357843,0,0,0.013702135,0,0,0.018973611,0
8657,0,0.0042800414,0,1,0.6555708,1,1,0.5489244,1,0,0.6164734,1,1,0.4246858,1
8665,1,0.8723166,1,0,0.014259423,0,0,0.035679255,0,0,0.049170088,0,0,0.029484585,0
8670,0,0.09961596,0,0,0.62976855,1,0,0.2822399,0,1,0.19520041,0,0,0.21491574,1
8675,0,0.0023056176,0,1,0.6165342,1,0,0.49470034,1,1,0.7608143,1,1,0.3623547,1
8681,0,0.0060365945,0,0,0.21096534,0,1,0.9242632,1,0,0.5363181,1,0,0.21376432,1
8691,1,0.73999465,1,0,0.17794676,0,0,0.075705774,0,0,0.031215988,0,0,0.09889741,0
8692,1,0.5653058,1,0,0.24449147,0,0,0.15827689,0,0,0.2075375,0,0,0.15130547,0
8699,0,0.2537734,0,0,0.6303519,1,0,0.057440206,0,1,0.10072599,0,0,0.09473386,0
8706,1,0.17555413,0,0,0.52846694,1,0,0.17989059,0,0,0.2596954,0,0,0.12913086,0
8707,1,0.54998285,1,0,0.35033506,1,0,0.071283154,0,0,0.07309426,0,0,0.09190359,0
8709,1,0.9353007,1,0,0.0017085414,0,0,0.023881854,0,0,0.02213898,0,0,0.011466256,0
8711,0,0.90777844,1,0,0.003405037,0,0,0.019715708,0,1,0.05087517,0,0,0.012887553,0
8714,0,0.0013867967,0,0,0.17726785,0,1,0.89061755,1,0,0.8285653,1,0,0.11267986,0
8716,1,0.73697513,1,0,0.04470752,0,1,0.22206597,0,0,0.047622766,0,0,0.09025819,0
8724,1,0.7182854,1,0,0.09092285,0,1,0.18163,0,0,0.05703476,0,0,0.111612834,0
8731,0,0.404021,0,1,0.15526298,0,0,0.0997762,0,0,0.41333747,1,0,0.06702915,0
8740,1,0.9077254,1,0,0.01061341,0,0,0.018456701,0,0,0.021793423,0,0,0.018752163,0
8765,1,0.7922659,1,0,0.084368095,0,0,0.04030295,0,0,0.028493745,0,0,0.048854332,0
8776,1,0.8795998,1,0,0.014954656,0,0,0.049394853,0,0,0.035628,0,0,0.037451424,0
8777,0,0.9038996,1,0,0.014937527,0,0,0.03849977,0,0,0.019409122,0,1,0.036322623,0
8783,1,0.8654654,1,0,0.008166918,0,0,0.04074001,0,0,0.07068795,0,0,0.023689972,0
8785,0,0.08279405,0,0,0.37745258,1,0,0.21317473,0,1,0.6686338,1,0,0.13359722,0
8788,1,0.84418285,1,0,0.015916606,0,0,0.055654716,0,0,0.056147896,0,0,0.032948952,0
8789,1,0.7968577,1,0,0.05112334,0,0,0.08742727,0,0,0.06424912,0,0,0.070012085,0
8817,0,0.008357916,0,1,0.884147,1,0,0.09736836,0,0,0.19854869,0,0,0.3384528,1
8827,1,0.5355262,1,0,0.037328046,0,0,0.5021215,1,0,0.1439248,0,0,0.10045457,0
8836,0,0.7724853,1,0,0.011070464,0,0,0.050108075,0,1,0.16637744,0,0,0.02315855,0
8853,1,0.9366098,1,0,0.0055056596,0,0,0.01901741,0,0,0.013581607,0,0,0.018020103,0
8868,0,0.0196931,0,0,0.02587216,0,1,0.96294206,1,0,0.16903274,0,0,0.0998749,0
8873,0,0.033571865,0,0,0.802887,1,0,0.04279653,0,1,0.15219313,0,1,0.111410595,0
8876,1,0.92778695,1,0,0.0032809987,0,0,0.039794296,0,0,0.017798396,0,0,0.020674339,0
8877,0,0.24563146,0,0,0.18181577,0,1,0.6494975,1,0,0.19923012,0,1,0.17890237,0
8881,0,0.033663105,0,1,0.5613316,1,0,0.3701951,1,1,0.5592864,1,0,0.23588562,1
8889,0,0.01484997,0,0,0.45642963,1,1,0.7661612,1,0,0.34655032,0,1,0.19297469,0
8897,0,0.019613182,0,0,0.70995057,1,0,0.24754842,0,1,0.39642754,1,0,0.24524273,1
8900,1,0.9157884,1,0,0.009865862,0,0,0.04135262,0,0,0.014989727,0,0,0.032772217,0
8901,0,0.021590212,0,1,0.7015929,1,0,0.14717555,0,1,0.49723542,1,0,0.22755319,1
8904,0,0.0019086384,0,0,0.28217018,0,1,0.22975795,0,1,0.9548872,1,0,0.1502575,0
8907,0,0.0043908,0,0,0.24260272,0,1,0.9004808,1,0,0.6554696,1,1,0.19193144,0
8908,0,0.21533714,0,0,0.016797716,0,0,0.055418856,0,1,0.7795623,1,0,0.017096052,0
8913,0,0.016372172,0,0,0.24649091,0,0,0.41323012,1,1,0.8548743,1,0,0.10882151,0
8914,1,0.9128597,1,0,0.014816753,0,0,0.0290086,0,0,0.014125056,0,0,0.03130481,0
8919,1,0.6306444,1,0,0.1911028,0,0,0.18156742,0,0,0.14642935,0,0,0.15103917,0
8920,1,0.6029604,1,0,0.22971739,0,0,0.17849198,0,0,0.14515716,0,0,0.15348098,0
8922,1,0.79989266,1,0,0.022413474,0,0,0.15045896,0,0,0.062370896,0,0,0.066743165,0
8927,0,0.046742305,0,1,0.69036627,1,0,0.21561646,0,0,0.3394379,0,0,0.23231013,1
8928,0,0.00213854,0,1,0.93429047,1,0,0.11293024,0,0,0.12735122,0,1,0.46316278,1
8934,1,0.87211454,1,0,0.01847099,0,0,0.07918977,0,0,0.025004702,0,0,0.052397534,0
8939,0,0.54403424,1,0,0.024372572,0,1,0.4371276,1,1,0.123691365,0,0,0.065406084,0
8941,1,0.94331276,1,0,0.0035030108,0,0,0.021263065,0,0,0.013353407,0,0,0.016872078,0
8954,0,0.26248807,0,1,0.49138498,1,0,0.08477889,0,0,0.23748614,0,0,0.09844672,0
8956,0,0.0050366917,0,1,0.56588256,1,1,0.8169421,1,0,0.2501836,0,0,0.2929575,1
8957,0,0.042054385,0,0,0.0048493613,0,1,0.9800797,1,0,0.0498935,0,0,0.071699925,0
8958,0,0.013430554,0,0,0.2939106,0,0,0.2782886,0,1,0.8816973,1,0,0.14009243,0
8959,0,0.0017314703,0,1,0.82522804,1,0,0.41005394,1,0,0.45317894,1,1,0.5362608,1
8960,0,0.021979516,0,1,0.7021233,1,0,0.2986583,0,0,0.3549029,1,0,0.24939345,1
8963,1,0.9420279,1,0,0.0018222756,0,0,0.019092487,0,0,0.018236047,0,0,0.010878515,0
8969,0,0.025016751,0,1,0.80796057,1,0,0.08211694,0,0,0.21691415,0,0,0.18821286,0
8979,1,0.9488354,1,0,0.0025796979,0,0,0.029767282,0,0,0.007158975,0,0,0.017588241,0
8980,0,0.07055306,0,1,0.7137243,1,0,0.12217176,0,0,0.23621838,0,0,0.18027471,0
8984,1,0.95334864,1,0,0.001826075,0,0,0.014308636,0,0,0.014013887,0,0,0.010895588,0
8991,0,0.003246545,0,0,0.19441172,0,0,0.3021997,0,1,0.95252687,1,0,0.10276661,0
9003,0,0.034243084,0,1,0.6857789,1,1,0.33824718,0,0,0.3886233,1,0,0.330479,1
9004,0,0.0015998177,0,0,0.29195884,0,1,0.83513737,1,1,0.81206924,1,0,0.18825944,0
9012,0,0.016179334,0,1,0.7954044,1,0,0.1276216,0,0,0.34293258,0,0,0.2601503,1
9020,0,0.07706806,0,0,0.06062829,0,0,0.10412213,0,1,0.86529225,1,0,0.03459555,0
9027,0,0.039169103,0,0,0.25533023,0,0,0.22981818,0,1,0.83277386,1,0,0.12376337,0
9029,1,0.896988,1,0,0.009498504,0,0,0.038151555,0,0,0.024557365,0,0,0.025895154,0
9035,0,0.02520301,0,0,0.24970251,0,0,0.2791413,0,1,0.8391562,1,0,0.10753216,0
9037,1,0.84820485,1,0,0.024056861,0,0,0.060392395,0,0,0.052188996,0,0,0.046971515,0
9049,1,0.33222374,0,0,0.5321484,1,0,0.1529149,0,0,0.16900268,0,0,0.1603271,0
9053,0,0.11045241,0,0,0.7221077,1,0,0.06997051,0,1,0.13719173,0,0,0.12012925,0
9057,1,0.9139352,1,0,0.017315017,0,0,0.022484485,0,0,0.009423186,0,0,0.027001208,0
9058,1,0.9107811,1,0,0.004098697,0,0,0.028579084,0,0,0.031629603,0,0,0.016016487,0
9063,0,0.65608835,1,0,0.020299867,0,1,0.3639221,1,0,0.057341974,0,1,0.06313524,0
9069,1,0.9185903,1,0,0.0046536652,0,0,0.06430005,0,0,0.012087294,0,0,0.029116875,0
9082,1,0.6967574,1,0,0.038214482,0,1,0.16466156,0,0,0.17150655,0,0,0.07216823,0
9086,0,0.046195135,0,1,0.8140153,1,0,0.086957864,0,0,0.14425793,0,0,0.20449865,1
9095,0,0.007667235,0,1,0.8827537,1,0,0.08995237,0,0,0.1994422,0,1,0.29671603,1
9100,0,0.008150461,0,0,0.12346984,0,0,0.2691251,0,1,0.9433768,1,0,0.067912996,0
9102,0,0.04822803,0,1,0.2220625,0,0,0.18748511,0,1,0.83125967,1,0,0.10174448,0
9111,0,0.7758364,1,0,0.017696202,0,1,0.0843948,0,0,0.12639897,0,0,0.038642883,0
9118,1,0.8418707,1,0,0.0074808327,0,0,0.04255188,0,0,0.10880341,0,0,0.023090411,0
9121,1,0.88167167,1,0,0.0137620075,0,0,0.039977502,0,0,0.04335684,0,0,0.032625303,0
9122,0,0.016163167,0,0,0.019203376,0,1,0.9789418,1,0,0.11087344,0,0,0.110247046,0
9131,0,0.019230774,0,1,0.8713284,1,0,0.07308803,0,0,0.106865846,0,1,0.22009848,1
9138,0,0.053581793,0,0,0.27198574,0,0,0.1883724,0,1,0.7963976,1,0,0.11714645,0
9140,1,0.26962408,0,0,0.027895452,0,0,0.078460164,0,0,0.70122105,1,0,0.026386455,0
9146,0,0.0047610733,0,0,0.48962614,1,1,0.4426174,1,1,0.83038944,1,0,0.2580225,1
9149,1,0.86972785,1,0,0.016269926,0,0,0.04446135,0,0,0.045832817,0,0,0.03515771,0
9156,0,0.29736632,0,0,0.5574003,1,0,0.07138565,0,0,0.12369164,0,1,0.093904495,0
9157,0,0.0071987924,0,1,0.8977864,1,0,0.081537805,0,0,0.231,0,0,0.39927477,1
9173,0,0.01134562,0,1,0.8613386,1,0,0.112643674,0,0,0.27469322,0,0,0.37408534,1
9175,1,0.7102157,1,0,0.1044564,0,0,0.11553665,0,0,0.09695521,0,0,0.093381464,0
9176,0,0.040373288,0,1,0.33751345,0,0,0.16111042,0,0,0.78112155,1,0,0.11760551,0
9180,0,0.0063302447,0,1,0.87353426,1,0,0.10957153,0,1,0.2852142,0,1,0.34911728,1
9193,0,0.065192714,0,1,0.761303,1,0,0.08491277,0,0,0.15246241,0,0,0.1458294,0
9198,0,0.035270788,0,0,0.08060339,0,0,0.1539306,0,1,0.90964085,1,0,0.043894857,0
9202,0,0.15724526,0,1,0.6435705,1,0,0.19608417,0,0,0.18380134,0,0,0.21018097,1
9204,1,0.91851205,1,0,0.0075297775,0,0,0.035091083,0,0,0.01378353,0,0,0.02479963,0
9206,0,0.57238185,1,1,0.16031079,0,0,0.080704086,0,0,0.18605956,0,0,0.071872145,0
9207,1,0.85318214,1,0,0.012100864,0,0,0.059538454,0,0,0.053733464,0,0,0.031690877,0
9212,0,0.8580811,1,0,0.011357842,0,0,0.045877293,0,1,0.04898571,0,0,0.025515324,0
9218,0,0.6871784,1,0,0.010714148,0,0,0.02875287,0,1,0.28225535,0,0,0.015182168,0
9220,0,0.069018334,0,1,0.7004657,1,0,0.11507166,0,0,0.23214144,0,0,0.14860772,0
9225,1,0.89698327,1,0,0.004534078,0,0,0.044252183,0,0,0.032809194,0,0,0.01984185,0
9230,0,0.7621458,1,0,0.029704608,0,0,0.117765576,0,1,0.118886866,0,0,0.059004597,0
9232,0,0.010971693,0,1,0.89568484,1,0,0.05355095,0,0,0.12365699,0,0,0.23662244,1
9241,0,0.018393794,0,0,0.09943823,0,1,0.94389033,1,1,0.2960739,0,0,0.16711016,0
9259,0,0.09659214,0,1,0.555175,1,0,0.2980679,0,0,0.40973693,1,0,0.21885249,1
9266,1,0.57932043,1,0,0.13656789,0,0,0.28727672,0,0,0.21282196,0,0,0.14916271,0
9271,0,0.003567084,0,1,0.59216356,1,0,0.77582115,1,1,0.46410188,1,1,0.3967794,1
9273,1,0.71786207,1,0,0.078750074,0,0,0.07863617,0,0,0.10449152,0,0,0.061793596,0
9274,1,0.88117594,1,0,0.009412799,0,0,0.034744747,0,0,0.04432049,0,0,0.023010032,0
9275,0,0.0070819855,0,0,0.07499354,0,1,0.94418323,1,0,0.5098514,1,1,0.13852571,0
9277,1,0.68706876,1,0,0.0312998,0,1,0.31061578,0,0,0.047482904,0,0,0.07647193,0
9282,1,0.7485684,1,0,0.049830582,0,0,0.14762285,0,0,0.09717504,0,0,0.08375955,0
9284,0,0.01956959,0,0,0.028192343,0,1,0.9725595,1,0,0.15242454,0,0,0.12210509,0
9288,1,0.86323935,1,0,0.034851484,0,0,0.044865165,0,0,0.02558673,0,0,0.047965527,0
9289,0,0.014559895,0,1,0.8337216,1,0,0.07060553,0,0,0.24209933,0,0,0.20439799,1
9295,0,0.010750974,0,1,0.8642315,1,0,0.081687465,0,1,0.25098205,0,0,0.3180865,1
9299,0,0.8753487,1,0,0.014633495,0,0,0.044786338,0,0,0.042269804,0,1,0.03412304,0
9301,0,0.06246466,0,1,0.65860367,1,0,0.15085885,0,0,0.3818641,1,0,0.19239588,0
9302,0,0.1569549,0,0,0.43831506,1,1,0.43418092,1,0,0.26558694,0,1,0.18256786,0
9303,1,0.93038183,1,0,0.0031511846,0,0,0.02890295,0,0,0.01681014,0,0,0.016008854,0
9307,0,0.8490192,1,1,0.036800724,0,0,0.04271354,0,0,0.02956995,0,0,0.043136023,0
9314,1,0.90374666,1,0,0.011012642,0,1,0.04675417,0,0,0.02348079,0,0,0.036484078,0
9326,0,0.016805971,0,0,0.034610156,0,1,0.9520601,1,0,0.2817961,0,0,0.11116987,0
9336,1,0.89983517,1,0,0.011644019,0,0,0.050833166,0,0,0.022396274,0,0,0.03756797,0
9344,1,0.7453399,1,0,0.14037268,0,0,0.0745092,0,0,0.0377674,0,0,0.08751503,0
9348,0,0.7859705,1,0,0.039701764,0,0,0.10571608,0,0,0.081631325,0,1,0.0671747,0
9349,0,0.13222882,0,0,0.025679486,0,1,0.921844,1,0,0.064057715,0,0,0.11713774,0
9356,0,0.00538468,0,0,0.19286072,0,0,0.611113,1,1,0.8918059,1,0,0.13899091,0
9361,0,0.034444597,0,1,0.42252243,1,0,0.25280753,0,1,0.7409413,1,0,0.15750514,0
9366,0,0.07306868,0,1,0.6699292,1,0,0.06930605,0,1,0.30990732,0,0,0.12106974,0
9369,0,0.11366798,0,0,0.55973023,1,0,0.07305854,0,1,0.331467,0,0,0.081375726,0
9370,0,0.015236997,0,0,0.08838199,0,0,0.075176835,0,1,0.94285315,1,0,0.03392077,0
9375,0,0.19044405,0,0,0.34150198,0,1,0.50638455,1,0,0.23980425,0,1,0.1707737,0
9377,0,0.050869077,0,1,0.7229898,1,0,0.15932232,0,0,0.19954693,0,0,0.17485248,0
9384,0,0.05511139,0,0,0.05960231,0,1,0.9354805,1,0,0.17375074,0,0,0.15975209,0
9385,0,0.042850133,0,0,0.71115667,1,0,0.06361335,0,1,0.29283243,0,0,0.11356332,0
9386,1,0.93633413,1,0,0.0027633298,0,0,0.020735115,0,0,0.014920451,0,0,0.01245696,0
9393,1,0.94485897,1,0,0.002747154,0,0,0.02367752,0,0,0.012013563,0,0,0.015941339,0
9406,1,0.40976772,0,0,0.05640707,0,0,0.09739725,0,0,0.51966286,1,0,0.04539823,0
9408,0,0.0150402775,0,1,0.1548381,0,0,0.15680696,0,1,0.9235865,1,0,0.06411962,0
9410,1,0.7433649,1,0,0.005724946,0,0,0.029729351,0,0,0.2306017,0,0,0.012128308,0
9422,0,0.4451807,0,0,0.1954709,0,0,0.21589129,0,1,0.34557837,0,0,0.12629327,0
9423,1,0.91275907,1,0,0.004086674,0,0,0.03743947,0,0,0.026901703,0,0,0.019270368,0
9426,1,0.86311644,1,0,0.017895719,0,0,0.04356105,0,0,0.049008835,0,0,0.034560554,0
9432,1,0.77636755,1,0,0.032187503,0,0,0.11827986,0,0,0.0747774,0,0,0.058921937,0
9433,1,0.4882541,1,0,0.06553709,0,0,0.12156925,0,0,0.43180788,1,0,0.060274225,0
9435,0,0.008960716,0,1,0.8921559,1,0,0.09718966,0,0,0.17627974,0,0,0.3778627,1
9439,1,0.85056365,1,0,0.022579197,0,0,0.05535432,0,0,0.04406631,0,0,0.04149129,0
9440,1,0.2641095,0,0,0.60835487,1,0,0.05255361,0,0,0.1042196,0,0,0.086539544,0
9443,0,0.007966407,0,1,0.8703297,1,0,0.1308817,0,0,0.26924244,0,1,0.40164182,1
9444,0,0.00299575,0,0,0.29523486,0,1,0.31428626,0,1,0.9353674,1,0,0.16330312,0
9453,0,0.20826901,0,0,0.5905123,1,0,0.1417004,0,1,0.19424169,0,0,0.14408278,0
9454,1,0.7386735,1,0,0.028738612,0,0,0.06521675,0,0,0.19012116,0,0,0.04190879,0
9466,0,0.06236775,0,0,0.07550313,0,0,0.045780253,0,1,0.86076236,1,0,0.025560455,0
9467,0,0.00042292837,0,1,0.5389264,1,1,0.8130398,1,1,0.7182991,1,1,0.35539997,1
9478,0,0.104817614,0,1,0.5546747,1,0,0.076469585,0,0,0.38194376,1,0,0.09409185,0
9487,1,0.86484134,1,0,0.018313704,0,0,0.047145445,0,0,0.03850673,0,0,0.035502385,0
9494,0,0.004700337,0,0,0.1905399,0,1,0.7488954,1,1,0.85341233,1,1,0.14503182,0
9496,0,0.024540192,0,0,0.017905334,0,1,0.9775214,1,0,0.079699345,0,1,0.113415994,0
9498,0,0.69419473,1,0,0.026776716,0,0,0.0720937,0,1,0.23020819,0,0,0.03762786,0
9501,1,0.5354934,1,0,0.336271,0,0,0.101754814,0,0,0.10266315,0,0,0.10760397,0
9504,1,0.20037726,0,0,0.30774602,0,0,0.09941652,0,0,0.51914775,1,0,0.07809652,0
9509,0,0.0018588054,0,1,0.53316593,1,1,0.73311013,1,0,0.5672921,1,0,0.22121891,1
9511,0,0.4534898,1,1,0.15194419,0,0,0.06500146,0,0,0.32121605,0,0,0.055450045,0
9516,0,0.6504059,1,0,0.022697588,0,0,0.06118674,0,1,0.30619028,0,0,0.031111078,0
9518,0,0.043107986,0,1,0.7908991,1,0,0.14062577,0,0,0.1768256,0,0,0.2499481,1
9519,0,0.13505608,0,1,0.46989316,1,0,0.0827447,0,1,0.44022512,1,0,0.08959396,0
9520,0,0.0016381479,0,1,0.56213707,1,0,0.17946565,0,1,0.91025805,1,0,0.27637798,1
9523,0,0.5746252,1,0,0.03067856,0,1,0.08246206,0,0,0.40076485,1,0,0.04061757,0
9529,1,0.5265966,1,0,0.39749676,1,0,0.06283485,0,0,0.060409,0,0,0.085256845,0
9530,0,0.024956562,0,0,0.2418227,0,0,0.18052411,0,1,0.8588339,1,0,0.10255806,0
9533,0,0.62739533,1,0,0.0065615005,0,0,0.017992796,0,1,0.3670057,1,0,0.008661975,0
9536,0,0.35903493,0,0,0.15091886,0,0,0.12822919,0,1,0.4737602,1,0,0.07256696,0
9537,0,0.11328418,0,1,0.28137046,0,0,0.40389255,1,0,0.5184336,1,0,0.12460663,0
9547,1,0.3588826,0,0,0.578394,1,0,0.08691123,0,0,0.08333575,0,0,0.13284542,0
9549,0,0.0018558035,0,1,0.74973285,1,1,0.56549,1,0,0.5038878,1,0,0.48595974,1
9550,0,0.0022334366,0,0,0.43661106,1,1,0.73514926,1,0,0.7591345,1,1,0.25305155,1
9553,0,0.015772898,0,0,0.10076243,0,1,0.871712,1,0,0.6329308,1,0,0.13102065,0
9554,0,0.8315078,1,0,0.03580358,0,0,0.09504533,0,0,0.04431669,0,1,0.070860565,0
9556,0,0.0655469,0,1,0.689406,1,0,0.12496918,0,0,0.23723873,0,0,0.14846912,0
9558,1,0.92221737,1,0,0.00955712,0,0,0.026922641,0,0,0.014876719,0,0,0.025997128,0
9566,1,0.9555034,1,0,0.0022509475,0,0,0.021258343,0,0,0.0074748304,0,0,0.015028852,0
9570,0,0.0022103514,0,0,0.12695219,0,1,0.7785734,1,1,0.9015526,1,0,0.095809676,0
9571,0,0.11709972,0,1,0.73359156,1,0,0.0653063,0,0,0.11457434,0,0,0.12196576,0
9583,0,0.006628306,0,0,0.13642062,0,1,0.79316705,1,1,0.8261529,1,0,0.11943979,0
9585,1,0.43497348,0,0,0.22308296,0,0,0.30405527,0,0,0.30064186,0,0,0.16358988,0
9586,0,0.007434908,0,1,0.9002816,1,0,0.0877817,0,0,0.19865024,0,0,0.40661073,1
9590,0,0.15331152,0,0,0.1873032,0,0,0.4392417,1,1,0.55096954,1,0,0.1268815,0
9591,0,0.01436114,0,0,0.80918133,1,1,0.13072258,0,0,0.32207736,0,0,0.27174607,1
9593,1,0.9030515,1,0,0.016274353,0,0,0.03543551,0,0,0.016930288,0,0,0.0350127,0
9599,0,0.040806934,0,0,0.3358584,0,0,0.16952567,0,1,0.7895012,1,0,0.115142696,0
9600,0,0.023191782,0,0,0.17447168,0,0,0.29007134,0,1,0.8802738,1,0,0.08761477,0
9633,0,0.082760446,0,1,0.7272722,1,0,0.086202644,0,0,0.15105139,0,0,0.12563407,0
9639,0,0.008562066,0,0,0.07257394,0,1,0.9647217,1,0,0.28390023,0,0,0.15711457,0
9641,0,0.00241229,0,0,0.92023206,1,1,0.17045005,0,1,0.14320353,0,1,0.492613,1
9642,0,0.32362616,0,0,0.17768687,0,1,0.5618765,1,0,0.1076578,0,0,0.16409452,0
9646,1,0.8523577,1,0,0.011624543,0,0,0.06667715,0,0,0.06372751,0,0,0.035755996,0
9659,0,0.07346695,0,0,0.6390916,1,1,0.28951776,0,0,0.31908143,0,0,0.24242273,1
9660,0,0.0034492218,0,1,0.9214644,1,0,0.09784253,0,0,0.18251906,0,1,0.46040002,1
9663,0,0.028000409,0,0,0.0064221607,0,1,0.98300666,1,0,0.067458324,0,1,0.07547106,0
9669,1,0.84190786,1,0,0.02146076,0,0,0.06119358,0,0,0.034675673,0,0,0.0371564,0
9671,1,0.64222854,1,0,0.037231985,0,0,0.08329739,0,0,0.29398504,0,0,0.04801717,0
9673,0,0.0054585184,0,1,0.72676104,1,0,0.5776038,1,0,0.25406417,0,0,0.33147508,1
9675,0,0.06792345,0,1,0.6972524,1,0,0.15974595,0,0,0.25736988,0,0,0.19097437,0
9678,1,0.97586334,1,0,0.0004748975,0,0,0.013335841,0,0,0.0028293813,0,0,0.0068214056,0
9679,0,0.0063223853,0,0,0.43745726,1,1,0.7533841,1,1,0.60584855,1,0,0.2284269,1
9688,1,0.68814665,1,0,0.16227016,0,0,0.06983515,0,0,0.06751962,0,0,0.079488,0
9689,1,0.8028711,1,0,0.018687062,0,0,0.05971663,0,0,0.11718384,0,0,0.035761755,0
9699,0,0.03358288,0,0,0.12280423,0,1,0.9205846,1,0,0.29602447,0,0,0.22611123,1
9703,0,0.005449262,0,0,0.37677348,1,1,0.9131656,1,0,0.23082632,0,1,0.20979723,1
9712,0,0.0005697159,0,0,0.4356609,1,0,0.78482306,1,1,0.8098014,1,0,0.2573403,1
9719,0,0.7467998,1,0,0.011977599,0,0,0.06440405,0,1,0.17476635,0,0,0.0251631,0
9725,1,0.5993652,1,0,0.10863689,0,0,0.10420728,0,0,0.24589634,0,0,0.07686312,0
9731,1,0.913382,1,0,0.0059116906,0,0,0.031941246,0,0,0.024401795,0,0,0.021218184,0
9732,0,0.03490722,0,1,0.4719788,1,0,0.27234468,0,1,0.6909745,1,0,0.17625728,0
9738,0,0.13154162,0,0,0.37845185,1,1,0.43624076,1,0,0.40579903,1,0,0.15823837,0
9745,1,0.82290417,1,0,0.018059604,0,0,0.085922435,0,0,0.066292524,0,0,0.043736678,0
9758,0,0.011947256,0,1,0.8665602,1,0,0.10114973,0,0,0.2340497,0,1,0.33454528,1
9771,1,0.9281334,1,0,0.003106395,0,0,0.035059597,0,0,0.017879158,0,0,0.01805585,0
9784,0,0.018608008,0,1,0.74853987,1,1,0.23616885,0,0,0.2990553,0,0,0.23546301,1
9787,0,0.022919914,0,0,0.013645837,0,1,0.98141366,1,0,0.0769512,0,0,0.10933456,0
9802,1,0.83843094,1,0,0.02828292,0,0,0.09591937,0,0,0.045416687,0,0,0.066530846,0
9804,1,0.8378339,1,0,0.025764627,0,0,0.072663404,0,0,0.04774179,0,0,0.04990653,0
9811,0,0.0013839535,0,1,0.6284232,1,0,0.4416922,1,0,0.8141357,1,0,0.35339788,1
9826,1,0.6137178,1,0,0.25178888,0,0,0.10033317,0,0,0.08387288,0,0,0.10401163,0
9831,1,0.7050757,1,0,0.0569836,0,0,0.06193469,0,0,0.1425214,0,0,0.046566993,0
9832,0,0.36749777,0,1,0.4736595,1,1,0.20446587,0,0,0.25329697,0,0,0.20126069,1
9837,1,0.74950206,1,0,0.05101125,0,0,0.06329682,0,0,0.091969185,0,0,0.04691883,0
9839,0,0.29007298,0,1,0.2017068,0,0,0.14738819,0,0,0.54854715,1,0,0.09115894,0
9842,0,0.90898025,1,0,0.0059943832,0,0,0.058169257,0,0,0.018941749,0,1,0.030561157,0
9849,0,0.025273863,0,0,0.2196889,0,0,0.1786732,0,1,0.8820899,1,0,0.09214403,0
9862,0,0.05905654,0,0,0.04339176,0,1,0.9433899,1,0,0.09645327,0,0,0.1361583,0
9864,1,0.5711478,1,0,0.23735693,0,0,0.096729204,0,0,0.13666867,0,0,0.0955411,0
9867,0,0.06691327,0,1,0.5832062,1,0,0.32300746,0,0,0.3773883,1,0,0.2117641,1
9872,0,0.120305344,0,0,0.38987833,1,1,0.5602483,1,1,0.3179732,0,0,0.2047017,1
9873,0,0.618366,1,0,0.16191839,0,0,0.07907597,0,1,0.12308272,0,0,0.07282372,0
9874,1,0.097255155,0,0,0.74600446,1,0,0.052572265,0,0,0.10421072,0,0,0.10423892,0
9883,1,0.9488533,1,0,0.004416088,0,0,0.019061342,0,0,0.008882414,0,0,0.01885076,0
9884,1,0.8849594,1,0,0.007562808,0,0,0.05677805,0,0,0.039248563,0,0,0.029698605,0
9902,0,0.00086629007,0,1,0.75433636,1,0,0.48523855,1,1,0.65111005,1,0,0.47620136,1
9903,1,0.87976635,1,0,0.011345769,0,0,0.045326266,0,0,0.034855366,0,0,0.02926097,0
9911,1,0.7150741,1,0,0.013891022,0,0,0.13794772,0,0,0.104636684,0,0,0.031589724,0
9912,0,0.007967873,0,1,0.78828007,1,0,0.07067451,0,1,0.4671913,1,1,0.2042816,1
9915,0,0.0023308087,0,1,0.19111292,0,0,0.37480474,1,1,0.9518015,1,0,0.102418385,0
9916,1,0.96491176,1,0,0.001256636,0,0,0.021907419,0,0,0.0039910553,0,0,0.0124773085,0
9919,0,0.02989997,0,1,0.5919083,1,0,0.15146585,0,1,0.5615732,1,0,0.15254197,0
9927,0,0.0018917359,0,0,0.36325327,1,0,0.4345207,1,1,0.9199074,1,1,0.18107925,0
9929,0,0.005994568,0,0,0.12821239,0,1,0.9512364,1,1,0.49380597,1,0,0.1863682,0
9932,0,0.00074343855,0,1,0.5913621,1,1,0.4878609,1,0,0.85886925,1,1,0.33106783,1
9933,0,0.0021452704,0,0,0.87347543,1,0,0.30016774,0,1,0.266525,0,0,0.4971787,1
9942,1,0.935164,1,0,0.003931611,0,0,0.04029858,0,0,0.0097986,0,0,0.023162382,0
9943,0,0.017418263,0,1,0.6970002,1,0,0.09250416,0,0,0.5655868,1,0,0.2043159,1
9950,1,0.7636793,1,0,0.030750556,0,0,0.19534767,0,0,0.06287161,0,0,0.08130587,0
9952,1,0.9410251,1,0,0.0020840585,0,0,0.038103726,0,0,0.010365408,0,0,0.01733939,0
9955,1,0.87768996,1,0,0.01002557,0,0,0.052827038,0,0,0.035470217,0,0,0.029739305,0
9958,1,0.7897531,1,0,0.018077023,0,0,0.1198122,0,0,0.08697121,0,0,0.049064036,0
9961,1,0.9225597,1,0,0.005599903,0,0,0.025459452,0,0,0.022460027,0,0,0.019765642,0
9968,1,0.88662416,1,0,0.021602772,0,0,0.047202304,0,0,0.01851283,0,0,0.042619873,0
9970,1,0.70086014,1,0,0.035931915,0,0,0.10584264,0,0,0.18814005,0,0,0.051982515,0
9974,1,0.8974186,1,0,0.006928847,0,0,0.03941868,0,0,0.04335082,0,0,0.025708038,0
9987,0,0.0055495747,0,1,0.37933245,1,0,0.2071157,0,1,0.90366894,1,1,0.17479284,0
9991,0,0.0048068254,0,0,0.07606338,0,1,0.95560384,1,1,0.4621661,1,0,0.14195858,0
9998,0,0.3215807,0,1,0.612335,1,0,0.08576262,0,0,0.078844726,0,0,0.13109219,0
10000,1,0.9668743,1,0,0.0013635982,0,0,0.009947712,0,0,0.007283797,0,0,0.009115089,0
10003,0,0.0066359024,0,0,0.09854209,0,1,0.9557862,1,0,0.37665024,1,0,0.15386277,0
10012,0,0.007914488,0,0,0.051489554,0,1,0.95603263,1,1,0.3567491,1,1,0.1256686,0
10016,1,0.8709713,1,0,0.031236602,0,0,0.033054713,0,0,0.015368163,0,0,0.034589298,0
10019,1,0.76383257,1,0,0.08516738,0,0,0.06373226,0,0,0.04601103,0,0,0.06095085,0
10021,0,0.41848955,0,0,0.34051326,0,0,0.15119855,0,1,0.28028616,0,0,0.1365514,0
10024,0,0.0070224637,0,1,0.8448543,1,0,0.19385521,0,0,0.3652928,1,1,0.45424634,1
10025,0,0.10222816,0,0,0.63222504,1,0,0.26637408,0,1,0.34417552,0,0,0.27665186,1
10028,1,0.9436136,1,0,0.002428332,0,0,0.024045043,0,0,0.012807967,0,0,0.014591284,0
10030,0,0.88310283,1,0,0.006647004,0,0,0.026058229,0,1,0.05991893,0,0,0.017989086,0
10033,1,0.6549268,1,0,0.032114867,0,0,0.08641702,0,0,0.27923757,0,0,0.04291225,0
10034,0,0.06487094,0,1,0.64389557,1,0,0.13169894,0,0,0.39457953,1,0,0.15825279,0
10035,1,0.77614164,1,0,0.097415976,0,0,0.08263284,0,0,0.048261724,0,0,0.089492925,0
10038,1,0.89202374,1,0,0.012856671,0,0,0.038504127,0,0,0.03000847,0,0,0.031286944,0
10039,1,0.90413034,1,0,0.006452931,0,0,0.055449218,0,0,0.026571058,0,0,0.030952701,0
10044,0,0.0016126351,0,1,0.77590525,1,1,0.5202224,1,1,0.4568157,1,0,0.45555896,1
10047,0,0.019258091,0,0,0.16998258,0,0,0.44623545,1,1,0.8658185,1,0,0.10734695,0
10050,1,0.8833674,1,0,0.006009697,0,1,0.038610894,0,0,0.046225328,0,0,0.019888256,0
10052,0,0.0051871017,0,0,0.21079682,0,1,0.9355102,1,1,0.507507,1,0,0.20042653,1
10060,0,0.17324656,0,1,0.5289698,1,0,0.1616977,0,0,0.30989096,0,0,0.14573602,0
10064,1,0.7543535,1,0,0.067636155,0,0,0.07033739,0,0,0.086582005,0,0,0.061165225,0
10065,0,0.057603218,0,1,0.75713,1,0,0.12285905,0,0,0.2604512,0,0,0.22719768,1
10074,0,0.0041609774,0,1,0.52330524,1,0,0.18002099,0,1,0.87364525,1,0,0.23016088,1
10081,0,0.6089641,1,0,0.20939441,0,0,0.15409997,0,0,0.11548816,0,1,0.13336174,0
10082,0,0.0110829575,0,0,0.42304707,1,1,0.8121285,1,0,0.39523602,1,0,0.20535253,1
10083,0,0.5226056,1,0,0.07843016,0,0,0.41123652,1,0,0.18649939,0,1,0.12397062,0
10087,1,0.95916194,1,0,0.0018275802,0,0,0.016235992,0,0,0.00799568,0,0,0.012325479,0
10099,1,0.7683595,1,0,0.088467956,0,0,0.0629506,0,0,0.053613663,0,0,0.06896606,0
10111,0,0.37516332,0,1,0.46533346,1,0,0.16368909,0,0,0.17773125,0,0,0.15034646,0
10113,1,0.84715974,1,0,0.029886225,0,0,0.06494135,0,0,0.041151978,0,0,0.052944735,0
10116,1,0.9156176,1,0,0.0053288555,0,0,0.043221246,0,0,0.018634949,0,0,0.024230374,0
10119,1,0.87871176,1,0,0.013219767,0,0,0.07063567,0,0,0.023504833,0,0,0.041043382,0
10122,1,0.912526,1,0,0.017930279,0,0,0.028474987,0,0,0.010026811,0,0,0.032611143,0
10139,0,0.026741158,0,1,0.660847,1,0,0.1285604,0,0,0.5537893,1,0,0.1989495,0
10143,1,0.8514946,1,0,0.024034945,0,0,0.05428104,0,0,0.050871428,0,0,0.044399355,0
10152,1,0.92053133,1,0,0.003881828,0,0,0.034544867,0,0,0.016934883,0,0,0.017585136,0
10157,0,0.5540223,1,0,0.073221296,0,0,0.11282836,0,1,0.2716404,0,0,0.05367005,0
10162,1,0.425328,0,0,0.537618,1,0,0.041489676,0,0,0.045595095,0,0,0.07446723,0
10180,0,0.30246395,0,0,0.6059637,1,0,0.11752085,0,0,0.11305538,0,1,0.15564564,0
10189,1,0.47663847,1,0,0.3431557,0,0,0.18439725,0,0,0.12389378,0,0,0.14333446,0
10190,0,0.028365657,0,0,0.036639277,0,1,0.9529389,1,0,0.23496906,0,0,0.1358256,0
10192,1,0.8041722,1,0,0.08848793,0,0,0.045598675,0,0,0.028693216,0,0,0.06316637,0
10202,0,0.018879613,0,0,0.30728865,0,1,0.11537584,0,1,0.85563695,1,0,0.09440758,0
10203,1,0.5452248,1,0,0.05149739,0,1,0.38204908,1,0,0.14008605,0,0,0.08645882,0
10210,0,0.70375717,1,0,0.010547847,0,0,0.028950641,0,1,0.25418806,0,0,0.014966095,0
10215,1,0.19973013,0,0,0.046232045,0,0,0.8518198,1,0,0.08708887,0,0,0.13300341,0
10216,1,0.108433746,0,0,0.71990246,1,0,0.06340966,0,0,0.12820186,0,0,0.11133663,0
10218,0,0.008270976,0,0,0.1976511,0,1,0.91789347,1,0,0.48035112,1,1,0.16067125,0
10228,0,0.004552203,0,1,0.9072498,1,0,0.08847018,0,0,0.21148056,0,0,0.39489427,1
10231,1,0.183348,0,0,0.4221124,1,0,0.16154142,0,0,0.46725613,1,0,0.11678949,0
10240,1,0.406089,0,0,0.06592628,0,0,0.3577521,1,0,0.3577027,1,0,0.0937476,0
10241,1,0.64738524,1,0,0.19598606,0,0,0.09552509,0,0,0.09635846,0,0,0.101254605,0
10244,0,0.66546804,1,0,0.025738118,0,0,0.0624799,0,1,0.26954383,0,0,0.032237772,0
10246,0,0.54053634,1,0,0.15108301,0,1,0.18650621,0,0,0.24146995,0,0,0.10811426,0
10256,1,0.121754944,0,0,0.7163096,1,0,0.04239591,0,0,0.11107999,0,0,0.08804558,0
10257,1,0.7588355,1,0,0.06958319,0,0,0.07959911,0,0,0.08348651,0,0,0.06679999,0
10262,0,0.48243913,1,0,0.070576824,0,0,0.18938383,0,1,0.36884063,1,0,0.07326007,0
10265,1,0.90186197,1,0,0.0042506093,0,0,0.025842745,0,0,0.040109403,0,0,0.014404666,0
10267,1,0.9122859,1,0,0.0069229505,0,0,0.029690603,0,0,0.025560249,0,0,0.022126481,0
10271,1,0.7737872,1,0,0.050324444,0,0,0.12941295,0,0,0.07302046,0,0,0.08271874,0
10280,1,0.89642596,1,0,0.00956266,0,0,0.05520141,0,0,0.029827053,0,0,0.036317732,0
10294,1,0.9143563,1,0,0.0059872787,0,0,0.03907555,0,0,0.015338224,0,0,0.022475908,0
10317,1,0.7558691,1,0,0.08606965,0,0,0.059822448,0,0,0.060919072,0,0,0.061229687,0
10320,0,0.05278674,0,1,0.7245753,1,0,0.11578737,0,0,0.2173746,0,0,0.1487872,0
10321,0,0.5532461,1,1,0.18232216,0,0,0.09875243,0,0,0.2077981,0,0,0.08551156,0
10323,0,0.0018918747,0,1,0.4244951,1,0,0.7988904,1,1,0.68901163,1,0,0.21144094,1
10324,0,0.1560075,0,1,0.6264111,1,0,0.09384941,0,0,0.23825137,0,1,0.12811375,0
10327,1,0.8581427,1,0,0.016396679,0,0,0.051529285,0,0,0.04261643,0,0,0.03376651,0
10328,0,0.013935154,0,1,0.78797835,1,0,0.16601038,0,1,0.35776985,1,1,0.28194645,1
10329,1,0.8861267,1,0,0.01109524,0,0,0.07147022,0,0,0.022989854,0,0,0.040620606,0
10334,0,0.012050537,0,0,0.40480226,1,1,0.8432839,1,1,0.3115804,0,0,0.20513636,1
10337,1,0.85404205,1,0,0.010301929,0,0,0.06740216,0,0,0.058100276,0,0,0.03312002,0
10343,0,0.0043604895,0,0,0.20703664,0,1,0.91861385,1,1,0.60875434,1,0,0.15295929,0
10356,1,0.3532481,0,0,0.4757341,1,0,0.08334861,0,0,0.1905275,0,0,0.099921316,0
10364,1,0.9133055,1,0,0.005575995,0,0,0.057931904,0,0,0.01521457,0,0,0.02917549,0
10370,0,0.0016997649,0,0,0.14118642,0,1,0.8926806,1,1,0.845738,1,0,0.1158119,0
10372,1,0.92211944,1,0,0.002830335,0,0,0.023314482,0,0,0.027640356,0,0,0.01264355,0
10381,0,0.020071445,0,0,0.027718509,0,1,0.9693406,1,0,0.18439433,0,0,0.12612316,0
10386,1,0.74193317,1,0,0.017290443,0,0,0.07561292,0,0,0.17870708,0,0,0.03408299,0
10391,1,0.9506747,1,0,0.0016608308,0,0,0.012973079,0,0,0.015568343,0,0,0.009051761,0
10394,1,0.8312767,1,0,0.03479857,0,0,0.070185445,0,0,0.041309193,0,0,0.05434483,0
10416,0,0.47389066,1,1,0.46162495,1,0,0.14930788,0,1,0.11399988,0,1,0.16940834,0
10420,1,0.65150094,1,0,0.011752307,0,0,0.02896832,0,0,0.32279712,0,0,0.015390331,0
10431,1,0.90951884,1,0,0.0054244013,0,0,0.051197954,0,0,0.016837185,0,0,0.025106495,0
10451,1,0.9184826,1,0,0.0028929764,0,0,0.016035203,0,0,0.03826304,0,0,0.010253363,0
10456,0,0.0071239443,0,0,0.15271084,0,1,0.9629356,1,0,0.28344783,0,1,0.24933332,1
10458,0,0.067913145,0,0,0.32819965,0,0,0.11754834,0,1,0.722506,1,0,0.08828528,0
10465,1,0.5728824,1,0,0.14917281,0,0,0.0845429,0,0,0.18618743,0,0,0.068060435,0
10478,0,0.0021744664,0,1,0.327249,0,0,0.85530543,1,1,0.7356252,1,0,0.26146075,1
10488,0,0.07474501,0,0,0.041937362,0,1,0.9449823,1,0,0.08284981,0,0,0.13999146,0
10490,0,0.07199418,0,0,0.123137206,0,1,0.8003186,1,1,0.38030604,1,0,0.15264346,0
10500,0,0.0023464765,0,0,0.21367796,0,1,0.93325704,1,1,0.63871,1,0,0.16959651,0
10502,0,0.032280147,0,0,0.3748022,1,0,0.1402118,0,1,0.79287934,1,0,0.12956865,0
10503,1,0.9653374,1,0,0.0018539893,0,0,0.014248234,0,0,0.0053933724,0,0,0.012480847,0
10505,0,0.41595712,0,0,0.4869809,1,1,0.16560662,0,0,0.115713775,0,0,0.17912816,0
10514,0,0.007911082,0,1,0.8371764,1,0,0.114851445,0,0,0.36727023,1,1,0.32711524,1
10521,0,0.5344753,1,0,0.03016972,0,0,0.07798102,0,1,0.42866856,1,0,0.035815455,0
10530,1,0.91108567,1,0,0.0039476035,0,0,0.03401504,0,0,0.03051637,0,0,0.017847067,0
10533,1,0.8303538,1,0,0.030237425,0,0,0.05142193,0,0,0.046890102,0,0,0.04065045,0
10536,1,0.8974516,1,0,0.004128232,0,0,0.02026513,0,0,0.05405489,0,0,0.012622436,0
10546,1,0.7790658,1,0,0.055603866,0,0,0.103305854,0,0,0.06835836,0,0,0.074881665,0
10554,0,0.0023349372,0,0,0.40574378,1,1,0.76967925,1,1,0.7649977,1,0,0.24961726,1
10557,0,0.11573005,0,0,0.04376608,0,0,0.17380232,0,1,0.82167596,1,0,0.04206702,0
10567,0,0.053268515,0,0,0.2600003,0,0,0.14844699,0,1,0.79255635,1,0,0.093266256,0
10573,0,0.012728435,0,0,0.76646256,1,0,0.1342805,0,1,0.39773846,1,0,0.2216082,1
10575,0,0.50695705,1,1,0.390799,1,0,0.06938671,0,0,0.078677684,0,0,0.0911234,0
10583,1,0.69881,1,0,0.08971075,0,0,0.16757928,0,0,0.07775683,0,0,0.09757948,0
10584,1,0.8674458,1,0,0.027607353,0,0,0.057815857,0,0,0.03000564,0,0,0.052196488,0
10587,0,0.009991647,0,0,0.18917833,0,1,0.33885372,0,1,0.9185388,1,0,0.09810712,0
10593,1,0.9283831,1,0,0.0071147224,0,0,0.023066033,0,0,0.01682766,0,0,0.022406893,0
10598,0,0.0008158191,0,1,0.4503391,1,1,0.7060291,1,1,0.8352239,1,1,0.23767893,1
10610,1,0.56235373,1,0,0.255661,0,0,0.112401254,0,0,0.13862866,0,0,0.10622003,0
10613,0,0.025669824,0,1,0.70193833,1,0,0.23021625,0,0,0.45732972,1,0,0.2766932,1
10614,0,0.6693189,1,0,0.044332597,0,0,0.047503237,0,1,0.20102328,0,0,0.035629537,0
10624,0,0.13967666,0,1,0.5271363,1,0,0.42991534,1,0,0.24316671,0,0,0.24942037,1
10627,1,0.8275925,1,0,0.045979794,0,0,0.06807272,0,0,0.0387436,0,0,0.061181527,0
10629,1,0.8458752,1,0,0.038867988,0,0,0.05043619,0,0,0.033737253,0,0,0.05065876,0
10631,1,0.91091776,1,0,0.0024279396,0,0,0.026029123,0,0,0.03676815,0,0,0.011515691,0
10633,0,0.0015452162,0,1,0.6031023,1,1,0.57608044,1,1,0.75491095,1,1,0.35838932,1
10635,1,0.71642065,1,0,0.09417876,0,0,0.085184105,0,0,0.09417189,0,0,0.072063565,0
10636,0,0.0008476986,0,1,0.86612046,1,0,0.40875876,1,0,0.38261405,1,1,0.57769215,1
10639,0,0.71567655,1,1,0.13843621,0,0,0.038238376,0,0,0.040369406,0,0,0.050093956,0
10651,1,0.88219583,1,0,0.0067829955,0,0,0.045246564,0,0,0.04768588,0,0,0.02389933,0
10664,1,0.79617196,1,0,0.04250819,0,0,0.09048865,0,0,0.06414126,0,0,0.06274835,0
10669,1,0.80124813,1,0,0.0077840127,0,0,0.16374761,0,0,0.03648825,0,0,0.033424277,0
10675,0,0.2885458,0,1,0.23206675,0,0,0.14899606,0,0,0.48755738,1,0,0.08978584,0
10685,1,0.8847016,1,0,0.008820522,0,0,0.0805845,0,0,0.022205437,0,0,0.03790045,0
10696,1,0.85858387,1,0,0.010734859,0,0,0.13126278,0,0,0.01653866,0,0,0.045305,0
10697,0,0.0048190285,0,1,0.45957375,1,0,0.3869464,1,1,0.8582322,1,1,0.22854802,1
10701,0,0.5934086,1,1,0.12791312,0,0,0.15076537,0,0,0.27885646,0,0,0.11065037,0
10714,0,0.043905176,0,0,0.25322595,0,0,0.22595076,0,1,0.81647134,1,0,0.116211526,0
10715,0,0.03898988,0,0,0.20882872,0,0,0.29679957,0,1,0.80952954,1,0,0.09132079,0
10718,1,0.90296286,1,0,0.0076927925,0,0,0.040028352,0,0,0.024121469,0,0,0.025494482,0
10719,0,0.012947477,0,1,0.5852797,1,0,0.176485,0,1,0.71510625,1,1,0.19225146,0
10720,0,0.0066336393,0,0,0.20067665,0,1,0.30964708,0,1,0.9269385,1,0,0.098160006,0
10722,0,0.022656046,0,1,0.7567539,1,0,0.10049413,0,0,0.2949472,0,0,0.15485765,0
10725,0,0.0027790333,0,1,0.2963385,0,0,0.79146445,1,1,0.81512177,1,0,0.18805161,0
10727,0,0.021428274,0,0,0.018272273,0,1,0.97584945,1,0,0.12019551,0,0,0.10085929,0
10728,0,0.0366286,0,0,0.1695886,0,0,0.28032428,0,1,0.84318787,1,0,0.07972159,0
10731,1,0.80441225,1,0,0.046372432,0,0,0.11326626,0,0,0.056252014,0,0,0.081498116,0
10734,0,0.057103343,0,0,0.14947738,0,1,0.48452407,1,1,0.7291505,1,0,0.103836715,0
10735,1,0.9021134,1,0,0.006388854,0,0,0.038136482,0,0,0.031493578,0,0,0.023011666,0
10741,0,0.8333844,1,0,0.032917965,0,1,0.10872492,0,0,0.031110989,0,0,0.07185225,0
10756,1,0.94619435,1,0,0.0018509773,0,0,0.017881954,0,0,0.01833662,0,0,0.011651346,0
10764,0,0.18323983,0,1,0.6242995,1,0,0.1327834,0,0,0.1684067,0,1,0.1436887,0
10766,0,0.4828346,1,1,0.35449865,1,1,0.2001286,0,0,0.115029775,0,1,0.16394605,0
10767,1,0.9268389,1,0,0.006184866,0,0,0.026499778,0,0,0.019723035,0,0,0.022714857,0
10772,0,0.52707684,1,0,0.057648882,0,1,0.16096666,0,0,0.38033086,1,0,0.06903961,0
10784,0,0.014952023,0,1,0.85598224,1,0,0.1481217,0,0,0.18715698,0,1,0.3592426,1
10787,1,0.6300271,1,0,0.020757904,0,0,0.44834527,1,0,0.06145924,0,0,0.07526835,0
10791,0,0.80226076,1,0,0.010486469,0,0,0.11755344,0,1,0.07260663,0,0,0.03628207,0
10805,0,0.011383867,0,1,0.7911731,1,0,0.13613668,0,0,0.44017655,1,0,0.30256876,1
10817,0,0.017627833,0,0,0.3761188,1,1,0.5863268,1,0,0.71051043,1,0,0.17516023,0
10820,1,0.7180159,1,0,0.049689054,0,0,0.10618531,0,0,0.16473629,0,0,0.0661941,0
10825,0,0.4023942,0,1,0.4872881,1,0,0.109976694,0,0,0.13702923,0,0,0.12815242,0
10838,0,0.018258747,0,1,0.6128576,1,0,0.12597267,0,1,0.68183345,1,0,0.20965724,1
10839,0,0.013160965,0,1,0.7880166,1,0,0.26606676,0,0,0.3305603,0,0,0.36509442,1
10840,1,0.4381738,0,0,0.059963267,0,0,0.12364116,0,0,0.50925326,1,0,0.059197515,0
10841,1,0.87662363,1,0,0.01811475,0,0,0.041811604,0,0,0.024511056,0,0,0.032956764,0
10844,0,0.002232795,0,1,0.46372524,1,0,0.8288861,1,1,0.61379004,1,1,0.3119407,1
10846,1,0.43938318,0,0,0.21615036,0,0,0.3846634,1,0,0.2217795,0,0,0.17217954,0
10848,0,0.027761977,0,0,0.09610568,0,1,0.92441565,1,0,0.26944146,0,0,0.17020048,0
10855,1,0.69563013,1,0,0.12260118,0,0,0.2048725,0,0,0.08695733,0,0,0.14336526,0
10858,1,0.9277797,1,0,0.0045871744,0,0,0.023720084,0,0,0.022245722,0,0,0.01813177,0
10869,0,0.0008223134,0,0,0.39716247,1,1,0.8424405,1,0,0.768373,1,0,0.23472492,1
10872,0,0.017146861,0,0,0.09492809,0,1,0.95942855,1,1,0.21681103,0,0,0.19210054,0
10873,0,0.023744743,0,0,0.81422955,1,0,0.09957226,0,1,0.20884383,0,0,0.21240953,1
10884,1,0.6619222,1,0,0.027841674,0,0,0.13258658,0,0,0.21597086,0,0,0.048453063,0
10885,1,0.93324345,1,0,0.0032494213,0,0,0.038634196,0,0,0.010876391,0,0,0.019602906,0
10887,1,0.46639746,1,0,0.07655493,0,0,0.06629729,0,0,0.4131716,1,0,0.042198587,0
10892,0,0.00287685,0,0,0.18225688,0,0,0.28722957,0,1,0.9557388,1,0,0.088969894,0
10896,1,0.9694508,1,0,0.0022435489,0,0,0.011717739,0,0,0.0027365424,0,0,0.012043744,0
10907,0,0.30472264,0,0,0.4925675,1,0,0.21167877,0,0,0.2459797,0,1,0.18228532,0
10911,1,0.6657065,1,0,0.10494649,0,0,0.14350598,0,0,0.16274302,0,0,0.09925675,0
10919,0,0.4005626,0,0,0.18081672,0,0,0.2051881,0,1,0.41361955,1,0,0.11145211,0
10920,1,0.6460344,1,0,0.052022606,0,0,0.14828667,0,0,0.20728709,0,0,0.066141136,0
10931,0,0.44255266,0,0,0.11705695,0,0,0.117687054,0,0,0.46300563,1,1,0.07569129,0
10935,0,0.8063307,1,1,0.029650364,0,0,0.08113173,0,0,0.087714195,0,0,0.054449685,0
10936,0,0.0037259294,0,1,0.35815233,1,1,0.5741659,1,0,0.8507785,1,0,0.16713056,0
10939,0,0.05609878,0,1,0.65829194,1,0,0.14849502,0,0,0.39777076,1,0,0.18631807,0
10942,0,0.0113592455,0,0,0.19109276,0,0,0.07716387,0,1,0.9242201,1,0,0.065130144,0
10946,0,0.00074331317,0,1,0.38820174,1,0,0.3220239,0,1,0.9470101,1,1,0.20450567,1
10947,1,0.8106293,1,0,0.034689903,0,0,0.09417469,0,0,0.059185125,0,0,0.06243087,0
10949,0,0.0014560977,0,1,0.26053226,0,0,0.33055636,0,1,0.9546474,1,0,0.1455203,0
10953,0,0.0246025,0,0,0.44873494,1,0,0.33489788,0,1,0.74332535,1,0,0.19070712,0
10954,0,0.9313632,1,0,0.0033343562,0,0,0.019535156,0,0,0.025791284,0,1,0.014250572,0
10958,1,0.820207,1,0,0.055884194,0,0,0.054610796,0,0,0.039458,0,0,0.05820244,0
10959,1,0.746178,1,0,0.048969757,0,0,0.13440455,0,0,0.0709807,0,0,0.06966413,0
10961,0,0.13333564,0,0,0.2597511,0,1,0.21385954,0,1,0.6966697,1,0,0.11418894,0
10964,1,0.7830294,1,0,0.0127512375,0,0,0.062541805,0,0,0.1351118,0,0,0.027764218,0
10968,1,0.9201209,1,0,0.0042321943,0,0,0.029639374,0,0,0.02602585,0,0,0.01841233,0
10970,1,0.94863075,1,0,0.0014818903,0,0,0.024144962,0,0,0.010212264,0,0,0.011455295,0
10973,1,0.85111964,1,0,0.02448582,0,0,0.03930813,0,0,0.04578194,0,0,0.035416234,0
10975,1,0.22554553,0,0,0.5510548,1,0,0.1357418,0,0,0.17696159,0,0,0.12299423,0
10976,1,0.9401499,1,0,0.0029750012,0,1,0.036440402,0,0,0.011103897,0,0,0.020759383,0
10982,0,0.0057426104,0,0,0.17386536,0,1,0.93385744,1,1,0.49159694,1,0,0.1665817,0
10994,0,0.010340452,0,0,0.5035989,1,0,0.55906487,1,0,0.6090792,1,1,0.19694702,0
10995,0,0.003035045,0,0,0.222495,0,1,0.89907694,1,1,0.7088748,1,0,0.15571232,0
10999,0,0.017548844,0,0,0.032883216,0,1,0.97257286,1,0,0.15348111,0,0,0.13010968,0
11008,1,0.7995268,1,0,0.0117256325,0,0,0.03500364,0,0,0.13990314,0,0,0.020759033,0
11023,0,0.0032101062,0,1,0.25344852,0,1,0.89140314,1,1,0.68289953,1,0,0.16122158,0
11025,0,0.008244901,0,0,0.13658525,0,1,0.83245116,1,1,0.7787971,1,1,0.13056512,0
11026,0,0.0069816937,0,1,0.48397115,1,0,0.46041903,1,1,0.7776867,1,0,0.21326178,1
11029,0,0.0026416113,0,1,0.3754784,1,0,0.32398203,0,1,0.9200654,1,1,0.17934236,0
11031,0,0.00793254,0,1,0.7417028,1,0,0.20835015,0,1,0.5416653,1,0,0.30928582,1
11032,0,0.005306826,0,1,0.8911749,1,0,0.1302685,0,1,0.26311854,0,1,0.45519033,1
11036,0,0.593383,1,1,0.04283375,0,0,0.08653055,0,0,0.34078372,0,0,0.04601412,0
11041,1,0.7375889,1,0,0.13394089,0,0,0.07168001,0,0,0.038957983,0,0,0.07798971,0
11042,0,0.0030026995,0,1,0.4264821,1,1,0.7859393,1,0,0.6209121,1,0,0.18597907,0
11043,0,0.52866364,1,0,0.04577675,0,0,0.08436662,0,1,0.41939408,1,0,0.044549584,0
11046,0,0.031445008,0,0,0.1594728,0,1,0.8263788,1,0,0.4799898,1,0,0.153499,0
11053,0,0.015205369,0,0,0.11788018,0,1,0.95547694,1,0,0.19349651,0,1,0.18468648,0
11065,1,0.63046575,1,0,0.12545861,0,0,0.14434183,0,0,0.15182783,0,0,0.09391607,0
11067,1,0.72595024,1,0,0.08054485,0,0,0.09815916,0,0,0.11541744,0,0,0.0768733,0
11068,0,0.02773539,0,1,0.8640831,1,0,0.08734932,0,0,0.13093351,0,0,0.28915384,1
11070,0,0.009935776,0,1,0.81044203,1,1,0.11272972,0,0,0.4590103,1,0,0.33876708,1
11071,0,0.038294517,0,0,0.5810661,1,1,0.268831,0,1,0.52237535,1,0,0.19743119,0
11084,1,0.9088058,1,0,0.015819296,0,0,0.031995285,0,0,0.017447667,0,0,0.035043452,0
11085,0,0.0032414757,0,1,0.82372475,1,1,0.30427757,0,1,0.4806688,1,1,0.5151384,1
11093,0,0.0147114005,0,0,0.06801034,0,1,0.96327955,1,0,0.24097468,0,0,0.176955,0
11094,0,0.120753996,0,1,0.589362,1,1,0.17036888,0,0,0.38166988,1,0,0.17241237,0
11096,0,0.0098425485,0,0,0.427034,1,1,0.85045034,1,1,0.32489586,0,0,0.22212906,1
11101,0,0.0402789,0,0,0.0633488,0,1,0.7892626,1,1,0.57619685,1,1,0.10591399,0
11106,0,0.0070014806,0,1,0.7193304,1,0,0.16437963,0,1,0.6281314,1,1,0.28679284,1
11110,0,0.00095914863,0,0,0.41577148,1,1,0.7188739,1,1,0.84062994,1,1,0.23450288,1
11133,0,0.008604465,0,1,0.79833615,1,0,0.2214916,0,0,0.47955653,1,0,0.4413166,1
11136,1,0.955443,1,0,0.0030784297,0,0,0.019072326,0,0,0.007550235,0,0,0.016976722,0
11138,1,0.8799206,1,0,0.012862264,0,0,0.056214876,0,0,0.04182911,0,0,0.039403416,0
11150,0,0.01316421,0,1,0.8525032,1,0,0.12611385,0,0,0.22325547,0,0,0.31555557,1
11153,0,0.00050444773,0,0,0.37901628,1,1,0.8678343,1,1,0.7727471,1,0,0.22046575,1
11155,1,0.8896334,1,0,0.005583117,0,0,0.022549113,0,0,0.054701615,0,0,0.015750328,0
11170,0,0.026156748,0,0,0.035929132,0,1,0.93836564,1,1,0.23306532,0,0,0.11129471,0
11172,1,0.74856544,1,0,0.019837504,0,0,0.062105883,0,0,0.17467949,0,0,0.0321443,0
11191,0,0.018626725,0,1,0.46387178,1,1,0.46977365,1,1,0.7512225,1,0,0.32767537,1
11195,1,0.94562316,1,0,0.0021871992,0,0,0.026289372,0,0,0.008965032,0,0,0.014047187,0
11200,1,0.88371843,1,0,0.007764022,0,0,0.051230762,0,0,0.037122294,0,0,0.02687912,0
11209,1,0.6278387,1,0,0.11130364,0,1,0.26079553,0,0,0.16455954,0,0,0.1442981,0
11212,0,0.6429909,1,0,0.03925634,0,0,0.10468807,0,1,0.29722178,0,0,0.054983765,0
11217,0,0.0047481307,0,0,0.20340927,0,1,0.8828035,1,1,0.7047638,1,1,0.14555985,0
11220,0,0.007573147,0,0,0.0744951,0,1,0.973003,1,1,0.33330902,0,0,0.18644607,0
11224,0,0.37598586,0,0,0.04819002,0,0,0.06047483,0,1,0.57592076,1,0,0.03238388,0
11227,0,0.004661263,0,0,0.14009874,0,1,0.9500786,1,1,0.471951,1,0,0.16446684,0
11228,1,0.5951287,1,0,0.05679907,0,0,0.14333162,0,0,0.31028616,0,0,0.07043151,0
11233,1,0.70941955,1,0,0.05701342,0,0,0.2202362,0,0,0.08751467,0,0,0.101834364,0
11241,0,0.02229899,0,0,0.21718542,0,0,0.10518755,0,1,0.88562137,1,0,0.07788451,0
11247,1,0.79141307,1,0,0.03949308,0,0,0.14973333,0,0,0.03445796,0,0,0.07830736,0
11253,1,0.68287516,1,0,0.058580365,0,0,0.25633666,0,0,0.06538521,0,0,0.09656251,0
11254,1,0.7526861,1,0,0.00877188,0,0,0.03105736,0,0,0.20891638,0,0,0.015725732,0
11255,0,0.020168118,0,0,0.06241295,0,0,0.10385021,0,1,0.94064116,1,0,0.03231578,0
11256,1,0.39216733,0,0,0.21800363,0,0,0.16609368,0,0,0.37869507,1,0,0.102650724,0
11258,0,0.016153434,0,0,0.297813,0,1,0.31700397,0,1,0.8603276,1,0,0.14298345,0
11267,1,0.7915133,1,0,0.015669148,0,0,0.124980986,0,0,0.080330834,0,0,0.045889474,0
11270,0,0.003116334,0,0,0.20148414,0,1,0.9329712,1,0,0.6533752,1,0,0.16433458,0
11279,1,0.8184711,1,0,0.018990172,0,0,0.08738883,0,0,0.07732959,0,0,0.046341736,0
11291,0,0.09860187,0,0,0.01652834,0,0,0.1209194,0,1,0.86757654,1,0,0.021333542,0
11295,0,0.009238161,0,0,0.14090586,0,1,0.95827806,1,0,0.2741319,0,0,0.18800086,0
11299,1,0.79408544,1,0,0.08510526,0,0,0.052606974,0,0,0.02811581,0,0,0.05980669,0
11304,1,0.85670704,1,0,0.017494272,0,0,0.055589356,0,0,0.049846053,0,0,0.038649287,0
11325,1,0.28428426,0,0,0.44205496,1,0,0.14941815,0,0,0.28071937,0,0,0.12907538,0
11327,0,0.0055980496,0,0,0.3818864,1,1,0.8939623,1,0,0.3684764,1,0,0.21272577,1
11329,0,0.0029002193,0,0,0.24042349,0,1,0.9378279,1,1,0.5624826,1,0,0.20754692,1
11330,0,0.0026096273,0,0,0.28056723,0,1,0.939541,1,1,0.50980884,1,0,0.23817685,1
11334,0,0.022156127,0,0,0.013398105,0,1,0.9817457,1,0,0.08542561,0,0,0.106525965,0
11344,0,0.007238741,0,1,0.91444206,1,0,0.08994055,0,0,0.13301274,0,1,0.40307498,1
11347,1,0.5399135,1,0,0.25522283,0,1,0.18758062,0,0,0.092026524,0,0,0.12716228,0
11352,0,0.033222888,0,0,0.5022406,1,0,0.25534967,0,1,0.68026423,1,0,0.1944198,0
11359,0,0.67910963,1,0,0.039729763,0,0,0.048321377,0,1,0.20461342,0,0,0.03491214,0
11366,1,0.6711758,1,0,0.10663517,0,0,0.08061696,0,0,0.12524949,0,0,0.06848477,0
11370,0,0.0049318736,0,0,0.15382044,0,1,0.9447698,1,1,0.5427935,1,0,0.17707853,0
11373,1,0.88714933,1,0,0.014196036,0,0,0.03783295,0,0,0.030370317,0,0,0.031133033,0
11377,0,0.045874957,0,1,0.8145215,1,0,0.06702102,0,0,0.11396333,0,0,0.15196681,0
11378,0,0.065888956,0,1,0.701203,1,0,0.09471584,0,0,0.26190308,0,0,0.14456189,0
11382,1,0.056502566,0,0,0.72352463,1,0,0.03877654,0,0,0.18167377,0,0,0.07436703,0
11384,0,0.41545787,0,0,0.17626505,0,0,0.20996742,0,1,0.398766,1,0,0.1129216,0
11388,1,0.75253475,1,0,0.02085481,0,0,0.15613656,0,0,0.10367648,0,0,0.054658454,0
11396,0,0.007231805,0,0,0.11532688,0,1,0.9487006,1,1,0.43349975,1,0,0.15753499,0
11401,0,0.012929532,0,0,0.21848096,0,1,0.9421913,1,0,0.2450763,0,0,0.23732547,1
11403,1,0.92607737,1,0,0.008806767,0,0,0.03133954,0,0,0.013237918,0,0,0.028578926,0
11405,0,0.09212654,0,1,0.6883874,1,0,0.078288175,0,0,0.1923644,0,0,0.11266572,0
11409,0,0.0021411118,0,0,0.18754472,0,1,0.9442248,1,1,0.6274801,1,1,0.18173784,0
11416,1,0.9649264,1,0,0.0017450425,0,0,0.016051734,0,0,0.005512967,0,0,0.013010535,0
11420,0,0.4079571,0,1,0.27891862,0,0,0.28319135,0,0,0.32741773,0,0,0.1694042,0
11421,1,0.86448574,1,0,0.024376756,0,0,0.040839884,0,0,0.022471419,0,0,0.034208335,0
11430,0,0.021389645,0,0,0.22525679,0,1,0.9286124,1,0,0.22456914,0,0,0.23217636,1
11441,0,0.0044483542,0,0,0.4809477,1,1,0.84287447,1,0,0.50520086,1,1,0.3476127,1
11442,0,0.0017902505,0,0,0.21151225,0,1,0.94163835,1,1,0.62982064,1,0,0.1812591,0
11443,0,0.03149314,0,1,0.65080106,1,0,0.3705302,1,1,0.45772284,1,0,0.33217254,1
11454,1,0.92740405,1,0,0.002384185,0,1,0.050932553,0,0,0.014212869,0,0,0.019414423,0
11455,1,0.89756364,1,0,0.007985761,0,0,0.048089437,0,0,0.021560997,0,0,0.027001671,0
11473,1,0.67259157,1,0,0.04275743,0,0,0.11357788,0,0,0.24083462,0,0,0.060426585,0
11475,0,0.011512099,0,0,0.16210444,0,1,0.9525657,1,0,0.25417197,0,0,0.21159883,1
11476,0,0.8345644,1,0,0.0106361,0,1,0.047811512,0,0,0.102544986,0,0,0.027014388,0
11478,1,0.72715706,1,0,0.120830804,0,0,0.074251294,0,0,0.05395847,0,0,0.07899561,0
11484,1,0.72962546,1,0,0.113023415,0,0,0.07327736,0,0,0.04598685,0,0,0.066310175,0
11489,1,0.90578735,1,0,0.009322749,0,0,0.046510976,0,0,0.024735523,0,0,0.033898097,0
11494,0,0.3777675,0,1,0.42656535,1,0,0.15471444,0,0,0.24354586,0,0,0.15138547,0
11500,0,0.0017493629,0,0,0.24827023,0,1,0.9172597,1,1,0.6494203,1,0,0.13641186,0
11503,1,0.60109293,1,0,0.27162278,0,0,0.059079383,0,0,0.06073098,0,0,0.07420796,0
11511,1,0.84956515,1,0,0.03059005,0,0,0.080289446,0,0,0.03812668,0,0,0.0644382,0
11512,0,0.0015355459,0,0,0.27649143,0,0,0.41171062,1,1,0.94495773,1,0,0.15125729,0
11514,0,0.010730854,0,1,0.87446237,1,0,0.1067133,0,0,0.17809139,0,1,0.30851975,1
11516,0,0.20254916,0,1,0.5814608,1,0,0.09276027,0,0,0.19555035,0,0,0.10469414,0
11518,0,0.8126896,1,0,0.05411766,0,0,0.10525541,0,0,0.04637829,0,1,0.08662221,0
11520,1,0.8258232,1,0,0.040925168,0,0,0.10542092,0,0,0.050253242,0,0,0.082194515,0
11532,1,0.9541347,1,0,0.003449497,0,0,0.015796054,0,0,0.008056423,0,0,0.015707254,0
11544,0,0.003764589,0,1,0.52332485,1,0,0.54361343,1,1,0.7719817,1,0,0.2834903,1
11551,0,0.11361495,0,1,0.5431919,1,0,0.0901431,0,0,0.4021214,1,0,0.10243999,0
11552,1,0.8807809,1,0,0.007614462,0,0,0.025895135,0,0,0.057875097,0,0,0.018581701,0
11557,0,0.19275832,0,0,0.09154631,0,1,0.68598336,1,0,0.2933757,0,0,0.12849954,0
11567,0,0.0015534809,0,0,0.24255192,0,1,0.9212973,1,0,0.6825595,1,0,0.13717426,0
11573,0,0.41275784,0,1,0.36932126,1,0,0.05937828,0,0,0.16142523,0,0,0.07399818,0
11574,1,0.9582482,1,0,0.0020625228,0,0,0.020310936,0,0,0.0065013585,0,0,0.014422427,0
11588,0,0.04637074,0,0,0.3656506,1,0,0.36527026,1,1,0.736129,1,1,0.19113298,0
11596,1,0.07247252,0,0,0.76926917,1,0,0.03899874,0,0,0.12269839,0,0,0.09666882,0
11606,1,0.6236569,1,0,0.3230371,0,0,0.057885274,0,0,0.044428986,0,0,0.08905676,0
11613,1,0.8058454,1,0,0.021029508,0,0,0.07711599,0,0,0.09457516,0,0,0.0435023,0
11616,0,0.0041014464,0,1,0.7916852,1,0,0.17584991,0,1,0.6209617,1,0,0.41734037,1
11627,1,0.7116077,1,0,0.08882191,0,0,0.09106517,0,0,0.124492586,0,0,0.07736584,0
11628,1,0.8093945,1,0,0.04120813,0,0,0.066041365,0,0,0.075405076,0,0,0.05760398,0
11635,1,0.7851161,1,0,0.028251205,0,0,0.08795737,0,0,0.135305,0,0,0.05723934,0
11636,0,0.0026398557,0,1,0.6832101,1,1,0.78887707,1,0,0.17309758,0,1,0.38480002,1
11637,0,0.5092018,1,0,0.1968932,0,0,0.09462808,0,1,0.24433617,0,0,0.08146131,0
11643,0,0.05261964,0,1,0.32911152,0,0,0.3677946,1,1,0.7221947,1,0,0.15545063,0
11649,0,0.0054476988,0,0,0.34647885,0,1,0.88402325,1,1,0.45818508,1,0,0.2673779,1
11654,1,0.55633193,1,0,0.08791827,0,0,0.38494924,1,0,0.11390154,0,0,0.11903071,0
11671,0,0.9316933,1,0,0.0055075916,0,0,0.014794801,0,1,0.016646264,0,0,0.014322146,0
11677,1,0.7038519,1,0,0.039612617,0,0,0.06791948,0,0,0.20566006,0,0,0.04645618,0
11685,0,0.52650094,1,1,0.068936415,0,0,0.061573718,0,0,0.35129005,1,0,0.042468946,0
11691,0,0.018279944,0,1,0.83352077,1,0,0.063456595,0,0,0.19561344,0,1,0.1718617,0
11696,1,0.5833325,1,0,0.37063655,1,0,0.058068942,0,0,0.049411148,0,0,0.08996563,0
11702,1,0.8908018,1,0,0.008170611,0,0,0.06353029,0,0,0.025897982,0,0,0.03295096,0
11705,1,0.8891349,1,0,0.009197108,0,0,0.0629541,0,0,0.026058417,0,0,0.03462802,0
11708,1,0.33959532,0,0,0.5518523,1,0,0.10674155,0,0,0.10290118,0,0,0.12340918,0
11710,1,0.72963655,1,0,0.11952894,0,0,0.049284592,0,0,0.048357654,0,0,0.056248054,0
11711,1,0.4376264,0,0,0.4433727,1,0,0.14862427,0,0,0.1516399,0,0,0.158001,0
11713,1,0.9514415,1,0,0.0024672989,0,0,0.02413297,0,0,0.0069274823,0,0,0.015424451,0
11714,1,0.35789567,0,0,0.18564929,0,0,0.14187546,0,0,0.4653528,1,0,0.08459107,0
11715,0,0.001653942,0,1,0.37676293,1,0,0.2849647,0,1,0.93628645,1,0,0.21112697,1
11734,1,0.68751687,1,0,0.13423385,0,0,0.09424392,0,0,0.087495536,0,0,0.084012866,0
11739,1,0.9448964,1,0,0.0022801189,0,0,0.039001808,0,0,0.0064236852,0,0,0.018042034,0
11745,1,0.720563,1,0,0.03678242,0,0,0.12181241,0,0,0.20127608,0,0,0.07025491,0
11757,0,0.35016742,0,0,0.017460922,0,0,0.06591574,0,1,0.62846965,1,0,0.020979706,0
11759,0,0.12412783,0,1,0.6540627,1,0,0.10608303,0,0,0.17435656,0,0,0.13820755,0
11762,1,0.81399924,1,0,0.012105602,0,0,0.09492768,0,0,0.059647236,0,0,0.03371407,0
11765,1,0.8846073,1,0,0.0025015208,0,0,0.016138088,0,0,0.08011594,0,0,0.008317733,0
11768,1,0.92673963,1,0,0.0045567844,0,0,0.035021592,0,0,0.016534138,0,0,0.021836266,0
11782,1,0.95097107,1,0,0.0031601635,0,0,0.021138065,0,0,0.009016853,0,0,0.017257167,0
11790,1,0.8889388,1,0,0.016052878,0,0,0.051210154,0,0,0.022347236,0,0,0.04017399,0
11798,1,0.96856916,1,0,0.002416152,0,0,0.010312048,0,0,0.0042641894,0,0,0.012522825,0
11799,0,0.7182502,1,0,0.04230345,0,0,0.11506052,0,1,0.16148043,0,0,0.062350202,0
11803,1,0.8551193,1,0,0.014773673,0,0,0.06440818,0,0,0.06013768,0,0,0.040518235,0
11827,0,0.19680288,0,0,0.6082278,1,1,0.20562515,0,0,0.21147476,0,1,0.21198012,1
11830,0,0.010874339,0,0,0.067465104,0,1,0.9751872,1,0,0.21376829,0,0,0.18490355,0
11833,1,0.8458128,1,0,0.015135704,0,0,0.048190776,0,0,0.07568517,0,0,0.03294214,0
11834,0,0.09821223,0,0,0.05972107,0,1,0.88943666,1,0,0.14913991,0,0,0.13668571,0
11836,0,0.020672549,0,1,0.81460285,1,0,0.12105187,0,1,0.2900299,0,1,0.2976587,1
11848,0,0.057244223,0,1,0.110210575,0,1,0.92097753,1,0,0.088591635,0,0,0.18491682,0
11858,1,0.10601468,0,0,0.6776002,1,0,0.1344741,0,0,0.2266233,0,0,0.17162547,0
11859,0,0.008325119,0,1,0.8746135,1,0,0.12102004,0,0,0.20525067,0,0,0.3318019,1
11860,0,0.01813484,0,1,0.75947225,1,0,0.19090196,0,0,0.32561138,0,0,0.23850092,1
11864,1,0.3639138,0,0,0.1311642,0,0,0.1486688,0,0,0.47986048,1,0,0.07473606,0
11870,0,0.014163295,0,0,0.080257945,0,1,0.9645058,1,0,0.2198226,0,0,0.19688004,0
11871,0,0.8322635,1,0,0.01406725,0,0,0.053689327,0,1,0.09281885,0,0,0.032226067,0
11874,1,0.94936293,1,0,0.0015197349,0,0,0.031756915,0,0,0.0071430495,0,0,0.013571964,0
11882,0,0.0025304912,0,1,0.8821103,1,1,0.22037898,0,0,0.3300355,0,1,0.5174452,1
11884,1,0.5442489,1,0,0.26085097,0,0,0.19823413,0,0,0.14676094,0,0,0.14468949,0
11888,1,0.3841159,0,0,0.5333055,1,0,0.08637232,0,0,0.10424347,0,0,0.1261983,0
11893,0,0.023738442,0,0,0.7120588,1,0,0.22016884,0,1,0.4069395,1,0,0.24958186,1
11902,0,0.009154784,0,0,0.11011863,0,0,0.6746517,1,1,0.86581516,1,0,0.09651141,0
11908,1,0.8818259,1,0,0.009871407,0,0,0.064735025,0,0,0.034400757,0,0,0.03614285,0
11912,1,0.9269048,1,0,0.008682546,0,0,0.032466605,0,0,0.010876135,0,0,0.028156022,0
11920,0,0.58754104,1,0,0.2561053,0,0,0.12669872,0,0,0.10829763,0,1,0.113526285,0
11921,1,0.81355554,1,0,0.030526508,0,0,0.10457736,0,0,0.07796006,0,0,0.06953108,0
11925,1,0.7966143,1,0,0.02804553,0,0,0.047008026,0,0,0.0960197,0,0,0.036677115,0
11940,0,0.018428665,0,0,0.14948653,0,0,0.22530738,0,1,0.91487014,1,0,0.07825454,0
11941,1,0.6434246,1,0,0.1252797,0,0,0.16790926,0,0,0.14033131,0,0,0.106392205,0
11944,0,0.018464288,0,0,0.17206255,0,0,0.19718394,0,1,0.9095165,1,0,0.08217459,0
11948,0,0.058868144,0,0,0.14943573,0,0,0.22127402,0,1,0.84511346,1,0,0.081378944,0
11955,1,0.92701715,1,0,0.004640738,0,0,0.025331581,0,0,0.020896433,0,0,0.018461945,0
11956,1,0.9450019,1,0,0.005224555,0,0,0.024016138,0,0,0.008482641,0,0,0.022260014,0
11963,0,0.013655384,0,0,0.028705774,0,1,0.9562094,1,1,0.2895141,0,0,0.111712,0
11964,0,0.006890564,0,0,0.52155143,1,0,0.5504007,1,1,0.65388614,1,1,0.21758616,1
11968,1,0.8391974,1,0,0.014625184,0,0,0.059690237,0,0,0.07152877,0,0,0.03446171,0
11969,0,0.40394902,0,0,0.116367005,0,0,0.118383,0,1,0.4917828,1,0,0.07063439,0
11972,0,0.4424025,0,1,0.19955513,0,0,0.23972309,0,0,0.3522807,1,0,0.13371226,0
11978,0,0.0066133216,0,0,0.13339183,0,1,0.9524902,1,0,0.37248307,1,0,0.17915277,0
11992,1,0.92460895,1,0,0.0048960294,0,0,0.03711974,0,0,0.017108234,0,0,0.023271112,0
12006,1,0.9447495,1,0,0.0031642036,0,0,0.026891565,0,0,0.011201969,0,0,0.01878396,0
12011,0,0.07758588,0,0,0.015923927,0,1,0.9558907,1,0,0.050839595,0,0,0.097465456,0
12015,0,0.087342724,0,1,0.61877996,1,0,0.11597532,0,0,0.33372167,0,0,0.13187757,0
12024,0,0.5301171,1,0,0.044335134,0,1,0.13591656,0,1,0.40476432,1,0,0.057088885,0
12028,0,0.5887508,1,1,0.12937261,0,1,0.123471014,0,0,0.23425126,0,0,0.088794485,0
12029,1,0.8306346,1,0,0.030998453,0,0,0.047582556,0,0,0.04237458,0,0,0.038050376,0
12031,0,0.12054316,0,0,0.4812226,1,0,0.39446205,1,0,0.31587774,0,1,0.17465508,0
12040,1,0.6400685,1,0,0.06180356,0,0,0.059418738,0,0,0.22170922,0,0,0.04646742,0
12045,0,0.2200564,0,1,0.564349,1,0,0.09381696,0,0,0.21444224,0,0,0.106466435,0
12047,0,0.036274675,0,1,0.82798785,1,0,0.10371329,0,0,0.1604791,0,0,0.25435224,1
12050,1,0.94802076,1,0,0.0017129047,0,0,0.028769348,0,0,0.008780183,0,0,0.013699615,0
12070,0,0.8683792,1,0,0.004390879,0,0,0.10022876,0,0,0.023466881,0,1,0.024816524,0
12072,1,0.7866724,1,0,0.024579639,0,0,0.13750166,0,0,0.058703225,0,0,0.05755653,0
12091,0,0.035936046,0,0,0.61782867,1,1,0.42453003,1,0,0.37698743,1,0,0.269544,1
12101,1,0.7704608,1,0,0.019912533,0,0,0.058952685,0,0,0.13865428,0,0,0.031476192,0
12103,0,0.6262048,1,0,0.041433744,0,0,0.11522925,0,1,0.31209183,0,0,0.058278427,0
12109,1,0.77839535,1,0,0.03272418,0,0,0.18679382,0,0,0.050527666,0,0,0.08306465,0
12114,1,0.87978125,1,0,0.00828838,0,0,0.08148452,0,0,0.026780458,0,0,0.03629957,0
12124,0,0.5548075,1,0,0.079703525,0,0,0.07120692,0,1,0.30021623,0,0,0.04818521,0
12131,0,0.052358933,0,1,0.7909125,1,0,0.069940194,0,0,0.15055862,0,1,0.1596123,0
12137,0,0.6674436,1,0,0.033996027,0,0,0.09282441,0,1,0.27911463,0,0,0.050119672,0
12148,1,0.9469032,1,0,0.0030040543,0,1,0.021184877,0,0,0.010289739,0,0,0.0156023195,0
12160,1,0.4166641,0,0,0.03542601,0,0,0.6914222,1,0,0.06926254,0,0,0.10594605,0
12162,0,0.009678636,0,0,0.32567686,0,1,0.8500441,1,1,0.56299394,1,0,0.19453844,0
12169,0,0.0029267068,0,0,0.1632485,0,0,0.47613364,1,1,0.9427134,1,0,0.100050196,0
12184,1,0.9541559,1,0,0.0018433945,0,0,0.021058805,0,0,0.010200909,0,0,0.013721758,0
12185,1,0.8627431,1,0,0.0333261,0,0,0.052913927,0,0,0.027607841,0,0,0.052913092,0
12190,0,0.010383541,0,0,0.106364705,0,0,0.34549156,0,1,0.93639016,1,0,0.07196712,0
12194,1,0.91787314,1,0,0.005460396,0,0,0.033609726,0,0,0.023918603,0,0,0.022389421,0
12197,0,0.05293201,0,0,0.050488926,0,0,0.20660831,0,1,0.8904894,1,0,0.044131085,0
12206,0,0.3581585,0,0,0.093058854,0,0,0.14978658,0,1,0.55642074,1,0,0.073267564,0
12207,0,0.0150986295,0,0,0.05177271,0,1,0.93513393,1,1,0.4900639,1,0,0.13305901,0
12212,0,0.63317466,1,0,0.019866899,0,0,0.06918048,0,1,0.326285,0,0,0.03007835,0
12220,1,0.8597767,1,0,0.0075287553,0,0,0.13103788,0,0,0.023909058,0,0,0.040184822,0
12221,0,0.5929448,1,0,0.13950346,0,1,0.12839577,0,1,0.23657084,0,0,0.09823983,0
12229,1,0.7585974,1,0,0.06501866,0,0,0.043756545,0,0,0.063329026,0,0,0.044128634,0
12230,1,0.08936248,0,0,0.7598791,1,0,0.07950047,0,0,0.10761175,0,0,0.1472969,0
12234,0,0.024566447,0,1,0.8699201,1,0,0.070909254,0,0,0.12855078,0,0,0.25784853,1
12243,1,0.88156205,1,0,0.023839513,0,0,0.047806952,0,0,0.02424253,0,0,0.046157703,0
12249,0,0.023724506,0,0,0.20107421,0,1,0.4865177,1,1,0.8236596,1,0,0.1214374,0
12254,1,0.2846173,0,0,0.56146467,1,0,0.1478154,0,0,0.095966816,0,0,0.13969505,0
12256,1,0.54712665,1,0,0.413537,1,0,0.053567916,0,0,0.04592783,0,0,0.08330193,0
12260,0,0.0016415593,0,0,0.29676595,0,1,0.9190122,1,1,0.6516752,1,0,0.19772829,0
12263,1,0.90460545,1,0,0.0061745257,0,0,0.0610663,0,0,0.024337005,0,0,0.032361627,0
12288,0,0.0058784345,0,1,0.45384476,1,1,0.1338907,0,1,0.8923916,1,0,0.18296458,0
12290,0,0.013959884,0,0,0.16634408,0,1,0.3297368,0,1,0.9106588,1,0,0.09213382,0
12298,1,0.8432557,1,0,0.023193084,0,0,0.06847175,0,0,0.05160188,0,0,0.048227776,0
12299,1,0.4788153,1,0,0.10172407,0,1,0.4775324,1,0,0.11145064,0,0,0.14316829,0
12300,0,0.027688585,0,0,0.15203297,0,0,0.20674163,0,1,0.89018947,1,0,0.07089294,0
12301,0,0.81695706,1,0,0.022129793,0,0,0.054512877,0,0,0.09171912,0,1,0.03733932,0
12303,0,0.18274236,0,1,0.13778402,0,0,0.12706453,0,0,0.7014569,1,0,0.06445115,0
12306,1,0.47686854,1,0,0.058705635,0,1,0.18104286,0,0,0.3512551,1,0,0.05976823,0
12311,0,0.8370444,1,0,0.02860757,0,0,0.06465842,0,0,0.05807506,0,1,0.051311467,0
12312,1,0.50768644,1,0,0.22706668,0,0,0.10863488,0,0,0.24131963,0,0,0.10325125,0
12313,1,0.94216377,1,0,0.005450879,0,0,0.022601837,0,0,0.01064002,0,0,0.021606587,0
12324,0,0.0018508849,0,1,0.20541976,0,1,0.8702808,1,1,0.8269201,1,0,0.16149922,0
12326,1,0.9521367,1,0,0.0029349253,0,0,0.025941335,0,0,0.008404211,0,0,0.019435367,0
12329,0,0.07266114,0,1,0.672352,1,0,0.120400704,0,0,0.2571188,0,0,0.1332593,0
12330,1,0.71932316,1,0,0.02143636,0,0,0.20099054,0,0,0.09699505,0,0,0.05622411,0
12335,0,0.003225471,0,1,0.19602092,0,1,0.7174665,1,1,0.88471776,1,0,0.12455279,0
12347,1,0.908096,1,0,0.021982858,0,0,0.023954453,0,0,0.0092371,0,0,0.030963771,0
12350,0,0.01089787,0,1,0.5243557,1,1,0.7087178,1,0,0.36503115,1,0,0.21691866,1
12358,1,0.75759727,1,0,0.03411747,0,0,0.055441104,0,0,0.13254431,0,0,0.03987769,0
12361,1,0.8340971,1,0,0.009324956,0,0,0.04600737,0,0,0.093179494,0,0,0.02304902,0
12364,0,0.8650426,1,0,0.0023741066,0,0,0.015547837,0,1,0.10380548,0,0,0.007336094,0
12376,1,0.38910243,0,0,0.092877924,0,0,0.51793146,1,0,0.1782217,0,0,0.118401684,0
12382,1,0.94339657,1,0,0.0020814014,0,0,0.016727308,0,0,0.022162104,0,0,0.011734162,0
12387,0,0.90503466,1,0,0.004603944,0,1,0.0766419,0,0,0.016082693,0,0,0.029326757,0
12393,0,0.006054795,0,1,0.6833683,1,1,0.662248,1,0,0.3180182,0,0,0.39406246,1
12394,0,0.02046963,0,0,0.18639782,0,1,0.8485991,1,0,0.55828357,1,0,0.17377879,0
12402,0,0.60159945,1,0,0.2700214,0,1,0.13679503,0,0,0.09518326,0,0,0.1348467,0
12414,1,0.61773986,1,0,0.08541216,0,0,0.17233633,0,0,0.18431632,0,0,0.08158802,0
12417,0,0.014774208,0,0,0.22566597,0,1,0.7848548,1,0,0.7092958,1,0,0.16807221,0
12418,0,0.032217048,0,1,0.34044483,0,0,0.28250802,0,1,0.8004411,1,0,0.15935229,0
12419,0,0.000854138,0,1,0.60325414,1,1,0.7385841,1,1,0.6717755,1,1,0.4052973,1
12420,1,0.765581,1,0,0.05388678,0,0,0.15188919,0,0,0.06246277,0,0,0.089448154,0
12421,0,0.037947413,0,1,0.3413785,0,0,0.23556693,0,1,0.78525555,1,0,0.14692312,0
12425,0,0.015395932,0,1,0.7325891,1,0,0.13102022,0,0,0.45394316,1,0,0.21080662,1
12443,0,0.039345432,0,0,0.07757527,0,1,0.9398868,1,0,0.18186578,0,0,0.16998619,0
12447,0,0.03746527,0,1,0.40156424,1,0,0.23986185,0,1,0.7360849,1,0,0.15650734,0
12452,1,0.9173189,1,0,0.004062105,0,0,0.025332147,0,0,0.029304674,0,0,0.01571476,0
12459,0,0.71129394,1,0,0.02032976,0,1,0.11210612,0,0,0.15473919,0,0,0.038035072,0
12461,0,0.012123921,0,1,0.80718786,1,0,0.08345197,0,0,0.36651078,1,0,0.23185827,1
12462,0,0.0026369572,0,1,0.87726164,1,0,0.15263402,0,1,0.45668224,1,1,0.52309847,1
12470,1,0.5841857,1,0,0.03586708,0,0,0.35308602,1,0,0.09620302,0,0,0.06863632,0
12473,0,0.0025262632,0,1,0.8655487,1,0,0.23161037,0,0,0.46578583,1,1,0.5737722,1
12474,1,0.90674275,1,0,0.008251622,0,0,0.026208995,0,0,0.026449975,0,0,0.020957768,0
12475,1,0.90615004,1,0,0.0059816,0,0,0.030478366,0,0,0.037988268,0,0,0.020989805,0
12477,1,0.9766615,1,0,0.0007337235,0,0,0.0077723386,0,0,0.0038631377,0,0,0.0067682825,0
12482,1,0.89329946,1,0,0.009013922,0,0,0.035562813,0,0,0.038125318,0,0,0.025479643,0
12484,0,0.042551596,0,0,0.39911076,1,0,0.2323733,0,1,0.70040035,1,0,0.14057228,0
12488,0,0.62927675,1,0,0.029133994,0,1,0.058997028,0,1,0.3186423,0,0,0.03308529,0
12490,0,0.010792822,0,0,0.4605747,1,0,0.67348635,1,1,0.62615764,1,0,0.26238024,1
12491,1,0.80358756,1,0,0.03285467,0,0,0.115435384,0,0,0.06721651,0,0,0.070342146,0
12506,0,0.0672106,0,0,0.3031667,0,0,0.18871571,0,0,0.7140216,1,1,0.1013073,0
12510,0,0.007900699,0,1,0.15397295,0,0,0.20091982,0,1,0.94683194,1,0,0.08123941,0
12520,1,0.5180252,1,0,0.034738462,0,0,0.058327716,0,0,0.4431561,1,0,0.03156038,0
12522,1,0.81820005,1,0,0.070054255,0,0,0.053710856,0,0,0.028459202,0,0,0.060948003,0
12527,0,0.007993305,0,1,0.35898912,1,1,0.8737121,1,0,0.3924194,1,0,0.17868768,0
12531,1,0.9603195,1,0,0.0018533381,0,0,0.012528043,0,0,0.008132559,0,0,0.010686783,0
12538,0,0.03908509,0,0,0.010805627,0,1,0.96381533,1,0,0.12230251,0,0,0.07485389,0
12539,1,0.7169787,1,0,0.024385318,0,0,0.063101254,0,0,0.21893312,0,0,0.035093486,0
12547,0,0.0030445824,0,0,0.14951663,0,1,0.9067297,1,1,0.78160053,1,0,0.14252424,0
12550,0,0.50583285,1,0,0.03636968,0,1,0.5597865,1,0,0.11595898,0,0,0.11123663,0
12552,0,0.01762269,0,0,0.08660508,0,1,0.96252364,1,0,0.1265938,0,0,0.16240247,0
12556,1,0.63287914,1,0,0.04358394,0,0,0.08502707,0,0,0.30344713,0,0,0.050943725,0
12557,1,0.88821757,1,0,0.005563801,0,0,0.03553669,0,0,0.052002586,0,0,0.019676916,0
12562,0,0.0207462,0,0,0.21754283,0,1,0.9088782,1,0,0.3396992,0,0,0.1998132,0
12569,0,0.0071189376,0,1,0.86181766,1,0,0.19405335,0,0,0.23157835,0,0,0.40001872,1
12582,0,0.43000177,0,1,0.45746785,1,0,0.1374632,0,0,0.13804498,0,0,0.15232508,0
12585,0,0.075695425,0,1,0.7177832,1,0,0.13073525,0,0,0.21835862,0,1,0.17977507,0
12588,1,0.39106977,0,0,0.43431354,1,0,0.08498329,0,0,0.16558746,0,0,0.10082254,0
12592,1,0.8229854,1,0,0.04968862,0,0,0.055462632,0,0,0.04134404,0,0,0.05472685,0
12598,1,0.7212123,1,0,0.10806245,0,0,0.05400052,0,0,0.06614389,0,0,0.058769606,0
12600,0,0.0039657606,0,0,0.13636942,0,0,0.93008894,1,1,0.6903331,1,0,0.14159362,0
12611,0,0.12393683,0,1,0.66567254,1,0,0.12090654,0,0,0.23110126,0,0,0.16704667,0
12613,1,0.9124848,1,0,0.008330443,0,0,0.029294275,0,0,0.025032572,0,0,0.024679175,0
12621,1,0.77910864,1,0,0.038000513,0,0,0.107967265,0,0,0.09860086,0,0,0.06757859,0
12626,1,0.92978805,1,0,0.0044648773,0,0,0.02547686,0,0,0.02238748,0,0,0.019646056,0
12635,0,0.94602615,1,0,0.002237162,0,0,0.037247688,0,0,0.006261447,0,1,0.017435508,0
12639,0,0.0035305643,0,0,0.21137555,0,0,0.9123617,1,1,0.6865538,1,0,0.16004501,0
12643,0,0.02017959,0,1,0.27852207,0,1,0.18672061,0,1,0.8731039,1,0,0.1135644,0
12646,0,0.013643193,0,1,0.8679342,1,0,0.11697066,0,0,0.21130954,0,1,0.35510287,1
12649,0,0.0046323137,0,1,0.9088732,1,0,0.10335366,0,0,0.17504841,0,1,0.38888055,1
12652,1,0.70816314,1,0,0.115367144,0,0,0.08089159,0,0,0.07461729,0,0,0.07345178,0
12655,0,0.87792075,1,0,0.007994632,0,0,0.025162743,0,1,0.06108501,0,0,0.018726656,0
12667,0,0.0039503495,0,1,0.36382625,1,0,0.37061223,1,1,0.9061912,1,1,0.19741659,0
12670,0,0.06549407,0,1,0.7559676,1,0,0.08911669,0,0,0.21069933,0,0,0.18640228,0
12671,0,0.004156317,0,0,0.17352033,0,1,0.9488985,1,1,0.5563138,1,0,0.17013618,0
12674,0,0.7832398,1,0,0.045266103,0,0,0.076631434,0,0,0.08328543,0,1,0.0567649,0
12675,0,0.013428501,0,0,0.047694206,0,1,0.79834676,1,1,0.80063766,1,0,0.08628117,0
12676,1,0.8639558,1,0,0.01663701,0,0,0.050602134,0,0,0.046863656,0,0,0.03720861,0
12681,0,0.41058835,0,1,0.29289994,0,0,0.16756006,0,0,0.33553323,0,0,0.14189452,0
12694,1,0.87067896,1,0,0.011251831,0,0,0.052232977,0,0,0.056426656,0,0,0.033631735,0
12702,1,0.8426023,1,0,0.011839038,0,0,0.09413801,0,0,0.04274531,0,0,0.03852591,0
12707,1,0.8984498,1,0,0.015508146,0,0,0.03893492,0,0,0.02179664,0,0,0.03607518,0
12713,1,0.8951286,1,0,0.0130551085,0,0,0.057082023,0,0,0.023206333,0,0,0.041675627,0
12715,1,0.94808644,1,0,0.0028902267,0,0,0.02934147,0,0,0.0073147207,0,0,0.018474491,0
12722,0,0.5169441,1,1,0.28021803,0,0,0.09249048,0,1,0.1248721,0,0,0.08388,0
12724,0,0.0067269676,0,0,0.46778595,1,1,0.26401347,0,1,0.8665819,1,0,0.23868197,1
12727,1,0.6699848,1,0,0.018167445,0,0,0.08089611,0,0,0.2513827,0,0,0.031126877,0
12734,1,0.8865038,1,0,0.023194883,0,0,0.029111005,0,0,0.017612465,0,0,0.031580355,0
12735,0,0.5950079,1,0,0.020861683,0,0,0.10616266,0,1,0.31412044,0,0,0.03459628,0
12738,0,0.025152579,0,1,0.78024125,1,0,0.13239841,0,0,0.27081624,0,0,0.22639543,1
12751,1,0.92755693,1,0,0.005431547,0,0,0.023417514,0,0,0.018175986,0,0,0.018848728,0
12754,1,0.6814097,1,0,0.060844973,0,0,0.0834955,0,0,0.20853145,0,0,0.06172677,0
12757,1,0.94724035,1,0,0.0028911338,0,0,0.018345982,0,0,0.01547337,0,0,0.015375646,0
12758,0,0.024638113,0,1,0.7842893,1,0,0.18029758,0,1,0.28567716,0,0,0.28659537,1
12785,0,0.014123622,0,0,0.5129891,1,1,0.58379966,1,0,0.55382127,1,0,0.22678936,1
12787,0,0.04294979,0,1,0.82060194,1,0,0.05603395,0,0,0.12606446,0,0,0.1554663,0
12794,1,0.70248216,1,0,0.049977798,0,0,0.08485271,0,0,0.19611396,0,0,0.057640206,0
12802,0,0.034596194,0,1,0.54803234,1,0,0.24653436,0,0,0.6151988,1,0,0.19018285,0
12803,0,0.0045016203,0,0,0.16289988,0,1,0.9461629,1,1,0.49263602,1,0,0.18169081,0
12818,0,0.01945838,0,0,0.048562903,0,1,0.96510583,1,0,0.17840801,0,0,0.14494479,0
12819,1,0.93399346,1,0,0.0024042993,0,0,0.029157065,0,0,0.017560136,0,0,0.014825553,0
12822,0,0.18493329,0,1,0.63030934,1,0,0.14761336,0,0,0.17729987,0,0,0.17694673,0
12830,0,0.03351532,0,1,0.7631541,1,0,0.08758708,0,1,0.3100029,0,0,0.20085135,1
12832,1,0.6849239,1,0,0.2008466,0,0,0.08733211,0,0,0.0636829,0,0,0.101890065,0
12833,1,0.9148842,1,0,0.0062086494,0,0,0.027809149,0,0,0.029191917,0,0,0.0212702,0
12841,0,0.009820976,0,0,0.12151758,0,0,0.13154723,0,1,0.94499564,1,0,0.04897721,0
12842,1,0.57073104,1,0,0.14136317,0,0,0.1744114,0,0,0.22070898,0,0,0.10814284,0
12853,1,0.4398217,0,0,0.43130141,1,0,0.10178794,0,0,0.13270776,0,0,0.11488693,0
12860,1,0.74268645,1,0,0.10242671,0,0,0.04865264,0,0,0.045124363,0,0,0.05454713,0
12868,0,0.018887864,0,1,0.74678034,1,1,0.32514185,0,0,0.30079284,0,0,0.31016368,1
12870,0,0.021433271,0,0,0.0977312,0,0,0.07015668,0,1,0.9226415,1,0,0.033502407,0
12871,0,0.0101248715,0,1,0.39148238,1,0,0.35226363,1,1,0.84848523,1,1,0.1916925,0
12872,0,0.00076283136,0,1,0.42190152,1,0,0.8826828,1,0,0.6600504,1,0,0.27493393,1
12876,0,0.001403475,0,0,0.24042249,0,1,0.92622,1,1,0.69080526,1,0,0.14974177,0
12877,1,0.09105009,0,0,0.28853285,0,1,0.7045738,1,0,0.2292862,0,0,0.1675918,0
12890,1,0.9294434,1,0,0.0035900478,0,0,0.033391204,0,0,0.013303611,0,0,0.017983709,0
12892,1,0.60935575,1,0,0.07940652,0,1,0.24690558,0,0,0.17525664,0,0,0.10301826,0
12893,0,0.0072766906,0,0,0.04528102,0,1,0.9618337,1,1,0.36121416,1,0,0.1256717,0
12894,0,0.89204735,1,0,0.005156019,0,0,0.058481116,0,0,0.032469764,0,1,0.025050132,0
12896,0,0.0850513,0,0,0.29186666,0,1,0.7261412,1,0,0.29671326,0,0,0.18990727,0
12897,0,0.0013098745,0,0,0.23654835,0,1,0.8879838,1,1,0.79035753,1,0,0.13152474,0
12898,0,0.106891945,0,0,0.54663926,1,0,0.16619453,0,1,0.4505218,1,0,0.16196212,0
12900,1,0.9654727,1,0,0.0009812836,0,0,0.021881789,0,0,0.004487206,0,0,0.011302735,0
12907,0,0.06050819,0,1,0.5897495,1,0,0.20366481,0,0,0.48640943,1,0,0.1856274,0
12912,0,0.6163506,1,0,0.117124155,0,1,0.26205027,0,1,0.1347854,0,0,0.13063323,0
12913,1,0.81744784,1,0,0.032991163,0,0,0.06000042,0,0,0.05975101,0,0,0.045337852,0
12918,1,0.94708294,1,0,0.0022423046,0,0,0.016557362,0,0,0.01317094,0,0,0.011463998,0
12919,1,0.5352238,1,0,0.36036134,1,1,0.122103594,0,0,0.07666566,0,0,0.12462945,0
12924,0,0.33115506,0,0,0.09308932,0,0,0.21912028,0,1,0.5490107,1,0,0.083425604,0
12925,1,0.887056,1,0,0.010564979,0,0,0.038081754,0,0,0.03616073,0,0,0.02701016,0
12926,0,0.020350827,0,1,0.80791587,1,0,0.16899072,0,0,0.28107733,0,0,0.32055575,1
12936,0,0.019548805,0,0,0.01826371,0,1,0.9707921,1,1,0.10257472,0,0,0.108466834,0
12943,0,0.042165466,0,0,0.5990759,1,0,0.35760596,1,0,0.42287454,1,1,0.22622657,1
12947,1,0.8946326,1,0,0.0047665737,0,0,0.08780996,0,0,0.014406744,0,0,0.028274195,0
12954,1,0.8085505,1,0,0.05558323,0,0,0.07668407,0,0,0.046321027,0,0,0.06825864,0
12960,0,0.01054308,0,0,0.28221488,0,0,0.28192046,0,1,0.8962721,1,0,0.12908721,0
12965,1,0.8540917,1,0,0.018465765,0,0,0.076514825,0,0,0.050783586,0,0,0.050117183,0
12969,1,0.8076786,1,0,0.054713544,0,0,0.07845853,0,0,0.0388452,0,0,0.065565735,0
12974,0,0.5921856,1,1,0.33072507,0,0,0.056986146,0,0,0.04692254,0,0,0.075639434,0
12977,0,0.10221505,0,1,0.5766237,1,0,0.13724636,0,0,0.3633393,1,0,0.12760554,0
12981,1,0.8831106,1,0,0.0070582023,0,0,0.06727256,0,0,0.03737786,0,0,0.03173656,0
12982,1,0.89121515,1,0,0.0066825594,0,0,0.055007346,0,0,0.029459393,0,0,0.02673576,0
12983,0,0.033516012,0,0,0.8057337,1,0,0.08837078,0,1,0.19078101,0,0,0.19874139,0
12991,0,0.075472526,0,0,0.44939095,1,0,0.2052917,0,1,0.6061455,1,0,0.152154,0
13003,1,0.6945758,1,0,0.07640114,0,0,0.08142987,0,0,0.13715607,0,0,0.060906596,0
13004,0,0.9151161,1,0,0.007238566,0,0,0.027406724,0,1,0.022485346,0,0,0.021522708,0
13005,1,0.9468266,1,0,0.0026376082,0,0,0.031173484,0,0,0.006968146,0,0,0.017557831,0
13010,1,0.86401397,1,0,0.007378024,0,0,0.04062503,0,0,0.065377235,0,0,0.021122016,0
13015,0,0.008217711,0,0,0.046655394,0,1,0.9485001,1,0,0.41119647,1,0,0.11736358,0
13017,1,0.804445,1,0,0.023059899,0,0,0.08508418,0,0,0.08787621,0,0,0.047601845,0
13018,1,0.8659763,1,0,0.00956312,0,0,0.03781872,0,0,0.06712224,0,0,0.0244763,0
13029,1,0.66420096,1,0,0.17811397,0,0,0.15258306,0,0,0.088724345,0,0,0.127614,0
13030,0,0.040607497,0,0,0.36594337,1,1,0.12937617,0,1,0.77629215,1,0,0.117438704,0
13035,1,0.95990425,1,0,0.000814735,0,0,0.009298083,0,0,0.015744349,0,0,0.0060836575,0
13040,0,0.056763027,0,1,0.7377528,1,0,0.098535374,0,0,0.17794786,0,0,0.13658056,0
13045,1,0.5190559,1,0,0.044510636,0,0,0.063157186,0,0,0.42406744,1,0,0.03688183,0
13051,1,0.87382174,1,0,0.0057885963,0,0,0.018438237,0,0,0.06894973,0,0,0.012874645,0
13058,0,0.33945236,0,0,0.15283538,0,0,0.1578498,0,1,0.5470503,1,0,0.09165677,0
13061,0,0.03837742,0,0,0.004682685,0,1,0.97856617,1,0,0.062997624,0,0,0.057678252,0
13072,0,0.04915258,0,0,0.6690376,1,0,0.048550643,0,1,0.36514553,1,0,0.10029781,0
13074,1,0.7218035,1,0,0.18219203,0,0,0.06516004,0,0,0.035094682,0,0,0.083944276,0
13092,1,0.92039645,1,0,0.009043864,0,0,0.0411456,0,0,0.014666362,0,0,0.033344924,0
13095,1,0.8631533,1,0,0.0056767566,0,0,0.04128915,0,0,0.06519623,0,0,0.01812613,0
13097,0,0.15353777,0,1,0.62651956,1,1,0.19622578,0,0,0.23320343,0,0,0.20578778,1
13100,0,0.103878185,0,0,0.07257982,0,1,0.8997766,1,0,0.080158405,0,0,0.16611099,0
13101,0,0.0066559296,0,1,0.52799827,1,0,0.43524617,1,1,0.7777205,1,0,0.28293818,1
13109,1,0.82432735,1,0,0.034909215,0,0,0.07621202,0,0,0.053004064,0,0,0.05798383,0
13110,0,0.006589232,0,1,0.8942025,1,0,0.10234671,0,0,0.21356426,0,1,0.38173613,1
13116,0,0.0018984989,0,1,0.8627525,1,0,0.2534988,0,0,0.46876281,1,1,0.55438954,1
13124,0,0.2180283,0,1,0.6570603,1,0,0.07459604,0,0,0.10048026,0,0,0.1179155,0
13133,0,0.0394139,0,0,0.18009792,0,0,0.21156819,0,1,0.8580805,1,0,0.09741698,0
13137,0,0.6507858,1,1,0.16955182,0,0,0.047731213,0,0,0.0694015,0,0,0.057800557,0
13139,0,0.83082783,1,1,0.008866636,0,0,0.026865678,0,0,0.109332696,0,0,0.017309558,0
13152,1,0.19039969,0,0,0.46531957,1,0,0.32688043,0,0,0.28078282,0,0,0.20300964,1
13156,0,0.00968844,0,0,0.121749304,0,0,0.19180599,0,1,0.9477755,1,0,0.06444604,0
13162,1,0.73113436,1,0,0.06784946,0,0,0.16141112,0,0,0.09432972,0,0,0.09739065,0
13167,0,0.51547617,1,0,0.28592137,0,1,0.17126925,0,0,0.18436396,0,0,0.14287287,0
13171,0,0.1181435,0,1,0.72903806,1,0,0.073883556,0,0,0.12116143,0,0,0.1338916,0
13174,0,0.008794346,0,0,0.118792534,0,0,0.22253649,0,1,0.94906276,1,0,0.06439932,0
13188,0,0.019368745,0,0,0.4171948,1,1,0.6913294,1,0,0.5311456,1,0,0.18854445,0
13190,0,0.0031803607,0,0,0.32067695,0,1,0.90727586,1,1,0.5590009,1,1,0.18940203,0
13194,1,0.5753231,1,0,0.23371953,0,0,0.09797106,0,0,0.13537186,0,0,0.098777175,0
13195,1,0.94218016,1,0,0.0028625273,0,0,0.032076076,0,0,0.010722894,0,0,0.018930258,0
13197,0,0.10493035,0,0,0.36750275,1,1,0.28473628,0,0,0.5050005,1,0,0.11901792,0
13214,0,0.7173649,1,0,0.1783737,0,1,0.08526665,0,0,0.04279737,0,0,0.0984211,0
13216,0,0.026230466,0,1,0.75012374,1,0,0.12865041,0,0,0.3115976,0,0,0.19063157,0
13219,0,0.0050130947,0,0,0.15772292,0,1,0.9441086,1,1,0.49045098,1,0,0.17023598,0
13225,0,0.02611024,0,0,0.07904631,0,0,0.29074848,0,1,0.91137064,1,0,0.057922866,0
13227,0,0.006880056,0,1,0.78026205,1,0,0.19198795,0,1,0.5564131,1,0,0.3995557,1
13230,0,0.009032397,0,1,0.85421395,1,0,0.16254982,0,0,0.23811585,0,0,0.34861308,1
13237,0,0.0047786795,0,1,0.6767888,1,0,0.25117862,0,0,0.7650673,1,1,0.37678298,1
13245,1,0.548625,1,0,0.027787572,0,0,0.42212653,1,0,0.13578658,0,0,0.07424427,0
13250,1,0.9595885,1,0,0.002091388,0,0,0.012631032,0,0,0.008766736,0,0,0.011604819,0
13254,1,0.81142575,1,0,0.028965237,0,0,0.075021386,0,0,0.07282567,0,0,0.04949958,0
13257,0,0.1918885,0,0,0.18657821,0,1,0.30702084,0,0,0.59215283,1,0,0.109938785,0
13258,0,0.07049113,0,1,0.7001403,1,0,0.14150414,0,0,0.23320812,0,1,0.17283279,0
13259,0,0.0064452016,0,1,0.8040725,1,0,0.16510046,0,0,0.52148926,1,1,0.40538487,1
13265,1,0.30917594,0,0,0.4880513,1,0,0.109893516,0,0,0.19814508,0,0,0.11048962,0
13271,0,0.07027689,0,0,0.68732905,1,0,0.07131747,0,0,0.21036312,0,1,0.10006237,0
13273,1,0.09000405,0,0,0.696104,1,0,0.08324905,0,0,0.19145197,0,0,0.12510906,0
13274,1,0.8626741,1,0,0.028226662,0,0,0.043844655,0,0,0.028781133,0,0,0.041378394,0
13276,0,0.61839247,1,1,0.23358892,0,0,0.09549186,0,0,0.07385155,0,1,0.09106639,0
13282,1,0.8997574,1,0,0.014174553,0,0,0.044975035,0,0,0.02062908,0,0,0.038167104,0
13288,1,0.8888563,1,0,0.0056383996,0,0,0.04185102,0,0,0.043432154,0,0,0.021210313,0
13289,0,0.0616502,0,0,0.46886688,1,0,0.19058482,0,1,0.62119544,1,0,0.15668476,0
13297,0,0.013823235,0,0,0.5879031,1,0,0.2300209,0,1,0.7218095,1,0,0.23756987,1
13298,0,0.0021361501,0,0,0.29132447,0,0,0.1889736,0,1,0.9518723,1,0,0.14389026,0
13306,0,0.1839161,0,0,0.047588088,0,0,0.04286938,0,1,0.76287156,1,0,0.024362227,0
13312,1,0.95205814,1,0,0.002160475,0,0,0.024915915,0,0,0.0070256772,0,0,0.014856473,0
13313,0,0.5581655,1,0,0.04559858,0,0,0.06428514,0,1,0.37770543,1,0,0.03928445,0
13314,1,0.50090504,1,0,0.20298244,0,1,0.06702306,0,0,0.19755748,0,0,0.06297828,0
13323,1,0.905909,1,0,0.0071474034,0,0,0.03557607,0,0,0.030245908,0,0,0.024666667,0
13326,0,0.7659076,1,0,0.05463881,0,0,0.075728595,0,1,0.08872521,0,0,0.05905611,0
13331,0,0.00895509,0,0,0.44601735,1,1,0.8130758,1,0,0.34821722,0,0,0.18800461,0
13335,0,0.117416516,0,0,0.44339418,1,0,0.20138913,0,1,0.54565966,1,0,0.15562265,0
13337,0,0.271683,0,0,0.39547125,1,1,0.16358979,0,1,0.42040542,1,0,0.1533212,0
13339,0,0.12382604,0,0,0.3097534,0,1,0.13648377,0,0,0.6181463,1,0,0.09325031,0
13344,1,0.84160966,1,0,0.05763298,0,0,0.04010654,0,0,0.020501783,0,0,0.048993535,0
13354,1,0.13922343,0,0,0.6696799,1,0,0.088654295,0,0,0.19385473,0,0,0.13984567,0
13357,0,0.05166885,0,0,0.59720033,1,0,0.17271566,0,0,0.47166336,1,1,0.15963951,0
13367,1,0.07209488,0,0,0.344436,0,0,0.1541485,0,0,0.6882378,1,0,0.103046544,0
13369,0,0.0022678247,0,1,0.898694,1,1,0.19776964,0,0,0.30210024,0,1,0.55479515,1
13371,0,0.7031631,1,0,0.020637864,0,1,0.1822506,0,0,0.12787214,0,0,0.05078933,0
13379,1,0.68914026,1,0,0.103148624,0,0,0.10019466,0,0,0.12526819,0,0,0.079775676,0
13380,1,0.7045266,1,0,0.09078422,0,0,0.06401187,0,0,0.10213351,0,0,0.059107658,0
13382,1,0.117405936,0,0,0.31541696,0,0,0.16454546,0,0,0.64517075,1,0,0.098921694,0
13384,1,0.7549873,1,0,0.01976245,0,0,0.05129896,0,0,0.1798242,0,0,0.030925738,0
13385,0,0.006325132,0,0,0.15839438,0,0,0.24076743,0,1,0.9491949,1,0,0.09140889,0
13405,0,0.07327072,0,0,0.32574666,0,0,0.5270155,1,1,0.47410536,1,0,0.14504744,0
13407,1,0.82021,1,0,0.014688905,0,0,0.08649612,0,0,0.0816117,0,0,0.040747054,0
13408,1,0.6566235,1,0,0.13450639,0,0,0.11311944,0,0,0.14222531,0,0,0.09898788,0
13410,1,0.45576936,1,0,0.29704976,0,0,0.17246483,0,0,0.24643077,0,0,0.13929056,0
13412,0,0.16326623,0,1,0.5309452,1,0,0.12545523,0,0,0.40748644,1,0,0.13873744,0
13413,1,0.93495524,1,0,0.0035520298,0,0,0.029150398,0,0,0.015886653,0,0,0.018828817,0
13415,0,0.11048604,0,0,0.0572932,0,1,0.9059,1,0,0.1267049,0,0,0.17650853,0
13416,0,0.46661612,1,0,0.2288086,0,1,0.20076242,0,0,0.38907534,1,0,0.15327027,0
13418,1,0.088176556,0,0,0.31442907,0,0,0.12430405,0,0,0.6873095,1,0,0.09157306,0
13427,1,0.92168933,1,0,0.0065790233,0,0,0.035223175,0,0,0.013882103,0,0,0.024159791,0
13429,0,0.009254857,0,0,0.14004031,0,0,0.3155441,0,1,0.9352324,1,0,0.08501813,0
13436,1,0.56281304,1,0,0.056125537,0,0,0.067972176,0,0,0.34745905,0,0,0.0430888,0
13445,0,0.018227926,0,0,0.40606886,1,0,0.18386625,0,1,0.81885695,1,1,0.14322172,0
13466,0,0.0034272529,0,1,0.91893375,1,0,0.113507554,0,0,0.15872785,0,1,0.42684242,1
13476,1,0.84619707,1,0,0.022770125,0,0,0.09303064,0,0,0.042238493,0,0,0.05955315,0
13483,0,0.078618616,0,1,0.6979305,1,0,0.0611059,0,0,0.19907375,0,0,0.101413175,0
13491,1,0.9017383,1,0,0.0065411236,0,0,0.04243422,0,0,0.030029088,0,0,0.024891552,0
13493,1,0.9523692,1,0,0.0035809542,0,0,0.024845496,0,0,0.006162382,0,0,0.019938942,0
13494,1,0.4336787,0,0,0.47016728,1,0,0.16351032,0,0,0.12761004,0,0,0.17160046,0
13503,0,0.0017334166,0,0,0.20812418,0,0,0.8038381,1,1,0.87000906,1,0,0.14713258,0
13504,1,0.67145807,1,0,0.086329795,0,0,0.16144118,0,0,0.1734408,0,0,0.101603806,0
13508,1,0.5872398,1,0,0.021539519,0,0,0.093135804,0,0,0.36522427,1,0,0.03522255,0
13522,1,0.7904436,1,0,0.05129239,0,0,0.06447121,0,0,0.06767726,0,0,0.055902347,0
13526,1,0.82528317,1,0,0.03363289,0,0,0.05961186,0,0,0.059181385,0,0,0.048482593,0
13532,0,0.0026082129,0,1,0.16521147,0,0,0.19485888,0,1,0.96525395,1,1,0.07859542,0
13535,0,0.0032984521,0,0,0.23291036,0,0,0.1944713,0,1,0.9531007,1,0,0.11804367,0
13536,1,0.69098264,1,0,0.09037712,0,0,0.1124419,0,0,0.14149569,0,0,0.08216006,0
13540,1,0.4270803,0,0,0.037321582,0,0,0.6266767,1,0,0.10878409,0,0,0.10047851,0
13549,1,0.42856655,0,0,0.13683139,0,0,0.42514655,1,0,0.19731951,0,0,0.13215476,0
13555,1,0.62500536,1,0,0.13738278,0,0,0.14700274,0,0,0.20461373,0,0,0.11294661,0
13556,0,0.00086968014,0,1,0.3400965,0,1,0.9006199,1,1,0.705273,1,1,0.19385022,0
13561,0,0.002448613,0,1,0.19663543,0,0,0.17505704,0,1,0.96144086,1,0,0.0870018,0
13562,0,0.0025514986,0,0,0.14690387,0,0,0.215205,0,1,0.9675661,1,0,0.073758945,0
13565,0,0.0035358525,0,1,0.19979784,0,0,0.1788684,0,1,0.954425,1,1,0.09074432,0
13569,0,0.696215,1,1,0.159859,0,1,0.11365056,0,0,0.080286175,0,0,0.10997692,0
13576,1,0.8349406,1,0,0.049523298,0,0,0.048856825,0,0,0.027853737,0,0,0.05082685,0
13585,0,0.0037604927,0,0,0.13371603,0,0,0.9304438,1,1,0.6586866,1,0,0.13124767,0
13587,1,0.64194345,1,0,0.17688604,0,0,0.14017965,0,0,0.090961576,0,0,0.10940019,0
13593,1,0.9538174,1,0,0.0018753767,0,0,0.019218937,0,0,0.009229646,0,0,0.012517477,0
13600,1,0.8770159,1,0,0.03324183,0,0,0.035432708,0,0,0.015114203,0,0,0.04060057,0
13603,0,0.021597244,0,1,0.84274375,1,0,0.08527917,0,0,0.16901213,0,0,0.22019887,1
13609,1,0.46271968,1,0,0.47754294,1,1,0.07198813,0,0,0.07516787,0,0,0.10414904,0
13613,1,0.95924914,1,0,0.0010232988,0,0,0.010944262,0,0,0.011294499,0,0,0.0068829753,0
13615,0,0.023197552,0,0,0.6690252,1,1,0.46230778,1,1,0.3030801,0,0,0.29367977,1
13616,0,0.86160177,1,0,0.024960896,0,0,0.033413664,0,1,0.03386526,0,0,0.032617863,0
13620,0,0.010155043,0,0,0.09503163,0,1,0.9620383,1,0,0.31713375,0,0,0.19408241,0
13630,1,0.90636116,1,0,0.011941561,0,0,0.037965596,0,0,0.016418165,0,0,0.030830214,0
13640,0,0.2127536,0,0,0.020451825,0,0,0.08206771,0,1,0.7688179,1,0,0.02238727,0
13644,1,0.85962635,1,0,0.0038644613,0,1,0.12989727,0,0,0.019358441,0,0,0.024929212,0
13651,1,0.6954387,1,0,0.07621769,0,0,0.103746936,0,0,0.1528052,0,0,0.07614847,0
13657,0,0.018914206,0,0,0.046118293,0,1,0.96202445,1,1,0.16620207,0,0,0.1331332,0
13658,0,0.0064081796,0,1,0.37279144,1,1,0.9026728,1,0,0.31269115,0,0,0.20762843,1
13662,0,0.34999195,0,1,0.590986,1,0,0.06912729,0,0,0.07929977,0,0,0.11302935,0
13663,1,0.888589,1,0,0.012118172,0,0,0.0553533,0,0,0.028332422,0,0,0.037597124,0
13664,0,0.0025018025,0,0,0.18305036,0,1,0.91882765,1,1,0.71884245,1,0,0.14101501,0
13665,0,0.012626852,0,0,0.036358368,0,1,0.9706932,1,1,0.22364399,0,1,0.12383572,0
13667,1,0.8052033,1,0,0.04671485,0,0,0.07828745,0,0,0.064952366,0,0,0.06463802,0
13669,1,0.8162716,1,0,0.014611565,0,0,0.09902743,0,0,0.07589185,0,0,0.04300132,0
13681,0,0.7070551,1,0,0.042528696,0,0,0.10029917,0,1,0.19519852,0,0,0.05852964,0
13682,0,0.1664308,0,1,0.69101995,1,0,0.03756629,0,0,0.08731816,0,0,0.07866683,0
13684,0,0.0011213763,0,1,0.42271367,1,1,0.8753858,1,1,0.65795076,1,0,0.30319667,1
13685,1,0.846642,1,0,0.0125787,0,1,0.07473136,0,0,0.047909413,0,0,0.035369303,0
13686,0,0.0031057897,0,1,0.93788725,1,0,0.06485604,0,0,0.10022739,0,0,0.36361724,1
13706,1,0.41597775,0,1,0.3948178,1,0,0.177825,0,0,0.2405839,0,0,0.15905932,0
13709,1,0.6884281,1,0,0.09802365,0,0,0.12371044,0,0,0.11045482,0,0,0.08442101,0
13711,0,0.16447379,0,0,0.06800988,0,1,0.7969244,1,0,0.14960974,0,0,0.13009657,0
13712,1,0.9577834,1,0,0.0013369648,0,0,0.016934026,0,0,0.009299134,0,0,0.010289476,0
13717,1,0.91286236,1,0,0.01186168,0,0,0.036362067,0,0,0.016140655,0,0,0.032950062,0
13718,0,0.009465399,0,0,0.15083474,0,0,0.3678052,1,1,0.9244077,1,0,0.090513855,0
13725,0,0.1642619,0,0,0.08444681,0,1,0.7993293,1,0,0.1354645,0,1,0.13718952,0
13730,0,0.028245706,0,1,0.75361365,1,0,0.053813457,0,1,0.32019317,0,0,0.14030707,0
13733,1,0.80331546,1,0,0.01941077,0,0,0.06069313,0,0,0.11006639,0,0,0.036716986,0
13734,0,0.06791753,0,1,0.71706545,1,0,0.05149401,0,0,0.21827546,0,0,0.10553609,0
13744,0,0.62800074,1,0,0.039750353,0,0,0.08992579,0,1,0.30049255,0,0,0.04641936,0
13745,0,0.90194684,1,0,0.007404633,0,1,0.05399811,0,0,0.018496,0,0,0.029360386,0
13747,1,0.8520729,1,0,0.029988477,0,0,0.06314058,0,0,0.027497603,0,0,0.049948737,0
13749,1,0.6849309,1,0,0.049464054,0,0,0.13364309,0,0,0.1952418,0,0,0.0703544,0
13755,1,0.75574136,1,0,0.0926471,0,0,0.08882616,0,0,0.058123097,0,0,0.08180942,0
13771,0,0.08189915,0,0,0.056536335,0,0,0.2140238,0,1,0.84592205,1,0,0.048380516,0
13773,1,0.9174017,1,0,0.0050974744,0,0,0.0348107,0,0,0.022356665,0,0,0.021611834,0
13775,0,0.029969713,0,1,0.45225462,1,0,0.18668976,0,1,0.7018406,1,0,0.13692765,0
13776,1,0.4388437,0,0,0.40226164,1,0,0.18840861,0,0,0.14772266,0,0,0.1643858,0
13779,0,0.051613178,0,0,0.48189846,1,0,0.11118484,0,1,0.6019549,1,0,0.100912884,0
13787,0,0.017659852,0,0,0.088612646,0,0,0.33595732,0,1,0.9260436,1,0,0.06723617,0
13789,0,0.08964461,0,1,0.7355776,1,0,0.029527673,0,0,0.08992844,0,0,0.05897012,0
13802,1,0.45788574,1,0,0.06192076,0,0,0.10571759,0,0,0.48554638,1,0,0.055167276,0
13805,1,0.93144834,1,0,0.003462303,0,0,0.023109203,0,0,0.018003685,0,0,0.014891703,0
13833,1,0.86576,1,0,0.014673813,0,0,0.058566127,0,0,0.038684633,0,0,0.03683966,0
13840,0,0.5752671,1,0,0.066663146,0,1,0.4297436,1,0,0.10004296,0,0,0.12106164,0
13842,1,0.84200263,1,0,0.035669874,0,0,0.0701675,0,0,0.02984238,0,0,0.056354143,0
13843,0,0.21198823,0,0,0.32351884,0,0,0.066178344,0,1,0.44221705,1,0,0.065193035,0
13848,1,0.91543204,1,0,0.005579502,0,0,0.022996217,0,0,0.031342167,0,0,0.017784346,0
13860,1,0.81531644,1,0,0.056277156,0,0,0.04997464,0,0,0.030941412,0,0,0.04897993,0
13863,1,0.93402153,1,0,0.0026707747,0,0,0.017501086,0,0,0.02608036,0,0,0.012153683,0
13869,0,0.07213985,0,1,0.68446475,1,0,0.12209304,0,1,0.2427341,0,0,0.14651212,0
13875,1,0.93493843,1,0,0.0032748792,0,0,0.035877578,0,0,0.012791596,0,0,0.020174863,0
13878,1,0.36399427,0,0,0.48461187,1,0,0.16803469,0,0,0.1982488,0,0,0.1770137,0
13879,1,0.3008503,0,0,0.39429596,1,0,0.1606322,0,0,0.31549752,0,0,0.121520124,0
13890,0,0.027183844,0,0,0.7520906,1,0,0.20661315,0,0,0.29540512,0,1,0.253672,1
13895,1,0.946166,1,0,0.007487835,0,0,0.018244077,0,0,0.005214607,0,0,0.020903198,0
13924,1,0.69923216,1,0,0.020012021,0,0,0.32845846,0,0,0.054678943,0,0,0.068786465,0
13926,0,0.053151704,0,0,0.013779096,0,1,0.9693253,1,0,0.0368635,0,0,0.09820465,0
13938,0,0.6923838,1,0,0.071776286,0,1,0.22712179,0,0,0.14167644,0,0,0.122671805,0
13945,1,0.9001848,1,0,0.0046219723,0,0,0.08596669,0,0,0.010238455,0,0,0.02712672,0
13949,0,0.009449983,0,1,0.60825485,1,0,0.45868763,1,0,0.5952262,1,0,0.28128427,1
13950,0,0.027643919,0,1,0.82743347,1,0,0.062003095,0,0,0.1641272,0,0,0.17082343,0
13952,1,0.6547792,1,0,0.24517524,0,0,0.05043722,0,0,0.036014732,0,0,0.068446286,0
13954,0,0.0043427884,0,1,0.6856705,1,1,0.60999,1,0,0.41010743,1,0,0.3633433,1
13955,0,0.047179785,0,0,0.025674546,0,1,0.9625221,1,0,0.07186843,0,0,0.12654343,0
13956,0,0.018231194,0,0,0.29541227,0,1,0.12306909,0,1,0.86969036,1,0,0.098328345,0
13957,1,0.39219168,0,0,0.08970614,0,0,0.06294082,0,0,0.47601324,1,0,0.040723924,0
13964,0,0.6465383,1,0,0.012076457,0,0,0.04496001,0,1,0.33426604,0,0,0.019378725,0
13972,1,0.92759943,1,0,0.0056807306,0,0,0.024818758,0,0,0.014237235,0,0,0.01908067,0
13983,0,0.0059287,0,1,0.13384354,0,1,0.847968,1,1,0.80780923,1,1,0.12676854,0
13984,0,0.0032386545,0,0,0.18024996,0,1,0.9568524,1,0,0.49305797,1,0,0.19221634,0
14001,1,0.40997687,0,0,0.40738022,1,0,0.08031379,0,0,0.14435612,0,0,0.09226562,0
14009,0,0.74665517,1,0,0.058136657,0,1,0.14811745,0,0,0.10860671,0,0,0.093737595,0
14026,0,0.014822845,0,1,0.75486976,1,0,0.34241357,0,0,0.3283241,0,1,0.3668726,1
14028,1,0.93495065,1,0,0.0032288728,0,0,0.03399728,0,0,0.01387852,0,0,0.019440833,0
14040,1,0.693458,1,0,0.015997695,0,0,0.13597357,0,0,0.16370226,0,0,0.037629187,0
14043,1,0.76405925,1,0,0.026686545,0,0,0.15056665,0,0,0.092203826,0,0,0.06487514,0
14044,1,0.9468995,1,0,0.0030416762,0,0,0.020229695,0,0,0.013753027,0,0,0.016469697,0
14047,0,0.034366805,0,0,0.0056580515,0,1,0.97953165,1,0,0.07141934,0,0,0.06345076,0
14049,1,0.65188485,1,0,0.03204314,0,0,0.095414184,0,0,0.27241874,0,0,0.044635117,0
14069,0,0.8163031,1,0,0.02987951,0,0,0.07440251,0,0,0.062009826,0,1,0.050077736,0
14072,0,0.14425686,0,1,0.26524326,0,0,0.06095277,0,0,0.59868157,1,0,0.053717297,0
14078,1,0.497421,1,0,0.3991377,1,0,0.116534896,0,0,0.13615473,0,0,0.1401787,0
14080,1,0.6428922,1,0,0.1143623,0,0,0.05706479,0,0,0.121399,0,0,0.05360443,0
14091,0,0.0035910066,0,1,0.82158,1,0,0.20079207,0,0,0.5155279,1,0,0.44022208,1
14093,0,0.14069958,0,1,0.35551292,1,1,0.26515126,0,1,0.55336624,1,0,0.13151129,0
14109,0,0.0067046694,0,0,0.072281234,0,1,0.9685148,1,1,0.35077825,1,0,0.15101314,0
14117,1,0.9306609,1,0,0.0046381927,0,0,0.035193224,0,0,0.01066656,0,0,0.021516863,0
14124,1,0.95364785,1,0,0.0023137168,0,0,0.022052852,0,0,0.008249839,0,0,0.015270118,0
14131,0,0.59873366,1,1,0.19295032,0,0,0.1774393,0,0,0.1600721,0,0,0.13774255,0
14134,1,0.8627089,1,0,0.014502885,0,0,0.060201783,0,0,0.03911274,0,0,0.03613368,0
14137,0,0.0016356575,0,1,0.9013852,1,0,0.21301739,0,1,0.27333325,0,0,0.5247404,1
14140,1,0.8789421,1,0,0.0072769765,0,0,0.054345552,0,0,0.044299174,0,0,0.027168067,0
14156,1,0.8815028,1,0,0.026691727,0,0,0.03744466,0,0,0.018378474,0,0,0.03943609,0
14157,0,0.7271256,1,0,0.10295113,0,1,0.123492874,0,0,0.09445311,0,0,0.101829804,0
14160,0,0.085349865,0,0,0.3948216,1,0,0.09078686,0,1,0.6112636,1,0,0.09224962,0
14173,0,0.010049171,0,0,0.081403404,0,1,0.96220654,1,0,0.26896542,0,1,0.14629537,0
14183,0,0.019228376,0,1,0.4231417,1,1,0.52322906,1,0,0.70091814,1,0,0.18314014,0
14184,1,0.54491484,1,0,0.19861557,0,0,0.19868217,0,0,0.124078415,0,0,0.11466607,0
14187,1,0.78779477,1,0,0.018134821,0,0,0.20251842,0,0,0.046619713,0,0,0.06542759,0
14190,0,0.016860154,0,0,0.20878293,0,0,0.20151119,0,1,0.90071845,1,0,0.090949394,0
14191,1,0.87934136,1,0,0.009417499,0,0,0.03508263,0,0,0.050753124,0,0,0.023861876,0
14194,0,0.56473863,1,0,0.16476752,0,1,0.12385912,0,1,0.24958825,0,0,0.099010736,0
14196,0,0.01248927,0,0,0.086722404,0,1,0.95750636,1,0,0.2713436,0,0,0.15536451,0
14206,1,0.85258055,1,0,0.009506614,0,0,0.028593222,0,0,0.080198966,0,0,0.01921884,0
14207,1,0.8775902,1,0,0.010942968,0,0,0.04676875,0,0,0.052731194,0,0,0.03213156,0
14215,0,0.1645539,0,0,0.14580528,0,0,0.28867778,0,1,0.7016385,1,0,0.10316492,0
14217,0,0.7169987,1,1,0.10174732,0,0,0.108803034,0,0,0.103331745,0,0,0.09193837,0
14235,1,0.07683056,0,0,0.6882301,1,0,0.1501893,0,0,0.26637226,0,0,0.19109403,0
14242,0,0.9006723,1,0,0.005590821,0,1,0.06311378,0,0,0.015628545,0,0,0.0260946,0
14244,0,0.22831663,0,1,0.45998165,1,0,0.09154964,0,0,0.3504956,1,0,0.11369653,0
14246,0,0.022415858,0,0,0.1836998,0,1,0.913313,1,0,0.25759155,0,0,0.17179474,0
14247,0,0.003531863,0,1,0.92100537,1,0,0.090605296,0,0,0.23354112,0,0,0.5136437,1
14251,1,0.7440108,1,0,0.053842742,0,0,0.079434395,0,0,0.121568196,0,0,0.058208257,0
14252,0,0.3840451,0,0,0.029596249,0,0,0.07713318,0,1,0.59289867,1,1,0.030647775,0
14254,0,0.07513915,0,0,0.3335847,0,0,0.33007777,0,1,0.67577016,1,0,0.15394984,0
14263,1,0.83750457,1,0,0.033708896,0,0,0.052960888,0,0,0.039884124,0,0,0.045854088,0
14265,0,0.11963852,0,1,0.62742245,1,0,0.15804154,0,0,0.28659496,0,0,0.17213678,0
14285,0,0.0015905133,0,0,0.3816985,1,0,0.4550332,1,1,0.913662,1,0,0.20005311,1
14294,1,0.8790928,1,0,0.012199671,0,0,0.067927256,0,0,0.029632041,0,0,0.040276952,0
14299,1,0.9061907,1,0,0.009451046,0,0,0.0348762,0,0,0.022240786,0,0,0.026824115,0
14306,1,0.0399395,0,0,0.16943993,0,0,0.4517627,1,0,0.8100338,1,0,0.107031465,0
14308,0,0.79479516,1,0,0.010443731,0,1,0.1345862,0,0,0.05159749,0,0,0.034889113,0
14315,0,0.79546076,1,0,0.0072650197,0,0,0.115099475,0,0,0.06442794,0,1,0.026375568,0
14329,1,0.7961057,1,0,0.011633619,0,0,0.051294062,0,0,0.14526352,0,0,0.026269311,0
14330,0,0.43116477,0,1,0.47684073,1,0,0.091277316,0,0,0.11431759,0,1,0.11705112,0
14331,0,0.00047405856,0,1,0.5851446,1,0,0.49328747,1,1,0.8798574,1,0,0.34217966,1
14340,0,0.7368269,1,1,0.085805416,0,0,0.118240125,0,0,0.08585601,0,0,0.089899905,0
14343,0,0.59659755,1,1,0.073405914,0,0,0.25257033,0,0,0.19218764,0,0,0.09756348,0
14349,0,0.013252626,0,1,0.38421616,1,0,0.47948712,1,1,0.78518873,1,0,0.1640868,0
14353,1,0.8097567,1,0,0.020200716,0,0,0.060722116,0,0,0.10545609,0,0,0.039568223,0
14354,0,0.004268275,0,0,0.3658877,1,0,0.7689943,1,1,0.7129349,1,1,0.18152915,0
14359,1,0.642821,1,0,0.060899973,0,0,0.11280561,0,0,0.27018857,0,0,0.06901181,0
14360,0,0.00077984115,0,0,0.36784884,1,1,0.93007267,1,1,0.6033891,1,0,0.24018183,1
14366,1,0.7734521,1,0,0.08789865,0,0,0.055851284,0,0,0.040298376,0,0,0.05820026,0
14372,1,0.6987575,1,0,0.15929967,0,0,0.06106304,0,0,0.04793216,0,0,0.06884264,0
14374,0,0.0011349472,0,1,0.90466845,1,0,0.21318093,0,0,0.37646672,1,1,0.5967822,1
14390,0,0.032004677,0,0,0.039173536,0,1,0.960607,1,0,0.15502316,0,0,0.14326212,0
14395,0,0.10581786,0,0,0.6158067,1,1,0.24029373,0,0,0.21142274,0,0,0.1669445,0
14405,0,0.23126437,0,1,0.58441484,1,0,0.14883265,0,0,0.19723156,0,0,0.15860909,0
14407,1,0.86444414,1,0,0.0021072198,0,0,0.14396434,0,0,0.016771229,0,0,0.01949025,0
14415,1,0.921321,1,0,0.0076354323,0,0,0.02872261,0,0,0.017628634,0,0,0.024260938,0
14417,0,0.011317595,0,1,0.85708666,1,1,0.1254266,0,0,0.21119113,0,0,0.3010014,1
14421,0,0.00078790466,0,1,0.926197,1,0,0.18303926,0,0,0.31892508,0,1,0.6210503,1
14422,0,0.0013346074,0,1,0.89216876,1,0,0.21832246,0,0,0.4200567,1,1,0.5846781,1
14427,0,0.0015571313,0,0,0.7314092,1,1,0.5159174,1,0,0.57888,1,0,0.43203333,1
14429,0,0.050955046,0,0,0.11595617,0,0,0.18370423,0,1,0.8641125,1,0,0.057477094,0
14430,0,0.0117696095,0,0,0.027963912,0,1,0.9811349,1,1,0.16706496,0,0,0.13760477,0
14432,0,0.011227645,0,1,0.8908361,1,0,0.05968389,0,0,0.14331688,0,1,0.24818572,1
14438,1,0.9105789,1,0,0.0051546423,0,0,0.048623253,0,0,0.021934904,0,0,0.025094133,0
14439,0,0.021261834,0,1,0.6769959,1,0,0.21945147,0,0,0.5609853,1,0,0.28963575,1
14445,1,0.8973369,1,0,0.0046528946,0,0,0.040951554,0,0,0.038054273,0,0,0.0199631,0
14448,0,0.41431522,0,1,0.2654725,0,0,0.118125476,0,0,0.2593623,0,1,0.10103458,0
14455,0,0.3323406,0,0,0.034204125,0,1,0.46242487,1,1,0.34098795,0,0,0.07400315,0
14458,0,0.6811223,1,0,0.03420883,0,0,0.09660716,0,1,0.23675627,0,0,0.048794653,0
14463,1,0.917762,1,0,0.004440683,0,0,0.026679313,0,0,0.02982844,0,0,0.017550118,0
14464,1,0.55779976,1,0,0.38708165,1,0,0.0910512,0,0,0.056835957,0,0,0.11261537,0
14470,0,0.19383694,0,0,0.44206846,1,0,0.07741774,0,0,0.3821825,1,1,0.08475234,0
14475,0,0.0010941311,0,0,0.3443774,0,1,0.9129913,1,1,0.6497254,1,0,0.2096767,1
14479,0,0.14934337,0,0,0.5361394,1,0,0.26252216,0,1,0.3058055,0,1,0.16218476,0
14480,0,0.0985814,0,1,0.679441,1,0,0.0793838,0,0,0.23475121,0,1,0.13339064,0
14484,1,0.93838036,1,0,0.0049696695,0,0,0.031296343,0,0,0.009900106,0,0,0.023518568,0
14485,1,0.8364456,1,0,0.011785149,0,0,0.04072353,0,0,0.086954944,0,0,0.023991149,0
14490,0,0.43702444,0,0,0.36856833,1,1,0.19468078,0,0,0.19959973,0,1,0.15452893,0
14493,0,0.017298313,0,0,0.117677845,0,1,0.9491433,1,0,0.2690785,0,1,0.22536011,1
14509,1,0.41109166,0,0,0.16994041,0,0,0.10029607,0,0,0.4000994,1,0,0.07214941,0
14517,0,0.017366182,0,0,0.08322066,0,1,0.9581139,1,0,0.19479983,0,0,0.1552882,0
14520,1,0.9488236,1,0,0.0047498094,0,0,0.022528073,0,0,0.005831816,0,0,0.019743228,0
14521,0,0.75049055,1,0,0.08426067,0,0,0.11822665,0,0,0.08991768,0,1,0.09796554,0
14523,0,0.46697384,1,1,0.4653497,1,0,0.127871,0,0,0.08800896,0,0,0.15914911,0
14531,0,0.00943896,0,0,0.5771953,1,1,0.6466325,1,0,0.43354475,1,0,0.26621813,1
14536,1,0.82035875,1,0,0.016741171,0,0,0.07666471,0,0,0.0724492,0,0,0.03860316,0
14537,0,0.063226,0,1,0.65213263,1,0,0.0758739,0,0,0.36760968,1,0,0.12361853,0
14547,0,0.05428317,0,1,0.77086127,1,0,0.09584718,0,0,0.19105273,0,1,0.18108799,0
14548,0,0.015085985,0,1,0.6084296,1,0,0.14893304,0,1,0.7037045,1,1,0.20081961,1
14550,0,0.10183395,0,1,0.6162564,1,0,0.12996668,0,0,0.33717695,0,0,0.1513982,0
14561,0,0.033737216,0,1,0.8155988,1,0,0.09684566,0,0,0.19148472,0,1,0.23321341,1
14562,1,0.2522787,0,0,0.65010655,1,0,0.06500947,0,0,0.08650268,0,0,0.12250962,0
14565,1,0.84406155,1,0,0.029510448,0,0,0.06488149,0,0,0.042185728,0,0,0.051621623,0
14576,0,0.0017910753,0,0,0.1992797,0,1,0.9263631,1,1,0.71892303,1,1,0.17668425,0
14577,1,0.94343597,1,0,0.003822925,0,0,0.018959384,0,0,0.012628059,0,0,0.016225241,0
14578,0,0.0012853856,0,1,0.5829319,1,0,0.75066066,1,1,0.62097305,1,0,0.35572082,1
14584,0,0.30737373,0,0,0.1283677,0,0,0.11134985,0,1,0.59642816,1,0,0.06632887,0
14589,0,0.0045551388,0,1,0.5395545,1,0,0.13301226,0,1,0.8809745,1,1,0.25141844,1
14593,0,0.027197711,0,0,0.009352545,0,1,0.9759185,1,0,0.0941144,0,0,0.075994045,0
14597,1,0.83605814,1,0,0.015121621,0,0,0.069194146,0,0,0.06407857,0,0,0.036760576,0
14601,0,0.020649854,0,1,0.68384916,1,0,0.2866282,0,0,0.5035799,1,0,0.30552354,1
14610,0,0.025947835,0,1,0.8492786,1,0,0.11153296,0,0,0.16596112,0,0,0.30282018,1
14615,0,0.066466585,0,1,0.56490165,1,0,0.23409106,0,0,0.4543136,1,0,0.18309009,0
14618,0,0.015931213,0,0,0.45017698,1,0,0.7841213,1,1,0.38341686,1,0,0.2276367,1
14622,1,0.96256924,1,0,0.0011776345,0,0,0.015689837,0,0,0.0080205025,0,0,0.010114153,0
14623,1,0.9312851,1,0,0.006767959,0,0,0.028994782,0,0,0.012336572,0,0,0.0248851,0
14629,0,0.35652706,0,0,0.14529091,0,0,0.11569991,0,1,0.5230244,1,0,0.07269144,0
14630,1,0.871746,1,0,0.019998044,0,0,0.03639385,0,0,0.031554088,0,0,0.03212441,0
14641,0,0.004238167,0,0,0.090925805,0,1,0.9668205,1,1,0.36345148,1,0,0.1516512,0
14647,0,0.18216231,0,0,0.043850616,0,0,0.10517104,0,1,0.7767452,1,0,0.036212675,0
14648,0,0.801611,1,1,0.12410805,0,0,0.02923656,0,0,0.012478989,0,1,0.047569256,0
14650,0,0.5812579,1,0,0.16938582,0,1,0.13775524,0,0,0.23279811,0,1,0.11242692,0
14651,0,0.010829043,0,1,0.5200854,1,0,0.29857433,0,1,0.80148375,1,1,0.26014376,1
14658,0,0.5703316,1,0,0.38201177,1,0,0.058944874,0,0,0.046688963,0,1,0.08726762,0
14661,0,0.05807405,0,0,0.36010957,1,0,0.15578228,0,1,0.71392274,1,0,0.10769664,0
14664,1,0.4664245,1,0,0.06705178,0,0,0.06996927,0,0,0.44957787,1,0,0.043620523,0
14670,0,0.0125232665,0,1,0.6452492,1,0,0.45336455,1,0,0.5212169,1,1,0.32890606,1
14681,1,0.7805717,1,0,0.040758137,0,0,0.06481535,0,0,0.09503009,0,0,0.048092492,0
14688,0,0.007606338,0,1,0.86676884,1,0,0.17506126,0,0,0.19839212,0,1,0.3604061,1
14689,1,0.8482272,1,0,0.00394646,0,0,0.018836258,0,0,0.11481398,0,0,0.009952273,0
14696,1,0.88138074,1,0,0.020205941,0,0,0.041055195,0,0,0.023721464,0,0,0.036814794,0
14704,1,0.7451143,1,0,0.054694828,0,0,0.09589422,0,0,0.09553762,0,0,0.061873842,0
14708,0,0.73862404,1,0,0.018596642,0,0,0.05955722,0,1,0.20447749,0,0,0.031756908,0
14710,1,0.43488744,0,0,0.4847836,1,0,0.13460293,0,0,0.1176964,0,0,0.16325748,0
14712,1,0.8792757,1,0,0.015569682,0,0,0.037170287,0,0,0.03887181,0,0,0.031657066,0
14722,1,0.5061327,1,0,0.096578844,0,0,0.10842407,0,0,0.39142746,1,0,0.06936619,0
14728,1,0.7015907,1,0,0.11351046,0,0,0.06970844,0,0,0.09277522,0,0,0.06985259,0
14732,1,0.8034046,1,0,0.024807202,0,0,0.0511897,0,0,0.103501186,0,0,0.037124656,0
14735,0,0.11927724,0,0,0.48746517,1,0,0.08020769,0,1,0.46826616,1,0,0.09471324,0
14740,1,0.92687553,1,0,0.0055386988,0,0,0.040412657,0,0,0.013403388,0,0,0.02671362,0
14742,0,0.00094608,0,1,0.24933764,0,1,0.91247815,1,1,0.7514335,1,0,0.13806975,0
14743,0,0.062320694,0,1,0.69023216,1,0,0.1839084,0,0,0.3166588,0,1,0.21433178,1
14747,1,0.85636806,1,0,0.008330404,0,0,0.05001346,0,0,0.07065306,0,0,0.025288388,0
14751,0,0.37395436,0,0,0.44974262,1,1,0.07023818,0,0,0.14497848,0,0,0.088698864,0
14756,1,0.908169,1,0,0.013932488,0,0,0.04104405,0,0,0.01660694,0,0,0.037245147,0
14757,1,0.74666697,1,0,0.043961238,0,0,0.086661294,0,0,0.14490584,0,0,0.059298564,0
14761,1,0.42277488,0,0,0.024503455,0,1,0.6329785,1,0,0.085160136,0,0,0.07238401,0
14763,0,0.12597752,0,0,0.34232593,0,0,0.14650133,0,1,0.62019736,1,0,0.11005766,0
14764,0,0.043778986,0,0,0.4745275,1,0,0.22730522,0,1,0.6781706,1,0,0.16733514,0
14765,0,0.04048054,0,0,0.3433898,0,0,0.1995168,0,1,0.7621378,1,0,0.11759486,0
14766,0,0.06605737,0,0,0.5453371,1,0,0.17375697,0,1,0.53359324,1,0,0.1631387,0
14769,1,0.7603764,1,0,0.03959609,0,0,0.05644004,0,0,0.11454885,0,0,0.04286978,0
14783,0,0.012906839,0,0,0.20721415,0,0,0.27476934,0,1,0.9084676,1,0,0.10559552,0
14788,0,0.0033687265,0,0,0.9103422,1,0,0.11076834,0,0,0.2449886,0,1,0.4631119,1
14791,1,0.8502752,1,0,0.009670399,0,0,0.06293193,0,0,0.06774179,0,0,0.030545523,0
14803,0,0.11106353,0,0,0.06621046,0,0,0.1551758,0,1,0.8178745,1,0,0.04666241,0
14807,0,0.0006642659,0,1,0.5973499,1,0,0.62185377,1,0,0.7967241,1,1,0.35430706,1
14812,0,0.7341322,1,0,0.017124359,0,0,0.07923281,0,1,0.17500597,0,0,0.03260333,0
14813,1,0.80929524,1,0,0.044018228,0,0,0.061816946,0,0,0.06358593,0,0,0.05405565,0
14817,1,0.08547581,0,0,0.6256514,1,0,0.17570479,0,0,0.3915498,1,0,0.19792172,0
14818,1,0.938829,1,0,0.004451041,0,0,0.023781843,0,0,0.015270757,0,0,0.020307982,0
14820,1,0.9260192,1,0,0.0034201513,0,0,0.03933398,0,0,0.015833111,0,0,0.019617254,0
14833,0,0.9090108,1,0,0.011551581,0,1,0.046378933,0,0,0.020570341,0,0,0.038828757,0
14835,1,0.7601746,1,0,0.033601627,0,0,0.09626189,0,0,0.098885745,0,0,0.04993152,0
14837,0,0.031479545,0,1,0.6592571,1,1,0.34210274,0,1,0.43602094,1,0,0.29560068,1
14838,1,0.7390683,1,0,0.028888721,0,0,0.21548946,0,0,0.0636942,0,0,0.07218241,0
14850,0,0.009042826,0,0,0.15768634,0,1,0.9380148,1,0,0.4523591,1,1,0.17506734,0
14852,0,0.084023796,0,1,0.6670818,1,0,0.13366549,0,0,0.2823946,0,0,0.1630579,0
14864,1,0.74939525,1,0,0.038201883,0,0,0.13295826,0,0,0.094492085,0,0,0.06434286,0
14865,0,0.12973388,0,0,0.020444848,0,1,0.9283004,1,0,0.048913773,0,0,0.108380266,0
14885,1,0.86641306,1,0,0.012414077,0,0,0.046540864,0,0,0.05006759,0,0,0.030157402,0
14886,0,0.0018531308,0,1,0.3143933,0,0,0.76505667,1,1,0.8386907,1,1,0.19054642,0
14894,0,0.005349562,0,1,0.85853314,1,0,0.16918382,0,1,0.34425232,0,0,0.42755467,1
14895,1,0.9596137,1,0,0.0028130328,0,0,0.01532937,0,0,0.00687089,0,0,0.015159185,0
14908,0,0.45413366,1,0,0.064283736,0,0,0.19444676,0,1,0.38724396,1,0,0.06658482,0
14909,1,0.46110108,1,0,0.04828501,0,0,0.13118118,0,0,0.47464693,1,0,0.055698827,0
14911,1,0.92138755,1,0,0.006133288,0,0,0.02728439,0,0,0.023046818,0,0,0.021695208,0
14921,1,0.8931619,1,0,0.0035854843,0,0,0.03245946,0,0,0.05493952,0,0,0.015324022,0
14922,0,0.0012893374,0,0,0.2786838,0,1,0.8035169,1,1,0.8479381,1,0,0.20754063,1
14927,0,0.9109608,1,0,0.01165389,0,0,0.031461887,0,0,0.01968912,0,1,0.029752104,0
14929,0,0.025673933,0,0,0.09316914,0,1,0.4733549,1,1,0.86763704,1,0,0.077546015,0
14932,0,0.004189481,0,0,0.1566991,0,1,0.9575796,1,0,0.38861933,1,0,0.17565808,0
14935,1,0.9154536,1,0,0.012123629,0,0,0.03447359,0,0,0.013673301,0,0,0.031878855,0
14936,0,0.06908932,0,0,0.16514118,0,0,0.15337676,0,1,0.81011564,1,0,0.07500512,0
14958,0,0.00066983356,0,0,0.60058284,1,1,0.5282335,1,1,0.840863,1,0,0.33324027,1
14976,1,0.8003882,1,0,0.0694806,0,0,0.072659805,0,0,0.04900006,0,0,0.074721,0
14984,0,0.0005641876,0,1,0.72582054,1,0,0.45227736,1,0,0.76221913,1,1,0.44060984,1
14986,0,0.095957026,0,0,0.060603216,0,0,0.14286652,0,1,0.83904374,1,0,0.042999227,0
14991,0,0.011701642,0,0,0.7519057,1,0,0.15207334,0,1,0.49480277,1,0,0.2894767,1
15010,0,0.0027298785,0,0,0.21060221,0,1,0.9130755,1,1,0.6997223,1,1,0.17424068,0
15012,1,0.92531765,1,0,0.004619941,0,0,0.047268454,0,0,0.012552004,0,0,0.025636481,0
15028,0,0.21457313,0,0,0.36402246,1,0,0.20283678,0,1,0.42860478,1,0,0.12858386,0
15051,0,0.60126275,1,0,0.088601775,0,1,0.17389956,0,1,0.28958055,0,0,0.0986136,0
15057,1,0.7620003,1,0,0.04004767,0,0,0.1248086,0,0,0.07329462,0,0,0.06388966,0
15058,1,0.9316483,1,0,0.008883413,0,0,0.020025922,0,0,0.008570902,0,0,0.021161346,0
15060,0,0.0348118,0,1,0.73709756,1,0,0.08095888,0,0,0.35850218,1,0,0.18013167,0
15080,0,0.03128593,0,0,0.67699283,1,0,0.11821641,0,1,0.46382084,1,0,0.19849508,0
15085,0,0.022935562,0,1,0.84136826,1,0,0.05207872,0,0,0.14582132,0,0,0.15749976,0
15090,1,0.7048981,1,0,0.11200969,0,0,0.09408867,0,0,0.094066896,0,0,0.08313486,0
15099,1,0.9521069,1,0,0.0016908298,0,0,0.031043444,0,0,0.007386393,0,0,0.015380506,0
15112,0,0.32455164,0,0,0.020113265,0,1,0.8135838,1,0,0.07036477,0,0,0.09341042,0
15113,0,0.009509542,0,0,0.25274587,0,1,0.910987,1,0,0.4583459,1,0,0.18499549,0
15115,0,0.010794151,0,0,0.43497375,1,1,0.6017801,1,0,0.7129223,1,0,0.2293728,1
15116,1,0.6712243,1,0,0.1111288,0,0,0.097968146,0,0,0.13027318,0,0,0.07767699,0
15117,1,0.4552697,1,0,0.008697506,0,1,0.75200856,1,0,0.04206201,0,0,0.061680928,0
15128,0,0.01212463,0,0,0.047031283,0,1,0.9707582,1,0,0.22278725,0,0,0.13518137,0
15133,0,0.04231265,0,0,0.5678106,1,1,0.51595765,1,0,0.28001675,0,0,0.22195122,1
15139,0,0.101971015,0,1,0.6758313,1,0,0.079729155,0,0,0.19067055,0,0,0.112549275,0
15143,0,0.011425786,0,1,0.26803756,0,0,0.14092745,0,1,0.90130025,1,1,0.096918285,0
15144,1,0.03664538,0,0,0.720008,1,0,0.16037531,0,0,0.36954117,1,0,0.23896314,1
15150,0,0.4091288,0,0,0.037440147,0,1,0.6898185,1,0,0.0922657,0,0,0.115531765,0
15155,1,0.8447009,1,0,0.013264429,0,0,0.04114527,0,0,0.07793793,0,0,0.027028248,0
15156,0,0.0039780186,0,0,0.15469916,0,1,0.8511275,1,0,0.82691836,1,0,0.12262389,0
15157,0,0.0051160515,0,0,0.11560837,0,1,0.9558106,1,0,0.47800133,1,0,0.155734,0
15158,1,0.7679442,1,0,0.04062577,0,0,0.060916618,0,0,0.09607931,0,0,0.044236567,0
15164,0,0.012621212,0,1,0.46883178,1,0,0.3227073,0,1,0.7818297,1,0,0.18869175,0
15167,0,0.0010756683,0,0,0.29964274,0,1,0.9212127,1,1,0.63856417,1,0,0.15570426,0
15169,0,0.8457094,1,0,0.009574792,0,1,0.13665682,0,0,0.031339902,0,0,0.045079716,0
15173,1,0.58281404,1,0,0.07019199,0,0,0.17172387,0,0,0.28408906,0,0,0.07909957,0
15174,0,0.6218796,1,0,0.055367913,0,0,0.17538679,0,0,0.22588594,0,1,0.073002614,0
15183,0,0.0039569386,0,0,0.15976648,0,1,0.84533656,1,0,0.8279526,1,0,0.12324592,0
15186,1,0.68488437,1,0,0.060070913,0,0,0.13064776,0,0,0.15155636,0,0,0.06793339,0
15190,0,0.01192043,0,1,0.80915666,1,1,0.31271806,0,0,0.18221737,0,0,0.38495862,1
15194,0,0.0065028956,0,0,0.089890294,0,1,0.9532544,1,1,0.4476247,1,0,0.1353103,0
15195,0,0.66978496,1,1,0.10903187,0,0,0.12432478,0,0,0.16170995,0,0,0.094891265,0
15199,0,0.011622812,0,1,0.81136173,1,0,0.16235684,0,0,0.32924086,0,0,0.30964106,1
15202,1,0.8307655,1,0,0.013883115,0,0,0.091544084,0,0,0.06306965,0,0,0.0420234,0
15205,0,0.012302021,0,1,0.8034576,1,0,0.20017903,0,1,0.37999755,1,1,0.39663193,1
15210,1,0.21514627,0,0,0.06574044,0,1,0.74090064,1,0,0.21356846,0,0,0.1241962,0
15212,0,0.008916557,0,0,0.7999147,1,0,0.16999203,0,1,0.43649495,1,0,0.35117343,1
15213,0,0.013139133,0,1,0.1854217,0,1,0.9334027,1,0,0.2615872,0,1,0.17166343,0
15214,1,0.81768805,1,0,0.020181132,0,0,0.09332785,0,0,0.0710065,0,0,0.04905378,0
15219,0,0.016336013,0,0,0.045898627,0,1,0.9747273,1,0,0.17790642,0,0,0.16637969,0
15220,0,0.037180245,0,1,0.59390664,1,0,0.14322875,0,0,0.5802256,1,0,0.1706353,0
15224,0,0.019298915,0,1,0.85444075,1,0,0.05110012,0,0,0.12991098,0,0,0.15858333,0
15225,0,0.92452383,1,0,0.0063826335,0,0,0.031913083,0,0,0.01608067,0,1,0.023985019,0
15236,1,0.8710492,1,0,0.029964516,0,0,0.044167235,0,0,0.018496986,0,0,0.04341557,0
15237,0,0.044636868,0,1,0.7265064,1,0,0.08321825,0,1,0.3070696,0,0,0.16063747,0
15252,0,0.0058946526,0,1,0.36511678,1,0,0.25626972,0,1,0.89913213,1,1,0.16364671,0
15255,0,0.06414362,0,1,0.7286433,1,0,0.045760207,0,0,0.17724681,0,1,0.087739766,0
15262,0,0.00825852,0,0,0.6684267,1,0,0.13742,0,1,0.7671853,1,0,0.31250086,1
15264,1,0.88016397,1,0,0.01693481,0,0,0.051684063,0,0,0.034132373,0,0,0.04191303,0
15268,0,0.004669214,0,1,0.7899033,1,0,0.26695487,0,0,0.5119404,1,0,0.4189768,1
15269,1,0.9481971,1,0,0.003710816,0,0,0.0151487095,0,0,0.009108579,0,0,0.013866882,0
15273,1,0.9141798,1,0,0.009865341,0,0,0.02565237,0,0,0.02328238,0,0,0.025178343,0
15287,1,0.8660716,1,0,0.02373114,0,0,0.05808827,0,0,0.031750817,0,0,0.047744866,0
15291,1,0.81281936,1,0,0.010525813,0,1,0.2291895,0,0,0.020087922,0,0,0.052983135,0
15295,1,0.28893644,0,0,0.55936354,1,0,0.13687086,0,0,0.12827401,0,0,0.13991761,0
15300,0,0.0076960437,0,1,0.8125306,1,0,0.22129694,0,0,0.45388058,1,1,0.45173058,1
15305,0,0.041345242,0,1,0.6798766,1,0,0.16921619,0,0,0.4002559,1,0,0.20634227,1
15306,1,0.71040726,1,0,0.08683932,0,0,0.14241785,0,0,0.08736517,0,0,0.09190388,0
15311,0,0.032769,0,0,0.007721511,0,1,0.97827667,1,0,0.07799725,0,0,0.07981176,0
15313,0,0.18116477,0,0,0.14822921,0,0,0.086865395,0,1,0.6694099,1,0,0.05012157,0
15315,1,0.87909615,1,0,0.017362505,0,0,0.04033933,0,0,0.037086926,0,0,0.035607655,0
15320,1,0.65206635,1,0,0.033019394,0,0,0.075317815,0,0,0.26154166,0,0,0.03798162,0
15325,0,0.0032400724,0,1,0.92778677,1,0,0.0758989,0,0,0.16895314,0,0,0.4181005,1
15339,1,0.92268384,1,0,0.008625255,0,0,0.036602467,0,0,0.013673508,0,0,0.030140402,0
15341,0,0.0011713649,0,1,0.76458675,1,0,0.36304912,1,0,0.6983514,1,1,0.4679798,1
15345,1,0.8972966,1,0,0.009747015,0,0,0.05091095,0,0,0.024774954,0,0,0.033188645,0
15349,1,0.47399426,1,0,0.4322186,1,0,0.06577962,0,0,0.083852924,0,0,0.09434032,0
15353,1,0.67094004,1,0,0.19427358,0,0,0.11001461,0,0,0.07998894,0,0,0.11931153,0
15359,1,0.68988955,1,0,0.19768628,0,0,0.051126976,0,0,0.035589207,0,0,0.06659838,0
15360,1,0.97758454,1,0,0.00047632924,0,0,0.0071558813,0,0,0.0056520994,0,0,0.005601828,0
15371,1,0.83644354,1,0,0.038678285,0,0,0.04518814,0,0,0.039338224,0,0,0.04466963,0
15379,1,0.8375455,1,0,0.0058266236,0,0,0.03025828,0,0,0.114751324,0,0,0.01518875,0
15383,0,0.67697376,1,0,0.17570692,0,0,0.09344534,0,0,0.056912616,0,1,0.087518476,0
15385,0,0.015333841,0,0,0.18817121,0,1,0.8293103,1,1,0.6372022,1,0,0.15458773,0
15386,1,0.5731905,1,0,0.08758836,0,0,0.19126187,0,0,0.26949462,0,0,0.0909805,0
15387,0,0.42553613,0,0,0.1684915,0,1,0.36600566,1,0,0.3266598,0,0,0.15874246,0
15388,0,0.022303883,0,0,0.5542261,1,0,0.18502371,0,1,0.72313493,1,1,0.21343382,1
15390,0,0.00815697,0,1,0.72064286,1,0,0.1185033,0,1,0.6554739,1,0,0.26675916,1
15398,0,0.32161024,0,0,0.4297153,1,0,0.16397724,0,1,0.3010469,0,0,0.14914416,0
15400,0,0.70764506,1,0,0.074084654,0,0,0.116399884,0,1,0.1563056,0,0,0.08318523,0
15401,1,0.82217044,1,0,0.040751684,0,0,0.06282122,0,0,0.04298445,0,0,0.052355215,0
15410,0,0.16090237,0,0,0.08706623,0,1,0.6702017,1,0,0.3685285,1,0,0.12884606,0
15411,1,0.95616734,1,0,0.0014849033,0,0,0.020793837,0,0,0.008336137,0,0,0.01197013,0
15412,1,0.34646347,0,0,0.026094425,0,0,0.16453023,0,0,0.5318833,1,0,0.03812955,0
15413,1,0.97181165,1,0,0.00074514793,0,0,0.0064928695,0,0,0.00731932,0,0,0.0055205063,0
15416,1,0.9162047,1,0,0.005910559,0,0,0.04612871,0,0,0.016485592,0,0,0.026891802,0
15418,0,0.06259081,0,1,0.31012967,0,0,0.11413532,0,1,0.7477295,1,0,0.088405915,0
15422,0,0.030104376,0,0,0.18684737,0,1,0.84545094,1,1,0.4555934,1,0,0.1670032,0
15426,0,0.013893512,0,1,0.8222032,1,0,0.082030475,0,0,0.27290663,0,0,0.20901771,1
15429,0,0.03555535,0,1,0.6681242,1,0,0.07492315,0,0,0.42879736,1,0,0.12741832,0
15430,0,0.07645908,0,0,0.55566794,1,1,0.17543,0,1,0.41125453,1,0,0.12745,0
15431,0,0.33078328,0,0,0.18419616,0,0,0.47524464,1,1,0.27323386,0,0,0.16168131,0
15442,1,0.92034745,1,0,0.008070476,0,0,0.030104777,0,0,0.0190549,0,0,0.026078898,0
15447,0,0.0006457905,0,0,0.81207913,1,1,0.5714296,1,0,0.44647604,1,0,0.5313576,1
15449,1,0.8833022,1,0,0.006431137,0,0,0.024587916,0,0,0.0589576,0,0,0.0165417,0
15451,1,0.97195506,1,0,0.00083061866,0,0,0.0069353078,0,0,0.0059672142,0,0,0.0059025986,0
15454,0,0.0025029238,0,1,0.868924,1,0,0.21482085,0,0,0.43582585,1,1,0.53609395,1
15456,1,0.25061068,0,0,0.51475364,1,0,0.19691257,0,0,0.28967687,0,0,0.18641283,0
15468,0,0.06608353,0,0,0.111924395,0,1,0.20075932,0,1,0.8510309,1,0,0.06802822,0
15479,0,0.040457707,0,1,0.40641102,1,0,0.10377944,0,1,0.73160577,1,0,0.093260914,0
15482,1,0.8470783,1,0,0.021652712,0,0,0.052362043,0,0,0.058747835,0,0,0.040346157,0
15488,1,0.284381,0,0,0.079786666,0,0,0.6392619,1,0,0.24451779,0,0,0.14099628,0
15496,0,0.0015576696,0,1,0.25293738,0,0,0.91325444,1,1,0.69439167,1,0,0.14183597,0
15501,0,0.40835285,0,0,0.07897263,0,1,0.12700169,0,1,0.51874965,1,0,0.06373682,0
15504,1,0.6793673,1,0,0.21821526,0,0,0.055093344,0,0,0.040656988,0,0,0.073978566,0
15511,0,0.012778578,0,0,0.1669404,0,0,0.2903127,0,1,0.91720164,1,0,0.082558334,0
15519,0,0.026602346,0,0,0.27137855,0,1,0.8432123,1,0,0.39023224,1,1,0.18064606,0
15520,0,0.026608985,0,0,0.18693846,0,1,0.8703479,1,0,0.43265077,1,1,0.17172673,0
15527,0,0.032111153,0,0,0.2754831,0,0,0.14030696,0,1,0.82357967,1,0,0.09118394,0
15531,1,0.8633161,1,0,0.03942251,0,0,0.036737643,0,0,0.01924494,0,0,0.042773273,0
15534,1,0.7352561,1,0,0.0460703,0,0,0.10083112,0,0,0.15267497,0,0,0.064401664,0
15537,0,0.0010942036,0,0,0.23474057,0,0,0.9200513,1,1,0.7501834,1,0,0.15145504,0
15549,0,0.7198961,1,0,0.016142843,0,0,0.05519262,0,1,0.21782486,0,0,0.02602286,0
15551,0,0.049849156,0,1,0.71272683,1,0,0.1138321,0,1,0.30137524,0,0,0.16849071,0
15552,1,0.8176365,1,0,0.011013067,0,0,0.058142535,0,0,0.0987237,0,0,0.026824253,0
15561,1,0.84363,1,0,0.04291689,0,0,0.05195436,0,0,0.026774786,0,0,0.0510893,0
15563,0,0.0014024522,0,0,0.24320479,0,0,0.91517335,1,1,0.7299386,1,0,0.1548337,0
15574,0,0.17124008,0,1,0.60237473,1,0,0.16167884,0,0,0.22379422,0,0,0.1672432,0
15575,1,0.9011495,1,0,0.0040543764,0,0,0.023044348,0,0,0.052741315,0,0,0.014351006,0
15579,0,0.01672944,0,0,0.80564123,1,0,0.18122523,0,1,0.2253208,0,0,0.27438653,1
15581,0,0.12734115,0,1,0.74190027,1,0,0.05626697,0,0,0.08907223,0,0,0.11040515,0
15584,1,0.7299476,1,0,0.13624185,0,0,0.06677878,0,0,0.035832867,0,0,0.069966815,0
15597,0,0.00087424973,0,1,0.23900427,0,1,0.92859143,1,1,0.7425496,1,0,0.16002594,0
15616,0,0.268222,0,0,0.056407794,0,0,0.05258522,0,1,0.66774833,1,0,0.029094022,0
15617,0,0.53386176,1,1,0.29995653,0,0,0.117183395,0,0,0.15140168,0,0,0.11357544,0
15626,0,0.0008644282,0,0,0.22669844,0,0,0.9136334,1,1,0.7897734,1,0,0.13711496,0
15636,0,0.03704626,0,1,0.804577,1,0,0.08288144,0,0,0.15850073,0,0,0.17134759,0
15637,1,0.8111556,1,0,0.059430167,0,0,0.063357964,0,0,0.039694313,0,0,0.061503675,0
15642,1,0.12934585,0,0,0.50736153,1,0,0.3598318,1,0,0.27529833,0,0,0.20555066,1
15643,1,0.8428543,1,0,0.010117023,0,0,0.06732377,0,0,0.06660991,0,0,0.030465307,0
15645,0,0.03106676,0,1,0.8098149,1,0,0.0608049,0,0,0.15109436,0,0,0.14045003,0
15649,0,0.059389822,0,1,0.57262033,1,0,0.08929318,0,0,0.5137719,1,0,0.12884365,0
15666,0,0.098285615,0,1,0.6979375,1,0,0.1338562,0,0,0.17531924,0,0,0.15827426,0
15670,0,0.013219992,0,1,0.59564435,1,1,0.45270798,1,0,0.64866203,1,0,0.3507642,1
15675,0,0.11543787,0,0,0.06511364,0,1,0.8568257,1,0,0.20788456,0,0,0.14360787,0
15676,0,0.0055011134,0,0,0.22934337,0,1,0.9181702,1,0,0.5384958,1,1,0.17285094,0
15691,0,0.11338938,0,1,0.56578904,1,0,0.12217717,0,0,0.35796317,1,0,0.12770773,0
15693,1,0.95755786,1,0,0.0014137526,0,0,0.025940888,0,0,0.0045705265,0,0,0.012483256,0
15701,0,0.021285525,0,0,0.12485117,0,1,0.9382119,1,0,0.2069518,0,0,0.2338796,1
15703,0,0.00792737,0,0,0.09684926,0,1,0.9688974,1,0,0.31332222,0,1,0.19491124,0
15721,0,0.2330507,0,0,0.31259868,0,1,0.27552307,0,1,0.4747678,1,0,0.148622,0
15723,1,0.8284923,1,0,0.019658726,0,0,0.1198978,0,0,0.032944478,0,0,0.054259248,0
15726,0,0.009100973,0,1,0.8023052,1,0,0.2801486,0,0,0.35827437,1,0,0.418859,1
15727,0,0.14259498,0,1,0.69382805,1,0,0.1348169,0,0,0.122248076,0,0,0.18835047,0
15728,0,0.7199015,1,0,0.019241313,0,0,0.096058525,0,1,0.1671236,0,0,0.03589374,0
15761,1,0.72656083,1,0,0.046350293,0,0,0.12547185,0,0,0.12943661,0,0,0.06640996,0
15766,0,0.0015409538,0,1,0.9271199,1,0,0.14743975,0,0,0.25559053,0,1,0.58626366,1
15768,0,0.047054052,0,1,0.6830402,1,0,0.14466298,0,1,0.307946,0,0,0.15514253,0
15772,1,0.8598533,1,0,0.006491713,0,0,0.04953857,0,0,0.07533275,0,0,0.023092518,0
15773,1,0.9043266,1,0,0.012053115,0,0,0.052565992,0,0,0.015536565,0,0,0.038589865,0
15777,1,0.8225169,1,0,0.0056841713,0,0,0.03306132,0,0,0.12665151,0,0,0.014931501,0
15779,0,0.7375053,1,1,0.124096826,0,1,0.05425303,0,0,0.04315399,0,0,0.062173,0
15786,1,0.8044893,1,0,0.061169278,0,0,0.05651802,0,0,0.03837304,0,0,0.056168776,0
15789,1,0.8171509,1,0,0.0119755445,0,0,0.18909734,0,0,0.03155526,0,0,0.054265093,0
15791,0,0.3221096,0,1,0.49598697,1,0,0.09686206,0,0,0.19256942,0,0,0.11210823,0
15812,0,0.015157049,0,0,0.089360386,0,1,0.9626301,1,0,0.20619453,0,0,0.20324218,1
15816,0,0.0009063702,0,1,0.51558995,1,1,0.7745954,1,1,0.68958634,1,0,0.27151665,1
15818,0,0.32053646,0,0,0.039149612,0,1,0.74865514,1,0,0.093242005,0,0,0.11210673,0
15820,1,0.80604154,1,0,0.024543526,0,0,0.07124451,0,0,0.08902078,0,0,0.043804538,0
15822,0,0.010792211,0,0,0.19048865,0,1,0.946154,1,0,0.25644976,0,0,0.26519853,1
15823,1,0.93063647,1,0,0.0032881517,0,0,0.044105105,0,0,0.012223121,0,0,0.02158114,0
15830,1,0.9356392,1,0,0.004573899,0,0,0.031636134,0,0,0.013326973,0,0,0.022903608,0
15836,0,0.04319777,0,1,0.47163808,1,0,0.05442507,0,1,0.62931955,1,0,0.08651787,0
15845,0,0.7701461,1,0,0.01025862,0,1,0.10535757,0,1,0.09732138,0,0,0.029011315,0
15848,0,0.6088133,1,0,0.018969784,0,0,0.09602572,0,1,0.3345536,0,0,0.034537062,0
15853,0,0.017933352,0,1,0.029683143,0,1,0.9747472,1,0,0.1380355,0,1,0.13588205,0
15858,0,0.08689723,0,1,0.63121843,1,0,0.18860433,0,0,0.37712064,1,0,0.23553634,1
15859,0,0.0016551723,0,1,0.95323735,1,0,0.07181171,0,0,0.0998724,0,1,0.49488083,1
15861,0,0.2874888,0,0,0.08714594,0,1,0.5850905,1,0,0.2839789,0,0,0.12575142,0
15873,0,0.0046136174,0,1,0.9145634,1,0,0.07698069,0,0,0.15170877,0,0,0.3404887,1
15877,0,0.38490102,0,0,0.3860824,1,0,0.13107091,0,1,0.15647607,0,0,0.10949776,0
15879,0,0.15845384,0,0,0.27122477,0,1,0.36606857,1,1,0.53848225,1,0,0.14911269,0
15880,0,0.02784397,0,0,0.52181673,1,0,0.16256721,0,1,0.7030348,1,0,0.17849073,0
15884,1,0.9626333,1,0,0.0017003266,0,0,0.015319908,0,0,0.0064734556,0,0,0.0119505925,0
15897,1,0.84282184,1,0,0.03767768,0,0,0.06122797,0,0,0.035604324,0,0,0.055679623,0
15898,1,0.9100364,1,0,0.0020449513,0,0,0.016543647,0,0,0.054121688,0,0,0.008720073,0
15900,1,0.91720325,1,0,0.016552044,0,0,0.021543173,0,0,0.009745133,0,0,0.027632969,0
15922,1,0.1497291,0,0,0.6628763,1,0,0.08121263,0,0,0.15742393,0,0,0.11816294,0
15924,0,0.7452136,1,0,0.009136794,0,0,0.038033973,0,1,0.19569287,0,0,0.015941564,0
15925,0,0.033594813,0,1,0.5206432,1,0,0.15119126,0,0,0.7052073,1,0,0.16837242,0
15932,1,0.9499157,1,0,0.0030386657,0,0,0.022998227,0,0,0.010564645,0,0,0.018300677,0
15937,0,0.029084254,0,1,0.53940934,1,0,0.15476932,0,0,0.6910672,1,1,0.18317577,0
15944,0,0.049565736,0,0,0.4889736,1,0,0.15682708,0,1,0.6401172,1,0,0.12501177,0
15947,1,0.1289347,0,0,0.6519275,1,0,0.14934829,0,0,0.19685343,0,0,0.16296387,0
15953,0,0.22332272,0,0,0.040202033,0,0,0.076769665,0,1,0.7403699,1,0,0.030148946,0
15957,1,0.9768943,1,0,0.0005062751,0,0,0.011094827,0,0,0.0041868994,0,0,0.0071563045,0
15959,1,0.92424595,1,0,0.010290768,0,0,0.023690553,0,0,0.015868764,0,0,0.02635027,0
15967,1,0.8719948,1,0,0.013910442,0,0,0.100798115,0,0,0.016762258,0,0,0.04906132,0
15973,0,0.005192751,0,0,0.21336943,0,1,0.8952548,1,1,0.6346014,1,0,0.15018338,0
15974,1,0.9542429,1,0,0.0038379577,0,0,0.018273994,0,0,0.0077876183,0,0,0.018424999,0
15978,1,0.80829954,1,0,0.019238407,0,0,0.12174734,0,0,0.056607224,0,0,0.051915515,0
15987,1,0.9410217,1,0,0.0051430254,0,0,0.021951366,0,0,0.013017702,0,0,0.021127267,0
15993,0,0.029112006,0,1,0.81865793,1,0,0.08100413,0,0,0.15460883,0,0,0.18254742,0
15996,0,0.25253758,0,0,0.5628528,1,0,0.19788958,0,0,0.22454323,0,1,0.18869999,0
16003,1,0.9159335,1,0,0.0018809949,0,0,0.016125947,0,0,0.049947098,0,0,0.008714498,0
16008,0,0.13259107,0,1,0.39795703,1,0,0.09745935,0,0,0.52112985,1,0,0.08872782,0
16014,1,0.9287007,1,0,0.0059006265,0,0,0.035440378,0,0,0.014131227,0,0,0.026177762,0
16015,0,0.8144812,1,1,0.008464104,0,0,0.06905037,0,0,0.09490943,0,0,0.025307577,0
16024,1,0.81419146,1,0,0.018932242,0,0,0.10192769,0,0,0.054890014,0,0,0.046167042,0
16029,1,0.86621386,1,0,0.024015808,0,0,0.058803372,0,0,0.024161613,0,0,0.045672916,0
16047,0,0.042383417,0,0,0.30444548,0,0,0.43842828,1,1,0.7257074,1,0,0.13684821,0
16054,1,0.8530363,1,0,0.009448211,0,0,0.08351958,0,0,0.04174504,0,0,0.033465087,0
16063,0,0.73335403,1,0,0.06960255,0,0,0.12618795,0,0,0.14338501,0,1,0.09458102,0
16067,1,0.59132564,1,0,0.117992766,0,0,0.24438907,0,0,0.26939246,0,0,0.14152479,0
16078,1,0.7740993,1,0,0.051806547,0,0,0.036310215,0,0,0.059824876,0,0,0.036537535,0
16080,0,0.0017372097,0,1,0.92011577,1,1,0.17483875,0,0,0.23995835,0,1,0.57279104,1
16081,0,0.02645301,0,1,0.85796714,1,0,0.038765986,0,0,0.08419152,0,0,0.12564883,0
16086,1,0.77033615,1,0,0.07948112,0,0,0.053537365,0,0,0.04892137,0,0,0.055700984,0
16087,1,0.7908372,1,0,0.024282299,0,0,0.05117645,0,0,0.11622293,0,0,0.034891073,0
16090,0,0.45048484,1,0,0.35877824,1,1,0.21098568,0,0,0.1916654,0,1,0.16295545,0
16091,1,0.93913484,1,0,0.003838403,0,0,0.023195283,0,0,0.014478887,0,0,0.01781269,0
16096,0,0.021536535,0,0,0.03784578,0,1,0.964706,1,0,0.17836949,0,0,0.14192307,0
16099,0,0.097596906,0,1,0.6903137,1,0,0.07781387,0,0,0.18899459,0,0,0.11984284,0
16103,0,0.6589839,1,0,0.03095776,0,1,0.24564777,0,0,0.10930513,0,0,0.06370633,0
16104,1,0.7542999,1,0,0.03554054,0,0,0.16889602,0,0,0.097728394,0,0,0.07942003,0
16107,0,0.4233343,0,1,0.5018304,1,0,0.10702892,0,0,0.093237855,0,1,0.13214342,0
16108,1,0.85510856,1,0,0.03316573,0,0,0.047455125,0,0,0.028607488,0,0,0.04526327,0
16111,0,0.0063548447,0,1,0.4682581,1,1,0.70539796,1,0,0.6125403,1,0,0.23033771,1
16123,0,0.2236998,0,0,0.3309964,0,0,0.11815897,0,1,0.44112784,1,0,0.08364047,0
16125,0,0.012353582,0,1,0.38394096,1,1,0.75857025,1,0,0.52853566,1,0,0.17161229,0
16127,0,0.011372056,0,0,0.37732315,1,1,0.8226938,1,1,0.5221092,1,0,0.22015192,1
16128,0,0.01431981,0,0,0.15621625,0,1,0.94926596,1,0,0.20975114,0,0,0.19522141,0
16132,0,0.0020377694,0,1,0.7586023,1,0,0.38484633,1,0,0.5926282,1,0,0.42428687,1
16134,0,0.024596436,0,0,0.37654203,1,1,0.79803336,1,0,0.3646161,1,0,0.18643366,0
16144,1,0.78205687,1,0,0.027950943,0,0,0.05090966,0,0,0.10791838,0,0,0.035342555,0
16163,0,0.72158456,1,0,0.048941087,0,1,0.110806234,0,0,0.16212039,0,0,0.0674172,0
16171,0,0.0014823243,0,0,0.572661,1,1,0.7576585,1,1,0.63062453,1,0,0.38714963,1
16174,1,0.9051037,1,0,0.012945602,0,0,0.045785647,0,0,0.017953368,0,0,0.037626702,0
16177,0,0.01318514,0,1,0.79341364,1,0,0.21420284,0,0,0.37156075,1,0,0.35952604,1
16182,0,0.010540642,0,0,0.85502225,1,0,0.13845769,0,0,0.2800607,0,1,0.37056535,1
16186,1,0.84851426,1,0,0.01109386,0,0,0.07962385,0,0,0.051246952,0,0,0.036117345,0
16192,1,0.88449675,1,0,0.00560776,0,0,0.059870698,0,0,0.036907822,0,0,0.02532057,0
16193,1,0.8922614,1,0,0.007991041,0,0,0.07218492,0,0,0.019731991,0,0,0.034685194,0
16198,1,0.9309154,1,0,0.0028753893,0,0,0.043937065,0,0,0.009512044,0,0,0.018685132,0
16202,0,0.18538867,0,0,0.38203895,1,0,0.2082629,0,1,0.538928,1,1,0.14508426,0
16216,0,0.032033157,0,0,0.81540143,1,0,0.049304083,0,1,0.14146662,0,0,0.1309419,0
16217,1,0.70981526,1,0,0.026581328,0,0,0.22430268,0,0,0.063861415,0,0,0.060560733,0
16218,1,0.8511478,1,0,0.016508369,0,0,0.080374084,0,0,0.06026134,0,0,0.0498554,0
16234,0,0.021419419,0,1,0.05289339,0,1,0.9601941,1,1,0.21307574,0,0,0.1567026,0
16237,1,0.927536,1,0,0.0035930735,0,0,0.041992787,0,0,0.01238224,0,0,0.020673519,0
16247,0,0.0031415964,0,0,0.20296118,0,1,0.5532642,1,1,0.91944885,1,0,0.11121038,0
16248,1,0.9120811,1,0,0.0038294608,0,0,0.04149291,0,0,0.025060534,0,0,0.019542163,0
16255,1,0.7263657,1,0,0.015094332,0,0,0.027787197,0,0,0.1982071,0,0,0.017665619,0
16266,0,0.05167406,0,0,0.08844994,0,1,0.8954569,1,0,0.26384142,0,0,0.15220773,0
16273,0,0.016316615,0,0,0.22672622,0,0,0.66007996,1,1,0.7885663,1,0,0.17945,0
16283,1,0.9246453,1,0,0.007290189,0,0,0.029336391,0,0,0.017043816,0,0,0.02536983,0
16291,0,0.060723476,0,1,0.54736817,1,0,0.2524124,0,0,0.51109403,1,1,0.18496296,0
16294,0,0.0020451448,0,0,0.46476805,1,0,0.78869104,1,1,0.66344315,1,0,0.26190707,1
16295,0,0.00065586163,0,1,0.36370078,1,0,0.30754375,0,1,0.9550575,1,1,0.18068404,0
16296,1,0.8774318,1,0,0.015997043,0,0,0.06483599,0,0,0.033904076,0,0,0.0467157,0
16300,0,0.00679937,0,1,0.8921543,1,0,0.13326845,0,0,0.17236684,0,1,0.3963437,1
16302,0,0.037807874,0,0,0.09320899,0,0,0.10174331,0,1,0.9008441,1,0,0.042835243,0
16304,1,0.39676473,0,0,0.5123681,1,0,0.12440835,0,0,0.1158164,0,0,0.14801328,0
16306,0,0.08382294,0,0,0.23499168,0,1,0.7876913,1,0,0.25394806,0,1,0.18878822,0
16308,1,0.7370761,1,0,0.13904269,0,0,0.049969584,0,0,0.039018404,0,0,0.06418356,0
16317,1,0.865402,1,0,0.010440385,0,0,0.09513173,0,0,0.03714178,0,0,0.044118483,0
16323,1,0.9438665,1,0,0.0022074077,0,1,0.03833876,0,0,0.008066912,0,0,0.017898533,0
16324,0,0.056607258,0,0,0.29815668,0,0,0.40174887,1,1,0.72988224,1,0,0.19216742,0
16327,0,0.0019848468,0,1,0.4175261,1,0,0.48249912,1,1,0.89481235,1,0,0.25171465,1
16331,1,0.9453657,1,0,0.0014546487,0,0,0.013246024,0,0,0.020386511,0,0,0.008074428,0
16333,1,0.037690874,0,0,0.7939537,1,0,0.084493436,0,0,0.16870935,0,0,0.1686902,0
16336,1,0.70712537,1,0,0.031956453,0,1,0.15490876,0,0,0.13662231,0,0,0.059676647,0
16342,0,0.0026700574,0,1,0.25489587,0,1,0.89791554,1,1,0.67873544,1,0,0.14609498,0
16344,0,0.0019134105,0,0,0.16011253,0,1,0.9387881,1,1,0.72404844,1,0,0.15251796,0
16345,0,0.008923171,0,0,0.08607359,0,1,0.94326377,1,1,0.35572088,1,0,0.14550626,0
16354,1,0.88402325,1,0,0.010471912,0,0,0.061149515,0,0,0.03008788,0,0,0.035752747,0
16356,1,0.59127104,1,0,0.21323933,0,0,0.122694254,0,0,0.13883871,0,0,0.10798078,0
16357,0,0.0018690662,0,1,0.47563493,1,1,0.7265081,1,1,0.7444226,1,1,0.32044968,1
16363,1,0.8534083,1,0,0.0123677915,0,0,0.03363602,0,0,0.07129014,0,0,0.02506768,0
16367,0,0.0044255746,0,1,0.42273647,1,1,0.87581867,1,1,0.3970881,1,0,0.21106847,1
16368,1,0.26065803,0,0,0.38872585,1,1,0.4506712,1,0,0.20160498,0,0,0.22116426,1
16370,1,0.30451623,0,0,0.4750004,1,0,0.22249901,0,0,0.26359951,0,0,0.18254995,0
16380,1,0.7564097,1,0,0.012817166,0,0,0.062216192,0,0,0.1865887,0,0,0.028333083,0
16388,1,0.6248128,1,0,0.22434121,0,0,0.08551512,0,0,0.08212584,0,0,0.092924185,0
16397,1,0.9330571,1,0,0.0048774234,0,0,0.030468242,0,0,0.014299209,0,0,0.022324761,0
16399,1,0.86512756,1,0,0.01935356,0,0,0.07497661,0,0,0.025715755,0,0,0.048071735,0
16401,0,0.61062515,1,0,0.0799196,0,1,0.19505455,0,0,0.2050669,0,0,0.08958081,0
16405,0,0.0019411488,0,0,0.3674863,1,0,0.45416197,1,1,0.9152733,1,0,0.21255262,1
16406,0,0.003994858,0,0,0.26777315,0,1,0.82906073,1,1,0.76488733,1,0,0.16353825,0
16407,1,0.9388896,1,0,0.0017773878,0,0,0.038597606,0,0,0.008811026,0,0,0.014439625,0
16409,0,0.0007837151,0,0,0.16196351,0,1,0.9369131,1,1,0.79658717,1,0,0.13259839,0
16410,0,0.08440884,0,1,0.46277308,1,0,0.11954028,0,1,0.57741904,1,0,0.12899372,0
16411,1,0.7528833,1,0,0.10574358,0,0,0.08663788,0,0,0.05433497,0,0,0.08726799,0
16422,1,0.9388563,1,0,0.0052849073,0,0,0.027206473,0,0,0.010227057,0,0,0.022475246,0
16432,0,0.08801689,0,0,0.07672241,0,1,0.88693416,1,0,0.14697261,0,0,0.1379639,0
16433,1,0.28123066,0,0,0.45789096,1,0,0.104325995,0,0,0.26908848,0,0,0.106511556,0
16434,1,0.84316915,1,0,0.01851076,0,0,0.09028205,0,0,0.051538944,0,0,0.051920608,0
16448,0,0.024580587,0,1,0.36969477,1,0,0.113963634,0,1,0.81172687,1,0,0.1093125,0
16449,0,0.0014133959,0,0,0.3785071,1,1,0.48150796,1,1,0.9158457,1,0,0.21988511,1
16452,0,0.094351605,0,1,0.6961797,1,0,0.10590837,0,0,0.16107862,0,0,0.13178188,0
16459,1,0.86978143,1,0,0.012429743,0,0,0.08667458,0,0,0.027327096,0,0,0.044147626,0
16460,1,0.880314,1,0,0.014712817,0,0,0.037767913,0,0,0.042165145,0,0,0.032183353,0
16471,1,0.6211768,1,0,0.0320727,0,0,0.23211813,0,0,0.19432686,0,0,0.06496016,0
16473,0,0.8224999,1,0,0.04096612,0,0,0.060832858,0,0,0.060825314,0,1,0.056924626,0
16474,0,0.41467357,0,0,0.0799963,0,0,0.19034119,0,1,0.47958428,1,0,0.07835992,0
16475,0,0.4227241,0,1,0.15395607,0,0,0.18033396,0,0,0.44597995,1,0,0.10373417,0
16480,0,0.002080532,0,0,0.37844658,1,1,0.5633513,1,1,0.8817905,1,0,0.23759252,1
16491,1,0.89176416,1,0,0.0040208814,0,0,0.029105267,0,0,0.063306116,0,0,0.016001359,0
16496,0,0.011309558,0,0,0.044836815,0,1,0.9811109,1,0,0.1442149,0,0,0.16996007,0
16497,0,0.0059687984,0,0,0.28848466,0,1,0.8323059,1,0,0.70303977,1,0,0.19739753,0
16506,0,0.0036863955,0,1,0.27640805,0,1,0.88687253,1,0,0.6405869,1,0,0.15306215,0
16509,0,0.42345706,0,0,0.27916148,0,0,0.21939875,0,1,0.29409325,0,0,0.1438401,0
16515,1,0.68155,1,0,0.16845968,0,0,0.07619373,0,0,0.06404994,0,0,0.08139225,0
16517,0,0.034345508,0,1,0.31480908,0,0,0.27023372,0,1,0.7731753,1,0,0.11720603,0
16519,1,0.9005181,1,0,0.014830513,0,0,0.02683691,0,0,0.020392327,0,0,0.026938973,0
16523,0,0.044262175,0,1,0.4797659,1,0,0.50407636,1,0,0.53923327,1,0,0.22527203,1
16552,0,0.0010170136,0,1,0.9305043,1,0,0.17773938,0,1,0.25094596,0,0,0.61127746,1
16556,1,0.90408534,1,0,0.010559771,0,0,0.045040004,0,0,0.015671981,0,0,0.03100853,0
16557,1,0.80017096,1,0,0.09507437,0,0,0.03175121,0,0,0.016582856,0,0,0.042242862,0
16566,0,0.0042401496,0,0,0.3334187,0,0,0.82993305,1,1,0.67867756,1,0,0.19520153,0
16569,1,0.85606384,1,0,0.003197499,0,0,0.019643797,0,0,0.10701782,0,0,0.009365804,0
16572,1,0.8033186,1,0,0.045222405,0,0,0.0771094,0,0,0.04402753,0,0,0.056739505,0
16573,0,0.005354398,0,1,0.464946,1,1,0.43550533,1,1,0.8181203,1,0,0.19585636,0
16580,0,0.03039687,0,1,0.52600473,1,0,0.22875708,0,0,0.6945867,1,0,0.20734808,1
16587,1,0.8644971,1,0,0.015910834,0,0,0.060664266,0,0,0.036458973,0,0,0.03863727,0
16595,0,0.04998773,0,0,0.06538896,0,0,0.44280127,1,1,0.8205394,1,0,0.07180099,0
16597,1,0.53546923,1,0,0.054386783,0,0,0.33183765,0,0,0.22831875,0,0,0.091238886,0
16611,0,0.31507874,0,1,0.5357254,1,1,0.08038451,0,0,0.1446412,0,0,0.10603149,0
16613,1,0.04636328,0,0,0.22537206,0,0,0.8304841,1,0,0.36993223,1,0,0.19149235,0
16619,0,0.0018756909,0,1,0.81692505,1,1,0.3370117,0,1,0.56443816,1,1,0.53390145,1
16621,0,0.060892973,0,1,0.70012,1,0,0.20308067,0,0,0.25070307,0,0,0.21415773,1
16630,1,0.84038794,1,0,0.021011839,0,0,0.06174421,0,0,0.0646516,0,0,0.043444075,0
16631,0,0.037042167,0,0,0.07311737,0,1,0.9569992,1,0,0.1185639,0,0,0.17714459,0
16633,1,0.87365186,1,0,0.010120051,0,0,0.055166546,0,0,0.036797527,0,0,0.0297556,0
16634,0,0.005236427,0,0,0.7161399,1,0,0.46153778,1,0,0.47837588,1,1,0.37327114,1
16644,1,0.7465057,1,0,0.11137979,0,0,0.057421673,0,0,0.046477605,0,0,0.06455668,0
16645,0,0.0052201925,0,0,0.3052247,0,1,0.88252777,1,0,0.57139856,1,0,0.16860902,0
16648,1,0.63649154,1,0,0.021230154,0,0,0.05117945,0,0,0.33337787,0,0,0.028150411,0
16651,1,0.48182833,1,0,0.10711761,0,0,0.10608651,0,0,0.40224847,1,0,0.06673393,0
16653,0,0.04630407,0,0,0.14747366,0,0,0.1320849,0,1,0.8641933,1,0,0.06414353,0
16661,0,0.017778741,0,1,0.031046068,0,1,0.97801363,1,1,0.13044694,0,1,0.14539412,0
16673,1,0.8893625,1,0,0.009268959,0,0,0.056394435,0,0,0.021628285,0,0,0.03047789,0
16681,0,0.0036917727,0,1,0.48695964,1,0,0.25744906,0,1,0.88950306,1,0,0.24750355,1
16693,0,0.0035184496,0,1,0.33729157,0,0,0.16672948,0,1,0.93636024,1,1,0.15919131,0
16704,0,0.13806164,0,0,0.52467185,1,0,0.18564066,0,1,0.484687,1,0,0.19955623,0
16705,1,0.6576917,1,0,0.097643495,0,0,0.094460875,0,0,0.16672528,0,0,0.07355905,0
16710,1,0.6669847,1,0,0.21473463,0,1,0.07482271,0,0,0.051954035,0,0,0.08605997,0
16711,0,0.0546952,0,0,0.18937425,0,0,0.392438,1,1,0.76773125,1,0,0.11107699,0
16723,0,0.061709017,0,0,0.4915183,1,1,0.22578728,0,1,0.6052487,1,0,0.16174118,0
16728,0,0.49774465,1,0,0.12431192,0,0,0.13797455,0,1,0.41794294,1,0,0.09834779,0
16739,0,0.023661839,0,1,0.68072385,1,0,0.35834542,1,0,0.41548496,1,0,0.31369817,1
16747,1,0.953682,1,0,0.0015107889,0,0,0.027584035,0,0,0.008701224,0,0,0.014302529,0
16765,1,0.6790781,1,0,0.14431287,0,0,0.15942839,0,0,0.0876423,0,0,0.119982384,0
16775,0,0.024624916,0,1,0.6944199,1,0,0.38504362,1,0,0.3557941,1,1,0.31751963,1
16780,1,0.90588486,1,0,0.008475564,0,0,0.035917282,0,0,0.02291048,0,0,0.025893735,0
16791,0,0.0037454634,0,0,0.108842924,0,1,0.9416889,1,1,0.5644466,1,0,0.1286882,0
16792,1,0.74527216,1,0,0.07744645,0,0,0.0924873,0,0,0.09231432,0,0,0.07577991,0
16794,0,0.0008713989,0,0,0.7753047,1,1,0.6332302,1,1,0.41996837,1,0,0.4829216,1
16799,0,0.05171152,0,1,0.7726432,1,0,0.12389712,0,0,0.1928459,0,0,0.20957068,1
16803,1,0.9299484,1,0,0.005439804,0,0,0.030237928,0,0,0.01732548,0,0,0.023639305,0
16813,0,0.4256183,0,0,0.15738197,0,0,0.1564269,0,0,0.4495189,1,1,0.09886184,0
16818,0,0.00051889394,0,0,0.7361003,1,1,0.7457893,1,1,0.41789612,1,1,0.4370141,1
16824,0,0.030348714,0,0,0.516646,1,0,0.47042215,1,1,0.5896649,1,0,0.2644809,1
16832,0,0.015204727,0,0,0.05262698,0,1,0.91819406,1,1,0.45916295,1,0,0.119354576,0
16833,0,0.001878068,0,1,0.8624461,1,0,0.24347132,0,0,0.4471084,1,0,0.52003163,1
16836,1,0.8646768,1,0,0.02166628,0,0,0.06574735,0,0,0.038609844,0,0,0.051163036,0
16842,1,0.92383516,1,0,0.003892729,0,0,0.045496702,0,0,0.014451995,0,0,0.022590313,0
16843,0,0.008390279,0,0,0.4347049,1,1,0.7132835,1,0,0.641383,1,0,0.2504023,1
16848,1,0.8693811,1,0,0.023686428,0,0,0.04883897,0,0,0.02908446,0,0,0.042693023,0
16850,1,0.9433161,1,0,0.0061182645,0,0,0.02235132,0,0,0.009564778,0,0,0.02314098,0
16853,0,0.0014508173,0,1,0.9530202,1,0,0.07362916,0,0,0.11961937,0,1,0.5044535,1
16855,0,0.06893795,0,1,0.79083794,1,0,0.07757462,0,0,0.11304156,0,0,0.15899724,0
16861,0,0.003352771,0,0,0.21748418,0,1,0.93972117,1,1,0.53242433,1,0,0.16492689,0
16863,0,0.37060365,0,1,0.41477892,1,0,0.21138732,0,0,0.24967521,0,1,0.16682756,0
16864,1,0.89899987,1,0,0.022611095,0,0,0.029751614,0,0,0.013217777,0,0,0.034817126,0
16867,0,0.0021601284,0,1,0.94382244,1,0,0.07371343,0,0,0.13618174,0,1,0.4741893,1
16875,0,0.008124959,0,0,0.057076965,0,1,0.9560637,1,1,0.33916464,0,0,0.13534738,0
16881,0,0.37269264,0,1,0.47139606,1,0,0.06614447,0,0,0.1317843,0,0,0.08710712,0
16885,1,0.6718055,1,0,0.03221858,0,1,0.10556367,0,0,0.24955396,0,0,0.04977116,0
16886,0,0.0029355532,0,0,0.7650014,1,1,0.48495623,1,1,0.4680342,1,0,0.4692464,1
16896,1,0.8926578,1,0,0.010263327,0,0,0.0490334,0,0,0.026422128,0,0,0.031857144,0
16899,0,0.01580795,0,1,0.8712189,1,0,0.061967567,0,0,0.15335467,0,0,0.2312991,1
16903,1,0.8197574,1,0,0.022043569,0,0,0.04147683,0,0,0.07872522,0,0,0.030215908,0
16908,0,0.011034594,0,1,0.8526925,1,0,0.0969122,0,0,0.22474606,0,0,0.25184122,1
16915,0,0.19279826,0,1,0.571933,1,0,0.07824476,0,0,0.23259589,0,0,0.11364828,0
16916,0,0.0011780991,0,1,0.95831054,1,0,0.07193956,0,0,0.109243065,0,1,0.5244803,1
16917,0,0.032577366,0,1,0.6967552,1,0,0.08063311,0,0,0.43428877,1,0,0.16047467,0
16929,0,0.02257211,0,1,0.8286654,1,0,0.12518735,0,0,0.2332047,0,0,0.29663303,1
16930,0,0.0044129346,0,0,0.6204963,1,1,0.76511765,1,0,0.28603065,0,1,0.31011358,1
16931,0,0.013138169,0,0,0.08052346,0,0,0.19519885,0,1,0.9480432,1,0,0.049910758,0
16932,0,0.6588665,1,1,0.08636619,0,0,0.05736079,0,0,0.1385277,0,0,0.048152406,0
16943,1,0.91983813,1,0,0.0045532146,0,0,0.02773007,0,0,0.024085665,0,0,0.017869389,0
16948,0,0.0020719848,0,0,0.17071955,0,1,0.9310435,1,1,0.72237694,1,0,0.14805548,0
16950,1,0.7305626,1,0,0.04638749,0,0,0.10248902,0,0,0.1532205,0,0,0.063549295,0
16951,0,0.33475947,0,0,0.026417281,0,0,0.12018639,0,1,0.57400936,1,0,0.031934828,0
16971,0,0.004854097,0,0,0.7784273,1,0,0.18628249,0,1,0.5693318,1,1,0.36799085,1
16972,0,0.08199052,0,1,0.7326858,1,0,0.129308,0,0,0.23363996,0,0,0.20893253,1
16984,0,0.026328765,0,0,0.06895969,0,1,0.9693924,1,0,0.11611939,0,0,0.18434276,0
16987,0,0.013163659,0,1,0.84857905,1,0,0.08074527,0,0,0.22249041,0,1,0.22830403,1
16988,1,0.36893988,0,0,0.5678981,1,0,0.06723567,0,0,0.07323672,0,0,0.09835494,0
16992,0,0.039257746,0,1,0.6639413,1,0,0.18077692,0,0,0.43470317,1,0,0.21953624,1
16996,1,0.87288797,1,0,0.0131570455,0,0,0.042408533,0,0,0.048202906,0,0,0.030930927,0
16997,1,0.52246636,1,0,0.10492368,0,0,0.07728614,0,0,0.32630575,0,0,0.058413927,0
17012,0,0.13394015,0,0,0.4656414,1,0,0.12965257,0,1,0.4812619,1,0,0.119608484,0
17013,1,0.8262331,1,0,0.023307841,0,0,0.07902554,0,0,0.066493586,0,0,0.049624622,0
17014,1,0.7897203,1,0,0.008663634,0,0,0.03542132,0,0,0.16424824,0,0,0.018033937,0
17027,1,0.842585,1,0,0.015973866,0,0,0.061911207,0,0,0.045572255,0,0,0.033329964,0
17034,0,0.004462813,0,1,0.89947534,1,1,0.14201461,0,0,0.2067612,0,0,0.43916062,1
17036,0,0.00051485305,0,0,0.3222514,0,1,0.8580188,1,1,0.83392656,1,0,0.17900741,0
17044,1,0.48532963,1,0,0.36256662,1,0,0.05839423,0,0,0.09703504,0,0,0.07463488,0
17051,1,0.8603135,1,0,0.022835612,0,0,0.08355352,0,0,0.0364435,0,0,0.06030702,0
17053,0,0.00071276823,0,0,0.32707345,0,1,0.8900048,1,1,0.7568652,1,0,0.18338016,0
17054,0,0.10785177,0,0,0.343374,0,1,0.6329314,1,1,0.1822175,0,0,0.16942647,0
17056,1,0.896147,1,0,0.0058421344,0,0,0.058290076,0,0,0.030805174,0,0,0.028060306,0
17059,1,0.8172996,1,0,0.018004218,0,0,0.07837575,0,0,0.07621148,0,0,0.040892962,0
17068,0,0.017435499,0,0,0.8621967,1,0,0.069872916,0,1,0.17714374,0,0,0.24004394,1
17070,0,0.9283486,1,1,0.003195972,0,0,0.03370337,0,0,0.02228149,0,0,0.019012118,0
17076,0,0.0203213,0,1,0.7945741,1,0,0.15940559,0,0,0.35069543,1,0,0.33483243,1
17081,0,0.22112188,0,0,0.17698015,0,0,0.4226625,1,1,0.5132614,1,0,0.14327112,0
17092,0,0.089824066,0,1,0.54477394,1,0,0.17798851,0,0,0.4434193,1,0,0.1455439,0
17097,1,0.941857,1,0,0.0032150794,0,0,0.021113906,0,0,0.013733812,0,0,0.015529571,0
17099,0,0.013306271,0,0,0.05154609,0,1,0.9705367,1,0,0.1491814,0,0,0.14448419,0
17117,1,0.81294066,1,0,0.035286874,0,0,0.09792501,0,0,0.043129925,0,0,0.061694507,0
17120,0,0.013174516,0,1,0.88389516,1,0,0.08517503,0,0,0.1336772,0,0,0.2874949,1
17121,1,0.8681659,1,0,0.0031041617,0,0,0.18313923,0,0,0.012102079,0,0,0.029446078,0
17123,1,0.8873977,1,0,0.009925335,0,0,0.06582612,0,0,0.025527645,0,0,0.036554836,0
17129,0,0.012149064,0,0,0.10023013,0,0,0.16043742,0,1,0.9468061,1,0,0.051578213,0
17138,0,0.7152584,1,1,0.10076361,0,0,0.09230986,0,0,0.082193494,0,0,0.07518329,0
17151,0,0.5787365,1,0,0.07917986,0,0,0.15946329,0,1,0.32075018,0,0,0.08738093,0
17160,0,0.92241,1,0,0.005800332,0,0,0.028905863,0,0,0.017834852,0,1,0.021059439,0
17161,1,0.7457577,1,0,0.039190196,0,0,0.05701492,0,0,0.13745436,0,0,0.044932894,0
17162,1,0.67237586,1,0,0.06322558,0,0,0.081899725,0,0,0.18989733,0,0,0.054169517,0
17165,0,0.0093332715,0,0,0.07243855,0,1,0.9614868,1,1,0.24471131,0,0,0.14272784,0
17178,1,0.9230571,1,0,0.008420921,0,0,0.02597955,0,0,0.011627978,0,0,0.022357672,0
17180,0,0.0052438886,0,0,0.18581341,0,0,0.3125955,0,1,0.93662006,1,0,0.0961682,0
17189,0,0.007741155,0,1,0.86750245,1,0,0.16321209,0,0,0.26110178,0,1,0.41830236,1
17191,1,0.57915515,1,0,0.26049954,0,0,0.07386539,0,0,0.087738656,0,0,0.081674,0
17193,1,0.58941424,1,0,0.07331381,0,0,0.1375463,0,0,0.25417536,0,0,0.06671219,0
17201,1,0.8269251,1,0,0.013752587,0,0,0.1420575,0,0,0.029217327,0,0,0.048119895,0
17204,1,0.85055715,1,0,0.014844356,0,0,0.073078126,0,0,0.047149803,0,0,0.039728105,0
17211,0,0.12747633,0,1,0.43684497,1,0,0.07005635,0,0,0.47078115,1,0,0.07723399,0
17217,0,0.0093000345,0,0,0.8825754,1,0,0.089463085,0,1,0.20912726,0,0,0.32485154,1
17220,0,0.3651141,0,1,0.5571492,1,0,0.14022033,0,0,0.11185111,0,0,0.17231576,0
17225,0,0.62879205,1,0,0.15427098,0,1,0.17744297,0,0,0.20320901,0,0,0.13752036,0
17227,0,0.1300302,0,1,0.6216062,1,1,0.11327927,0,0,0.25377336,0,0,0.1288704,0
17238,1,0.8841708,1,0,0.009145026,0,0,0.029000321,0,0,0.047174703,0,0,0.021053433,0
17243,1,0.8745425,1,0,0.019113664,0,0,0.037473835,0,0,0.028140634,0,0,0.03199533,0
17246,1,0.95488507,1,0,0.0052779783,0,0,0.015777243,0,0,0.0045359703,0,0,0.018062536,0
17248,0,0.057495523,0,0,0.08846982,0,1,0.7202966,1,1,0.59845674,1,0,0.11794527,0
17249,1,0.88541794,1,0,0.010217113,0,0,0.052974008,0,0,0.028895475,0,0,0.031707183,0
17251,0,0.024251927,0,1,0.813534,1,0,0.15515943,0,0,0.20470981,0,1,0.27603576,1
17253,0,0.7851457,1,0,0.022106288,0,1,0.17620236,0,0,0.035267055,0,0,0.059353516,0
17254,0,0.05812601,0,0,0.13295673,0,1,0.7409252,1,1,0.5763652,1,0,0.1532588,0
17269,0,0.017351534,0,0,0.03679213,0,1,0.97478694,1,0,0.11361462,0,1,0.1397162,0
17275,0,0.32036737,0,0,0.33947292,0,1,0.2862397,0,0,0.17408271,0,0,0.13753144,0
17276,0,0.028063264,0,1,0.44115397,1,0,0.15684627,0,1,0.7643862,1,0,0.1559178,0
17288,0,0.0011098762,0,1,0.78720754,1,0,0.44443122,1,1,0.5887669,1,1,0.5111117,1
17289,1,0.5929895,1,0,0.29871136,0,0,0.0937958,0,0,0.071743,0,0,0.112285875,0
17291,0,0.85079515,1,0,0.02921995,0,0,0.051733468,0,0,0.036194656,0,1,0.04472193,0
17306,0,0.28418344,0,1,0.5040543,1,0,0.20699878,0,0,0.18094853,0,0,0.15887342,0
17311,1,0.8482534,1,0,0.03696068,0,0,0.06004597,0,0,0.037465755,0,0,0.057381306,0
17316,0,0.04284951,0,1,0.6833292,1,0,0.101781115,0,0,0.37638223,1,0,0.1571897,0
17317,1,0.73357284,1,0,0.06956029,0,0,0.153853,0,0,0.047519114,0,0,0.085243925,0
17324,1,0.04704086,0,0,0.8008002,1,0,0.07302703,0,0,0.1419268,0,0,0.16317922,0
17325,0,0.33544716,0,0,0.124246255,0,0,0.23189841,0,0,0.5440226,1,1,0.101375505,0
17328,1,0.84860396,1,0,0.03264403,0,0,0.05434087,0,0,0.032844476,0,0,0.047999714,0
17331,1,0.62475324,1,0,0.14773406,0,0,0.122150496,0,0,0.14308141,0,0,0.09131913,0
17336,0,0.09608743,0,1,0.6346304,1,1,0.14187868,0,0,0.2132349,0,0,0.12420406,0
17351,0,0.0022755999,0,1,0.5671617,1,1,0.7080725,1,1,0.6581031,1,1,0.37597618,1
17354,1,0.42603704,0,0,0.36068803,1,0,0.12994042,0,0,0.15402062,0,0,0.10954443,0
17358,1,0.88716686,1,0,0.019112976,0,0,0.05248728,0,0,0.023929052,0,0,0.045706727,0
17360,0,0.006001556,0,0,0.70255256,1,0,0.3328898,0,1,0.63472295,1,0,0.3711859,1
17370,1,0.60379183,1,0,0.0911575,0,0,0.12377348,0,0,0.22445041,0,0,0.071652375,0
17374,0,0.0075436844,0,1,0.88328594,1,0,0.12614392,0,0,0.21045078,0,1,0.3828865,1
17375,1,0.89794236,1,0,0.012497718,0,0,0.03584019,0,0,0.024975162,0,0,0.029920897,0
17387,0,0.2897027,0,0,0.48817733,1,0,0.10967889,0,1,0.17540574,0,0,0.102802835,0
17394,0,0.4704464,1,0,0.10010635,0,1,0.09909141,0,1,0.4194455,1,0,0.063101836,0
17405,0,0.48774236,1,0,0.0767173,0,1,0.33662215,0,0,0.2355465,0,0,0.095858835,0
17411,1,0.79633325,1,0,0.028739564,0,0,0.08652049,0,0,0.08670641,0,0,0.051511772,0
17415,0,0.03792514,0,1,0.73784465,1,0,0.09600061,0,0,0.31513217,0,0,0.17973268,0
17416,0,0.0010994892,0,1,0.48154697,1,0,0.44858444,1,1,0.90012133,1,1,0.2679435,1
17421,0,0.028713953,0,0,0.15706113,0,1,0.8929235,1,1,0.3870672,1,0,0.17878588,0
17424,1,0.86464405,1,0,0.0097957,0,0,0.07718527,0,0,0.037768397,0,0,0.035405234,0
17436,1,0.6922881,1,0,0.039651748,0,0,0.05548647,0,0,0.204245,0,0,0.038707078,0
17442,1,0.589692,1,0,0.19708417,0,0,0.18844926,0,0,0.1265857,0,0,0.1264438,0
17453,1,0.93430847,1,0,0.005147702,0,0,0.019849537,0,0,0.01640034,0,0,0.017977081,0
17456,0,0.37943214,0,0,0.28598428,0,0,0.17320946,0,1,0.29764777,0,0,0.111522,0
17458,1,0.9649146,1,0,0.003089407,0,0,0.014510261,0,0,0.003978746,0,0,0.01603148,0
17459,1,0.70160127,1,0,0.0912741,0,0,0.1594405,0,0,0.10669175,0,0,0.101989135,0
17464,0,0.05963737,0,0,0.32590058,0,0,0.27113113,0,1,0.73354524,1,0,0.16674411,0
17466,0,0.0010879474,0,0,0.36938873,1,1,0.828338,1,1,0.7842933,1,0,0.2131817,1
17471,0,0.08391109,0,1,0.5885458,1,0,0.062734544,0,0,0.38953426,1,0,0.089241855,0
17479,1,0.9062195,1,0,0.010295674,0,0,0.033759613,0,0,0.026058802,0,0,0.02891781,0
17482,0,0.017993683,0,0,0.09371217,0,1,0.21312095,0,1,0.93297386,1,0,0.055242512,0
17484,0,0.02700458,0,0,0.09352809,0,0,0.075650066,0,1,0.9158411,1,0,0.03469512,0
17491,1,0.21474504,0,0,0.044588782,0,0,0.84251726,1,0,0.100931525,0,0,0.13436738,0
17509,0,0.20909344,0,0,0.52702796,1,0,0.15792717,0,0,0.3002175,0,1,0.13933234,0
17517,0,0.009208844,0,1,0.840002,1,0,0.10240536,0,1,0.33359784,0,1,0.2916499,1
17519,0,0.3745828,0,0,0.10187384,0,0,0.16596626,0,1,0.5265922,1,0,0.079665065,0
17523,1,0.5643362,1,0,0.06226765,0,1,0.29732615,0,0,0.26835212,0,0,0.10763066,0
17525,1,0.796697,1,0,0.04848973,0,0,0.079437554,0,0,0.07311706,0,0,0.06503105,0
17527,1,0.83254,1,0,0.021786546,0,0,0.08541566,0,0,0.048070353,0,0,0.048948146,0
17528,1,0.6736199,1,0,0.070313945,0,0,0.16881329,0,0,0.15733226,0,0,0.087101504,0
17531,0,0.0012346555,0,1,0.8106392,1,0,0.39357224,1,0,0.5568007,1,0,0.51930606,1
17535,0,0.019161334,0,1,0.7636698,1,0,0.13110581,0,1,0.39400798,1,1,0.25171414,1
17538,0,0.032718435,0,1,0.66986156,1,0,0.19029245,0,0,0.48999542,1,0,0.24442063,1
17540,1,0.56234884,1,0,0.069457665,0,0,0.23355885,0,0,0.2849648,0,0,0.0940077,0
17542,1,0.7281403,1,0,0.03077781,0,0,0.12861949,0,0,0.17283921,0,0,0.06249243,0
17548,0,0.048855297,0,0,0.6735228,1,0,0.37275952,1,0,0.21947177,0,1,0.25070697,1
17549,0,0.005595406,0,1,0.23627183,0,0,0.3264527,0,1,0.9274913,1,0,0.1266248,0
17550,1,0.72010237,1,0,0.0830695,0,0,0.17452092,0,0,0.09399552,0,0,0.1106082,0
17554,0,0.14159314,0,0,0.09733831,0,0,0.32204628,0,0,0.70782685,1,1,0.083000265,0
17557,0,0.015042333,0,0,0.6386489,1,1,0.41555348,1,0,0.53382003,1,0,0.3141973,1
17558,0,0.071434446,0,0,0.25220767,0,0,0.1445239,0,1,0.76734644,1,0,0.114037976,0
17561,1,0.81076,1,0,0.055318948,0,0,0.06531344,0,0,0.049086124,0,0,0.063192025,0
17576,1,0.86129236,1,0,0.006758407,0,0,0.05106016,0,0,0.064521745,0,0,0.023058807,0
17577,1,0.84638536,1,0,0.038171552,0,0,0.046943676,0,0,0.03059435,0,0,0.046311937,0
17591,0,0.037666176,0,0,0.77247924,1,1,0.18385036,0,0,0.16570947,0,0,0.23654589,1
17617,0,0.8399817,1,0,0.008412727,0,1,0.057484277,0,0,0.07805479,0,0,0.025034474,0
17618,0,0.6079529,1,0,0.2346501,0,1,0.13300627,0,0,0.114589505,0,1,0.12185334,0
17622,1,0.59119016,1,0,0.22670093,0,0,0.071047135,0,0,0.09803959,0,0,0.080900766,0
17626,0,0.028269175,0,1,0.72925395,1,0,0.14180575,0,1,0.3383291,0,0,0.20410064,1
17628,1,0.9496488,1,0,0.0020878809,0,0,0.029363299,0,0,0.008731163,0,0,0.016470779,0
17630,1,0.9415013,1,0,0.0024799353,0,0,0.036184385,0,0,0.00993852,0,0,0.018489854,0
17634,0,0.019046525,0,0,0.716955,1,1,0.28027278,0,1,0.4759092,1,0,0.34929648,1
17637,0,0.021542303,0,1,0.75079614,1,1,0.31383505,0,0,0.2757241,0,0,0.32230604,1
17644,0,0.07874488,0,0,0.02092297,0,1,0.9496093,1,0,0.084136076,0,0,0.111278266,0
17645,1,0.92566997,1,0,0.00464022,0,0,0.047462337,0,0,0.014620767,0,0,0.026890047,0
17648,0,0.8842424,1,1,0.018006215,0,0,0.040016107,0,0,0.03365447,0,0,0.037635922,0
17652,0,0.07970456,0,0,0.7482874,1,0,0.05861715,0,0,0.12731272,0,1,0.112068705,0
17653,0,0.0022033395,0,1,0.7634922,1,0,0.4257218,1,0,0.5641777,1,0,0.46538627,1
17662,0,0.07061532,0,1,0.7027667,1,0,0.086710826,0,0,0.25609517,0,1,0.14466415,0
17669,0,0.0032954407,0,1,0.9072085,1,0,0.16443504,0,0,0.1923601,0,1,0.47989145,1
17670,0,0.0029218658,0,0,0.1793569,0,1,0.9363362,1,1,0.61908627,1,0,0.15353969,0
17671,1,0.67578363,1,0,0.14406283,0,0,0.11372035,0,0,0.102295294,0,0,0.09937261,0
17686,1,0.92620426,1,0,0.0028948972,0,0,0.05645595,0,0,0.011143137,0,0,0.022052785,0
17692,1,0.85643613,1,0,0.027902441,0,0,0.04102599,0,0,0.03603609,0,0,0.0386422,0
17703,1,0.93657464,1,0,0.004399265,0,0,0.027765397,0,0,0.011963082,0,0,0.020179553,0
17704,0,0.27540466,0,0,0.043529294,0,1,0.62126786,1,0,0.25839078,0,0,0.094992556,0
17712,0,0.23596223,0,1,0.5830484,1,0,0.0861817,0,0,0.16377021,0,0,0.109012075,0
17722,0,0.088696495,0,0,0.10040062,0,1,0.8518879,1,0,0.25800335,0,0,0.16100073,0
17724,0,0.014223462,0,0,0.03232592,0,1,0.9711357,1,0,0.19019413,0,0,0.11497287,0
17734,1,0.90658504,1,0,0.0056830123,0,0,0.04128797,0,0,0.03184606,0,0,0.024516238,0
17739,1,0.90948117,1,0,0.009914245,0,0,0.03779265,0,0,0.025652139,0,0,0.032593828,0
17741,1,0.7161325,1,0,0.026593294,0,0,0.04819232,0,0,0.2008002,0,0,0.031056069,0
17744,0,0.004066664,0,0,0.21719883,0,0,0.25199482,0,1,0.94607085,1,0,0.10653162,0
17752,1,0.9360558,1,0,0.0042961193,0,0,0.032093946,0,0,0.011732326,0,0,0.021737,0
17756,1,0.5680918,1,0,0.36741894,1,0,0.07260995,0,0,0.04944216,0,0,0.09179317,0
17759,0,0.021203103,0,0,0.58425325,1,0,0.120796785,0,1,0.68025905,1,1,0.15612923,0
17761,1,0.97075045,1,0,0.00086777756,0,0,0.016575392,0,0,0.004111083,0,0,0.010124528,0
17762,1,0.80172247,1,0,0.015682017,0,0,0.060294162,0,0,0.12264222,0,0,0.033119578,0
17763,0,0.0020983056,0,1,0.84933126,1,0,0.25654265,0,0,0.5122981,1,1,0.54609203,1
17769,0,0.0038062187,0,1,0.71115977,1,0,0.19061784,0,1,0.7454545,1,1,0.33843818,1
17773,1,0.810003,1,0,0.01841246,0,0,0.13404788,0,0,0.05692152,0,0,0.0561266,0
17781,0,0.0022061886,0,1,0.9325206,1,0,0.087632425,0,0,0.23223151,0,1,0.544525,1
17785,0,0.050520223,0,0,0.06751126,0,1,0.75138956,1,1,0.59443563,1,0,0.11256424,0
17788,1,0.7766689,1,0,0.078466244,0,0,0.063409716,0,0,0.04737305,0,0,0.061680652,0
17795,0,0.0048985393,0,1,0.19238299,0,1,0.9162242,1,0,0.6304435,1,0,0.15438475,0
17802,0,0.001061401,0,1,0.32355762,0,1,0.91001487,1,1,0.68998146,1,1,0.209119,1
17803,1,0.761016,1,0,0.034331314,0,0,0.10140041,0,0,0.10206609,0,0,0.05339324,0
17809,0,0.012955072,0,0,0.21598765,0,1,0.6662943,1,1,0.7987759,1,0,0.13182846,0
17817,1,0.7656617,1,0,0.06879428,0,0,0.1572172,0,0,0.06659721,0,0,0.10994401,0
17823,0,0.0053516356,0,1,0.46031532,1,1,0.83554286,1,1,0.40416765,1,1,0.35189623,1
17826,0,0.0170234,0,0,0.26155245,0,1,0.9059504,1,0,0.2926703,0,0,0.19893385,0
17830,0,0.07265871,0,1,0.69460255,1,0,0.17631412,0,0,0.22326398,0,1,0.18220256,0
17840,0,0.2430674,0,1,0.5899093,1,0,0.041213397,0,0,0.11236989,0,0,0.069903776,0
17843,0,0.36679047,0,1,0.49676546,1,0,0.084085956,0,0,0.106503755,0,0,0.09579811,0
17850,1,0.9443229,1,0,0.0029338358,0,0,0.01846008,0,0,0.016603319,0,0,0.014906903,0
17851,0,0.008883703,0,1,0.73547703,1,0,0.26164487,0,0,0.49021465,1,0,0.30579135,1
17854,0,0.02714089,0,1,0.74055,1,0,0.30964902,0,0,0.24851477,0,0,0.2952457,1
17856,0,0.7613991,1,0,0.03748438,0,0,0.14461921,0,0,0.10678793,0,1,0.07725743,0
17861,1,0.6185209,1,0,0.049344726,0,0,0.41848704,1,0,0.08672387,0,0,0.11649943,0
17864,1,0.06549868,0,0,0.4346893,1,0,0.24780183,0,0,0.5221729,1,0,0.11435564,0
17880,1,0.8562493,1,0,0.0075350823,0,0,0.07608108,0,0,0.047470443,0,0,0.029231956,0
17887,1,0.20722257,0,0,0.53441167,1,0,0.14560623,0,0,0.27553988,0,0,0.13928096,0
17891,1,0.74774283,1,0,0.057307523,0,0,0.17913951,0,0,0.07178134,0,0,0.100837566,0
17895,1,0.7837305,1,0,0.030800307,0,0,0.0826137,0,0,0.13419947,0,0,0.057380352,0
17899,1,0.8115356,1,0,0.0297569,0,1,0.1404388,0,0,0.04536407,0,0,0.07581368,0
17909,0,0.6612623,1,0,0.051177286,0,1,0.32924291,0,0,0.0862777,0,0,0.11025909,0
17913,0,0.06207176,0,0,0.18510039,0,0,0.08626039,0,1,0.80561405,1,0,0.05473345,0
17914,0,0.004051143,0,0,0.15146576,0,1,0.9171146,1,1,0.71078897,1,0,0.14307688,0
17918,1,0.9428838,1,0,0.002738632,0,0,0.03420197,0,0,0.00923443,0,0,0.018967595,0
17921,1,0.91257733,1,0,0.0052790446,0,0,0.033326562,0,0,0.020291002,0,0,0.019161636,0
17926,1,0.9445723,1,0,0.004882263,0,0,0.021169921,0,0,0.010875073,0,0,0.020543821,0
17932,0,0.056687206,0,0,0.14643368,0,1,0.87423605,1,1,0.2197256,0,0,0.16360837,0
17933,1,0.88665855,1,0,0.013331067,0,0,0.030685501,0,0,0.035116505,0,0,0.026293343,0
17941,1,0.58923537,1,0,0.21113236,0,0,0.07771938,0,0,0.11420355,0,0,0.07828971,0
17945,0,0.5752364,1,1,0.33345547,0,0,0.09209069,0,0,0.06624651,0,0,0.10502479,0
17949,0,0.08031026,0,1,0.63356394,1,0,0.32392627,0,0,0.22496788,0,0,0.23443323,1
17952,0,0.051727913,0,1,0.65940386,1,0,0.32819214,0,0,0.29106703,0,0,0.23748541,1
17953,0,0.034786284,0,0,0.18776543,0,1,0.91003394,1,0,0.21122438,0,0,0.20026965,1
17954,0,0.017210357,0,0,0.11141989,0,1,0.9590948,1,0,0.18418683,0,0,0.17891392,0
17966,0,0.16801895,0,1,0.6699581,1,0,0.04484384,0,0,0.11863816,0,0,0.089110635,0
17968,0,0.26679963,0,0,0.038007136,0,1,0.7498707,1,0,0.13990597,0,0,0.10797845,0
17986,0,0.20451994,0,0,0.47652137,1,0,0.095585324,0,1,0.32860056,0,0,0.09738592,0
17990,0,0.5576416,1,0,0.03640126,0,1,0.33977714,0,0,0.18124019,0,0,0.07350846,0
17995,0,0.011198932,0,1,0.8664833,1,1,0.13994631,0,0,0.20097862,0,1,0.35786703,1
17999,0,0.03117642,0,0,0.13474835,0,1,0.94149643,1,0,0.14923315,0,0,0.19918594,0
18013,0,0.03870432,0,0,0.29796022,0,0,0.33366993,0,1,0.80061686,1,0,0.15105504,0
18014,1,0.7626858,1,0,0.02736962,0,0,0.08157533,0,0,0.16698112,0,0,0.05093767,0
18015,0,0.020286113,0,0,0.73501545,1,0,0.15705338,0,1,0.4120271,1,0,0.22736478,1
18021,0,0.43899235,0,0,0.13087545,0,0,0.122184314,0,1,0.4449876,1,0,0.07852201,0
18025,0,0.6471708,1,0,0.093681365,0,0,0.09394469,0,1,0.18284735,0,0,0.069602355,0
18029,0,0.0028414798,0,1,0.86252236,1,0,0.18078426,0,0,0.5023971,1,1,0.5424118,1
18030,0,0.16439404,0,0,0.61067325,1,0,0.12326698,0,0,0.22980075,0,1,0.1448434,0
18033,0,0.010073778,0,1,0.15884817,0,1,0.93108684,1,1,0.42759228,1,0,0.18439622,0
18034,0,0.0007782132,0,1,0.9112616,1,0,0.27631098,0,0,0.32006782,0,1,0.6276438,1
18035,0,0.004859347,0,0,0.50707847,1,1,0.71980965,1,0,0.526054,1,0,0.221691,1
18041,1,0.7803038,1,0,0.05330401,0,0,0.09460563,0,0,0.07486415,0,0,0.06993628,0
18049,0,0.008953009,0,0,0.18280405,0,0,0.80075985,1,1,0.77710783,1,0,0.13362068,0
18052,0,0.03275019,0,0,0.07452148,0,1,0.31290552,0,1,0.89666206,1,1,0.061384145,0
18060,1,0.69556767,1,0,0.11158719,0,0,0.13683344,0,0,0.09102817,0,0,0.09843837,0
18066,0,0.8356484,1,0,0.020548258,0,0,0.05633997,0,0,0.05731735,0,1,0.03654562,0
18070,0,0.23016554,0,1,0.53536725,1,0,0.0639426,0,0,0.20504472,0,0,0.0855399,0
18071,0,0.015812788,0,1,0.54434466,1,1,0.7396469,1,0,0.24313459,0,0,0.27274457,1
18079,1,0.63243014,1,0,0.1952176,0,0,0.0872221,0,0,0.08648006,0,0,0.08403568,0
18080,0,0.11027975,0,1,0.7329571,1,0,0.06771503,0,0,0.1184591,0,0,0.12342993,0
18087,1,0.92401016,1,0,0.008462239,0,0,0.03129678,0,0,0.013579524,0,0,0.026988775,0
18100,0,0.03885291,0,1,0.7663113,1,0,0.06394862,0,0,0.2433529,0,0,0.14753608,0
18104,1,0.8158424,1,0,0.014236037,0,0,0.034688197,0,0,0.10087635,0,0,0.02274629,0
18109,1,0.5631399,1,0,0.16997074,0,0,0.23049267,0,0,0.25434962,0,0,0.1468981,0
18114,1,0.8483316,1,0,0.009400753,0,0,0.05113337,0,0,0.07622579,0,0,0.026586017,0
18120,1,0.851247,1,0,0.008426278,0,0,0.06877532,0,0,0.065354615,0,0,0.029940456,0
18123,0,0.8765799,1,0,0.0076937582,0,1,0.08856929,0,0,0.023867412,0,0,0.034672786,0
18128,1,0.8905081,1,0,0.009280132,0,0,0.049632214,0,0,0.03830509,0,0,0.032373693,0
18131,0,0.001384113,0,0,0.3103614,0,1,0.905425,1,1,0.69566345,1,0,0.20686556,1
18133,1,0.92350775,1,0,0.006705359,0,0,0.037983865,0,0,0.015167416,0,0,0.027699074,0
18135,1,0.9398511,1,0,0.0053503565,0,0,0.03364729,0,0,0.009480468,0,0,0.026535606,0
18144,0,0.45934933,1,0,0.041237313,0,0,0.051137775,0,1,0.49747437,1,0,0.031283755,0
18148,1,0.9686683,1,0,0.0012538717,0,0,0.011983536,0,0,0.004816317,0,0,0.009526408,0
18151,1,0.9259408,1,0,0.003545302,0,0,0.033894777,0,0,0.02281452,0,0,0.019683566,0
18157,0,0.003960611,0,0,0.66833514,1,1,0.4342695,1,1,0.67074275,1,0,0.3786026,1
18159,0,0.019560616,0,0,0.6718217,1,0,0.15102516,0,1,0.51181126,1,0,0.18224183,0
18161,1,0.4358943,0,0,0.42085794,1,0,0.07842457,0,0,0.14351285,0,0,0.09890176,0
18162,0,0.0061328784,0,1,0.6554177,1,0,0.16813365,0,0,0.76715285,1,1,0.2867619,1
18166,0,0.0494267,0,1,0.62362736,1,0,0.12164421,0,0,0.41952345,1,0,0.13234946,0
18167,1,0.836556,1,0,0.017506285,0,0,0.07186033,0,0,0.06875782,0,0,0.04258449,0
18168,1,0.1972348,0,0,0.6790244,1,0,0.07257315,0,0,0.0970606,0,0,0.120402515,0
18174,1,0.7072224,1,0,0.015650641,0,0,0.28366977,0,0,0.065162875,0,0,0.056088794,0
18175,1,0.9194716,1,0,0.01495474,0,0,0.028143387,0,0,0.012261512,0,0,0.032979924,0
18176,0,0.03354347,0,0,0.19974722,0,1,0.90198815,1,0,0.18065238,0,0,0.17353147,0
18177,1,0.68369955,1,0,0.1078271,0,0,0.13751292,0,0,0.12430346,0,0,0.096862406,0
18187,1,0.9375215,1,0,0.0021415488,0,0,0.014831503,0,0,0.023691319,0,0,0.009735801,0
18199,1,0.87519246,1,0,0.019311324,0,0,0.05322854,0,0,0.03204728,0,0,0.043308694,0
18202,0,0.103020005,0,0,0.113653064,0,1,0.8454444,1,0,0.14867261,0,0,0.15214598,0
18204,1,0.418221,0,0,0.20969687,0,0,0.08138811,0,0,0.31744343,0,0,0.071082786,0
18207,1,0.86133707,1,0,0.018960316,0,0,0.057114407,0,0,0.042544108,0,0,0.04191817,0
18208,1,0.70996726,1,0,0.02174563,0,0,0.07232975,0,0,0.2395166,0,0,0.03752328,0
18214,1,0.93716216,1,0,0.0056578103,0,0,0.023803363,0,0,0.01221778,0,0,0.021549797,0
18220,0,0.021183545,0,0,0.021752002,0,1,0.9749215,1,0,0.13867609,0,0,0.1131093,0
18223,0,0.09296432,0,0,0.41371402,1,0,0.0872577,0,1,0.57775474,1,0,0.08798529,0
18225,0,0.0048415805,0,1,0.8741659,1,0,0.11515914,0,1,0.32371268,0,1,0.3812833,1
18238,0,0.1621878,0,0,0.28484133,0,0,0.20847133,0,1,0.61469585,1,0,0.1204795,0
18240,0,0.29829723,0,0,0.07514099,0,1,0.6843206,1,0,0.16934185,0,0,0.12725192,0
18250,0,0.0013489472,0,0,0.22308163,0,1,0.89236116,1,1,0.8035876,1,0,0.16634984,0
18255,0,0.021522732,0,1,0.8364355,1,0,0.0570879,0,0,0.18196736,0,0,0.17631376,0
18267,1,0.28895694,0,0,0.094942145,0,0,0.09045273,0,0,0.6149534,1,0,0.048884917,0
18268,1,0.9363264,1,0,0.0020256254,0,0,0.025688138,0,0,0.018872477,0,0,0.012975137,0
18269,0,0.008709791,0,1,0.15974097,0,1,0.6686504,1,1,0.85418904,1,0,0.105341345,0
18272,1,0.8075776,1,0,0.0088157,0,1,0.056640398,0,0,0.11636526,0,0,0.02342573,0
18274,1,0.945504,1,0,0.002836929,0,0,0.026341267,0,0,0.009707399,0,0,0.016885165,0
18282,0,0.098282315,0,1,0.6636044,1,0,0.13563624,0,0,0.2627847,0,1,0.16678207,0
18283,0,0.23394006,0,0,0.15849671,0,0,0.13350707,0,1,0.6363913,1,0,0.07308183,0
18285,1,0.9082534,1,0,0.018894471,0,0,0.040955547,0,0,0.013918914,0,0,0.043413628,0
18296,0,0.014297825,0,1,0.8881992,1,0,0.07537384,0,0,0.11531357,0,0,0.2800895,1
18300,1,0.89773995,1,0,0.005772078,0,0,0.026966715,0,0,0.046236187,0,0,0.017736582,0
18311,1,0.96115357,1,0,0.0016283334,0,0,0.017148864,0,0,0.0075360597,0,0,0.012512286,0
18322,1,0.6876106,1,0,0.036579046,0,0,0.3031779,0,0,0.06440308,0,0,0.088474795,0
18330,1,0.43345547,0,0,0.0393298,0,0,0.04931219,0,0,0.5131371,1,0,0.027324602,0
18333,1,0.93647075,1,0,0.0031043314,0,0,0.03710907,0,0,0.011181569,0,0,0.019993376,0
18335,1,0.7628535,1,0,0.04900309,0,0,0.09341234,0,0,0.10660055,0,0,0.06495309,0
18342,1,0.6664526,1,0,0.08433408,0,0,0.09279546,0,0,0.16735266,0,0,0.06614055,0
18344,0,0.012055387,0,0,0.024887431,0,1,0.9501022,1,1,0.30660123,0,0,0.10025654,0
18345,0,0.44104162,0,0,0.23048073,0,0,0.15955359,0,1,0.3197391,0,0,0.11294349,0
18353,0,0.008040989,0,0,0.76104385,1,0,0.4175379,1,0,0.30299467,0,1,0.36397153,1
18363,0,0.042113822,0,1,0.07904818,0,0,0.22966735,0,1,0.8948466,1,0,0.057127018,0
18370,1,0.6615492,1,0,0.012695425,0,1,0.36359945,1,0,0.07310224,0,0,0.053277608,0
18377,1,0.45688555,1,0,0.38595426,1,0,0.08036734,0,0,0.12592487,0,0,0.09358459,0
18379,1,0.86164796,1,0,0.009827099,0,0,0.037001044,0,0,0.075098,0,0,0.024793442,0
18390,1,0.21050459,0,0,0.07153278,0,1,0.77164114,1,0,0.079915054,0,0,0.120158166,0
18394,1,0.93381625,1,0,0.0024555929,0,0,0.017173095,0,0,0.025078058,0,0,0.011198357,0
18396,0,0.020127546,0,0,0.028995918,0,1,0.9724512,1,0,0.14846694,0,0,0.12390406,0
18403,0,0.8119705,1,1,0.04020656,0,0,0.04440431,0,0,0.053713404,0,1,0.041112427,0
18404,1,0.8513525,1,0,0.0069721825,0,0,0.021708824,0,0,0.088175856,0,0,0.014022218,0
18405,0,0.8450032,1,0,0.0052917474,0,1,0.15082577,0,0,0.019143412,0,0,0.029818147,0
18413,0,0.018651288,0,0,0.773465,1,0,0.22596318,0,1,0.29907316,0,0,0.29367527,1
18416,1,0.59578896,1,0,0.022181347,0,0,0.07806464,0,0,0.35368326,1,0,0.031377167,0
18419,1,0.885782,1,0,0.010148775,0,1,0.053684548,0,0,0.023527138,0,0,0.030117333,0
18425,0,0.02994818,0,1,0.8223308,1,0,0.071823925,0,0,0.15672378,0,0,0.16902417,0
18445,0,0.0070620994,0,1,0.52002585,1,1,0.7734457,1,0,0.3764278,1,0,0.25301296,1
18446,1,0.8503693,1,0,0.047718473,0,0,0.05575738,0,0,0.025176892,0,0,0.061244514,0
18449,1,0.91470873,1,0,0.004174308,0,0,0.03797397,0,0,0.020736044,0,0,0.018920608,0
18454,0,0.6319442,1,0,0.019046528,0,1,0.17634296,0,0,0.188999,0,0,0.040792532,0
18455,0,0.0009573135,0,0,0.24867165,0,1,0.9445769,1,1,0.6542034,1,0,0.16997819,0
18457,0,0.008382019,0,0,0.13235992,0,1,0.9458178,1,1,0.44481727,1,1,0.17739476,0
18458,0,0.7913475,1,0,0.037594933,0,1,0.097386226,0,0,0.09480155,0,0,0.066230126,0
18472,1,0.9611019,1,0,0.0018427506,0,0,0.013924531,0,0,0.008910238,0,0,0.0121766785,0
18475,0,0.5554832,1,0,0.1986199,0,1,0.2589922,0,0,0.13079995,0,0,0.14489526,0
18478,0,0.019579707,0,1,0.25401226,0,1,0.7973893,1,1,0.6296869,1,0,0.18923831,0
18480,0,0.025154462,0,1,0.7409529,1,0,0.14313069,0,0,0.35704774,1,0,0.20866328,1
18481,0,0.007105415,0,0,0.31795442,0,1,0.8921719,1,0,0.45420977,1,0,0.18346308,0
18482,0,0.060140315,0,1,0.6936877,1,0,0.104408726,0,0,0.30441803,0,0,0.1553022,0
18491,1,0.08754921,0,0,0.71490234,1,0,0.08406407,0,0,0.16673699,0,0,0.12810165,0
18497,0,0.0008228567,0,1,0.6378273,1,0,0.5509569,1,1,0.7734702,1,0,0.35815984,1
18509,1,0.89456236,1,0,0.008684069,0,0,0.02572785,0,0,0.035019312,0,0,0.019596647,0
18514,1,0.914895,1,0,0.00596954,0,0,0.02550319,0,0,0.027957289,0,0,0.019132057,0
18516,0,0.07180873,0,0,0.3866919,1,1,0.32839993,0,1,0.6142751,1,0,0.16136041,0
18522,1,0.5172174,1,0,0.38505644,1,0,0.068280935,0,0,0.058020033,0,0,0.0847123,0
18546,0,0.0120312,0,1,0.5780897,1,0,0.40297657,1,1,0.6670521,1,0,0.27308524,1
18549,0,0.8059073,1,0,0.03995434,0,1,0.07891415,0,0,0.060504165,0,0,0.05824519,0
18550,0,0.09561932,0,1,0.7180365,1,0,0.04127346,0,0,0.13927509,0,1,0.08439592,0
18563,1,0.6600858,1,0,0.026616447,0,0,0.104420416,0,0,0.26931316,0,0,0.04573269,0
18569,0,0.002379475,0,0,0.47744834,1,1,0.82009995,1,1,0.57304263,1,0,0.26296422,1
18570,0,0.033508554,0,0,0.71632797,1,0,0.16236375,0,1,0.37299678,1,0,0.21759199,1
18572,1,0.7574227,1,0,0.023648206,0,0,0.24236025,0,0,0.06529877,0,0,0.082051,0
18573,0,0.1608516,0,0,0.59243894,1,0,0.09435242,0,1,0.27654442,0,0,0.117135644,0
18579,1,0.95212525,1,0,0.0038299155,0,0,0.017208744,0,0,0.007773037,0,0,0.01665914,0
18584,0,0.5708163,1,0,0.15737829,0,0,0.072081864,0,1,0.18051948,0,0,0.06813886,0
18588,1,0.5440594,1,0,0.06105167,0,1,0.29162595,0,0,0.17602064,0,0,0.07832862,0
18591,0,0.0037427205,0,0,0.88486326,1,0,0.15281783,0,1,0.30481976,0,0,0.4543399,1
18596,0,0.008651426,0,0,0.5347831,1,1,0.72121334,1,1,0.4733758,1,0,0.2914366,1
18601,1,0.9325052,1,0,0.005406464,0,0,0.028786067,0,0,0.013157255,0,0,0.022204826,0
18602,0,0.0033587485,0,0,0.1417467,0,1,0.64083487,1,1,0.9195828,1,0,0.09002902,0
18615,0,0.085974954,0,1,0.5033463,1,0,0.29860702,0,0,0.43183059,1,0,0.15664889,0
18619,0,0.0016467151,0,1,0.4182069,1,0,0.70095545,1,1,0.8121386,1,1,0.28886184,1
18622,1,0.8508768,1,0,0.017993283,0,0,0.05903871,0,0,0.052873567,0,0,0.03943126,0
18630,1,0.5786944,1,0,0.37120304,1,0,0.049894854,0,0,0.04052097,0,0,0.0756327,0
18636,0,0.0008844108,0,0,0.42372862,1,1,0.8631214,1,1,0.67349476,1,0,0.23639883,1
18645,0,0.015975269,0,0,0.23183613,0,1,0.80468386,1,1,0.6219949,1,0,0.1457976,0
18663,0,0.005425798,0,0,0.9299811,1,0,0.04797228,0,1,0.11245757,0,0,0.3261465,1
18665,0,0.004170371,0,0,0.29240793,0,1,0.9295038,1,0,0.44031692,1,0,0.22941558,1
18666,1,0.8595878,1,0,0.013489637,0,0,0.076975495,0,0,0.028459221,0,0,0.037701495,0
18667,1,0.9365273,1,0,0.0060183425,0,0,0.03332424,0,0,0.009973287,0,0,0.026778538,0
18668,0,0.012455505,0,0,0.078120604,0,1,0.9579175,1,1,0.22198178,0,0,0.17580241,0
18678,0,0.004347471,0,1,0.40922457,1,1,0.79129344,1,0,0.61167514,1,0,0.19339013,0
18682,1,0.966279,1,0,0.0012614573,0,0,0.013684843,0,0,0.005585423,0,0,0.009927721,0
18683,0,0.0051087,0,0,0.43136293,1,0,0.4848293,1,1,0.84769833,1,0,0.25136757,1
18684,1,0.9146,1,0,0.0071785646,0,0,0.025269412,0,0,0.025308,0,0,0.020740664,0
18693,0,0.009328582,0,0,0.16655156,0,0,0.2138437,0,1,0.9376826,1,0,0.08421246,0
18699,1,0.90948385,1,0,0.007365491,0,0,0.03318923,0,0,0.025106601,0,0,0.023818266,0
18700,0,0.010357364,0,0,0.059764463,0,1,0.9685494,1,0,0.23931275,0,0,0.14507556,0
18702,0,0.74302596,1,0,0.06311018,0,0,0.11208967,0,1,0.10082254,0,0,0.07687298,0
18708,0,0.0605939,0,1,0.7463335,1,0,0.08630588,0,0,0.19225961,0,0,0.15307173,0
18717,0,0.0054834774,0,0,0.11045232,0,1,0.95682716,1,1,0.35902336,1,0,0.16764037,0
18725,0,0.29841694,0,0,0.045737945,0,0,0.09512129,0,1,0.6455115,1,0,0.03732073,0
18733,1,0.7068503,1,0,0.074042305,0,0,0.06640275,0,0,0.12711388,0,0,0.057402436,0
18734,0,0.036591843,0,0,0.5649966,1,0,0.22885458,0,1,0.59827226,1,0,0.20330793,1
18735,0,0.78242207,1,0,0.013759651,0,0,0.06509087,0,1,0.14265499,0,0,0.030847024,0
18753,1,0.9552848,1,0,0.0014870939,0,0,0.020375263,0,0,0.009972129,0,0,0.012071423,0
18754,0,0.12089551,0,1,0.67971,1,0,0.18066025,0,0,0.21198222,0,0,0.21752821,1
18761,1,0.68423563,1,0,0.09333659,0,0,0.15351026,0,0,0.06936266,0,0,0.08454428,0
18776,0,0.7437122,1,0,0.096123114,0,0,0.16158482,0,0,0.05878566,0,1,0.119950324,0
18799,0,0.01319054,0,0,0.047817644,0,1,0.9466912,1,1,0.3225613,0,0,0.12220083,0
18800,0,0.0064510517,0,1,0.66688895,1,0,0.12921533,0,1,0.7838696,1,1,0.2917452,1
18802,1,0.80048835,1,0,0.031007921,0,0,0.0797921,0,0,0.087607495,0,0,0.05293381,0
18805,0,0.0037006561,0,0,0.6503665,1,1,0.5682549,1,1,0.58911735,1,0,0.37977442,1
18818,0,0.03224515,0,1,0.40962392,1,0,0.18135494,0,1,0.7650737,1,0,0.15908408,0
18821,1,0.9001915,1,0,0.013124587,0,0,0.03752422,0,0,0.02070968,0,0,0.03145175,0
18826,1,0.81215584,1,0,0.057958692,0,0,0.077062145,0,0,0.029585453,0,0,0.06616033,0
18829,0,0.08005649,0,1,0.7543409,1,0,0.038657032,0,0,0.1402576,0,0,0.09576805,0
18833,1,0.56863004,1,0,0.09855729,0,1,0.18709975,0,0,0.20571218,0,0,0.08413084,0
18841,0,0.0049602017,0,0,0.17733271,0,1,0.9446286,1,1,0.49884194,1,0,0.1886359,0
18856,0,0.0012515219,0,1,0.39528355,1,0,0.8181849,1,1,0.762078,1,0,0.23598292,1
18858,1,0.91608435,1,0,0.0065390547,0,0,0.02639222,0,0,0.02419341,0,0,0.020380035,0
18863,0,0.00503346,0,0,0.14124389,0,1,0.9512003,1,0,0.48599663,1,0,0.1733842,0
18864,0,0.021714645,0,0,0.10369242,0,1,0.956849,1,0,0.13819897,0,0,0.18753333,0
18876,0,0.008589769,0,1,0.18206309,0,0,0.3082229,0,1,0.9267021,1,0,0.10793243,0
18880,0,0.039571133,0,1,0.7159159,1,0,0.15264204,0,0,0.3602049,1,0,0.22982088,1
18886,0,0.010795088,0,0,0.2103913,0,0,0.31143475,0,1,0.9092325,1,0,0.11961585,0
18889,0,0.13876411,0,1,0.5944742,1,0,0.066542424,0,0,0.27687365,0,0,0.09468721,0
18894,1,0.7277762,1,0,0.06851757,0,0,0.05941738,0,0,0.102203675,0,0,0.054833144,0
18895,0,0.020218264,0,0,0.18992248,0,0,0.19477692,0,1,0.89286435,1,0,0.08907539,0
18896,1,0.080326006,0,0,0.74779224,1,0,0.08176418,0,0,0.14722247,0,0,0.14213651,0
18897,1,0.8036491,1,0,0.07881967,0,0,0.037959237,0,0,0.027902765,0,0,0.04924587,0
18906,1,0.554448,1,0,0.042068787,0,0,0.12086523,0,0,0.3650925,1,0,0.052147605,0
18912,0,0.037347693,0,0,0.052915037,0,1,0.96037847,1,0,0.05817649,0,1,0.14588027,0
18914,0,0.04274313,0,0,0.22526148,0,1,0.8345706,1,0,0.1988081,0,0,0.15126741,0
18918,0,0.027199263,0,1,0.7151041,1,0,0.069958255,0,1,0.45486915,1,0,0.16923724,0
18923,1,0.079557516,0,0,0.6748005,1,0,0.27086186,0,0,0.25753942,0,0,0.25518572,1
18925,1,0.8688402,1,0,0.015965855,0,0,0.075474404,0,0,0.032010395,0,0,0.047206704,0
18929,0,0.049308468,0,1,0.7869965,1,0,0.045738317,0,0,0.13153462,0,0,0.104727626,0
18932,1,0.9683174,1,0,0.001109651,0,0,0.010042897,0,0,0.007066986,0,0,0.008422662,0
18945,0,0.2912858,0,1,0.42687953,1,0,0.28582436,0,0,0.30188754,0,0,0.23333798,1
18949,0,0.46175343,1,0,0.01079771,0,0,0.06359636,0,1,0.53468674,1,0,0.018357625,0
18952,0,0.090384364,0,1,0.68466514,1,0,0.10868331,0,0,0.26110712,0,0,0.15885171,0
18955,0,0.083884045,0,1,0.7111009,1,0,0.09841831,0,0,0.21981826,0,0,0.15215336,0
18959,1,0.4719418,1,0,0.04845559,0,0,0.0872671,0,0,0.47325838,1,0,0.043859474,0
18961,1,0.82903,1,0,0.054316398,0,0,0.03609904,0,0,0.027715072,0,0,0.042733237,0
18963,0,0.007517341,0,0,0.036305137,0,1,0.9660968,1,1,0.27522546,0,1,0.12064462,0
18969,1,0.8208045,1,0,0.030730153,0,0,0.08758754,0,0,0.04630181,0,0,0.055369843,0
18971,1,0.9137571,1,0,0.009844449,0,0,0.033035606,0,0,0.019661576,0,0,0.02896118,0
18972,1,0.31396598,0,0,0.4924989,1,1,0.21348923,0,0,0.16366956,0,0,0.16341561,0
18976,0,0.011634759,0,0,0.20878963,0,1,0.9285232,1,0,0.34682623,0,1,0.1934954,0
18979,1,0.7212785,1,0,0.04270577,0,0,0.12711845,0,0,0.1381126,0,0,0.06538553,0
18981,1,0.26379725,0,0,0.024657859,0,1,0.8477276,1,0,0.063527994,0,0,0.10630943,0
18982,1,0.8001605,1,0,0.04439262,0,0,0.10979084,0,0,0.047643684,0,0,0.07294578,0
18988,0,0.062338326,0,0,0.031255893,0,0,0.50977874,1,1,0.7336958,1,0,0.055796266,0
18991,1,0.5274578,1,0,0.28382507,0,0,0.07728657,0,0,0.1240886,0,0,0.083098456,0
18992,1,0.8337014,1,0,0.00839743,0,0,0.04542074,0,0,0.10345804,0,0,0.023261013,0
18996,0,0.013382022,0,1,0.7597306,1,0,0.34194624,0,0,0.292669,0,1,0.32555652,1
18999,1,0.80155313,1,0,0.040662978,0,0,0.11513859,0,0,0.046735566,0,0,0.07160332,0
19004,1,0.36969113,0,0,0.074581906,0,0,0.20583068,0,0,0.493956,1,0,0.07317846,0
19007,0,0.0060866256,0,0,0.3230097,0,1,0.9274578,1,1,0.34249252,0,0,0.25562948,1
19008,1,0.9179308,1,0,0.005586931,0,0,0.03959352,0,0,0.021785786,0,0,0.025229398,0
19010,0,0.032544237,0,1,0.73816544,1,1,0.28417325,0,0,0.31854492,0,0,0.35222945,1
19012,1,0.11482425,0,0,0.32286903,0,0,0.32354957,0,0,0.6048127,1,0,0.14857079,0
19017,0,0.68100566,1,0,0.16036935,0,0,0.12157431,0,1,0.072112925,0,0,0.10645312,0
19026,0,0.088686876,0,0,0.15622455,0,0,0.07405226,0,1,0.7765304,1,0,0.048160776,0
19027,1,0.8901826,1,0,0.0099336235,0,0,0.038006917,0,0,0.03483676,0,0,0.026632108,0
19028,0,0.3730469,0,0,0.24797273,0,1,0.31859192,0,0,0.30493274,0,0,0.14965166,0
19029,0,0.0065951175,0,1,0.49381974,1,1,0.83196515,1,1,0.30523458,0,1,0.24194191,1
19033,0,0.32521543,0,1,0.47644928,1,0,0.17293583,0,0,0.16159011,0,0,0.14349373,0
19038,1,0.9428909,1,0,0.0026982836,0,0,0.017751956,0,0,0.015659656,0,0,0.012902837,0
19048,1,0.649831,1,0,0.20011096,0,0,0.07711989,0,0,0.0762346,0,0,0.08609924,0
19067,0,0.0074757426,0,0,0.11662922,0,0,0.42995253,1,1,0.93317616,1,0,0.08545376,0
19068,0,0.017650366,0,0,0.032383695,0,1,0.96340233,1,0,0.22170937,0,1,0.11626253,0
19072,0,0.0842992,0,1,0.73363984,1,0,0.14378828,0,0,0.22053708,0,0,0.22356157,1
19076,0,0.04159791,0,1,0.784359,1,0,0.09017486,0,0,0.191424,0,0,0.17373067,0
19078,0,0.00539427,0,1,0.8853543,1,0,0.17391317,0,0,0.22654177,0,1,0.4624573,1
19080,1,0.8178587,1,0,0.018729566,0,0,0.05187698,0,0,0.08884617,0,0,0.032370683,0
19087,1,0.9316233,1,0,0.0027912837,0,0,0.040240612,0,0,0.013883382,0,0,0.019115983,0
19089,1,0.52532756,1,0,0.29988256,0,0,0.1923841,0,0,0.14186545,0,0,0.15392971,0
19097,0,0.0066875243,0,1,0.4620959,1,0,0.65810657,1,1,0.6622732,1,0,0.21470274,1
19102,0,0.007206512,0,1,0.60416424,1,0,0.45278996,1,1,0.68824965,1,0,0.33984646,1
19108,0,0.005760894,0,0,0.16910192,0,1,0.9438056,1,1,0.4486365,1,0,0.18571243,0
19120,1,0.8962909,1,0,0.0048672557,0,0,0.02503668,0,0,0.05487522,0,0,0.016252512,0
19122,1,0.84857184,1,0,0.009940707,0,0,0.050863437,0,0,0.071715996,0,0,0.026572354,0
19126,0,0.01064238,0,0,0.16785473,0,1,0.9158753,1,0,0.49913034,1,0,0.16009243,0
19128,0,0.0800528,0,0,0.16507801,0,1,0.23390931,0,0,0.805048,1,0,0.08599982,0
19129,0,0.10731375,0,1,0.5568161,1,0,0.17690276,0,0,0.37119067,1,0,0.13796602,0
19131,0,0.023530059,0,0,0.04069503,0,1,0.9437648,1,0,0.23362748,0,0,0.11506116,0
19134,0,0.027155612,0,0,0.108993284,0,1,0.95024234,1,0,0.18909687,0,0,0.19140457,0
19138,0,0.04477042,0,0,0.007183395,0,1,0.9744916,1,0,0.0726574,0,0,0.07654536,0
19141,0,0.012315916,0,0,0.07305728,0,0,0.10361648,0,1,0.9529085,1,0,0.036341056,0
19147,0,0.7232288,1,0,0.029261518,0,1,0.09132532,0,0,0.17998317,0,0,0.046284292,0
19150,0,0.5701813,1,0,0.031994894,0,0,0.12219032,0,1,0.3430822,0,0,0.046315424,0
19155,0,0.014467624,0,0,0.044587694,0,1,0.96194005,1,0,0.2168155,0,0,0.12863185,0
19164,0,0.03197154,0,1,0.7122536,1,1,0.2548544,0,0,0.3313122,0,0,0.2638539,1
19171,0,0.6725068,1,1,0.099226035,0,0,0.19896917,0,0,0.12612386,0,0,0.117085464,0
19175,0,0.6254998,1,1,0.2279346,0,0,0.09529502,0,0,0.082356535,0,0,0.096822344,0
19176,0,0.029857852,0,1,0.727238,1,0,0.13384587,0,1,0.3975334,1,0,0.22484285,1
19178,1,0.25526005,0,0,0.47085628,1,0,0.061786655,0,0,0.24071981,0,0,0.078505725,0
19181,1,0.3158339,0,0,0.047205802,0,0,0.69595957,1,0,0.13711414,0,0,0.10399576,0
19182,0,0.0046452642,0,0,0.82686484,1,0,0.25106695,0,1,0.38714606,1,1,0.4353024,1
19183,1,0.9546803,1,0,0.0020762852,0,0,0.020994974,0,0,0.008218908,0,0,0.014247912,0
19186,1,0.9470641,1,0,0.0028993976,0,0,0.022000456,0,0,0.007943738,0,0,0.014672207,0
19187,0,0.58690757,1,0,0.08808489,0,0,0.13068964,0,1,0.31140524,0,0,0.08220673,0
19200,1,0.8441083,1,0,0.0061782454,0,0,0.13471338,0,0,0.030128073,0,0,0.033355046,0
19214,0,0.032618307,0,1,0.5810663,1,0,0.38451576,1,0,0.4520831,1,0,0.21515107,1
19222,1,0.9182913,1,0,0.009504298,0,0,0.037477914,0,0,0.010835112,0,0,0.028945768,0
19223,1,0.8512044,1,0,0.034445316,0,0,0.042941812,0,0,0.029444212,0,0,0.042118326,0
19226,0,0.03843638,0,1,0.7424394,1,0,0.05401933,0,0,0.24430834,0,0,0.109329894,0
19229,1,0.32536027,0,0,0.105341144,0,0,0.07187582,0,0,0.5409388,1,0,0.044186857,0
19230,1,0.26768285,0,0,0.6253822,1,0,0.0541083,0,0,0.082628064,0,0,0.087496564,0
19233,1,0.49481052,1,0,0.042157076,0,0,0.29147893,0,0,0.25348496,0,0,0.06517592,0
19241,1,0.70030284,1,0,0.06710282,0,0,0.21745937,0,0,0.0822054,0,0,0.104194276,0
19243,0,0.00050534145,0,1,0.7862641,1,1,0.5653956,1,0,0.55922586,1,0,0.4982078,1
19249,1,0.76679295,1,0,0.06261554,0,0,0.12341718,0,0,0.073883526,0,0,0.08664754,0
19253,1,0.79842854,1,0,0.057189886,0,0,0.044654906,0,0,0.03620164,0,0,0.04275586,0
19255,1,0.5956119,1,0,0.22556524,0,0,0.12038778,0,0,0.1581708,0,0,0.121559724,0
19261,1,0.3653937,0,0,0.45173225,1,0,0.2163918,0,0,0.11346757,0,0,0.18805873,0
19262,0,0.058838014,0,1,0.7459937,1,0,0.09882348,0,0,0.18866356,0,0,0.15734582,0
19263,0,0.00048212768,0,1,0.5390569,1,1,0.85215616,1,1,0.6109015,1,0,0.30790025,1
19272,0,0.58420336,1,0,0.09436274,0,0,0.1029576,0,1,0.3102658,0,0,0.07512523,0
19275,0,0.56363094,1,1,0.24480619,0,0,0.08006281,0,0,0.11906111,0,0,0.08301874,0
19276,0,0.056936584,0,0,0.5524775,1,1,0.38592196,1,1,0.42753458,1,0,0.21482556,1
19281,0,0.0054498306,0,0,0.151093,0,1,0.9513998,1,0,0.4360355,1,0,0.17600687,0
19287,1,0.6900655,1,0,0.15698919,0,0,0.0957626,0,0,0.056050133,0,0,0.09057913,0
19303,0,0.14716536,0,1,0.69564784,1,0,0.12535569,0,0,0.15765253,0,0,0.19579583,0
19306,1,0.7083387,1,0,0.09186537,0,0,0.05739321,0,0,0.091541275,0,0,0.05640814,0
19308,1,0.7983866,1,0,0.08332058,0,0,0.043350987,0,0,0.029600529,0,0,0.0535842,0
19313,1,0.88515204,1,0,0.013907354,0,0,0.034384962,0,0,0.03303144,0,0,0.028551789,0
19315,1,0.9227325,1,0,0.0036323178,0,0,0.026420943,0,0,0.021620406,0,0,0.015261688,0
19318,0,0.023460867,0,1,0.78909475,1,0,0.12237617,0,0,0.30889222,0,0,0.2582037,1
19327,0,0.0025853305,0,1,0.74228215,1,1,0.5480852,1,1,0.49021906,1,1,0.4783019,1
19328,0,0.02406807,0,1,0.81005913,1,0,0.101948656,0,0,0.25070035,0,0,0.2335872,1
19330,0,0.7987892,1,0,0.011992742,0,1,0.17173934,0,0,0.040331274,0,0,0.04554809,0
19347,0,0.78819364,1,0,0.029551657,0,0,0.037782982,0,1,0.09124645,0,0,0.031464282,0
19352,1,0.7245806,1,0,0.067431755,0,0,0.14125468,0,0,0.1372321,0,0,0.09301487,0
19354,0,0.030906823,0,1,0.7356389,1,0,0.1474801,0,0,0.31242964,0,0,0.19397466,0
19355,0,0.8641019,1,0,0.018601203,0,0,0.073698774,0,0,0.02191999,0,1,0.043990828,0
19372,0,0.024531553,0,1,0.7739288,1,0,0.15229304,0,0,0.27967972,0,0,0.23008308,1
19381,0,0.72388965,1,0,0.022263577,0,1,0.10471292,0,0,0.14378236,0,0,0.038963962,0
19382,0,0.010288976,0,0,0.029185886,0,0,0.91511834,1,1,0.5962928,1,0,0.0896359,0
19383,0,0.04315244,0,1,0.757935,1,0,0.09351427,0,0,0.24479981,0,0,0.17283233,0
19386,1,0.85732913,1,0,0.015883122,0,0,0.05223789,0,0,0.058141124,0,0,0.036376264,0
19388,0,0.0023407314,0,1,0.30720994,0,0,0.8539487,1,1,0.7298618,1,0,0.1633401,0
19389,0,0.525958,1,0,0.03621001,0,0,0.13272193,0,1,0.3721782,1,0,0.04684166,0
19392,0,0.03270688,0,1,0.6091323,1,0,0.40104425,1,0,0.4889566,1,0,0.3116998,1
19403,0,0.02522678,0,0,0.0674154,0,1,0.95937157,1,0,0.18777336,0,0,0.192254,0
19411,0,0.0018957243,0,0,0.2898164,0,0,0.24042735,0,1,0.95257753,1,0,0.1516601,0
19415,0,0.036817476,0,1,0.7655938,1,0,0.11131283,0,0,0.28174952,0,0,0.20909038,1
19420,1,0.8723662,1,0,0.011988212,0,0,0.0887856,0,0,0.023749579,0,0,0.043761246,0
19426,0,0.022295622,0,1,0.77409536,1,0,0.16486405,0,0,0.32144183,0,0,0.26699457,1
19428,0,0.0018207653,0,0,0.29138845,0,1,0.7921443,1,0,0.83607817,1,0,0.18436684,0
19433,1,0.71256745,1,0,0.100915,0,0,0.054915484,0,0,0.074015535,0,0,0.054324593,0
19434,0,0.045747977,0,0,0.36250842,1,0,0.60161424,1,0,0.5417813,1,1,0.19639106,0
19438,0,0.85544264,1,0,0.009900602,0,1,0.13151796,0,0,0.02205925,0,0,0.04456496,0
19439,0,0.00679495,0,1,0.37523037,1,1,0.47318336,1,1,0.8584951,1,1,0.21934213,1
19446,1,0.9026633,1,0,0.0074429456,0,1,0.038235027,0,0,0.031051176,0,0,0.025557445,0
19451,0,0.8277818,1,0,0.006045181,0,1,0.11897124,0,1,0.034332894,0,0,0.02632794,0
19453,0,0.034213327,0,0,0.014311569,0,1,0.9614611,1,0,0.14270681,0,0,0.07759035,0
19456,0,0.7724715,1,0,0.044400528,0,0,0.114674605,0,1,0.095913246,0,0,0.07317048,0
19463,0,0.014614263,0,1,0.68685883,1,1,0.48767534,1,0,0.26529175,0,0,0.26050308,1
19465,0,0.0007795109,0,0,0.40922725,1,1,0.8124103,1,1,0.7850268,1,0,0.22980934,1
19478,1,0.82183695,1,0,0.072022155,0,0,0.046994817,0,0,0.025372725,0,0,0.057916913,0
19480,0,0.021953639,0,1,0.8205154,1,0,0.10320225,0,0,0.24403527,0,0,0.2515182,1
19486,1,0.74307066,1,0,0.024568025,0,0,0.24127515,0,0,0.05156963,0,0,0.071109585,0
19492,1,0.71998006,1,0,0.04356931,0,0,0.06889901,0,0,0.1601176,0,0,0.045805372,0
19497,1,0.5659893,1,0,0.10480305,0,0,0.18197049,0,0,0.27168465,0,0,0.09439323,0
19504,0,0.39678925,0,0,0.019231012,0,0,0.064150214,0,1,0.6043394,1,0,0.02373552,0
19506,0,0.012466808,0,0,0.09294587,0,1,0.96986145,1,0,0.1905235,0,1,0.21973379,1
19507,0,0.006349479,0,0,0.29842055,0,0,0.47623494,1,1,0.8837532,1,0,0.15673073,0
19512,1,0.94905037,1,0,0.0043632747,0,0,0.016881516,0,0,0.009656768,0,0,0.01751082,0
19519,0,0.020024022,0,0,0.006969664,0,1,0.98523384,1,0,0.045277968,0,0,0.08352949,0
19522,1,0.9506054,1,0,0.0034002864,0,0,0.019890422,0,0,0.010565762,0,0,0.017999139,0
19528,0,0.024733074,0,0,0.0122778835,0,1,0.97873026,1,0,0.08824386,0,0,0.10349411,0
19536,0,0.71571463,1,0,0.057725813,0,1,0.24789862,0,0,0.09415818,0,1,0.12033132,0
19539,0,0.043510675,0,0,0.0037515874,0,1,0.97846746,1,0,0.050282404,0,0,0.054906886,0
19541,0,0.0020315864,0,1,0.83377296,1,0,0.33549616,0,0,0.49325114,1,1,0.54662436,1
19548,0,0.01499951,0,0,0.095892586,0,0,0.13401268,0,1,0.93898976,1,0,0.041877314,0
19551,0,0.0049753883,0,1,0.57161194,1,0,0.24837546,0,1,0.8345809,1,1,0.27830333,1
19554,1,0.02407642,0,0,0.6709712,1,0,0.15874854,0,0,0.47582325,1,0,0.17969514,0
19563,0,0.031556595,0,0,0.0030213732,0,1,0.98644245,1,0,0.03541177,0,0,0.061012685,0
19568,1,0.9723107,1,0,0.0014367411,0,0,0.010813929,0,0,0.004269203,0,0,0.010874427,0
19569,0,0.0056337607,0,0,0.25441492,0,1,0.43620247,1,1,0.90438163,1,0,0.12285045,0
19576,1,0.73250574,1,0,0.0123907495,0,0,0.040439155,0,0,0.22246154,0,0,0.020677231,0
19590,0,0.014856097,0,1,0.74185103,1,0,0.27462032,0,0,0.44572166,1,0,0.35853046,1
19596,0,0.029509941,0,0,0.07442773,0,0,0.17951117,0,1,0.91182464,1,0,0.04642398,0
19597,0,0.012369108,0,0,0.18961987,0,0,0.12846336,0,1,0.92423475,1,0,0.07131362,0
19603,0,0.047046527,0,1,0.6331931,1,0,0.14146875,0,0,0.4718254,1,1,0.17417929,0
19604,0,0.030381143,0,0,0.014911307,0,1,0.96617985,1,0,0.109571695,0,0,0.09008211,0
19605,1,0.77725154,1,0,0.0122398,0,0,0.037348792,0,0,0.16802458,0,0,0.021936119,0
19615,0,0.015797893,0,0,0.8282214,1,1,0.1629052,0,1,0.25289032,0,0,0.3241076,1
19623,0,0.023928624,0,1,0.7884663,1,0,0.096165754,0,0,0.24811211,0,0,0.182589,0
19628,0,0.00071380625,0,1,0.5491407,1,1,0.8028795,1,0,0.60520554,1,0,0.2745128,1
19633,0,0.05548552,0,1,0.65388024,1,1,0.18971027,0,0,0.30459028,0,0,0.16497287,0
19634,1,0.16340172,0,0,0.6255529,1,0,0.0599208,0,0,0.18788072,0,0,0.09485196,0
19636,0,0.0004987657,0,0,0.63575315,1,1,0.72092366,1,1,0.64049166,1,0,0.3398125,1
19637,0,0.0016023315,0,1,0.946649,1,0,0.080261886,0,0,0.15038553,0,1,0.5197829,1
19644,0,0.016769577,0,1,0.81512547,1,0,0.17885642,0,0,0.22577819,0,0,0.28268746,1
19650,0,0.006813763,0,1,0.82052344,1,0,0.23759021,0,0,0.36918667,1,0,0.40759555,1
19652,1,0.9076978,1,0,0.007343974,0,0,0.032013807,0,0,0.028443417,0,0,0.023281258,0
19653,0,0.29634193,0,0,0.06349211,0,0,0.10052511,0,1,0.6355473,1,1,0.044870693,0
19654,0,0.003219317,0,0,0.10192491,0,1,0.94644225,1,1,0.67099625,1,0,0.13575177,0
19655,1,0.54169405,1,0,0.25041562,0,0,0.12454589,0,0,0.17342038,0,0,0.10975166,0
19659,0,0.0031333133,0,1,0.8925919,1,0,0.18467939,0,0,0.2149757,0,0,0.4350179,1
19665,0,0.14765759,0,1,0.6817001,1,0,0.070758305,0,0,0.16192135,0,0,0.13874042,0
19669,1,0.8607733,1,0,0.023012282,0,0,0.045632232,0,0,0.037667565,0,0,0.03852612,0
19678,0,0.0028041052,0,0,0.14834978,0,0,0.91427326,1,1,0.76340777,1,0,0.12899394,0
19681,0,0.14111248,0,1,0.6179903,1,0,0.056589212,0,0,0.21215191,0,0,0.08790234,0
19687,1,0.7651122,1,0,0.088767014,0,0,0.09973948,0,0,0.078081205,0,0,0.095977895,0
19695,0,0.5124227,1,0,0.21999891,0,1,0.2635217,0,0,0.19181025,0,0,0.1568132,0
19696,1,0.57357764,1,0,0.36620128,1,0,0.041788105,0,0,0.04034893,0,0,0.068617515,0
19709,0,0.00491818,0,0,0.44247288,1,0,0.15058842,0,1,0.899071,1,0,0.19120114,0
19717,1,0.8030059,1,0,0.022175144,0,0,0.09555441,0,0,0.0924408,0,0,0.051134244,0
19726,0,0.00068751426,0,0,0.2733196,0,1,0.9021165,1,1,0.7941719,1,0,0.18222086,0
19730,0,0.026604818,0,1,0.7595987,1,0,0.05470861,0,0,0.3355016,0,0,0.15467456,0
19735,1,0.48614416,1,0,0.35785943,1,0,0.14031382,0,0,0.10759515,0,0,0.12035658,0
19743,0,0.0011764202,0,1,0.9477623,1,0,0.09893745,0,1,0.18347958,0,1,0.5830382,1
19747,1,0.91888565,1,0,0.0062134145,0,0,0.02619019,0,0,0.017335735,0,0,0.018809188,0
19751,0,0.84076065,1,0,0.0053001223,0,0,0.022976168,0,1,0.11674292,0,0,0.012724955,0
19755,0,0.00022513495,0,0,0.6078084,1,1,0.7648147,1,1,0.73293513,1,0,0.3564462,1
19760,1,0.27718493,0,0,0.5031655,1,0,0.13009937,0,0,0.24598642,0,0,0.12891811,0
19765,1,0.64541066,1,0,0.08417973,0,0,0.08125698,0,0,0.20460409,0,0,0.062946744,0
19768,0,0.0004765302,0,1,0.4331366,1,0,0.6499237,1,1,0.8911184,1,1,0.23829183,1
19775,1,0.6659602,1,0,0.23337004,0,0,0.06612305,0,0,0.048333403,0,0,0.08551381,0
19776,0,0.7271357,1,0,0.011962839,0,1,0.07417806,0,0,0.19050749,0,0,0.02645066,0
19782,1,0.6176387,1,0,0.3008189,0,0,0.080907844,0,0,0.05482752,0,0,0.10358631,0
19784,0,0.02523249,0,1,0.66455084,1,0,0.22836937,0,0,0.51755404,1,0,0.257176,1
19789,0,0.14988454,0,1,0.623176,1,0,0.11602957,0,0,0.25143182,0,0,0.15016137,0
19818,0,0.032614212,0,0,0.0073600337,0,1,0.9798101,1,0,0.063914575,0,0,0.0784951,0
19822,0,0.60434884,1,1,0.29359043,0,0,0.06385607,0,0,0.058807574,0,0,0.08124162,0
19824,0,0.002656093,0,1,0.88436055,1,1,0.1809346,0,1,0.38539955,1,1,0.5328608,1
19826,1,0.7984705,1,0,0.0073004207,0,0,0.15268102,0,0,0.041313253,0,0,0.031293027,0
19837,0,0.5695702,1,1,0.22150175,0,1,0.22353297,0,0,0.15833616,0,1,0.15079534,0
19846,1,0.8009058,1,0,0.04247888,0,0,0.06419705,0,0,0.0659887,0,0,0.05162677,0
19860,1,0.8709101,1,0,0.010850265,0,0,0.048664648,0,0,0.056976553,0,0,0.031495925,0
19865,0,0.23171861,0,0,0.02986273,0,1,0.860362,1,0,0.06597715,0,1,0.11184702,0
19866,1,0.77740145,1,0,0.05170124,0,0,0.113029055,0,0,0.08871152,0,0,0.08124203,0
19873,0,0.00514854,0,1,0.59182113,1,0,0.32224882,0,1,0.79716253,1,0,0.3056484,1
19878,0,0.005502689,0,1,0.7098071,1,0,0.15455286,0,1,0.7301618,1,1,0.31574142,1
19882,0,0.78787273,1,0,0.03916566,0,1,0.09332468,0,0,0.08173883,0,0,0.06101193,0
19883,0,0.45521858,1,0,0.08921734,0,1,0.23666239,0,1,0.37419033,1,0,0.08921485,0
19885,0,0.0028567608,0,1,0.92355156,1,0,0.11070906,0,0,0.18582022,0,0,0.4782079,1
19886,0,0.08604132,0,1,0.61481506,1,0,0.2169062,0,0,0.33957943,0,0,0.17254966,0
19888,0,0.04335654,0,1,0.81786186,1,0,0.06260085,0,0,0.13810734,0,0,0.17645368,0
19889,1,0.884935,1,0,0.0077183326,0,0,0.056874067,0,0,0.033552345,0,0,0.02864435,0
19897,0,0.7039374,1,0,0.06479318,0,0,0.22459213,0,0,0.08508134,0,1,0.10770616,0
19898,0,0.25572148,0,0,0.22954471,0,0,0.23864496,0,1,0.47240755,1,0,0.108654276,0
19902,0,0.001647547,0,1,0.9165166,1,0,0.20953456,0,0,0.20474015,0,1,0.5526816,1
19905,1,0.88455784,1,0,0.0055844304,0,0,0.04022068,0,0,0.049195543,0,0,0.02022269,0
19910,1,0.92091364,1,0,0.0022653134,0,0,0.01256147,0,0,0.043447006,0,0,0.008671865,0
19914,0,0.6426001,1,1,0.21658526,0,0,0.102379,0,0,0.09018478,0,0,0.10702269,0
19919,1,0.8803424,1,0,0.030584889,0,0,0.045674663,0,0,0.018953018,0,0,0.049868174,0
19922,1,0.770192,1,0,0.113154225,0,0,0.026183568,0,0,0.021697855,0,0,0.03882065,0
19924,1,0.7857926,1,0,0.05243222,0,0,0.05508504,0,0,0.054972976,0,0,0.04654866,0
19926,0,0.04838549,0,1,0.79702467,1,0,0.09751591,0,0,0.17336518,0,0,0.22355643,1
19930,1,0.9480398,1,0,0.002597106,0,0,0.014313425,0,0,0.012881209,0,0,0.0114973765,0
19932,0,0.012178193,0,0,0.28423816,0,0,0.37020603,1,1,0.86741084,1,0,0.15100473,0
19934,0,0.006201354,0,1,0.8926426,1,0,0.12090233,0,0,0.1852723,0,0,0.37200174,1
19943,0,0.006508603,0,1,0.22589205,0,0,0.10770107,0,1,0.93961287,1,1,0.09604778,0
19946,1,0.5985605,1,0,0.11547639,0,0,0.16383763,0,0,0.19438371,0,0,0.09101932,0
19953,0,0.7681972,1,0,0.035066936,0,1,0.13639013,0,0,0.123290986,0,0,0.07707912,0
19965,1,0.3091698,0,0,0.06843644,0,1,0.59414476,1,0,0.1620325,0,0,0.09825843,0
19981,1,0.69708735,1,0,0.14139925,0,0,0.096804865,0,0,0.06993586,0,0,0.08699772,0
19985,1,0.4424995,0,0,0.08527059,0,1,0.46815488,1,0,0.19384399,0,0,0.11789839,0
19986,1,0.34786043,0,0,0.15601608,0,0,0.23214799,0,0,0.50418216,1,0,0.10849459,0
19987,1,0.9324387,1,0,0.0030366152,0,0,0.0418301,0,0,0.007970406,0,0,0.01848886,0
19989,0,0.8044261,1,0,0.0077366033,0,0,0.05751796,0,1,0.13155389,0,0,0.023257555,0
19996,1,0.88356376,1,0,0.007034161,0,0,0.04698031,0,0,0.04697717,0,0,0.025479913,0
20001,0,0.025495945,0,1,0.7615484,1,1,0.14412968,0,0,0.28784502,0,1,0.2105048,1
20002,0,0.020703217,0,1,0.2611867,0,0,0.31399807,0,1,0.85789686,1,0,0.11574024,0
20012,0,0.008595313,0,1,0.24035668,0,0,0.11419424,0,1,0.9256524,1,0,0.098879226,0
20020,0,0.041525397,0,0,0.5952595,1,0,0.3854518,1,1,0.3209721,0,0,0.18782148,0
20026,1,0.93391013,1,0,0.006886976,0,0,0.026441496,0,0,0.0115536675,0,0,0.02431311,0
20031,0,0.0004383083,0,0,0.50941545,1,1,0.5945521,1,1,0.8812026,1,0,0.28949413,1
20050,0,0.35604447,0,0,0.21394803,0,0,0.107833445,0,1,0.42511922,1,0,0.08414549,0
20056,0,0.0030202717,0,0,0.19571917,0,0,0.24209787,0,1,0.9572873,1,0,0.100142136,0
20064,0,0.045660898,0,0,0.32691637,0,0,0.19943334,0,1,0.7587198,1,0,0.11950547,0
20065,0,0.25110778,0,0,0.14569087,0,0,0.06008382,0,1,0.5745614,1,0,0.045935173,0
20074,1,0.88334143,1,0,0.0069393613,0,0,0.03320133,0,0,0.0593683,0,0,0.021087956,0
20080,0,0.011319595,0,0,0.2288581,0,0,0.35756043,1,1,0.8996327,1,0,0.12377904,0
20081,0,0.004344884,0,0,0.22476622,0,1,0.58171076,1,1,0.89708155,1,0,0.14103068,0
20084,0,0.0024956653,0,1,0.91366065,1,0,0.17668056,0,0,0.20140696,0,0,0.53065914,1
20089,1,0.9185021,1,0,0.0056368415,0,0,0.04983641,0,0,0.018816149,0,0,0.0299583,0
20093,0,0.010015343,0,0,0.8619688,1,0,0.09820763,0,1,0.2052342,0,0,0.26180157,1
20094,1,0.89720255,1,0,0.02112712,0,0,0.030663725,0,0,0.016726272,0,0,0.034692585,0
20098,0,0.017692357,0,0,0.27378038,0,0,0.0639104,0,1,0.8717657,1,0,0.076068394,0
20100,0,0.006234892,0,0,0.08453518,0,1,0.9646092,1,0,0.35383943,1,0,0.15137754,0
20101,1,0.8854193,1,0,0.011275246,0,0,0.039610397,0,0,0.04453849,0,0,0.030258475,0
20106,0,0.0025616686,0,0,0.23611136,0,0,0.56609726,1,1,0.91416174,1,1,0.12063979,0
20115,1,0.72461545,1,0,0.13083032,0,0,0.07825145,0,0,0.05850126,0,0,0.08183238,0
20120,0,0.02175237,0,0,0.028366124,0,1,0.9684175,1,0,0.17415962,0,0,0.112600625,0
20123,0,0.6521436,1,0,0.008548315,0,0,0.020671263,0,1,0.327473,0,0,0.011075935,0
20128,0,0.009051667,0,0,0.121518575,0,0,0.19112879,0,1,0.94704103,1,0,0.05967874,0
20134,1,0.2690559,0,0,0.5199358,1,0,0.12613074,0,0,0.25746202,0,0,0.13567305,0
20139,0,0.015103849,0,0,0.22645293,0,0,0.29281446,0,1,0.8947924,1,0,0.111068845,0
20150,1,0.9321764,1,0,0.002904526,0,1,0.018066248,0,0,0.02357609,0,0,0.012112681,0
20153,0,0.17752771,0,0,0.19423088,0,0,0.084060065,0,1,0.64535666,1,0,0.06027988,0
20165,1,0.72146696,1,0,0.015460309,0,0,0.115556315,0,0,0.16896793,0,0,0.037878938,0
20175,0,0.14016537,0,0,0.21514748,0,0,0.07974695,0,1,0.67501575,1,0,0.0631964,0
20184,0,0.03677945,0,0,0.41876766,1,0,0.2542107,0,1,0.723551,1,0,0.15615764,0
20189,0,0.015885424,0,0,0.031977028,0,1,0.974195,1,0,0.14881113,0,0,0.12201869,0
20193,0,0.7678825,1,0,0.047684506,0,0,0.07244145,0,1,0.10832549,0,0,0.056412376,0
20208,0,0.0038943787,0,0,0.19093172,0,1,0.9430811,1,1,0.50299686,1,1,0.17257354,0
20213,1,0.87111497,1,0,0.011608326,0,0,0.062458474,0,0,0.05213534,0,0,0.03878116,0
20215,0,0.005221302,0,1,0.89740586,1,0,0.12640241,0,0,0.21908127,0,1,0.43808603,1
20220,1,0.72951597,1,0,0.1300929,0,0,0.07804955,0,0,0.05779006,0,0,0.0853435,0
20225,0,0.004354635,0,1,0.7482852,1,0,0.20423107,0,0,0.675543,1,1,0.38753715,1
20245,0,0.023994498,0,0,0.02196435,0,1,0.9749127,1,0,0.11839377,0,0,0.11755903,0
20255,1,0.8144847,1,0,0.022461822,0,0,0.08179815,0,0,0.09141644,0,0,0.049966205,0
20256,1,0.9200187,1,0,0.0068085985,0,0,0.026086768,0,0,0.022368342,0,0,0.021897402,0
20259,1,0.8135356,1,0,0.064729266,0,0,0.064193584,0,0,0.02836512,0,0,0.06296042,0
20271,1,0.07432678,0,0,0.706755,1,0,0.18554825,0,0,0.24280298,0,0,0.23306042,1
20284,0,0.01718228,0,1,0.84753394,1,0,0.114500664,0,0,0.17967103,0,0,0.27105284,1
20298,1,0.82604945,1,0,0.009310492,0,0,0.18515605,0,0,0.024728369,0,0,0.04643956,0
20299,0,0.015422554,0,0,0.13150893,0,1,0.6889383,1,1,0.8198086,1,0,0.11352309,0
20302,1,0.18083458,0,0,0.5989099,1,0,0.15690006,0,0,0.2065342,0,0,0.15495597,0
20307,0,0.072861806,0,1,0.30687517,0,0,0.053472344,0,1,0.6928745,1,0,0.0560151,0
20308,0,0.01716599,0,0,0.070801616,0,1,0.89407426,1,1,0.5951937,1,0,0.13204734,0
20314,1,0.16918433,0,0,0.330893,0,0,0.38355914,1,0,0.4992161,1,0,0.17552474,0
20315,0,0.005686451,0,1,0.49073824,1,1,0.78280604,1,0,0.45659086,1,0,0.23139206,1
20316,0,0.0099321185,0,0,0.12709606,0,1,0.9540678,1,0,0.27734923,0,0,0.17243448,0
20324,0,0.006526375,0,0,0.18817809,0,1,0.941987,1,1,0.44866145,1,0,0.18478346,0
20325,0,0.034707304,0,0,0.14715025,0,0,0.11116808,0,1,0.87938017,1,0,0.050923727,0
20326,1,0.6283532,1,0,0.2837132,0,0,0.08769291,0,0,0.06831248,0,0,0.10969676,0
20327,0,0.035542455,0,1,0.77161705,1,1,0.2015014,0,0,0.21914414,0,0,0.27897298,1
20333,0,0.07062617,0,1,0.78254217,1,0,0.060785323,0,0,0.12029151,0,0,0.13914096,0
20342,0,0.0010335398,0,1,0.8705705,1,0,0.37169546,1,1,0.37067083,1,0,0.57301265,1
20344,1,0.762229,1,0,0.05661435,0,0,0.09635277,0,0,0.116471805,0,0,0.076273814,0
20348,0,0.058336027,0,1,0.63429457,1,0,0.42832053,1,0,0.28430387,0,0,0.28205088,1
20356,1,0.9446821,1,0,0.0037868929,0,0,0.025819575,0,0,0.008598109,0,0,0.018897152,0
20358,0,0.0021781423,0,0,0.15616101,0,1,0.9264485,1,1,0.7248495,1,0,0.13360818,0
20365,0,0.0036600986,0,0,0.21384144,0,1,0.93640894,1,0,0.56398916,1,0,0.1745482,0
20367,0,0.003624147,0,0,0.22665454,0,1,0.93551546,1,0,0.55972075,1,0,0.18091767,0
20377,0,0.02544915,0,1,0.8065228,1,0,0.09931258,0,0,0.23050418,0,0,0.21346614,1
20381,0,0.3543366,0,0,0.04828146,0,0,0.06788505,0,1,0.6012372,1,0,0.034952365,0
20382,0,0.0015420164,0,1,0.60173696,1,1,0.7093366,1,0,0.5931257,1,1,0.32700977,1
20386,0,0.032588676,0,1,0.8045123,1,0,0.10310688,0,0,0.20099428,0,0,0.2225426,1
20389,0,0.32062325,0,1,0.36227936,1,0,0.07911154,0,0,0.31065598,0,0,0.08497066,0
20395,0,0.0044981088,0,1,0.7695584,1,0,0.27823523,0,0,0.5775457,1,0,0.4274099,1
20396,0,0.17216267,0,0,0.095652394,0,0,0.17802876,0,1,0.7459384,1,0,0.06869859,0
20403,0,0.5234183,1,1,0.3702918,1,0,0.063408725,0,0,0.059949283,0,0,0.08002599,0
20410,0,0.008680428,0,0,0.66308427,1,1,0.5540779,1,0,0.38520733,1,1,0.30890447,1
20413,0,0.09840485,0,0,0.42789125,1,1,0.2813581,0,1,0.5544277,1,0,0.16441208,0
20419,0,0.17323312,0,1,0.6960037,1,0,0.052245043,0,0,0.08820776,0,0,0.10196527,0
20421,0,0.0051533096,0,1,0.8962827,1,0,0.12968214,0,1,0.22654273,0,1,0.43204445,1
20422,0,0.0072795744,0,0,0.21551457,0,0,0.26915488,0,1,0.9275834,1,0,0.104487024,0
20424,0,0.21215975,0,0,0.09143595,0,1,0.115275905,0,1,0.6894988,1,0,0.047372382,0
20429,1,0.7978693,1,0,0.026236339,0,0,0.09301886,0,0,0.065524876,0,0,0.047805555,0
20431,0,0.0040166937,0,0,0.30229473,0,0,0.7737324,1,1,0.7724509,1,0,0.14685105,0
20436,0,0.030612633,0,0,0.1928767,0,0,0.08460862,0,1,0.87199414,1,0,0.06405736,0
20438,0,0.04843641,0,1,0.65478724,1,0,0.15237708,0,1,0.42730656,1,0,0.20861411,1
20444,0,0.0050710337,0,1,0.7657493,1,0,0.4789989,1,0,0.32274756,0,0,0.39781716,1
20455,1,0.1281156,0,0,0.35551354,1,0,0.2727575,0,0,0.57153195,1,0,0.12628254,0
20460,1,0.9045477,1,0,0.007426773,0,0,0.02698048,0,0,0.03215729,0,0,0.02049703,0
20468,0,0.050549176,0,0,0.63498825,1,0,0.18166639,0,1,0.46295154,1,0,0.22269592,1
20491,1,0.88743114,1,0,0.011829731,0,0,0.076383054,0,0,0.022166913,0,0,0.044805087,0
20492,0,0.0735088,0,1,0.69692785,1,0,0.078830644,0,0,0.24308276,0,0,0.13263766,0
20502,1,0.77613187,1,0,0.02560866,0,0,0.08607615,0,0,0.12703791,0,0,0.047925424,0
20508,0,0.0023367307,0,0,0.22213992,0,0,0.8918808,1,1,0.7519201,1,0,0.14018261,0
20520,1,0.905094,1,0,0.02059447,0,0,0.03152942,0,0,0.013062982,0,0,0.036675505,0
20521,0,0.0019760977,0,0,0.41625264,1,0,0.7528944,1,1,0.77392566,1,1,0.24471474,1
20532,1,0.48867598,1,0,0.1285931,0,0,0.32248053,0,0,0.19581677,0,0,0.115556285,0
20542,0,0.72990054,1,0,0.09958153,0,0,0.099860415,0,0,0.057585254,0,1,0.07784136,0
20562,0,0.01298295,0,0,0.24427904,0,0,0.16413568,0,1,0.8967885,1,0,0.09143917,0
20573,0,0.6012587,1,0,0.20092897,0,1,0.2191903,0,0,0.15481871,0,0,0.15407039,0
20582,0,0.01650614,0,0,0.06801886,0,1,0.9695616,1,0,0.12627235,0,1,0.16566531,0
20590,0,0.010807224,0,1,0.85069185,1,0,0.12788817,0,0,0.25282845,0,1,0.3092612,1
20591,1,0.49565196,1,0,0.09750951,0,0,0.096423276,0,0,0.40118974,1,0,0.064465515,0
20599,1,0.8916138,1,0,0.006119277,0,0,0.03239731,0,0,0.050869595,0,0,0.02010682,0
20601,1,0.8715166,1,0,0.01868439,0,0,0.042061225,0,0,0.024696782,0,0,0.032023557,0
20609,1,0.83060646,1,0,0.0052637598,0,0,0.026780726,0,0,0.12641299,0,0,0.013274374,0
20615,0,0.0024662532,0,1,0.3341467,0,1,0.91133153,1,0,0.5531175,1,0,0.20215969,1
20619,0,0.14577137,0,1,0.6375821,1,0,0.05445505,0,0,0.18805009,0,0,0.08691906,0
20622,0,0.786286,1,0,0.014209001,0,0,0.09612081,0,1,0.088673934,0,0,0.034663178,0
20634,0,0.010996174,0,0,0.049845442,0,1,0.97155637,1,0,0.21539558,0,1,0.13767481,0
20638,0,0.027003556,0,1,0.83702713,1,0,0.059524108,0,0,0.1623349,0,1,0.18928139,0
20642,0,0.0021183516,0,0,0.21089159,0,1,0.903216,1,1,0.75126565,1,0,0.14642024,0
20652,0,0.86623573,1,1,0.0088736825,0,0,0.054242305,0,0,0.047055036,0,0,0.026784511,0
20662,0,0.009285192,0,0,0.13323317,0,1,0.9463029,1,0,0.42465115,1,0,0.17334549,0
20665,0,0.32116422,0,1,0.19717668,0,0,0.0891532,0,0,0.4558807,1,0,0.06263987,0
20673,0,0.7590995,1,0,0.029335557,0,1,0.0817494,0,0,0.12972212,0,1,0.04482698,0
20675,0,0.020213937,0,0,0.022461848,0,1,0.9714925,1,0,0.15222368,0,1,0.10388361,0
20676,1,0.9220674,1,0,0.0037768018,0,0,0.022170156,0,0,0.02443633,0,0,0.013916819,0
20681,0,0.0937274,0,0,0.6201412,1,0,0.100070246,0,1,0.32248142,0,0,0.122319914,0
20682,0,0.48330474,1,0,0.044667967,0,1,0.6239066,1,0,0.101167746,0,0,0.12897247,0
20701,0,0.007878425,0,0,0.6731717,1,0,0.18937297,0,1,0.71683717,1,0,0.30114943,1
20705,1,0.13269286,0,0,0.64686286,1,0,0.12932518,0,0,0.20250247,0,0,0.15491974,0
20714,1,0.4922688,1,0,0.12428136,0,0,0.06329712,0,0,0.3035346,0,0,0.05187352,0
20719,1,0.9594814,1,0,0.003019142,0,0,0.021628072,0,0,0.0046545644,0,0,0.018373538,0
20729,0,0.012837067,0,0,0.33295697,0,1,0.8379747,1,1,0.45031217,1,0,0.18395789,0
20732,0,0.0013064414,0,1,0.76653326,1,0,0.5527052,1,0,0.5049635,1,0,0.48637044,1
20734,0,0.0007582696,0,1,0.79918116,1,1,0.5447267,1,0,0.48735547,1,0,0.50211835,1
20750,0,0.6459313,1,1,0.11630789,0,0,0.1428535,0,0,0.19522116,0,1,0.10518374,0
20756,0,0.008816496,0,0,0.15240374,0,0,0.2897855,0,1,0.93614656,1,0,0.08466062,0
20763,0,0.06325025,0,1,0.7437195,1,0,0.091543175,0,0,0.19315432,0,1,0.15918484,0
20765,1,0.44945258,0,0,0.117944725,0,0,0.15938765,0,0,0.3981921,1,0,0.08145207,0
20766,1,0.6103398,1,0,0.2634197,0,0,0.07377919,0,0,0.06202749,0,0,0.081586115,0
20769,0,0.015012464,0,1,0.7747431,1,0,0.25491422,0,0,0.27768204,0,0,0.27514765,1
20770,0,0.0037918969,0,1,0.41067526,1,1,0.84597886,1,0,0.4934087,1,0,0.18134943,0
20771,1,0.9255287,1,0,0.007538692,0,0,0.028940082,0,0,0.01588596,0,0,0.025494145,0
20774,1,0.4964463,1,0,0.016332857,0,1,0.6773096,1,0,0.05570802,0,0,0.08634215,0
20786,0,0.022799423,0,1,0.7628062,1,0,0.2922551,0,0,0.21223778,0,0,0.29085657,1
20795,1,0.28004953,0,0,0.57400393,1,0,0.13428853,0,0,0.16363439,0,0,0.1589352,0
20799,1,0.11730941,0,0,0.7072268,1,0,0.05704274,0,0,0.120315745,0,0,0.10051683,0
20800,0,0.02695475,0,0,0.2480879,0,0,0.14693792,0,1,0.8545238,1,0,0.09011931,0
20810,1,0.7614981,1,0,0.119451575,0,0,0.074544266,0,0,0.037506107,0,0,0.08132827,0
20811,1,0.79021084,1,0,0.06384936,0,0,0.05117869,0,0,0.046464853,0,0,0.051491693,0
20818,1,0.7923271,1,0,0.034426432,0,0,0.10008646,0,0,0.11264051,0,0,0.06870468,0
20822,1,0.9531183,1,0,0.0020023477,0,0,0.014772383,0,0,0.014529407,0,0,0.011893456,0
20829,0,0.57470053,1,0,0.1785231,0,0,0.2099785,0,0,0.25923717,0,1,0.15377094,0
20831,1,0.89064175,1,0,0.0053873057,0,0,0.035410948,0,0,0.048988216,0,0,0.019408677,0
20832,0,0.03654029,0,0,0.005146303,0,1,0.9780954,1,0,0.061053555,0,0,0.060684036,0
20833,0,0.85521305,1,0,0.02395638,0,0,0.085539974,0,0,0.02939085,0,1,0.057056773,0
20839,0,0.7647955,1,0,0.039566785,0,0,0.094762236,0,0,0.12682518,0,1,0.06271104,0
20845,1,0.8892857,1,0,0.0071909274,0,0,0.036251497,0,0,0.042906933,0,0,0.021990553,0
20851,0,0.30008912,0,1,0.33806294,0,0,0.23857315,0,1,0.4242625,1,1,0.15748835,0
20858,0,0.05928019,0,0,0.20195535,0,0,0.06787224,0,1,0.79924387,1,0,0.053942073,0
20861,1,0.9004793,1,0,0.00717572,0,0,0.07145556,0,0,0.015364931,0,0,0.033930387,0
20866,0,0.14474453,0,0,0.16718997,0,0,0.327563,0,1,0.55818516,1,0,0.08652136,0
20874,0,0.0038366695,0,0,0.15491277,0,1,0.7892521,1,0,0.86654913,1,0,0.11943171,0
20876,1,0.7996855,1,0,0.024456248,0,0,0.052679766,0,0,0.103090346,0,0,0.035885207,0
20877,0,0.0026138518,0,0,0.16301866,0,1,0.8414006,1,0,0.8547508,1,0,0.118880294,0
20882,0,0.25867853,0,0,0.0666992,0,0,0.077089526,0,1,0.6750247,1,1,0.03843378,0
20894,0,0.6429051,1,0,0.026976375,0,1,0.3542485,1,0,0.05875767,0,0,0.06864765,0
20904,0,0.0028777584,0,0,0.19067694,0,0,0.2977807,0,1,0.95400774,1,0,0.10247814,0
20912,1,0.8488558,1,0,0.0069131223,0,0,0.045628887,0,0,0.091234334,0,0,0.02233945,0
20923,0,0.011369982,0,0,0.19984344,0,1,0.9042655,1,0,0.4517691,1,0,0.20291479,1
20924,0,0.025983917,0,0,0.12267396,0,0,0.23308988,0,1,0.9048184,1,0,0.06722896,0
20930,0,0.009496171,0,0,0.17287374,0,0,0.11709653,0,1,0.9350806,1,0,0.06499588,0
20932,0,0.014111065,0,0,0.45787922,1,1,0.6671125,1,1,0.553,1,0,0.2862763,1
20945,0,0.025953524,0,0,0.011821613,0,1,0.9752867,1,0,0.10836865,0,0,0.08226433,0
20947,0,0.0070348107,0,0,0.108841315,0,1,0.9502816,1,1,0.42460978,1,1,0.17388201,0
20949,0,0.0024040628,0,1,0.93677264,1,0,0.1077358,0,0,0.1213316,0,1,0.48483318,1
20954,0,0.51739544,1,0,0.034496132,0,0,0.0824963,0,1,0.41873923,1,0,0.0357957,0
20955,1,0.9104715,1,0,0.0048952256,0,0,0.029673798,0,0,0.024237527,0,0,0.016869603,0
20963,0,0.033968814,0,1,0.7652617,1,0,0.035274796,0,0,0.19504169,0,0,0.08496836,0
20966,0,0.01750658,0,0,0.028070599,0,1,0.976192,1,0,0.11219084,0,0,0.13858992,0
20969,0,0.013776809,0,0,0.28121653,0,0,0.3176393,0,1,0.8779041,1,0,0.12831323,0
20972,0,0.022239603,0,1,0.49577487,1,0,0.50217694,1,0,0.5337866,1,0,0.20917332,1
20975,0,0.042723037,0,1,0.76409656,1,0,0.047081094,0,0,0.17182532,0,0,0.09916121,0
20981,1,0.9216383,1,0,0.002463382,0,0,0.042211484,0,0,0.016349275,0,0,0.015820477,0
20992,0,0.5339898,1,0,0.054222148,0,1,0.540393,1,0,0.06889265,0,0,0.12614775,0
20995,1,0.9113232,1,0,0.008023215,0,0,0.0345309,0,0,0.02561376,0,0,0.027044393,0
20996,0,0.036751803,0,0,0.11436217,0,0,0.1829471,0,1,0.89180464,1,0,0.060523253,0
20997,0,0.0081793405,0,0,0.104837835,0,1,0.9112138,1,1,0.64158565,1,1,0.15217151,0
21001,0,0.50914484,1,1,0.43704498,1,0,0.03967099,0,0,0.049576167,0,0,0.06851984,0
21004,0,0.0033071751,0,1,0.8512223,1,0,0.2138088,0,1,0.42345136,1,0,0.47048035,1
21008,0,0.016012782,0,0,0.017803006,0,1,0.98269814,1,0,0.08323334,0,0,0.12320158,0
21012,0,0.14792368,0,0,0.62648475,1,1,0.12759869,0,1,0.22885513,0,0,0.14266895,0
21013,0,0.22203842,0,0,0.095708296,0,1,0.72333217,1,0,0.13410921,0,0,0.14209601,0
21018,0,0.075038955,0,0,0.35582215,1,0,0.55502975,1,1,0.4960766,1,0,0.1850215,0
21021,0,0.0067149475,0,1,0.86411226,1,0,0.08495114,0,0,0.32814363,0,1,0.3514885,1
21023,0,0.07605457,0,0,0.4958438,1,0,0.15238698,0,1,0.5384408,1,0,0.11973232,0
21028,0,0.31638688,0,0,0.08204921,0,0,0.12571298,0,1,0.6053556,1,0,0.05820802,0
21037,0,0.04036298,0,0,0.27094656,0,0,0.15062192,0,1,0.8155155,1,0,0.10718738,0
21038,0,0.016959827,0,0,0.134862,0,1,0.94664186,1,0,0.19919008,0,1,0.17586778,0
21041,0,0.02272305,0,1,0.6566894,1,1,0.2855212,0,0,0.47012895,1,1,0.24349032,1
21042,0,0.011424649,0,1,0.70629644,1,0,0.42885473,1,0,0.4424223,1,0,0.37814042,1
21044,0,0.002793998,0,1,0.6080934,1,0,0.51987845,1,1,0.72423196,1,0,0.3344767,1
21050,0,0.011665714,0,0,0.3162035,0,1,0.8923437,1,1,0.38210925,1,1,0.20649764,1
21053,0,0.016994333,0,0,0.44835916,1,0,0.36957392,1,1,0.77282566,1,0,0.22094278,1
21055,0,0.012874263,0,1,0.8196529,1,0,0.16362801,0,0,0.3394051,0,0,0.3477458,1
21056,0,0.023827996,0,0,0.44937885,1,0,0.28123605,0,1,0.75744116,1,0,0.20058271,1
21059,0,0.0062388964,0,1,0.21743244,0,1,0.9352337,1,0,0.4068059,1,1,0.17358272,0
21063,0,0.010322764,0,0,0.19712791,0,1,0.93823606,1,0,0.31052583,0,1,0.19225906,0
21065,0,0.006078856,0,1,0.7873172,1,1,0.3606516,1,0,0.42847255,1,0,0.47115645,1
21066,0,0.18355496,0,0,0.16586451,0,0,0.32131207,0,1,0.6587175,1,0,0.12001521,0
21067,0,0.017260822,0,0,0.672254,1,0,0.2646402,0,1,0.5779934,1,1,0.30993393,1
21069,1,0.8188408,1,0,0.03427972,0,0,0.11831842,0,0,0.03678478,0,0,0.07206428,0
21077,0,0.0495269,0,0,0.3159608,0,0,0.17968616,0,1,0.75696886,1,0,0.12360377,0
21081,1,0.95246124,1,0,0.002174372,0,0,0.016425813,0,0,0.0093866205,0,0,0.011808758,0
21084,0,0.16318145,0,1,0.2058171,0,0,0.11977725,0,0,0.66572064,1,0,0.074534215,0
21085,0,0.012984142,0,0,0.051907826,0,1,0.9748082,1,0,0.17399389,0,0,0.1725311,0
21086,0,0.018302169,0,0,0.22477666,0,0,0.1355024,0,1,0.8903981,1,0,0.08663943,0
21088,1,0.8531419,1,0,0.03631769,0,0,0.043238346,0,0,0.034551222,0,0,0.046489082,0
21090,0,0.0032314954,0,0,0.38903567,1,0,0.3037268,0,1,0.9125285,1,0,0.1933082,0
21091,0,0.0057562417,0,0,0.41060466,1,0,0.2564246,0,1,0.8841096,1,0,0.18103413,0
21093,0,0.010652837,0,0,0.06663813,0,1,0.9657019,1,0,0.26517725,0,0,0.16077685,0
21109,0,0.5214085,1,1,0.42661145,1,0,0.09061125,0,0,0.079006985,0,0,0.1215614,0
21112,0,0.05894836,0,0,0.39291078,1,0,0.28927907,0,1,0.704467,1,0,0.18148549,0
21113,0,0.112923376,0,0,0.031139031,0,1,0.9177156,1,0,0.08085421,0,0,0.11788104,0
21117,0,0.034098573,0,1,0.8124168,1,0,0.10825177,0,0,0.18476479,0,0,0.2509318,1
21120,0,0.005657169,0,0,0.40941787,1,0,0.52199215,1,1,0.8110921,1,0,0.16999479,0
21124,0,0.007510215,0,0,0.60338116,1,1,0.4598231,1,1,0.6293807,1,0,0.28225797,1
21125,1,0.800186,1,0,0.028323993,0,0,0.05325643,0,0,0.095155545,0,0,0.038361173,0
21136,0,0.09826087,0,0,0.55278975,1,0,0.08196664,0,1,0.4227237,1,0,0.09978138,0
21139,0,0.032956194,0,0,0.39522108,1,0,0.3042866,0,1,0.73181194,1,0,0.15106843,0
21142,0,0.0032070715,0,1,0.8617529,1,1,0.3059433,0,0,0.25091273,0,0,0.47194028,1
21143,0,0.0037099803,0,1,0.85117316,1,0,0.31274864,0,0,0.25401914,0,0,0.45561478,1
21149,1,0.93124735,1,0,0.0076334705,0,0,0.028481755,0,0,0.012643163,0,0,0.026749939,0
21153,0,0.008203732,0,1,0.6817607,1,0,0.16441728,0,1,0.72678846,1,0,0.30994874,1
21159,0,0.0069303564,0,0,0.36235142,1,0,0.8345897,1,1,0.5895469,1,0,0.21929044,1
21161,1,0.92464095,1,0,0.003717648,0,0,0.029678818,0,0,0.02124462,0,0,0.017344445,0
21164,1,0.7282714,1,0,0.16067041,0,0,0.0691765,0,0,0.039989106,0,0,0.08341589,0
21192,0,0.00496908,0,1,0.9170373,1,0,0.069299944,0,0,0.1527623,0,0,0.3560834,1
21196,0,0.069477454,0,1,0.7303727,1,0,0.06569519,0,0,0.21587785,0,0,0.12995729,0
21206,0,0.13605283,0,0,0.6751236,1,0,0.06588343,0,1,0.15423617,0,0,0.102921546,0
21216,0,0.009199981,0,1,0.5938764,1,1,0.45510322,1,0,0.63933665,1,1,0.28445864,1
21217,0,0.6898476,1,0,0.022880776,0,0,0.08051555,0,1,0.24543345,0,0,0.03838649,0
21220,1,0.78069884,1,0,0.050858445,0,0,0.09932897,0,0,0.08682683,0,0,0.07356081,0
21223,0,0.15846406,0,1,0.54220945,1,0,0.17897502,0,0,0.38224286,1,0,0.1624879,0
21225,0,0.66533685,1,0,0.18829994,0,1,0.07922413,0,0,0.07943408,0,0,0.090768285,0
21227,0,0.022236628,0,0,0.47744736,1,0,0.18814677,0,1,0.7892541,1,0,0.21166267,1
21228,0,0.07955966,0,0,0.06366367,0,1,0.9027792,1,0,0.13528045,0,0,0.14139117,0
21233,0,0.03373528,0,0,0.59855556,1,0,0.19469206,0,1,0.53282416,1,0,0.18196796,0
21239,0,0.33735538,0,0,0.21935162,0,0,0.13164459,0,1,0.49780253,1,0,0.09363273,0
21245,1,0.8700094,1,0,0.015268683,0,0,0.07911699,0,0,0.035857182,0,0,0.04968642,0
21247,0,0.6367848,1,0,0.05719288,0,0,0.28205168,0,1,0.15330555,0,0,0.102786936,0
21251,0,0.030318532,0,1,0.67179507,1,0,0.096584044,0,1,0.5520812,1,1,0.21350317,1
21258,1,0.82422334,1,0,0.017277444,0,0,0.0920367,0,0,0.055791922,0,0,0.04343669,0
21264,1,0.7364834,1,0,0.04657324,0,0,0.14405775,0,0,0.13285357,0,0,0.079602376,0
21265,0,0.07611702,0,0,0.29384333,0,0,0.1306753,0,1,0.7195341,1,1,0.08988392,0
21273,0,0.013515627,0,0,0.16765031,0,1,0.45075354,1,1,0.8940566,1,0,0.11376013,0
21277,0,0.15538874,0,0,0.3076269,0,0,0.2049593,0,1,0.62990457,1,0,0.11643672,0
21279,0,0.054225523,0,1,0.3433675,0,0,0.14935844,0,1,0.7407046,1,0,0.10891804,0
21289,0,0.2544726,0,0,0.58006686,1,0,0.083142914,0,1,0.15123901,0,0,0.10224652,0
21291,0,0.036607817,0,0,0.0026542838,0,1,0.9855919,1,0,0.042794604,0,0,0.05224808,0
21299,0,0.30158803,0,0,0.19071203,0,0,0.12987313,0,1,0.55612594,1,0,0.0851193,0
21301,0,0.31230304,0,0,0.1456288,0,0,0.12461741,0,1,0.57514745,1,0,0.072219916,0
21319,0,0.0011243926,0,1,0.8546834,1,0,0.46961,1,0,0.29067466,0,1,0.53949827,1
21325,0,0.0024964488,0,0,0.2866777,0,1,0.852414,1,0,0.71970695,1,1,0.14115006,0
21334,1,0.622686,1,0,0.086382315,0,0,0.05866512,0,0,0.18392031,0,0,0.047385648,0
21337,0,0.005014743,0,1,0.89550287,1,0,0.10368015,0,0,0.22613688,0,1,0.37188935,1
21348,0,0.01205437,0,1,0.672004,1,0,0.3129174,0,0,0.56947744,1,0,0.30167803,1
21355,1,0.9526729,1,0,0.0018015365,0,0,0.011926957,0,0,0.012273461,0,0,0.008868777,0
21363,0,0.007302256,0,0,0.50188893,1,0,0.35078168,1,1,0.813187,1,0,0.22025469,1
21397,0,0.015997397,0,0,0.71339,1,0,0.115338705,0,1,0.55934757,1,0,0.23919329,1
21403,0,0.03453967,0,0,0.14222136,0,0,0.17744984,0,1,0.8855719,1,0,0.06762515,0
21417,0,0.10405114,0,1,0.29885304,0,0,0.06947442,0,1,0.6416993,1,0,0.06966861,0
21423,0,0.124612495,0,1,0.61649483,1,0,0.09312194,0,0,0.24911374,0,0,0.114784785,0
21426,0,0.0071337284,0,0,0.3654027,1,0,0.22099519,0,1,0.88912076,1,0,0.1604998,0
21430,0,0.023562066,0,1,0.8355578,1,0,0.06973737,0,0,0.20137699,0,0,0.2196155,1
21434,1,0.86266476,1,0,0.006352349,0,0,0.096844986,0,0,0.03252153,0,0,0.030878352,0
21443,1,0.93469083,1,0,0.005286261,0,0,0.02361271,0,0,0.012890495,0,0,0.019539364,0
21455,0,0.80549353,1,0,0.013609205,0,0,0.04649624,0,1,0.12903108,0,0,0.027293291,0
21470,1,0.86519444,1,0,0.03935907,0,0,0.04130889,0,0,0.025524642,0,0,0.049988735,0
21480,1,0.86492336,1,0,0.0338347,0,0,0.038725182,0,0,0.021062963,0,0,0.041097373,0
21511,0,0.14982955,0,0,0.04290432,0,0,0.13902485,0,1,0.80821764,1,0,0.040499907,0
21512,0,0.28676546,0,0,0.29981095,0,0,0.06947337,0,1,0.3609468,1,0,0.0652214,0
21515,0,0.007094151,0,1,0.5944627,1,0,0.29856846,0,0,0.7501844,1,0,0.26633766,1
21546,0,0.028794024,0,0,0.21405733,0,1,0.8232511,1,1,0.48964608,1,0,0.17594032,0
21547,1,0.85968477,1,0,0.028742863,0,0,0.044602208,0,0,0.03552173,0,0,0.043159254,0
21554,1,0.9190693,1,0,0.0040330486,0,0,0.047559947,0,0,0.017270854,0,0,0.023160653,0
21555,0,0.014554307,0,1,0.83781695,1,0,0.09599401,0,0,0.23777622,0,1,0.23951422,1
21565,0,0.002667935,0,1,0.7468474,1,0,0.43574858,1,0,0.5998325,1,1,0.48341832,1
21566,1,0.6036782,1,0,0.18222362,0,0,0.13315304,0,0,0.14035015,0,0,0.10110143,0
21573,0,0.012680749,0,1,0.34711185,0,1,0.8462087,1,0,0.3667903,1,0,0.16046077,0
21574,0,0.0009647985,0,1,0.7648316,1,1,0.6614913,1,0,0.37766808,1,0,0.45378667,1
21576,1,0.8693052,1,0,0.030683616,0,0,0.0509857,0,0,0.029076034,0,0,0.052037813,0
21579,0,0.0015059105,0,1,0.7494036,1,0,0.6019669,1,0,0.47304535,1,1,0.48326674,1
21580,1,0.83929133,1,0,0.028741786,0,0,0.06668576,0,0,0.027952196,0,0,0.045311153,0
21583,1,0.3387906,0,0,0.5663286,1,0,0.06613457,0,0,0.08581857,0,0,0.09553311,0
21586,1,0.9241512,1,0,0.0069835586,0,0,0.036454387,0,0,0.013310993,0,0,0.026830215,0
21591,0,0.14735144,0,0,0.035108272,0,0,0.23812261,0,1,0.7593348,1,0,0.046420656,0
21597,1,0.85685694,1,0,0.02447264,0,0,0.090236045,0,0,0.038660347,0,0,0.06597894,0
21600,0,0.12774593,0,1,0.57575893,1,0,0.13573661,0,0,0.32198817,0,0,0.12831675,0
21601,0,0.00037676754,0,1,0.9030826,1,1,0.3723912,1,0,0.333944,0,1,0.6086678,1
21606,0,0.010940738,0,1,0.8735986,1,0,0.09050772,0,0,0.18881963,0,0,0.28804958,1
21610,0,0.049355082,0,0,0.20126083,0,0,0.10962664,0,1,0.82141495,1,0,0.06865959,0
21619,0,0.008463839,0,0,0.103711344,0,1,0.94131094,1,1,0.42545915,1,0,0.16076054,0
21621,0,0.00034480193,0,1,0.9114961,1,0,0.36115152,1,0,0.29386398,0,1,0.6059182,1
21622,1,0.79855305,1,0,0.015253606,0,0,0.044065088,0,0,0.13572285,0,0,0.027817845,0
21624,0,0.106535815,0,0,0.106653996,0,0,0.0968871,0,1,0.7980529,1,0,0.049623195,0
21626,0,0.4807137,1,0,0.20374624,0,0,0.073453285,0,1,0.24786414,0,0,0.073947296,0
21629,0,0.28218687,0,0,0.049787726,0,1,0.7641614,1,0,0.11391328,0,1,0.119804084,0
21638,1,0.12845284,0,0,0.66861373,1,0,0.19681735,0,0,0.15904613,0,0,0.20696881,1
21643,0,0.0098637715,0,0,0.25283808,0,1,0.9260516,1,0,0.26641127,0,1,0.30299205,1
21657,0,0.0446414,0,0,0.20364752,0,1,0.89440876,1,1,0.12746799,0,0,0.1911313,0
21661,1,0.30986273,0,0,0.57239324,1,0,0.14393027,0,0,0.112398386,0,0,0.15724924,0
21668,1,0.8733921,1,0,0.019264875,0,0,0.045199104,0,0,0.03592397,0,0,0.03838578,0
21669,0,0.012637129,0,1,0.18145454,0,0,0.16714072,0,1,0.9211877,1,1,0.07718905,0
21694,1,0.70734876,1,0,0.13952635,0,0,0.104450494,0,0,0.086637296,0,0,0.10501648,0
21698,0,0.012975571,0,0,0.36569756,1,0,0.2537731,0,1,0.84910506,1,0,0.15064718,0
21701,1,0.81287813,1,0,0.03067661,0,0,0.10863398,0,0,0.06058953,0,0,0.06723368,0
21714,0,0.35486582,0,0,0.07039337,0,0,0.11875749,0,1,0.5605555,1,0,0.05472087,0
21715,0,0.044863798,0,1,0.59166694,1,0,0.18744613,0,0,0.515767,1,0,0.17045881,0
21719,1,0.89899737,1,0,0.0073891687,0,0,0.024166733,0,0,0.040419925,0,0,0.01873521,0
21727,1,0.8714084,1,0,0.026250727,0,0,0.065834336,0,0,0.0283623,0,0,0.057553604,0
21733,0,0.09128068,0,1,0.7077893,1,0,0.17028049,0,0,0.22146073,0,0,0.22368199,1
21735,0,0.0015169393,0,0,0.48870718,1,1,0.87168133,1,1,0.5234906,1,0,0.2976658,1
21737,0,0.015452181,0,0,0.50608116,1,0,0.5599055,1,1,0.5738989,1,0,0.23848647,1
21764,0,0.0003683058,0,0,0.28029323,0,1,0.7640717,1,1,0.91334647,1,0,0.17562297,0
21774,0,0.0034453508,0,1,0.92102236,1,0,0.13052697,0,0,0.13874833,0,0,0.46189356,1
21777,1,0.94819146,1,0,0.0024429753,0,0,0.029430322,0,0,0.00584245,0,0,0.016003499,0
21780,0,0.01910813,0,1,0.30916917,0,0,0.35983768,1,1,0.83324665,1,0,0.13789186,0
21792,0,0.041385137,0,1,0.48708043,1,0,0.15869261,0,0,0.69265354,1,1,0.15676849,0
21800,1,0.9126231,1,0,0.010987709,0,0,0.027839882,0,0,0.016638165,0,0,0.025470644,0
21801,1,0.8975839,1,0,0.0031018357,0,0,0.019386822,0,0,0.063465215,0,0,0.011465078,0
21807,1,0.9604636,1,0,0.0024012958,0,0,0.013255363,0,0,0.00718895,0,0,0.012838275,0
21812,0,0.010516953,0,0,0.043792564,0,1,0.9642718,1,0,0.26414943,0,0,0.13520102,0
21814,1,0.89670914,1,0,0.012610253,0,0,0.051861785,0,0,0.020488717,0,0,0.03751883,0
21821,1,0.86945647,1,0,0.0060340827,0,1,0.10638907,0,0,0.020592056,0,0,0.031114262,0
21823,1,0.043601304,0,0,0.795584,1,0,0.14288324,0,0,0.13181505,0,0,0.23313662,1
21825,1,0.90386516,1,0,0.010061237,0,0,0.041815847,0,0,0.02061009,0,0,0.030266417,0
21830,1,0.8172747,1,0,0.0127772745,0,0,0.073224336,0,0,0.0859583,0,0,0.032979682,0
21837,1,0.9378842,1,0,0.005010812,0,0,0.029138938,0,0,0.010270686,0,0,0.022392238,0
