ecg_id,true_NORM,prob_NORM,pred_NORM,true_STTC,prob_STTC,pred_STTC,true_CD,prob_CD,pred_CD,true_MI,prob_MI,pred_MI,true_HYP,prob_HYP,pred_HYP
11,1,0.8045994,1,0,0.011748066,0,0,0.22642227,0,0,0.01938225,0,0,0.049418014,0
25,1,0.85551924,1,0,0.08561072,0,0,0.024005126,0,0,0.011480329,0,0,0.038390286,0
26,0,0.0456054,0,1,0.48454243,1,0,0.7341558,1,0,0.3982322,0,0,0.24579212,0
28,0,0.028455278,0,1,0.6281241,1,0,0.5150642,0,0,0.46235573,1,0,0.3030225,1
31,1,0.88363576,1,0,0.0076665455,0,0,0.12181629,0,0,0.0054114508,0,0,0.032787383,0
32,0,0.7701616,1,0,0.05152814,0,1,0.1754983,0,0,0.03190082,0,0,0.07788011,0
35,1,0.9208172,1,0,0.008677552,0,0,0.049231563,0,0,0.0061613754,0,0,0.026858648,0
36,1,0.84592247,1,0,0.04067371,0,0,0.051931772,0,0,0.03741658,0,0,0.044095166,0
39,0,0.08075922,0,1,0.54798555,1,0,0.20107816,0,1,0.4999981,1,0,0.17027935,0
40,1,0.38246968,1,0,0.052224223,0,0,0.7287807,1,0,0.07396571,0,0,0.13095579,0
43,1,0.9644346,1,0,0.0022832006,0,0,0.022019947,0,0,0.0011802758,0,0,0.011273916,0
46,1,0.9130167,1,0,0.010350099,0,0,0.04735349,0,0,0.002545111,0,0,0.02240373,0
47,1,0.86880803,1,0,0.0318698,0,0,0.06484758,0,0,0.018488798,0,0,0.050379843,0
52,0,0.6082469,1,0,0.065619804,0,1,0.4359235,0,0,0.040021263,0,0,0.12182441,0
60,1,0.8200079,1,0,0.006996142,0,0,0.26016507,0,0,0.020387711,0,0,0.04867127,0
67,1,0.7739387,1,0,0.009277862,0,0,0.35617793,0,0,0.007417082,0,0,0.04828043,0
71,1,0.8871087,1,0,0.03165735,0,0,0.045554988,0,0,0.009348994,0,0,0.04078275,0
74,1,0.9442122,1,0,0.0022966047,0,0,0.055832956,0,0,0.0018260829,0,0,0.015690617,0
75,1,0.81602603,1,0,0.011396866,0,0,0.2337715,0,0,0.009754313,0,0,0.048554786,0
76,1,0.79131556,1,0,0.006430104,0,0,0.3481966,0,0,0.008317328,0,0,0.04312152,0
82,1,0.8879349,1,0,0.0055727675,0,0,0.110391945,0,0,0.011115008,0,0,0.029591374,0
83,1,0.89894915,1,0,0.017342316,0,0,0.04603743,0,0,0.00756477,0,0,0.030223802,0
85,1,0.83400375,1,0,0.007913436,0,0,0.23500903,0,0,0.006270437,0,0,0.041838158,0
90,1,0.89726245,1,0,0.013468332,0,0,0.053370763,0,0,0.0022166143,0,0,0.028493606,0
91,1,0.96287376,1,0,0.0032950633,0,0,0.016965274,0,0,0.001860938,0,0,0.0117361415,0
93,1,0.9692235,1,0,0.002902549,0,0,0.01191042,0,0,0.0011121352,0,0,0.009969253,0
94,1,0.8139182,1,0,0.046333306,0,0,0.10896472,0,0,0.012595661,0,0,0.062353417,0
98,1,0.46120435,1,0,0.046026744,0,0,0.70410734,1,0,0.063884445,0,0,0.13642596,0
101,1,0.62172025,1,0,0.14975215,0,0,0.24863562,0,0,0.02884038,0,0,0.12215889,0
105,1,0.72537667,1,0,0.02050402,0,0,0.27542722,0,0,0.08326129,0,0,0.077338256,0
106,0,0.8912682,1,0,0.0038701447,0,0,0.10500962,0,1,0.01769185,0,1,0.028779486,0
111,1,0.8720479,1,0,0.004653546,0,0,0.16192056,0,0,0.011729639,0,0,0.032172505,0
116,0,0.74505025,1,1,0.17435662,0,0,0.05885032,0,0,0.03934343,0,0,0.073498696,0
120,1,0.92497945,1,0,0.008063524,0,0,0.045854464,0,0,0.0028959655,0,0,0.022380378,0
124,1,0.8309585,1,0,0.0036312307,0,0,0.3197531,0,0,0.009911199,0,0,0.039237715,0
129,1,0.90274036,1,0,0.006036649,0,0,0.087398425,0,0,0.0062070517,0,0,0.027222041,0
131,0,0.83584756,1,0,0.018310796,0,0,0.14059962,0,1,0.03199637,0,0,0.05572982,0
135,0,0.05629561,0,1,0.7438863,1,0,0.08787061,0,0,0.18290608,0,0,0.17089973,0
136,1,0.76936835,1,0,0.050369803,0,0,0.17464237,0,0,0.04429211,0,0,0.08676348,0
146,0,0.0016015025,0,1,0.36867535,1,0,0.3204982,0,1,0.9314196,1,1,0.21982324,0
148,0,0.10250224,0,1,0.073662765,0,0,0.91788733,1,0,0.13635656,0,0,0.15496074,0
149,1,0.9128497,1,0,0.0072921487,0,0,0.0668066,0,0,0.0035192054,0,0,0.025289621,0
169,0,0.14251716,0,0,0.33137497,0,1,0.6839214,0,0,0.19227527,0,0,0.19381553,0
170,0,0.012584463,0,1,0.81043136,1,0,0.3188369,0,0,0.16018578,0,0,0.43855527,1
171,0,0.049331006,0,1,0.7859331,1,0,0.0916795,0,0,0.12989987,0,0,0.27316803,1
172,0,0.0018130203,0,0,0.1698379,0,1,0.9384849,1,0,0.7848354,1,0,0.1094522,0
176,1,0.8319667,1,0,0.09049336,0,0,0.035829794,0,0,0.022145178,0,0,0.05195706,0
184,0,0.00077835226,0,0,0.051657915,0,0,0.8378374,1,1,0.9344558,1,0,0.05471933,0
185,1,0.65441734,1,0,0.062000543,0,0,0.32713303,0,0,0.06267699,0,0,0.10672088,0
187,1,0.8119624,1,0,0.051925104,0,0,0.10415772,0,0,0.027949702,0,0,0.06399435,0
189,0,0.0035392663,0,0,0.112324215,0,0,0.7880517,1,1,0.8698869,1,0,0.11476153,0
198,1,0.90398467,1,0,0.0070126816,0,0,0.08319162,0,0,0.0054673813,0,0,0.027702926,0
199,0,0.39380282,1,0,0.12987484,0,0,0.3307905,0,1,0.32546285,0,1,0.11812226,0
205,1,0.7015535,1,0,0.19995347,0,0,0.0876472,0,0,0.051826447,0,0,0.09808498,0
218,1,0.566756,1,0,0.07373147,0,1,0.48287895,0,0,0.030315986,0,0,0.12503032,0
222,0,0.0018121938,0,0,0.21060002,0,1,0.84905875,1,0,0.8655382,1,1,0.14280508,0
223,0,0.00036032303,0,1,0.85939914,1,0,0.54036576,0,1,0.5095519,1,1,0.7230919,1
225,1,0.4957988,1,0,0.050401676,0,0,0.48034018,0,0,0.14895752,0,0,0.13491249,0
229,1,0.906195,1,0,0.0025850083,0,0,0.1211143,0,0,0.0076348577,0,0,0.023769548,0
233,1,0.6551946,1,0,0.040518582,0,0,0.42530248,0,0,0.030366933,0,0,0.10019372,0
235,1,0.21854503,0,0,0.011709878,0,1,0.9110894,1,0,0.047689218,0,0,0.08384721,0
237,1,0.93066627,1,0,0.013365431,0,0,0.026740097,0,0,0.004748917,0,0,0.02479903,0
249,1,0.4519768,1,0,0.28467318,0,0,0.27719313,0,0,0.15487571,0,0,0.15166807,0
252,1,0.59990185,1,0,0.19662294,0,0,0.21767166,0,0,0.04843085,0,0,0.1411705,0
259,0,0.42050874,1,1,0.38431284,1,0,0.20200732,0,0,0.061153326,0,0,0.14803803,0
260,0,0.1999815,0,1,0.26090598,0,1,0.63917434,0,0,0.26188684,0,0,0.1913983,0
262,1,0.8888105,1,0,0.008361612,0,0,0.08432834,0,0,0.018577546,0,0,0.034213297,0
275,1,0.84761417,1,0,0.022253802,0,0,0.106113784,0,0,0.031470407,0,0,0.053324945,0
277,1,0.68686485,1,0,0.019532494,0,0,0.42197654,0,0,0.026976239,0,0,0.073559396,0
278,1,0.6844382,1,0,0.3819673,1,0,0.013285277,0,0,0.005791232,0,0,0.04630026,0
283,1,0.74043506,1,0,0.060650833,0,0,0.16907047,0,0,0.038186032,0,0,0.074245006,0
284,0,0.0012375042,0,1,0.8084091,1,0,0.5232204,0,0,0.5256511,1,1,0.59753233,1
285,0,0.19250931,0,0,0.06600358,0,1,0.86210346,1,0,0.06707046,0,0,0.13385534,0
287,0,0.02500747,0,0,0.12122659,0,1,0.9650904,1,1,0.2489632,0,0,0.17400281,0
289,1,0.6619587,1,0,0.18792607,0,0,0.12547241,0,0,0.090156965,0,0,0.12258759,0
296,0,0.005322475,0,1,0.8524736,1,0,0.3235483,0,0,0.30780357,0,1,0.5801741,1
309,1,0.81753826,1,0,0.016317135,0,0,0.1959722,0,0,0.023826836,0,0,0.05939429,0
319,0,0.11040929,0,0,0.37138346,1,0,0.6226104,0,1,0.46432567,1,0,0.2325949,0
321,0,0.09347802,0,1,0.5599378,1,0,0.23902819,0,0,0.48527464,1,0,0.2215625,0
330,1,0.8378842,1,0,0.013513702,0,0,0.1653794,0,0,0.011619223,0,0,0.04825914,0
331,0,0.3023272,1,0,0.18567757,0,1,0.64440054,0,0,0.13327654,0,0,0.17961077,0
343,1,0.84752023,1,0,0.003353549,0,0,0.24156718,0,0,0.00808035,0,0,0.029664675,0
344,0,0.052816063,0,1,0.79520375,1,0,0.06043256,0,0,0.09873482,0,0,0.20454702,0
356,1,0.548067,1,0,0.01911404,0,0,0.60312474,0,0,0.07269212,0,0,0.096705265,0
358,1,0.91687477,1,0,0.0009866887,0,0,0.13464579,0,0,0.0069550793,0,0,0.018384144,0
360,1,0.60586375,1,0,0.0046095415,0,0,0.70032877,1,0,0.0104433615,0,0,0.045645136,0
362,1,0.72162753,1,0,0.0038873872,0,1,0.5477883,0,0,0.009943096,0,0,0.043227576,0
365,1,0.718543,1,0,0.010648974,0,0,0.46047953,0,0,0.01033353,0,0,0.058672473,0
376,1,0.87436575,1,0,0.012597879,0,0,0.11103644,0,0,0.010250146,0,0,0.041986477,0
379,1,0.93933916,1,0,0.0012128917,0,0,0.08855998,0,0,0.0017425283,0,0,0.014444688,0
389,1,0.929787,1,0,0.021036193,0,0,0.017893037,0,0,0.003571768,0,0,0.02249181,0
390,0,0.43031368,1,0,0.013838677,0,1,0.81615394,1,0,0.021668626,0,0,0.08038133,0
405,1,0.8764039,1,0,0.005032397,0,0,0.1669226,0,0,0.009487841,0,0,0.035749033,0
410,1,0.88634413,1,0,0.0058232853,0,0,0.088673815,0,0,0.019760732,0,0,0.030435814,0
416,0,0.059405528,0,1,0.69090205,1,0,0.027852524,0,0,0.108118095,0,0,0.086710714,0
423,0,0.02143781,0,1,0.3789256,1,1,0.82973814,1,1,0.35958174,0,1,0.30834484,1
424,0,0.03600949,0,0,0.023855023,0,1,0.98076093,1,0,0.092386626,0,0,0.11238831,0
425,0,0.11834364,0,1,0.259557,0,0,0.4918507,0,1,0.5915447,1,1,0.23416243,0
433,1,0.47932273,1,0,0.43792778,1,0,0.07994939,0,0,0.06752737,0,0,0.12245382,0
440,1,0.71878076,1,0,0.15581192,0,0,0.116930045,0,0,0.05480493,0,0,0.10471828,0
445,1,0.5638752,1,0,0.060094167,0,0,0.43998605,0,0,0.11767599,0,0,0.12370091,0
446,1,0.79547435,1,0,0.015549785,0,0,0.23434414,0,0,0.0307089,0,0,0.06257788,0
450,0,0.08758712,0,1,0.71623105,1,0,0.12147616,0,0,0.21189898,0,0,0.20396395,0
453,0,0.011421252,0,0,0.12907586,0,0,0.15882231,0,1,0.9135774,1,0,0.06074439,0
454,1,0.863702,1,0,0.005187798,0,0,0.18146232,0,0,0.007958324,0,0,0.033774547,0
464,0,0.14528358,0,0,0.0560366,0,0,0.9160503,1,1,0.067493916,0,0,0.14018933,0
467,1,0.8535475,1,0,0.008013578,0,0,0.1761889,0,0,0.01606987,0,0,0.04281696,0
471,1,0.83012235,1,0,0.0047993627,0,0,0.24373308,0,0,0.018152485,0,0,0.03868309,0
472,1,0.8901298,1,0,0.049267624,0,0,0.02415209,0,0,0.010389069,0,0,0.035375126,0
473,1,0.8609276,1,0,0.0071794987,0,0,0.15536106,0,0,0.01441082,0,0,0.038609054,0
475,1,0.44404873,1,0,0.49747798,1,0,0.04257395,0,0,0.046261713,0,0,0.0889557,0
480,1,0.5038941,1,0,0.2623557,0,0,0.28306702,0,0,0.0661778,0,0,0.16113824,0
486,0,0.1128206,0,0,0.57063466,1,0,0.21313404,0,1,0.4068726,1,0,0.23519632,0
489,0,0.012461566,0,0,0.17297272,0,1,0.942493,1,0,0.44385278,1,1,0.17854016,0
490,1,0.84859633,1,0,0.017403694,0,0,0.1269548,0,0,0.007079223,0,0,0.044517808,0
491,1,0.87318903,1,0,0.018888287,0,0,0.08310405,0,0,0.00817465,0,0,0.039426897,0
492,0,0.44833985,1,0,0.04628089,0,0,0.6532983,0,1,0.08629514,0,0,0.11970111,0
500,0,0.010229476,0,1,0.23647521,0,1,0.18257444,0,1,0.9076605,1,1,0.10845512,0
516,0,0.008441594,0,1,0.8094255,1,0,0.4233985,0,0,0.19322823,0,1,0.49947643,1
517,0,0.0032002907,0,0,0.16973923,0,1,0.96837336,1,0,0.5998537,1,0,0.15642942,0
522,0,0.0886589,0,1,0.59197885,1,1,0.5403448,0,0,0.2593984,0,0,0.32485303,1
525,0,0.027216371,0,1,0.6750043,1,0,0.5329837,0,0,0.25286567,0,0,0.34278762,1
528,0,0.0007804593,0,1,0.1756564,0,1,0.97312117,1,1,0.70353246,1,0,0.15543516,0
531,1,0.35905975,1,0,0.11711606,0,0,0.62400085,0,0,0.07810984,0,0,0.1396726,0
532,0,0.0020358514,0,0,0.28793347,0,0,0.81096476,1,1,0.84879947,1,0,0.16509798,0
535,0,0.0004436877,0,0,0.23561662,0,1,0.3793284,0,1,0.968441,1,0,0.11822454,0
539,1,0.88022035,1,0,0.01973978,0,0,0.07299992,0,0,0.012236831,0,0,0.042475488,0
552,1,0.121186554,0,0,0.06878188,0,0,0.8061547,1,0,0.37208655,0,0,0.1476134,0
558,0,0.19027,0,0,0.16087249,0,0,0.130583,0,1,0.6507057,1,0,0.09718659,0
559,1,0.7108096,1,0,0.1330396,0,0,0.15334418,0,0,0.060853574,0,0,0.117511205,0
576,0,0.28528696,0,1,0.54572725,1,0,0.17143393,0,0,0.06253298,0,0,0.16935587,0
578,1,0.94426197,1,0,0.0011133447,0,0,0.069544785,0,0,0.0018191066,0,0,0.012458404,0
587,1,0.935754,1,0,0.006899524,0,0,0.036310673,0,0,0.0026585523,0,0,0.01943499,0
589,1,0.9468457,1,0,0.0043630223,0,0,0.02646723,0,0,0.0060845627,0,0,0.016779415,0
591,1,0.94495934,1,0,0.00068880763,0,0,0.052632835,0,0,0.0065442203,0,0,0.011171013,0
592,0,0.14135365,0,0,0.0309337,0,1,0.82242256,1,1,0.2858568,0,0,0.115175836,0
607,0,0.0056343484,0,0,0.13987774,0,1,0.94728625,1,1,0.65173006,1,0,0.14122789,0
610,0,0.010825983,0,1,0.50375575,1,0,0.4043657,0,1,0.78717285,1,0,0.2786882,1
612,0,0.053948864,0,1,0.5384134,1,0,0.40964088,0,0,0.4642267,1,0,0.2156156,0
614,1,0.76941377,1,0,0.04353338,0,0,0.073260345,0,0,0.11600116,0,0,0.05409766,0
615,1,0.4481002,1,0,0.33498663,0,0,0.15759607,0,0,0.0997637,0,0,0.14487673,0
618,0,0.064542286,0,0,0.040118534,0,1,0.94600534,1,0,0.15463673,0,0,0.13361555,0
622,0,0.23266321,0,1,0.4296872,1,0,0.23411845,0,1,0.42358303,1,0,0.16404752,0
624,1,0.8486547,1,0,0.03421149,0,0,0.0894227,0,0,0.013992858,0,0,0.0550478,0
626,0,0.1501085,0,1,0.6089623,1,1,0.16624776,0,0,0.18317723,0,1,0.1445298,0
632,0,0.15491232,0,1,0.6735323,1,0,0.045169845,0,0,0.079559594,0,0,0.11294772,0
636,0,0.0022036508,0,1,0.8276136,1,0,0.26212144,0,1,0.63294053,1,0,0.5687834,1
637,0,0.0027488244,0,1,0.35362265,1,1,0.9514753,1,0,0.4568642,1,0,0.2660371,1
638,1,0.92391676,1,0,0.0052292803,0,0,0.05800011,0,0,0.0070077693,0,0,0.024455912,0
647,1,0.78768134,1,0,0.038834948,0,0,0.16187258,0,0,0.018124318,0,0,0.0693348,0
654,1,0.95671326,1,0,0.0037359616,0,0,0.023768669,0,0,0.0016229046,0,0,0.0138628585,0
655,1,0.7842518,1,0,0.014407266,0,0,0.2768419,0,0,0.022550128,0,0,0.06332836,0
656,0,0.17716913,0,1,0.61618954,1,0,0.30974573,0,0,0.18753722,0,0,0.3175453,1
659,0,0.04633538,0,0,0.20876436,0,1,0.921036,1,0,0.17564109,0,0,0.1885991,0
661,0,0.020170122,0,0,0.25083053,0,0,0.1644789,0,1,0.86853725,1,0,0.101713456,0
668,1,0.95366454,1,0,0.0063056103,0,0,0.01633793,0,0,0.0043530846,0,0,0.016104907,0
676,1,0.76380366,1,0,0.016089085,0,0,0.3191665,0,0,0.020442514,0,0,0.06883657,0
681,0,0.12571715,0,0,0.51491565,1,1,0.5244368,0,1,0.25331658,0,0,0.2531744,1
697,0,0.32017696,1,0,0.18162525,0,0,0.679789,0,0,0.10137574,0,1,0.20277458,0
708,0,0.006641723,0,1,0.18794572,0,0,0.05438947,0,1,0.9156284,1,0,0.039822217,0
715,1,0.69056034,1,0,0.08641446,0,0,0.2506857,0,0,0.09282508,0,0,0.12208266,0
725,1,0.60793173,1,0,0.08066953,0,0,0.36899385,0,0,0.09242906,0,0,0.13260348,0
728,0,0.022261295,0,0,0.49877343,1,1,0.29667675,0,1,0.76040065,1,0,0.26013914,1
731,0,0.0043020016,0,1,0.47124442,1,1,0.81204903,1,1,0.6579241,1,0,0.27311745,1
733,0,0.032041423,0,0,0.14451602,0,1,0.9550699,1,0,0.19407764,0,0,0.1810682,0
749,1,0.8568926,1,0,0.033270538,0,0,0.08198878,0,0,0.015223188,0,0,0.05459386,0
751,1,0.8072872,1,0,0.02273037,0,0,0.15998411,0,0,0.042197224,0,0,0.06336586,0
752,1,0.5032745,1,0,0.3488159,0,0,0.17618223,0,0,0.17350179,0,0,0.17416266,0
753,1,0.74157715,1,0,0.01747753,0,0,0.31441465,0,0,0.03926411,0,0,0.07128644,0
758,1,0.7653141,1,0,0.02409534,0,0,0.20470673,0,0,0.06454828,0,0,0.07291161,0
768,0,0.004556477,0,1,0.8385665,1,1,0.38420284,0,0,0.28897372,0,0,0.55587924,1
775,1,0.837255,1,0,0.020785585,0,0,0.047208548,0,0,0.068211846,0,0,0.035490658,0
776,1,0.95867836,1,0,0.002290965,0,0,0.024518713,0,0,0.0024591696,0,0,0.011961944,0
785,0,0.36930844,1,0,0.006767126,0,1,0.8190779,1,0,0.055941835,0,0,0.06864442,0
792,1,0.8760102,1,0,0.028209476,0,0,0.0387266,0,0,0.027417943,0,0,0.03625097,0
796,0,0.0018039752,0,0,0.25648546,0,1,0.95571786,1,0,0.43603355,1,1,0.29327568,1
798,0,0.003819912,0,0,0.2249372,0,1,0.9814761,1,0,0.31033036,0,0,0.21649536,0
799,0,0.7884818,1,0,0.056708615,0,0,0.12770313,0,1,0.039313618,0,0,0.07860173,0
800,0,0.0066738133,0,0,0.12651995,0,1,0.6214484,0,1,0.87653965,1,0,0.09349644,0
801,0,0.20076194,0,1,0.21385483,0,0,0.5607249,0,0,0.40380058,1,0,0.20018499,0
805,1,0.4237482,1,0,0.33457518,0,0,0.13192828,0,0,0.27711537,0,0,0.12072237,0
810,0,0.3389878,1,0,0.024320832,0,0,0.74498695,1,1,0.13583504,0,0,0.1088876,0
811,0,0.19630185,0,1,0.5700004,1,0,0.33377743,0,0,0.12733634,0,0,0.22111613,0
814,0,0.0050662896,0,1,0.14627868,0,1,0.9864081,1,0,0.21200575,0,1,0.18587251,0
817,1,0.33126622,1,0,0.40624672,1,0,0.2945308,0,0,0.14609009,0,0,0.17962885,0
824,1,0.7783786,1,0,0.004124554,0,0,0.023111625,0,0,0.18397972,0,0,0.011547738,0
832,1,0.9327502,1,0,0.0028252904,0,0,0.06609675,0,0,0.004622918,0,0,0.019148802,0
837,1,0.79810894,1,0,0.058097243,0,0,0.06381,0,0,0.080758154,0,0,0.059025716,0
846,0,0.014255617,0,1,0.59467834,1,0,0.7577793,1,0,0.33998513,0,0,0.37811723,1
862,1,0.57254857,1,0,0.051666886,0,0,0.44215384,0,0,0.1226586,0,0,0.120902725,0
871,0,0.030040627,0,0,0.014078214,0,1,0.97938687,1,0,0.12019693,0,0,0.08553831,0
874,1,0.8017716,1,0,0.07764945,0,0,0.04951616,0,0,0.06435526,0,0,0.05185644,0
882,1,0.13629438,0,1,0.6181106,1,0,0.29007703,0,0,0.24373542,0,0,0.24375348,0
886,1,0.4481775,1,0,0.3745109,1,0,0.1991542,0,0,0.16177614,0,0,0.15723322,0
887,1,0.70691913,1,0,0.18520522,0,0,0.06815058,0,0,0.085609585,0,0,0.07659273,0
888,1,0.83991104,1,0,0.0867809,0,0,0.02779952,0,0,0.012548796,0,0,0.04122804,0
891,1,0.79872763,1,0,0.026280744,0,0,0.13004616,0,0,0.057373207,0,0,0.06010133,0
906,1,0.8729486,1,0,0.015415603,0,0,0.09645797,0,0,0.006111895,0,0,0.035578847,0
908,0,0.2757848,0,1,0.26539314,0,0,0.42584336,0,0,0.30389276,0,0,0.20199126,0
911,1,0.8624436,1,0,0.027362501,0,0,0.07869151,0,0,0.020136094,0,0,0.050248716,0
913,1,0.90110606,1,0,0.0051619,0,0,0.089351594,0,0,0.013022396,0,0,0.028898485,0
916,1,0.91180086,1,0,0.02701004,0,0,0.023607487,0,0,0.011057144,0,0,0.030623809,0
920,1,0.74206173,1,0,0.0160816,0,0,0.35568047,0,0,0.021717373,0,0,0.0695074,0
922,1,0.4905987,1,0,0.35950485,1,0,0.093247466,0,0,0.18515177,0,0,0.107684195,0
925,1,0.48503453,1,0,0.024264246,0,0,0.7273021,1,0,0.03533248,0,0,0.098084345,0
933,1,0.77811867,1,0,0.06517288,0,0,0.10030261,0,0,0.059422415,0,0,0.07201868,0
935,1,0.8767618,1,0,0.010001363,0,0,0.11213971,0,0,0.009022432,0,0,0.036178697,0
939,0,0.058130745,0,1,0.53950953,1,0,0.68177396,0,0,0.23192509,0,0,0.26593688,1
951,1,0.96833336,1,0,0.0012801467,0,0,0.020309007,0,0,0.0014407048,0,0,0.008823178,0
955,0,0.0011050617,0,1,0.046505943,0,0,0.05194008,0,1,0.98623,1,0,0.017870585,0
956,1,0.7753169,1,0,0.007899358,0,0,0.19936682,0,0,0.067410424,0,0,0.046773225,0
958,1,0.90713644,1,0,0.00425178,0,0,0.105692126,0,0,0.0031839877,0,0,0.023990138,0
961,1,0.40307328,1,0,0.3153668,0,0,0.13972688,0,0,0.29847735,0,0,0.11605082,0
964,0,0.05832499,0,1,0.14714178,0,1,0.8836989,1,1,0.2874975,0,1,0.2330259,0
966,1,0.8456938,1,0,0.011814256,0,0,0.1576341,0,0,0.0124247745,0,0,0.044425238,0
967,1,0.67477304,1,0,0.10858706,0,0,0.22216247,0,0,0.034847394,0,0,0.10781306,0
973,0,0.16944721,0,1,0.51958984,1,0,0.0890205,0,0,0.28654703,0,0,0.11041236,0
975,0,0.017938888,0,0,0.089636736,0,1,0.94891053,1,1,0.46461624,1,0,0.14227079,0
985,1,0.79008514,1,0,0.0327672,0,0,0.1604584,0,0,0.00714541,0,0,0.057056736,0
1011,1,0.70255643,1,0,0.071981885,0,0,0.21825647,0,0,0.01612715,0,0,0.083407246,0
1013,0,0.00047930935,0,1,0.8590985,1,0,0.6599213,0,0,0.22585225,0,1,0.6299329,1
1016,1,0.6744915,1,0,0.02397763,0,0,0.4451916,0,0,0.0335271,0,0,0.08722071,0
1017,0,0.022307437,0,1,0.53369874,1,1,0.78558767,1,0,0.27588403,0,0,0.32522509,1
1021,1,0.77273667,1,0,0.007650423,0,0,0.22163174,0,0,0.05074788,0,0,0.043040905,0
1024,0,0.04619299,0,0,0.023609664,0,1,0.975899,1,0,0.06855162,0,0,0.10515825,0
1025,0,0.0057694297,0,1,0.8588433,1,1,0.16974813,0,1,0.4009708,1,1,0.5095464,1
1028,1,0.8467212,1,0,0.027449576,0,0,0.1059854,0,0,0.009849967,0,0,0.05022194,0
1033,0,0.001224417,0,1,0.92420083,1,1,0.118248485,0,1,0.34415755,0,1,0.59394014,1
1056,0,0.00045379525,0,0,0.14017782,0,1,0.9555224,1,1,0.8634294,1,0,0.09794685,0
1057,1,0.7275635,1,0,0.018452331,0,0,0.046797063,0,0,0.2085364,0,0,0.027962875,0
1064,0,0.12902494,0,0,0.24194956,0,1,0.7911969,1,0,0.18074879,0,0,0.20003419,0
1065,0,0.01601567,0,1,0.72681177,1,0,0.43882525,0,0,0.4110437,1,0,0.4154736,1
1075,0,0.020802232,0,0,0.31854507,0,1,0.77020246,1,1,0.5695829,1,0,0.2632125,1
1077,0,0.012822529,0,0,0.6168721,1,1,0.53117996,0,1,0.58824944,1,0,0.36483324,1
1079,0,0.43103626,1,0,0.03922942,0,1,0.70607275,1,1,0.0821083,0,0,0.12127801,0
1084,1,0.73454785,1,0,0.039722584,0,0,0.258017,0,0,0.016083704,0,0,0.076632805,0
1093,0,0.0047507426,0,1,0.24281414,0,1,0.9227397,1,1,0.680548,1,0,0.18700321,0
1108,0,0.2942537,0,0,0.12634294,0,1,0.69915,0,1,0.179914,0,0,0.18066823,0
1118,1,0.8868655,1,0,0.0030278768,0,0,0.17653075,0,0,0.0030888682,0,0,0.025149534,0
1126,0,0.053366244,0,1,0.49330986,1,0,0.71123064,1,1,0.38841635,0,1,0.3044578,1
1146,0,0.009579629,0,1,0.8820661,1,0,0.085518286,0,0,0.09706553,0,0,0.3649876,1
1161,1,0.02333675,0,0,0.67628443,1,0,0.5732807,0,0,0.27457124,0,0,0.38599512,1
1163,1,0.93573344,1,0,0.0021384617,0,0,0.03088274,0,0,0.013275399,0,0,0.013917527,0
1165,1,0.8682651,1,0,0.010031454,0,0,0.13598493,0,0,0.0068616886,0,0,0.039409943,0
1167,1,0.8632495,1,0,0.009188162,0,0,0.14083247,0,0,0.015127979,0,0,0.041159455,0
1169,1,0.7187868,1,0,0.038830124,0,0,0.30064392,0,0,0.03683152,0,0,0.09000565,0
1172,1,0.19077504,0,0,0.14629905,0,0,0.8145532,1,0,0.18901536,0,0,0.20402217,0
1182,1,0.67308605,1,0,0.0043708715,0,0,0.47903335,0,0,0.035353452,0,0,0.04309429,0
1195,1,0.8246745,1,0,0.0072055263,0,0,0.054064862,0,0,0.09918702,0,0,0.024870219,0
1197,1,0.5253314,1,0,0.0471509,0,0,0.62109554,0,0,0.033882357,0,0,0.117821634,0
1200,0,0.0636422,0,0,0.33375698,0,1,0.68593097,0,1,0.53777355,1,0,0.28971943,1
1206,1,0.49377063,1,0,0.024571957,0,0,0.6916713,0,0,0.056490812,0,0,0.101610206,0
1207,0,0.1723462,0,1,0.5629795,1,0,0.1304172,0,0,0.26758713,0,0,0.17177327,0
1211,0,0.91700906,1,0,0.005032053,0,0,0.073382065,0,0,0.0035509851,0,1,0.023302514,0
1215,0,0.012291017,0,0,0.7094993,1,0,0.3927671,0,1,0.58311504,1,0,0.42548895,1
1229,0,0.038019143,0,1,0.6213719,1,0,0.084317,0,0,0.43023488,1,0,0.13156773,0
1232,0,0.03229559,0,0,0.076747015,0,1,0.96030366,1,0,0.22524235,0,0,0.16104257,0
1237,0,0.022038007,0,0,0.03402018,0,1,0.9653918,1,0,0.29482412,0,0,0.114270546,0
1240,0,0.04446177,0,0,0.03549633,0,1,0.9573402,1,0,0.17724422,0,0,0.11645755,0
1242,0,0.06876953,0,1,0.32033655,0,0,0.05072644,0,0,0.5798547,1,0,0.057624392,0
1251,1,0.50238097,1,0,0.10685058,0,0,0.5333736,0,0,0.09373452,0,0,0.15844372,0
1262,1,0.56082684,1,0,0.018356582,0,0,0.44925338,0,0,0.121378995,0,0,0.07964758,0
1263,1,0.5920383,1,0,0.23911747,0,0,0.110268705,0,0,0.10484726,0,0,0.10477389,0
1271,1,0.8679292,1,0,0.059915587,0,0,0.029573668,0,0,0.006058829,0,0,0.036792662,0
1280,1,0.71203995,1,0,0.040004358,0,0,0.13680264,0,0,0.124578044,0,0,0.06392321,0
1292,1,0.8478382,1,0,0.0036493384,0,0,0.26488698,0,0,0.0057213614,0,0,0.03260497,0
1301,1,0.8871066,1,0,0.026339725,0,0,0.045465715,0,0,0.006532054,0,0,0.033833973,0
1312,1,0.9162654,1,0,0.0037849757,0,0,0.085192814,0,0,0.0062810094,0,0,0.024449416,0
1324,0,0.028826987,0,0,0.32899737,0,0,0.26901442,0,1,0.81712186,1,0,0.13996188,0
1325,0,0.15392375,0,0,0.2667495,0,0,0.58135235,0,1,0.52045155,1,1,0.23687913,0
1330,1,0.44760165,1,0,0.017304773,0,0,0.22680485,0,0,0.4142031,1,0,0.055490218,0
1341,1,0.7355403,1,0,0.063990206,0,0,0.18362056,0,0,0.053115133,0,0,0.089154325,0
1343,0,0.8255081,1,0,0.010994588,0,0,0.08108523,0,1,0.077351,0,0,0.03713434,0
1347,0,0.10745746,0,0,0.006201539,0,1,0.96728635,1,0,0.03177882,0,0,0.06595517,0
1348,1,0.9189954,1,0,0.006514233,0,0,0.059362333,0,0,0.007963773,0,0,0.026539257,0
1349,1,0.50987965,1,0,0.15544835,0,0,0.41461352,0,0,0.0393999,0,0,0.15452826,0
1354,1,0.9055643,1,0,0.0021393471,0,1,0.14123768,0,0,0.0065876683,0,0,0.02399786,0
1358,0,0.15315947,0,0,0.4317256,1,0,0.6386383,0,0,0.16367531,0,1,0.2610104,1
1361,1,0.7708777,1,0,0.07967004,0,0,0.109442614,0,0,0.018230703,0,0,0.0759612,0
1362,0,0.01911087,0,0,0.36452752,1,0,0.65410036,0,1,0.60398495,1,0,0.1914446,0
1371,0,0.008250366,0,0,0.3263156,0,1,0.4441756,0,1,0.8731392,1,0,0.17395954,0
1380,1,0.57811517,1,0,0.16658509,0,1,0.2628318,0,0,0.03768837,0,0,0.117865704,0
1383,1,0.920486,1,0,0.0046385336,0,0,0.07549781,0,0,0.0045471974,0,0,0.025174104,0
1385,0,0.3787578,1,0,0.51223683,1,0,0.12639628,0,0,0.11275321,0,1,0.18646964,0
1386,0,0.75802857,1,0,0.02080721,0,0,0.29585448,0,0,0.01973878,0,1,0.07094857,0
1391,0,0.00035658662,0,0,0.19320263,0,1,0.89479566,1,1,0.91251975,1,0,0.1072102,0
1401,1,0.720486,1,0,0.060015943,0,0,0.22883998,0,0,0.035937596,0,0,0.10155189,0
1403,0,0.0014749453,0,1,0.738163,1,1,0.6358054,0,1,0.6052197,1,1,0.58304787,1
1405,0,0.030465102,0,0,0.16289942,0,0,0.22491853,0,1,0.86861366,1,0,0.09679914,0
1413,1,0.80184346,1,0,0.02653593,0,0,0.15925826,0,0,0.021987235,0,0,0.056791138,0
1415,0,0.51166743,1,0,0.013872902,0,0,0.58308154,0,1,0.091228776,0,0,0.07636363,0
1418,1,0.8937487,1,0,0.008493559,0,0,0.07081134,0,0,0.018989332,0,0,0.031636525,0
1419,0,0.00032279053,0,1,0.6763541,1,1,0.85604966,1,0,0.59221,1,0,0.48702884,1
1427,0,0.0034573723,0,1,0.80149394,1,0,0.24163939,0,1,0.636301,1,0,0.50867885,1
1437,0,0.00011034812,0,1,0.09117908,0,1,0.91927874,1,1,0.95440215,1,0,0.05135632,0
1441,0,0.13380116,0,0,0.033686187,0,0,0.14142968,0,1,0.7864253,1,0,0.05912937,0
1443,0,0.0049190503,0,1,0.29377455,0,1,0.81496245,1,1,0.7872346,1,1,0.18834053,0
1444,0,0.04096841,0,0,0.012990987,0,1,0.97991824,1,0,0.07056407,0,0,0.083270915,0
1445,0,0.020748297,0,1,0.6920157,1,0,0.51700085,0,0,0.4673919,1,0,0.45630613,1
1446,1,0.59642684,1,0,0.1892723,0,0,0.2147093,0,0,0.06232232,0,0,0.13784657,0
1450,0,0.11747734,0,0,0.54112154,1,1,0.32531083,0,0,0.19501744,0,0,0.14887662,0
1452,0,0.03034733,0,0,0.026366625,0,1,0.94916874,1,1,0.32122254,0,0,0.09789068,0
1457,0,0.0042583863,0,1,0.43019623,1,0,0.32919592,0,1,0.8744397,1,0,0.2535594,1
1460,1,0.55155057,1,0,0.15554106,0,0,0.2938901,0,0,0.23722951,0,0,0.15650763,0
1468,1,0.760797,1,0,0.006761212,0,0,0.35269144,0,0,0.022484427,0,0,0.04624315,0
1469,0,0.0012870254,0,1,0.8167871,1,1,0.3376175,0,0,0.673528,1,1,0.6048628,1
1472,1,0.68398005,1,0,0.1063393,0,0,0.1774894,0,0,0.044027228,0,0,0.096442446,0
1478,0,0.028887885,0,0,0.018096993,0,1,0.9824569,1,0,0.0932232,0,0,0.09233186,0
1481,1,0.9000472,1,0,0.0061699743,0,0,0.08027407,0,0,0.009900503,0,0,0.026756303,0
1486,0,0.0009728205,0,1,0.8574029,1,0,0.39680594,0,0,0.5385815,1,1,0.6880643,1
1490,0,0.09390465,0,1,0.28637764,0,0,0.61190706,0,1,0.53996825,1,0,0.17628635,0
1499,1,0.91732424,1,0,0.0042377524,0,0,0.07782607,0,0,0.0065314234,0,0,0.02393672,0
1506,1,0.73125416,1,0,0.057847504,0,0,0.2222568,0,0,0.03174946,0,0,0.09406805,0
1526,1,0.54834974,1,0,0.106624916,0,0,0.3017629,0,0,0.20588556,0,0,0.13033324,0
1537,0,0.004011741,0,1,0.41650975,1,0,0.40433106,0,1,0.8773003,1,0,0.21628416,0
1541,0,0.4345379,1,0,0.032330398,0,0,0.5643468,0,1,0.16044895,0,0,0.09895552,0
1562,0,0.0070559764,0,1,0.87562567,1,0,0.1402349,0,0,0.28283355,0,0,0.51031774,1
1566,1,0.3961153,1,0,0.06951181,0,0,0.47708192,0,0,0.19037628,0,0,0.106172666,0
1572,0,0.084076345,0,1,0.41647112,1,1,0.75922936,1,0,0.26114023,0,0,0.24047942,0
1584,1,0.89727616,1,0,0.002791662,0,0,0.100921296,0,0,0.0134088565,0,0,0.023033874,0
1586,0,0.025429718,0,0,0.59151125,1,0,0.21366027,0,1,0.64833456,1,1,0.30847317,1
1588,0,0.14143945,0,1,0.6820145,1,0,0.11856046,0,1,0.16512676,0,0,0.17873843,0
1598,1,0.8222672,1,0,0.036665533,0,0,0.09814879,0,0,0.03470999,0,0,0.058049746,0
1602,0,0.14103818,0,1,0.46168736,1,1,0.52835333,0,0,0.27066022,0,0,0.20682736,0
1604,1,0.49389818,1,0,0.004829016,0,0,0.6867412,0,0,0.05039968,0,0,0.050858468,0
1605,0,0.17018971,0,1,0.6228509,1,0,0.2978062,0,0,0.16545719,0,0,0.2502911,1
1608,0,0.00072641554,0,1,0.91911316,1,0,0.23482652,0,1,0.43429303,1,1,0.748072,1
1614,1,0.7098112,1,0,0.00963488,0,0,0.48055243,0,0,0.019126361,0,0,0.061723087,0
1630,1,0.86184937,1,0,0.0040837373,0,0,0.19288836,0,0,0.0069098696,0,0,0.029081343,0
1635,0,0.0071888105,0,0,0.098494686,0,1,0.9513837,1,1,0.62245667,1,0,0.13152747,0
1642,1,0.2776441,0,0,0.0360346,0,1,0.851631,1,0,0.033702996,0,0,0.10811366,0
1645,1,0.74767774,1,0,0.010063355,0,0,0.28580657,0,0,0.057784874,0,0,0.058842808,0
1646,0,0.008930077,0,1,0.8483911,1,0,0.28312036,0,0,0.12534885,0,0,0.4745797,1
1660,1,0.91274005,1,0,0.002723059,0,0,0.102820076,0,0,0.0050113276,0,0,0.021439606,0
1672,1,0.8888239,1,0,0.055410545,0,0,0.018589487,0,0,0.011266466,0,0,0.029710157,0
1679,1,0.66664773,1,0,0.06814884,0,1,0.3189595,0,0,0.06849481,0,0,0.11516871,0
1682,0,0.22114886,0,0,0.04848993,0,0,0.18523608,0,1,0.65695256,1,0,0.07332429,0
1684,0,0.117480345,0,1,0.45091286,1,1,0.38965473,0,0,0.30379644,0,1,0.22029759,0
1687,0,0.0046013747,0,0,0.71109974,1,0,0.14639173,0,1,0.68378514,1,1,0.27228627,1
1698,1,0.58920884,1,0,0.009718888,0,0,0.6833837,0,0,0.019818163,0,0,0.06929821,0
1707,1,0.7513947,1,0,0.011191584,0,0,0.38791946,0,0,0.015899712,0,0,0.060305208,0
1711,1,0.8517777,1,0,0.018730192,0,0,0.112392195,0,0,0.017025044,0,0,0.046325237,0
1713,0,0.10865513,0,1,0.58937603,1,1,0.37304923,0,0,0.36047116,0,0,0.2551884,1
1734,1,0.95904726,1,0,0.0011141824,0,0,0.037240762,0,0,0.0019928103,0,0,0.01102376,0
1735,0,0.16157295,0,0,0.015932253,0,1,0.9289313,1,0,0.06141295,0,0,0.09799168,0
1736,0,0.10602596,0,1,0.12476684,0,0,0.09906099,0,0,0.7520655,1,0,0.07524351,0
1747,0,0.04073754,0,0,0.06942998,0,0,0.032686617,0,1,0.8530233,1,0,0.02497481,0
1751,0,0.12027543,0,1,0.4315639,1,0,0.6643877,0,0,0.105838604,0,0,0.22600788,0
1754,0,0.022041595,0,0,0.10322754,0,1,0.9577445,1,1,0.35902944,0,0,0.15983301,0
1755,0,0.051394135,0,1,0.75025696,1,0,0.1447261,0,0,0.2745692,0,0,0.27417308,1
1766,0,0.28817585,0,0,0.008485171,0,1,0.85350496,1,0,0.06740702,0,0,0.07290978,0
1781,0,0.036254328,0,1,0.7056168,1,0,0.31631523,0,1,0.30476302,0,1,0.2864983,1
1788,1,0.7990747,1,0,0.09741472,0,0,0.06433181,0,0,0.016797345,0,0,0.05814974,0
1799,0,0.00031444966,0,1,0.67748517,1,1,0.85169333,1,0,0.596219,1,0,0.50880915,1
1802,0,0.18613449,0,0,0.04793732,0,1,0.8763833,1,0,0.112292245,0,0,0.13985945,0
1803,0,0.30088693,1,1,0.496689,1,0,0.36094803,0,0,0.18434873,0,1,0.25338867,1
1809,0,0.0040322943,0,0,0.21000089,0,1,0.2519089,0,1,0.94307685,1,0,0.09445923,0
1810,0,0.0025350486,0,1,0.32900843,0,1,0.86691797,1,1,0.75778604,1,0,0.18564335,0
1815,0,0.009680835,0,0,0.36797303,1,1,0.8339627,1,1,0.66676855,1,0,0.21123295,0
1818,1,0.8164984,1,0,0.04230503,0,0,0.117183134,0,0,0.029194046,0,0,0.065495394,0
1827,1,0.20473816,0,0,0.33586416,0,0,0.6006513,0,0,0.36391684,0,0,0.23271643,0
1829,0,0.71107095,1,0,0.011425139,0,0,0.18620479,0,1,0.13007939,0,0,0.050700177,0
1831,1,0.36296055,1,0,0.17672578,0,0,0.580556,0,0,0.1843677,0,0,0.19313337,0
1835,1,0.7560327,1,0,0.057825856,0,0,0.18376067,0,0,0.04164449,0,0,0.0908635,0
1836,1,0.8624067,1,0,0.0021745926,0,0,0.2658991,0,0,0.010895413,0,0,0.031786002,0
1844,0,0.0025133132,0,0,0.09210148,0,0,0.056758005,0,1,0.96560484,1,0,0.023999602,0
1845,1,0.6587709,1,0,0.13725103,0,0,0.036023267,0,0,0.1421867,0,0,0.04389628,0
1847,0,0.14148422,0,1,0.74458504,1,0,0.0079952795,0,0,0.013766176,0,1,0.060242873,0
1848,0,0.0045645516,0,0,0.1310578,0,0,0.08901182,0,1,0.9522018,1,0,0.05781966,0
1869,1,0.84728706,1,0,0.015901271,0,0,0.13973132,0,0,0.012811894,0,0,0.05046846,0
1883,1,0.89618886,1,0,0.017305437,0,0,0.050917137,0,0,0.020767488,0,0,0.036475275,0
1884,1,0.5342526,1,0,0.050829265,0,0,0.6020508,0,0,0.049573336,0,0,0.12604402,0
1886,0,0.039717685,0,1,0.76221323,1,0,0.28275293,0,0,0.10506853,0,0,0.3387016,1
1895,0,0.07553019,0,1,0.55614674,1,0,0.57408077,0,0,0.3652927,0,0,0.34481114,1
1896,1,0.94666106,1,0,0.001054114,0,0,0.06380911,0,0,0.0029688934,0,0,0.013123259,0
1902,0,0.002024444,0,1,0.282521,0,1,0.8350016,1,1,0.8381411,1,0,0.15226543,0
1904,1,0.2301366,0,0,0.28711808,0,0,0.53727174,0,0,0.26048797,0,0,0.17984575,0
1914,0,0.108531445,0,0,0.26898327,0,0,0.41250685,0,1,0.66277385,1,1,0.2306628,0
1915,1,0.5393019,1,0,0.14434837,0,0,0.38357896,0,0,0.08354821,0,0,0.14535141,0
1916,1,0.8394044,1,0,0.06497526,0,0,0.040654805,0,0,0.039260436,0,0,0.046598814,0
1917,1,0.8161691,1,0,0.019651081,0,0,0.16754252,0,0,0.027430374,0,0,0.05790097,0
1923,1,0.77372646,1,0,0.0037966014,0,0,0.4059692,0,0,0.018896034,0,0,0.042834792,0
1931,1,0.8347121,1,0,0.013701419,0,0,0.17054509,0,0,0.011967101,0,0,0.046009514,0
1935,0,0.22438212,0,0,0.02211148,0,0,0.17577368,0,1,0.6840045,1,0,0.04988769,0
1937,0,0.0024589053,0,0,0.06976538,0,1,0.9790598,1,1,0.61640465,1,0,0.10187667,0
1940,0,0.0066302624,0,1,0.75841105,1,1,0.49079505,0,0,0.39834604,0,0,0.43597725,1
1941,0,0.00059812353,0,0,0.09987445,0,1,0.98189664,1,1,0.7626834,1,0,0.09742029,0
1945,1,0.92577845,1,0,0.0055132466,0,0,0.0569949,0,0,0.0043225964,0,0,0.023032295,0
1952,1,0.8569899,1,0,0.027964637,0,0,0.08470692,0,0,0.014465687,0,0,0.049446512,0
1954,1,0.1691353,0,0,0.09114141,0,1,0.8770538,1,0,0.08017078,0,0,0.16699302,0
1959,1,0.629274,1,0,0.03500301,0,0,0.50355834,0,0,0.04082795,0,0,0.107009016,0
1962,0,0.0070361733,0,1,0.5011447,1,1,0.8836889,1,0,0.37258765,0,0,0.31041908,1
1965,0,0.0055535343,0,1,0.6285088,1,0,0.41334254,0,1,0.74211735,1,1,0.3850224,1
1971,1,0.32289687,1,0,0.18565951,0,0,0.6584762,0,0,0.07714278,0,0,0.18333592,0
1973,0,0.35397947,1,0,0.1202804,0,0,0.6149411,0,0,0.16883352,0,1,0.16793188,0
1984,0,0.20876972,0,1,0.67364955,1,0,0.046515923,0,0,0.041788124,0,0,0.12815714,0
1989,1,0.80296165,1,0,0.0073419786,0,0,0.30444768,0,0,0.018806498,0,0,0.052416656,0
1996,0,0.3383978,1,0,0.067561015,0,0,0.6705882,0,0,0.23119296,0,1,0.16556725,0
2002,0,0.0061548147,0,1,0.8717533,1,0,0.19375376,0,1,0.34606433,0,0,0.564873,1
2010,1,0.73183405,1,0,0.038843974,0,0,0.27510622,0,0,0.026729254,0,0,0.08546412,0
2021,1,0.68686014,1,0,0.0973342,0,0,0.20031701,0,0,0.07456244,0,0,0.11109486,0
2029,0,0.61043674,1,0,0.07503106,0,0,0.40244743,0,1,0.08089951,0,0,0.14283852,0
2031,0,0.16200322,0,1,0.6855241,1,0,0.07462786,0,0,0.09618723,0,0,0.15282327,0
2034,0,0.06473236,0,0,0.040365975,0,1,0.95288783,1,0,0.107313074,0,0,0.120985195,0
2036,1,0.19682133,0,0,0.03193794,0,0,0.8400101,1,0,0.16274609,0,0,0.11713161,0
2037,1,0.73591715,1,0,0.020090995,0,0,0.21922901,0,0,0.0800143,0,0,0.06670488,0
2043,1,0.8154422,1,0,0.038338926,0,0,0.11952006,0,0,0.016485346,0,0,0.061662413,0
2047,0,0.017450333,0,0,0.43726367,1,1,0.5274499,0,1,0.738877,1,1,0.2755178,1
2056,1,0.71134895,1,0,0.21299593,0,0,0.055390947,0,0,0.022608416,0,0,0.08630618,0
2061,1,0.88865036,1,0,0.02023222,0,0,0.04439637,0,0,0.030528463,0,0,0.038112354,0
2069,1,0.71240914,1,0,0.13355002,0,0,0.14996158,0,0,0.09086894,0,0,0.11647794,0
2071,1,0.92209154,1,0,0.0035429595,0,0,0.079327,0,0,0.0040499195,0,0,0.021324001,0
2073,0,0.2535573,0,0,0.46500942,1,0,0.38232622,0,1,0.31623402,0,0,0.28469986,1
2079,1,0.7408749,1,0,0.09637534,0,0,0.1292799,0,0,0.061601643,0,0,0.09156148,0
2084,1,0.96081406,1,0,0.0039472473,0,0,0.018085089,0,0,0.0011396587,0,0,0.012627624,0
2096,0,0.0068060877,0,0,0.2627176,0,1,0.93535024,1,1,0.5843696,1,0,0.18416965,0
2097,1,0.9530355,1,0,0.0018273767,0,0,0.027767424,0,0,0.005181074,0,0,0.012316299,0
2102,1,0.49808338,1,0,0.039425433,0,0,0.50213844,0,0,0.12744269,0,0,0.100765705,0
2106,0,0.08994579,0,1,0.6601975,1,0,0.15124172,0,0,0.28027728,0,0,0.16887051,0
2121,0,0.3809167,1,0,0.33097288,0,1,0.31619263,0,0,0.10540622,0,0,0.1638814,0
2122,1,0.8521409,1,0,0.022110928,0,0,0.06151963,0,0,0.044778142,0,0,0.04121723,0
2125,0,0.0014635385,0,1,0.9336776,1,0,0.14027001,0,0,0.08881097,0,0,0.60446566,1
2126,1,0.7963081,1,0,0.017032411,0,0,0.22814423,0,0,0.022378309,0,0,0.06053381,0
2130,1,0.1635509,0,0,0.10301998,0,0,0.81646246,1,0,0.240648,0,0,0.18181516,0
2142,0,0.73561627,1,0,0.02939037,0,0,0.24978252,0,0,0.03493897,0,1,0.069207735,0
2146,0,0.6970639,1,0,0.11414907,0,1,0.20208529,0,0,0.08055111,0,0,0.124860205,0
2153,0,0.01582402,0,0,0.07875464,0,1,0.97790545,1,0,0.22845566,0,0,0.15572812,0
2158,1,0.27339447,0,0,0.0296134,0,0,0.7159347,1,0,0.20453115,0,0,0.103612214,0
2161,1,0.77189106,1,0,0.022007352,0,0,0.25815496,0,0,0.012145202,0,0,0.06274566,0
2166,1,0.7272884,1,0,0.282406,0,0,0.020030133,0,0,0.013849827,0,0,0.047858465,0
2177,0,0.3521725,1,1,0.23357455,0,0,0.38622928,0,0,0.24688032,0,0,0.16049454,0
2180,0,0.036953177,0,1,0.6964937,1,0,0.13172102,0,0,0.41817695,1,0,0.21972978,0
2185,1,0.82531977,1,0,0.0086025,0,0,0.24284467,0,0,0.0070721614,0,0,0.04137108,0
2187,1,0.48038667,1,0,0.38207096,1,0,0.17624989,0,0,0.16081847,0,0,0.17020075,0
2190,1,0.86398256,1,0,0.008481681,0,0,0.14670308,0,0,0.0048083877,0,0,0.032617282,0
2198,1,0.6647598,1,0,0.22128035,0,0,0.06978474,0,0,0.04877611,0,0,0.0863196,0
2202,0,0.070474476,0,0,0.45111495,1,0,0.3154514,0,1,0.67719924,1,0,0.23407476,0
2204,1,0.8513127,1,0,0.039253194,0,0,0.071526796,0,0,0.013227457,0,0,0.055203464,0
2206,0,0.022494553,0,0,0.794123,1,1,0.22859226,0,1,0.35746524,0,0,0.42978442,1
2211,1,0.10451916,0,0,0.73588604,1,0,0.10973102,0,0,0.081158705,0,0,0.19387113,0
2212,1,0.7484461,1,0,0.028146895,0,0,0.27041268,0,0,0.033781014,0,0,0.0773467,0
2213,0,0.052427776,0,1,0.76060253,1,0,0.1466189,0,0,0.22826587,0,1,0.31492394,1
2214,1,0.68954414,1,0,0.0773251,0,0,0.23646398,0,0,0.017714698,0,0,0.09306636,0
2223,0,0.032989353,0,0,0.3453092,0,0,0.35199136,0,1,0.79400206,1,0,0.17424457,0
2224,1,0.56662124,1,0,0.16861056,0,0,0.34013778,0,0,0.07221183,0,0,0.16323692,0
2225,0,0.05631396,0,0,0.022495953,0,1,0.9453509,1,0,0.16552971,0,0,0.102437936,0
2229,0,0.41504768,1,0,0.022534017,0,0,0.7905627,1,0,0.0377778,0,1,0.09988723,0
2234,0,0.28123572,0,0,0.32317552,0,0,0.4902958,0,0,0.12893674,0,1,0.20419587,0
2244,0,0.6788248,1,0,0.13431428,0,0,0.15616523,0,1,0.019323988,0,0,0.1058453,0
2246,0,0.58836573,1,0,0.26870087,0,0,0.11714077,0,0,0.05970328,0,1,0.12872486,0
2247,0,0.6952384,1,0,0.086327724,0,1,0.2168706,0,0,0.076714784,0,0,0.10758846,0
2253,0,0.0032687555,0,0,0.29358447,0,1,0.6790396,0,1,0.8721147,1,0,0.16402967,0
2258,0,0.164987,0,0,0.034581553,0,1,0.9179726,1,0,0.047552742,0,0,0.11401305,0
2260,0,0.086629145,0,1,0.25463596,0,0,0.67841643,0,1,0.5499446,1,1,0.24782556,0
2264,1,0.41510144,1,0,0.1588474,0,1,0.47653595,0,0,0.21070732,0,0,0.16650766,0
2266,1,0.42928225,1,0,0.30231804,0,0,0.26659435,0,0,0.08748134,0,0,0.14902629,0
2271,0,0.0019195956,0,1,0.20177266,0,1,0.9532206,1,0,0.71802986,1,0,0.14418527,0
2277,1,0.5875448,1,0,0.14318672,0,0,0.33109534,0,0,0.082394235,0,0,0.15044561,0
2278,1,0.43858913,1,0,0.040052712,0,0,0.7380132,1,0,0.031448398,0,0,0.11218796,0
2282,1,0.17082942,0,0,0.086426206,0,0,0.8662032,1,0,0.09195529,0,0,0.15868048,0
2283,1,0.8774168,1,0,0.06005612,0,0,0.022744266,0,0,0.013917107,0,0,0.032542437,0
2285,0,0.3128998,1,0,0.059534788,0,1,0.751053,1,0,0.15967683,0,0,0.15226336,0
2287,1,0.6469908,1,0,0.19100878,0,0,0.13477816,0,0,0.04269846,0,0,0.107161626,0
2291,0,0.3535325,1,0,0.042084422,0,0,0.39381486,0,1,0.39929682,0,0,0.12224793,0
2292,1,0.945985,1,0,0.00084640883,0,0,0.07690659,0,0,0.0022494476,0,0,0.012882731,0
2306,1,0.7322475,1,0,0.062075492,0,0,0.12509236,0,0,0.111960135,0,0,0.07831609,0
2309,1,0.33359998,1,0,0.32983074,0,0,0.41624993,0,0,0.12996337,0,0,0.17518923,0
2317,0,0.54337597,1,1,0.21863708,0,0,0.30312863,0,0,0.08218689,0,1,0.18367907,0
2319,1,0.70446557,1,0,0.2541191,0,0,0.025856115,0,0,0.019107934,0,0,0.058072917,0
2321,1,0.1962667,0,0,0.10203697,0,0,0.7720322,1,0,0.1885352,0,0,0.15153539,0
2324,0,0.0029795566,0,0,0.26272562,0,1,0.78786445,1,1,0.84752446,1,1,0.1648119,0
2326,1,0.96585774,1,0,0.0013181599,0,0,0.023803124,0,0,0.0015374244,0,0,0.009620623,0
2329,1,0.76680017,1,0,0.014374356,0,0,0.2943188,0,0,0.023377597,0,0,0.060241606,0
2345,0,0.015896825,0,0,0.10267154,0,1,0.96423995,1,1,0.39701018,0,0,0.16040735,0
2349,0,0.042619184,0,0,0.015171854,0,1,0.9794605,1,0,0.062705964,0,0,0.08698878,0
2355,1,0.9144133,1,0,0.0050168256,0,0,0.07567945,0,0,0.008569525,0,0,0.026414173,0
2362,0,0.049691197,0,0,0.25291184,0,1,0.8719316,1,1,0.34650204,0,0,0.19227305,0
2364,1,0.46617395,1,0,0.1655029,0,0,0.43554297,0,0,0.045434985,0,0,0.15120877,0
2365,0,0.029053165,0,0,0.029613426,0,1,0.9837838,1,0,0.06907597,0,0,0.12153933,0
2368,1,0.8794589,1,0,0.003085632,0,1,0.16738476,0,0,0.005892515,0,0,0.024878822,0
2379,1,0.71797407,1,0,0.07969715,0,0,0.19175097,0,0,0.041415263,0,0,0.09608913,0
2380,1,0.8332233,1,0,0.122388445,0,0,0.019462157,0,0,0.014733243,0,0,0.034765143,0
2385,1,0.7498757,1,0,0.024269676,0,1,0.12901178,0,0,0.10602603,0,0,0.055270378,0
2389,1,0.81483227,1,0,0.025476072,0,0,0.12838547,0,0,0.05498001,0,0,0.06339893,0
2395,1,0.5415732,1,0,0.018549638,0,0,0.6367065,0,0,0.03697354,0,0,0.080169536,0
2399,1,0.25074935,0,0,0.03270875,0,0,0.8653516,1,0,0.04675447,0,0,0.10534827,0
2416,1,0.9106402,1,0,0.004428605,0,0,0.085001804,0,0,0.008113849,0,0,0.025409272,0
2417,0,0.4086917,1,0,0.12292283,0,0,0.39516997,0,0,0.34188807,0,1,0.15937579,0
2421,1,0.4204918,1,0,0.117996566,0,1,0.624902,0,0,0.053029165,0,0,0.15745124,0
2422,0,0.074490316,0,0,0.06495093,0,0,0.5320553,0,1,0.6847735,1,0,0.09861328,0
2435,1,0.92718816,1,0,0.020991696,0,0,0.022170398,0,0,0.0072263572,0,0,0.027421126,0
2436,1,0.66993517,1,0,0.03378999,0,0,0.42416316,0,0,0.024735317,0,0,0.09270438,0
2437,1,0.84546185,1,0,0.009158569,0,0,0.18083097,0,0,0.012174677,0,0,0.042278618,0
2449,1,0.8059277,1,0,0.07950568,0,0,0.068980135,0,0,0.023630567,0,0,0.063843496,0
2456,1,0.30745605,1,0,0.5882904,1,0,0.055105112,0,0,0.06737406,0,0,0.1218415,0
2460,1,0.9226695,1,0,0.0011152512,0,0,0.13581066,0,0,0.0037551657,0,0,0.018214127,0
2462,1,0.936227,1,0,0.012288019,0,0,0.023508947,0,0,0.0036441062,0,0,0.020288622,0
2463,1,0.41025096,1,0,0.06428991,0,0,0.33146864,0,0,0.34783953,0,0,0.10104831,0
2467,1,0.8183416,1,0,0.12519617,0,0,0.028068041,0,0,0.015885796,0,0,0.04926513,0
2468,0,0.0017032145,0,1,0.3778068,1,1,0.9157224,1,1,0.6556265,1,1,0.27929884,1
2470,0,0.23239166,0,0,0.09502788,0,1,0.81424046,1,1,0.0937789,0,0,0.16093713,0
2473,0,0.31732708,1,0,0.20508648,0,0,0.4412987,0,0,0.36381796,0,1,0.17266747,0
2475,1,0.88855547,1,0,0.010932232,0,0,0.084422864,0,0,0.011463846,0,0,0.03497213,0
2477,1,0.67460436,1,0,0.030457538,0,1,0.39848843,0,0,0.023585126,0,0,0.07945077,0
2479,1,0.51317656,1,0,0.04613111,0,0,0.629315,0,0,0.03534793,0,0,0.11885229,0
2492,0,0.51966757,1,0,0.17010918,0,0,0.1699638,0,1,0.3563907,0,0,0.12580307,0
2509,0,0.02397893,0,0,0.57217205,1,1,0.61315095,0,0,0.44373885,1,0,0.3122166,1
2510,0,0.003986458,0,1,0.702823,1,0,0.6275921,0,1,0.53678113,1,1,0.44964772,1
2513,0,0.01639205,0,1,0.5941245,1,0,0.5673741,0,1,0.6124035,1,0,0.43624285,1
2514,1,0.6305056,1,0,0.07923325,0,0,0.36091262,0,0,0.06861726,0,0,0.12863062,0
2517,0,0.6685064,1,0,0.13526647,0,0,0.12602168,0,1,0.1346493,0,0,0.10312997,0
2520,0,0.0060370266,0,1,0.6516677,1,1,0.780242,1,0,0.22665131,0,0,0.40518975,1
2523,1,0.33252287,1,0,0.43257663,1,0,0.15962926,0,0,0.29347914,0,0,0.13216096,0
2524,1,0.9503742,1,0,0.0031425657,0,0,0.03333859,0,0,0.0018200835,0,0,0.013702206,0
2525,0,0.16910864,0,1,0.42173392,1,0,0.14047353,0,1,0.4606908,1,0,0.14798732,0
2528,1,0.79665715,1,0,0.009925073,0,0,0.30153206,0,0,0.01238498,0,0,0.052729666,0
2531,0,0.29329553,0,0,0.22899783,0,1,0.64679164,0,0,0.12846223,0,1,0.20444717,0
2534,0,0.0111063905,0,1,0.7829097,1,0,0.1789026,0,0,0.49737486,1,0,0.40660462,1
2544,0,0.0014422662,0,1,0.7243015,1,1,0.8039403,1,0,0.3631069,0,1,0.5039676,1
2548,1,0.9794933,1,0,0.0004788839,0,0,0.012063396,0,0,0.0010171138,0,0,0.0052929022,0
2551,1,0.69064087,1,0,0.13619722,0,0,0.17525496,0,0,0.062252387,0,0,0.12643182,0
2554,1,0.3647324,1,0,0.026324803,0,0,0.7857634,1,0,0.033499002,0,0,0.089598276,0
2560,1,0.93298465,1,0,0.010762462,0,0,0.025037792,0,0,0.0070786504,0,0,0.022920355,0
2570,1,0.24471974,0,0,0.51691025,1,0,0.29827815,0,0,0.22457567,0,0,0.19685292,0
2571,0,0.012086099,0,0,0.15177631,0,1,0.97621834,1,0,0.2106256,0,0,0.17418796,0
2572,0,0.0014266212,0,1,0.5482136,1,1,0.86357075,1,1,0.59356284,1,0,0.35143238,1
2575,1,0.81655353,1,0,0.014418483,0,0,0.21290797,0,0,0.019477641,0,0,0.057221726,0
2584,1,0.82961065,1,0,0.04977901,0,0,0.0817877,0,0,0.012320227,0,0,0.057994157,0
2597,1,0.61827946,1,0,0.026443103,0,0,0.3755073,0,0,0.11644683,0,0,0.09031068,0
2602,0,0.0910655,0,1,0.6583841,1,0,0.34574878,0,0,0.14015457,0,1,0.36099455,1
2607,1,0.7768325,1,0,0.020036649,0,0,0.25737673,0,0,0.024379665,0,0,0.06634885,0
2609,1,0.6863434,1,0,0.045283522,0,0,0.31865573,0,0,0.055789057,0,0,0.097080216,0
2613,1,0.25106674,0,0,0.39078823,1,0,0.5013379,0,0,0.054697983,0,0,0.20270446,0
2614,0,0.028018419,0,0,0.025655016,0,1,0.9846811,1,0,0.086097375,0,0,0.11524125,0
2624,0,0.008122242,0,1,0.73727816,1,0,0.59986585,0,1,0.34925357,0,1,0.4977008,1
2650,0,0.042804793,0,1,0.065683015,0,0,0.92279774,1,1,0.36009738,0,1,0.15199564,0
2653,0,0.010864338,0,1,0.7499595,1,1,0.50610304,0,0,0.36208478,0,1,0.5284196,1
2654,0,0.0038294864,0,0,0.17399243,0,1,0.88146424,1,1,0.7987455,1,0,0.14513817,0
2657,0,0.23273058,0,0,0.46738848,1,0,0.42016214,0,1,0.25545803,0,1,0.296935,1
2669,0,0.008221279,0,0,0.37924874,1,1,0.90436757,1,1,0.52599,1,0,0.2551035,1
2671,0,0.0031521583,0,0,0.24307571,0,1,0.9686239,1,0,0.52817124,1,1,0.16715609,0
2681,0,0.002326498,0,0,0.2240623,0,1,0.6409125,0,1,0.91617155,1,0,0.13466671,0
2684,0,0.036074463,0,0,0.17679985,0,1,0.9102463,1,1,0.43999344,1,0,0.2036917,0
2690,0,0.033496648,0,1,0.5913649,1,0,0.21874091,0,0,0.5635271,1,0,0.20160589,0
2691,0,0.18358508,0,1,0.367626,1,0,0.1302729,0,0,0.49540263,1,0,0.11959831,0
2692,0,0.0011749123,0,0,0.13087042,0,1,0.9678848,1,1,0.7579169,1,0,0.11181969,0
2695,1,0.91741824,1,0,0.0025385285,0,0,0.10322123,0,0,0.0030044187,0,0,0.01996587,0
2696,0,0.0004532989,0,1,0.9424853,1,0,0.20179483,0,1,0.20047402,0,1,0.7342166,1
2700,1,0.86082596,1,0,0.027417924,0,0,0.08207542,0,0,0.027711635,0,0,0.05339757,0
2704,0,0.45050043,1,1,0.3433336,0,0,0.15373974,0,0,0.25440437,0,0,0.13377571,0
2711,1,0.9795099,1,0,0.0009022137,0,0,0.010902497,0,0,0.0005585598,0,0,0.0058772285,0
2713,1,0.92861325,1,0,0.0039062425,0,0,0.06998256,0,0,0.0026792483,0,0,0.020548187,0
2721,1,0.64177585,1,0,0.16699846,0,0,0.14012721,0,0,0.10442436,0,0,0.118804865,0
2726,1,0.6788196,1,0,0.09177481,0,0,0.23884429,0,0,0.040994257,0,0,0.11441659,0
2738,1,0.62216043,1,0,0.08117055,0,0,0.3638383,0,0,0.03580101,0,0,0.11846169,0
2747,0,0.2076671,0,1,0.37709266,1,0,0.5244031,0,0,0.18585649,0,0,0.20650408,0
2765,1,0.78027076,1,0,0.006257671,0,0,0.3173731,0,0,0.028292522,0,0,0.048221875,0
2771,1,0.7951172,1,0,0.008644521,0,0,0.24589634,0,0,0.024281457,0,0,0.046507526,0
2775,1,0.96136075,1,0,0.0028864476,0,0,0.01705621,0,0,0.00280464,0,0,0.01113225,0
2780,1,0.8268286,1,0,0.01691737,0,0,0.16791691,0,0,0.005530143,0,0,0.045399737,0
2782,0,0.18957911,0,1,0.7022734,1,0,0.05795092,0,0,0.046903636,0,0,0.14370601,0
2785,1,0.2952111,0,0,0.3057035,0,0,0.560429,0,0,0.14997551,0,0,0.21913251,0
2786,1,0.8057688,1,0,0.026908433,0,0,0.16895561,0,0,0.021149654,0,0,0.06594846,0
2795,0,0.0033252458,0,1,0.49557877,1,1,0.89491546,1,0,0.4519759,1,0,0.39295307,1
2797,0,0.08197846,0,1,0.72285855,1,0,0.08335652,0,0,0.16060773,0,0,0.16701837,0
2813,1,0.6838507,1,0,0.027656848,0,0,0.40464982,0,0,0.02352755,0,0,0.07989316,0
2816,1,0.4779911,1,0,0.033543564,0,1,0.6898597,0,0,0.022117049,0,0,0.09456136,0
2823,0,0.0048661795,0,1,0.6113823,1,1,0.81971884,1,0,0.3376884,0,1,0.45818752,1
2829,1,0.81194216,1,0,0.10187124,0,0,0.052260026,0,0,0.027279388,0,0,0.065393716,0
2833,0,0.0011505367,0,1,0.6214591,1,1,0.8749966,1,1,0.39280838,0,1,0.48903778,1
2835,1,0.48073328,1,0,0.26604804,0,0,0.099876165,0,0,0.2750922,0,0,0.09434838,0
2838,1,0.94643474,1,0,0.0031514529,0,0,0.030503238,0,0,0.006207193,0,0,0.01578657,0
2848,1,0.8947673,1,0,0.012113937,0,0,0.07146924,0,0,0.0053631687,0,0,0.031290535,0
2853,1,0.7536612,1,0,0.005804951,0,0,0.16996087,0,0,0.09412983,0,0,0.038725376,0
2855,1,0.7172324,1,0,0.0556167,0,0,0.23205736,0,0,0.013221453,0,0,0.07664654,0
2861,1,0.7569588,1,0,0.07448823,0,0,0.10194261,0,0,0.06534949,0,0,0.06659983,0
2863,0,0.0063227057,0,1,0.47885495,1,0,0.8861677,1,0,0.4454891,1,1,0.31690338,1
2868,0,0.0010912446,0,1,0.6451226,1,1,0.8610049,1,0,0.45477813,1,1,0.48356506,1
2869,0,0.0014007384,0,1,0.58403444,1,1,0.88171804,1,0,0.4533133,1,1,0.46615794,1
2877,1,0.84584594,1,0,0.010881579,0,0,0.16765398,0,0,0.0068119075,0,0,0.0396126,0
2889,0,0.00029898202,0,0,0.103695944,0,1,0.922326,1,1,0.9242235,1,0,0.073743284,0
2893,0,0.01985914,0,0,0.15596154,0,0,0.103135265,0,1,0.89447516,1,0,0.06281754,0
2894,0,7.306654e-05,0,0,0.08730964,0,1,0.92186284,1,1,0.9621381,1,0,0.05298389,0
2905,1,0.27497718,0,0,0.034243543,0,1,0.8600211,1,0,0.033984605,0,0,0.11073895,0
2911,0,0.46560997,1,0,0.21059982,0,0,0.34655774,0,0,0.051275745,0,1,0.15917228,0
2917,1,0.8578021,1,0,0.019846322,0,0,0.094146855,0,0,0.023885395,0,0,0.046510614,0
2918,0,0.013115036,0,0,0.40424213,1,1,0.9183529,1,0,0.3156043,0,0,0.21548069,0
2920,1,0.934248,1,0,0.01487855,0,0,0.021542227,0,0,0.005195031,0,0,0.024356464,0
2922,0,0.0014292798,0,1,0.88692,1,0,0.3672114,0,0,0.26392195,0,0,0.65556085,1
2925,0,0.047287177,0,1,0.4194824,1,1,0.83011526,1,0,0.29404753,0,0,0.22828877,0
2927,0,0.005909203,0,0,0.28505364,0,0,0.20646371,0,1,0.92124486,1,0,0.12944095,0
2931,1,0.67197067,1,0,0.20798615,0,0,0.08446828,0,0,0.04617534,0,0,0.097356245,0
2946,1,0.23048727,0,0,0.43150136,1,0,0.05681869,0,0,0.256915,0,0,0.07803496,0
2955,1,0.5215566,1,0,0.06414889,0,0,0.59863305,0,0,0.05437997,0,0,0.13880871,0
2959,0,0.26224694,0,0,0.007516953,0,1,0.50526386,0,1,0.35723227,0,0,0.048009858,0
2961,1,0.77815205,1,0,0.16852525,0,0,0.042024363,0,0,0.029012602,0,0,0.061563812,0
2971,0,0.010326964,0,0,0.27639836,0,0,0.34744772,0,1,0.8624776,1,0,0.13838688,0
2985,0,0.0061769285,0,0,0.16237065,0,1,0.7033039,1,1,0.72707313,1,1,0.079991065,0
2987,1,0.86878073,1,0,0.02337852,0,0,0.08018648,0,0,0.008668611,0,0,0.041367583,0
2991,1,0.9395773,1,0,0.0031319552,0,0,0.048440553,0,0,0.0039896094,0,0,0.018115172,0
2993,0,0.0005207423,0,0,0.4443726,1,0,0.5196784,0,1,0.9129764,1,0,0.27939102,1
2994,0,0.0007023079,0,0,0.14375469,0,0,0.18765992,0,1,0.9801072,1,0,0.066535376,0
2999,0,0.0006217587,0,1,0.15727398,0,1,0.16803375,0,1,0.98142576,1,1,0.06492651,0
3000,0,0.09050366,0,1,0.6738346,1,1,0.3733423,0,0,0.18367416,0,1,0.3278875,1
3001,0,0.0011530481,0,0,0.07024307,0,1,0.9849589,1,1,0.660437,1,0,0.099245064,0
3005,1,0.62186474,1,0,0.06703341,0,0,0.41263372,0,0,0.061707556,0,0,0.12462076,0
3006,0,0.02435545,0,0,0.14510728,0,1,0.9425402,1,0,0.23350444,0,1,0.18949246,0
3009,0,0.0031772526,0,1,0.5437313,1,0,0.15211616,0,1,0.8515768,1,0,0.22291587,0
3010,0,0.03578726,0,1,0.3707278,1,1,0.83668226,1,0,0.18870895,0,1,0.32923457,1
3018,0,0.0023791716,0,1,0.91382736,1,0,0.16686417,0,0,0.2520602,0,1,0.6390884,1
3026,1,0.68168783,1,0,0.06820334,0,0,0.26084715,0,0,0.05929202,0,0,0.10060703,0
3033,0,0.11387623,0,1,0.52219576,1,0,0.40646783,0,0,0.241325,0,0,0.18015541,0
3037,0,0.03714505,0,0,0.06252886,0,1,0.96545416,1,0,0.16807945,0,0,0.15637185,0
3038,0,0.02716159,0,1,0.54162335,1,0,0.7251434,1,0,0.36544105,0,1,0.3152436,1
3039,0,0.0011157559,0,1,0.6119781,1,0,0.77722454,1,1,0.6169901,1,1,0.5016204,1
3041,0,0.0073912153,0,0,0.2506292,0,1,0.93500334,1,0,0.5411012,1,0,0.17880492,0
3047,0,0.0047780513,0,0,0.47428045,1,0,0.48320627,0,1,0.7974941,1,0,0.31252337,1
3048,1,0.8818386,1,0,0.0076045417,0,0,0.12175822,0,0,0.0025645897,0,0,0.028977087,0
3064,1,0.3914685,1,0,0.0688813,0,0,0.6814527,0,0,0.08438916,0,0,0.1364027,0
3065,1,0.42676756,1,0,0.0146800205,0,1,0.79537624,1,0,0.03996043,0,0,0.08703137,0
3066,0,0.08446604,0,1,0.6705236,1,0,0.3534254,0,0,0.17848583,0,0,0.26859748,1
3067,1,0.94132084,1,0,0.002042201,0,0,0.057727035,0,0,0.0034192689,0,0,0.016235558,0
3072,1,0.48044813,1,0,0.38379812,1,0,0.070569806,0,0,0.028632006,0,0,0.1038566,0
3075,0,0.040769633,0,1,0.33125758,0,0,0.19391002,0,0,0.78335184,1,0,0.13519298,0
3077,0,0.005686527,0,1,0.8805687,1,0,0.20324405,0,0,0.25418854,0,1,0.5890303,1
3080,1,0.9323141,1,0,0.0041687875,0,0,0.057549283,0,0,0.0030433699,0,0,0.019992111,0
3084,0,0.31844735,1,1,0.3145197,0,1,0.102027796,0,0,0.3483107,0,0,0.10320923,0
3087,0,0.00064381567,0,1,0.9063009,1,0,0.38476685,0,0,0.24413288,0,1,0.6881589,1
3093,1,0.874724,1,0,0.014566998,0,0,0.08872383,0,0,0.018683253,0,0,0.041548453,0
3100,0,0.016748575,0,0,0.20507376,0,1,0.9433416,1,0,0.3615111,0,0,0.19526918,0
3104,1,0.640222,1,0,0.06671043,0,0,0.3727239,0,0,0.03958193,0,0,0.11405502,0
3106,0,0.16600643,0,1,0.56604904,1,0,0.022292031,0,0,0.10416486,0,0,0.06354049,0
3107,0,0.0062568113,0,1,0.5963587,1,0,0.7411714,1,0,0.3540006,0,1,0.49687904,1
3109,0,0.5109567,1,0,0.013934703,0,0,0.41045776,0,1,0.20119864,0,0,0.07489987,0
3115,1,0.544944,1,0,0.01470436,0,0,0.62873405,0,0,0.04110242,0,0,0.07319263,0
3117,0,0.28283945,0,0,0.041270405,0,0,0.46241757,0,1,0.4411782,1,0,0.11749343,0
3119,1,0.566587,1,0,0.03990091,0,0,0.5596153,0,0,0.06963762,0,0,0.118785456,0
3126,0,0.022981774,0,0,0.02561477,0,1,0.96807456,1,1,0.2379548,0,0,0.09509103,0
3131,0,0.021074811,0,1,0.758427,1,0,0.38884142,0,0,0.16697803,0,0,0.38024315,1
3136,1,0.73599726,1,0,0.19903105,0,0,0.036050297,0,0,0.01764191,0,0,0.04954733,0
3140,1,0.2780178,0,0,0.12984596,0,1,0.74953043,1,0,0.084418885,0,0,0.17913774,0
3148,1,0.9305461,1,0,0.0041151573,0,0,0.059306275,0,0,0.004610537,0,0,0.021859853,0
3150,0,0.0015247863,0,1,0.89051133,1,0,0.36502886,0,1,0.20132072,0,1,0.6481891,1
3152,1,0.6605792,1,0,0.07672294,0,0,0.33177066,0,0,0.04893991,0,0,0.116883785,0
3156,1,0.8550663,1,0,0.03840372,0,0,0.06373554,0,0,0.021908041,0,0,0.05135106,0
3165,1,0.9268529,1,0,0.002577712,0,0,0.07093213,0,0,0.007050129,0,0,0.019972343,0
3171,0,0.48385942,1,1,0.25675628,0,0,0.020585665,0,0,0.10506076,0,0,0.034483176,0
3173,0,0.006587069,0,0,0.66509956,1,0,0.29526392,0,1,0.71995634,1,0,0.34593135,1
3177,0,0.007941262,0,0,0.27097327,0,0,0.3214748,0,1,0.9069202,1,0,0.15793473,0
3180,0,0.008004675,0,1,0.8578937,1,0,0.17413907,0,0,0.2190077,0,0,0.4521689,1
3183,1,0.7126419,1,0,0.018113222,0,0,0.39561784,0,0,0.014581955,0,0,0.06383421,0
3184,1,0.86067355,1,0,0.06373774,0,0,0.015368228,0,0,0.023637105,0,0,0.023341144,0
3190,1,0.92504066,1,0,0.0059256456,0,0,0.05652785,0,0,0.0020594737,0,0,0.021350417,0
3191,0,0.024508484,0,1,0.7850732,1,0,0.15244283,0,0,0.321789,0,1,0.30773076,1
3195,0,0.011871604,0,0,0.19948685,0,0,0.7951634,1,1,0.72503895,1,0,0.13281831,0
3202,0,0.017837206,0,1,0.84779245,1,0,0.12363025,0,0,0.15019098,0,0,0.3810099,1
3205,0,0.392304,1,0,0.3517008,1,0,0.31187034,0,0,0.16332069,0,1,0.18737437,0
3214,1,0.91451025,1,0,0.0048271213,0,0,0.07542361,0,0,0.008479147,0,0,0.026693631,0
3220,0,0.104274765,0,1,0.729548,1,0,0.043295715,0,0,0.090442844,0,0,0.1334351,0
3224,0,0.008217066,0,1,0.38552266,1,0,0.6501762,0,0,0.73806816,1,0,0.31130126,1
3242,0,0.10656783,0,0,0.080066636,0,1,0.91789645,1,0,0.13312933,0,1,0.1638344,0
3252,0,0.75049156,1,0,0.03635606,0,0,0.24218969,0,0,0.039226633,0,1,0.0868737,0
3255,1,0.8876244,1,0,0.0019630203,0,0,0.21860471,0,0,0.0030042771,0,0,0.024167184,0
3256,1,0.6795047,1,0,0.21376489,0,0,0.06259846,0,0,0.03741699,0,0,0.07769305,0
3258,0,0.04211167,0,0,0.14246993,0,1,0.9394403,1,0,0.24395765,0,0,0.18016124,0
3261,1,0.715951,1,0,0.026840214,0,0,0.3393357,0,0,0.03169804,0,0,0.08813577,0
3265,0,0.51290953,1,0,0.4127918,1,0,0.109398864,0,1,0.12672211,0,1,0.13533983,0
3268,0,0.21963415,0,0,0.06744603,0,1,0.84808385,1,0,0.09048318,0,1,0.15486205,0
3273,1,0.97040796,1,0,0.0009187834,0,0,0.0215325,0,0,0.0009943831,0,0,0.007664148,0
3278,0,0.047770046,0,0,0.046152964,0,1,0.906809,1,1,0.396113,0,0,0.12497149,0
3279,1,0.9059107,1,0,0.0116925305,0,0,0.0548095,0,0,0.008047057,0,0,0.02922267,0
3280,1,0.27611107,0,0,0.4744822,1,0,0.3134144,0,0,0.17624784,0,0,0.20600638,0
3282,0,0.39013425,1,1,0.42875957,1,0,0.06220553,0,0,0.13753997,0,0,0.09518878,0
3283,1,0.8541384,1,0,0.0132678365,0,0,0.13055442,0,0,0.004814603,0,0,0.03641779,0
3285,0,0.061741434,0,0,0.09759484,0,1,0.9368919,1,0,0.15184964,0,0,0.16665767,0
3287,1,0.7928292,1,0,0.0446522,0,0,0.05306887,0,0,0.085041985,0,0,0.04409078,0
3289,0,0.02559095,0,1,0.7540021,1,0,0.23135515,0,0,0.39548424,0,1,0.38142893,1
3290,0,0.007240568,0,1,0.5540291,1,0,0.41654164,0,1,0.7840863,1,0,0.3664423,1
3297,1,0.830481,1,0,0.010243873,0,0,0.20409635,0,0,0.0163079,0,0,0.047805,0
3300,1,0.8596234,1,0,0.018679792,0,0,0.10936721,0,0,0.011478348,0,0,0.047225956,0
3301,1,0.89491963,1,0,0.024580758,0,0,0.044668138,0,0,0.006610678,0,0,0.03442671,0
3302,0,0.24483868,0,0,0.08317029,0,0,0.5647848,0,1,0.32145774,0,0,0.11882557,0
3303,1,0.77619976,1,0,0.01703019,0,0,0.23265307,0,0,0.04491549,0,0,0.06512252,0
3315,0,0.030763425,0,0,0.30139267,0,0,0.521425,0,1,0.75621295,1,0,0.21882081,0
3320,1,0.44973642,1,0,0.065376714,0,0,0.6699698,0,0,0.0846923,0,0,0.15203516,0
3329,0,0.007281553,0,0,0.18445243,0,1,0.7936414,1,1,0.8112424,1,0,0.15152383,0
3334,1,0.8548043,1,0,0.016262777,0,0,0.112133905,0,0,0.013134176,0,0,0.044150602,0
3336,0,0.20977089,0,0,0.15184292,0,0,0.09733726,0,1,0.6402898,1,0,0.0668922,0
3372,1,0.80169547,1,0,0.0021259473,0,0,0.42912155,0,0,0.0058665564,0,0,0.02983862,0
3378,0,0.13635716,0,1,0.68173075,1,0,0.18279164,0,0,0.1463181,0,0,0.24895835,0
3379,1,0.68116534,1,0,0.26384974,0,0,0.05053509,0,0,0.03181423,0,0,0.08858829,0
3381,1,0.06541537,0,0,0.20453973,0,0,0.24512692,0,0,0.7927475,1,0,0.10991494,0
3383,0,0.113086864,0,1,0.5981063,1,0,0.22458209,0,0,0.3894409,0,0,0.20541751,0
3386,0,0.069584765,0,0,0.026466763,0,1,0.953475,1,0,0.10923681,0,0,0.10696688,0
3387,0,0.18546511,0,0,0.38697883,1,0,0.33474338,0,1,0.46789345,1,0,0.18341872,0
3395,1,0.703099,1,0,0.19843714,0,0,0.07690288,0,0,0.04812006,0,0,0.10232337,0
3396,0,0.15627633,0,0,0.040740773,0,1,0.9152006,1,0,0.088026784,0,0,0.13502192,0
3398,0,0.071000665,0,0,0.31438363,0,1,0.832522,1,0,0.29011217,0,1,0.22417225,0
3411,0,0.0023948937,0,0,0.118314,0,1,0.97383153,1,1,0.6035606,1,0,0.11924715,0
3417,1,0.36844993,1,0,0.12489241,0,1,0.6238846,0,0,0.055295903,0,0,0.14220157,0
3418,1,0.38492572,1,0,0.086538695,0,0,0.58994114,0,0,0.24844888,0,0,0.16999389,0
3422,0,0.0015779473,0,1,0.71656483,1,0,0.5879423,0,0,0.64885545,1,0,0.44970727,1
3423,0,0.06375143,0,1,0.7797123,1,0,0.08891241,0,0,0.1267818,0,0,0.23691316,0
3427,0,0.07781767,0,0,0.23393475,0,1,0.75121695,1,1,0.5233687,1,0,0.24456508,0
3429,1,0.86411697,1,0,0.0032640765,0,0,0.07077014,0,0,0.051361386,0,0,0.02311457,0
3431,0,0.013126372,0,0,0.23640814,0,1,0.91461366,1,1,0.59160995,1,0,0.18010351,0
3439,0,0.15422262,0,0,0.35952935,1,0,0.670265,0,0,0.15158562,0,1,0.20959221,0
3441,1,0.52291834,1,0,0.3366986,0,0,0.16328676,0,0,0.063866764,0,0,0.13745077,0
3444,1,0.83276457,1,0,0.02119029,0,0,0.14846833,0,0,0.0125910835,0,0,0.05455334,0
3449,0,0.3149478,1,1,0.58909184,1,0,0.07935956,0,0,0.08101448,0,1,0.13714562,0
3456,0,0.23445666,0,1,0.5125914,1,0,0.30209357,0,0,0.3645695,0,0,0.26961288,1
3459,1,0.704046,1,0,0.02845518,0,0,0.1992673,0,0,0.11271731,0,0,0.068898335,0
3463,0,0.0047792215,0,0,0.16354178,0,1,0.9095967,1,1,0.75220525,1,0,0.15219992,0
3473,0,0.00053241453,0,0,0.21738428,0,1,0.9010825,1,1,0.88977015,1,0,0.13124634,0
3478,1,0.4836101,1,0,0.10983298,0,0,0.43069133,0,0,0.023828689,0,0,0.100155845,0
3479,0,0.014007591,0,0,0.20036468,0,1,0.92842245,1,0,0.5031457,1,0,0.19698434,0
3484,0,0.0006549319,0,1,0.5111302,1,1,0.94076717,1,0,0.4489691,1,0,0.41552287,1
3486,1,0.21232583,0,0,0.3743288,1,1,0.56735283,0,0,0.3114126,0,1,0.2551179,1
3490,1,0.44278982,1,0,0.14557947,0,0,0.4731671,0,0,0.14998347,0,0,0.15756947,0
3495,0,0.76726484,1,0,0.054808848,0,1,0.112008765,0,1,0.02812209,0,0,0.054471355,0
3499,0,0.023040049,0,0,0.4415253,1,1,0.85633254,1,1,0.37875882,0,0,0.23672174,0
3500,0,0.32680193,1,0,0.17291266,0,1,0.56556314,0,0,0.23955208,0,0,0.17846325,0
3503,0,0.011505231,0,0,0.11959425,0,1,0.983457,1,1,0.19467522,0,0,0.16721728,0
3507,1,0.94084936,1,0,0.0013988201,0,0,0.06326363,0,0,0.0043459954,0,0,0.015223381,0
3514,0,0.030613562,0,0,0.024898207,0,1,0.9442587,1,1,0.33504578,0,0,0.08947933,0
3517,0,0.01029137,0,1,0.8805304,1,0,0.10372595,0,0,0.14373077,0,1,0.43782902,1
3528,0,0.06602241,0,1,0.58026695,1,0,0.18123774,0,1,0.4823787,1,0,0.18685248,0
3529,0,0.08619767,0,1,0.46672317,1,0,0.6494838,0,0,0.22252531,0,0,0.20717415,0
3532,0,0.0015726659,0,0,0.13882527,0,1,0.9300611,1,1,0.82971907,1,0,0.104352936,0
3536,1,0.73598003,1,0,0.077844985,0,0,0.19337304,0,0,0.06898344,0,0,0.111278765,0
3537,1,0.81943655,1,0,0.007448116,0,0,0.2717755,0,0,0.0057646832,0,0,0.04249582,0
3538,0,0.021953402,0,1,0.8619823,1,0,0.06704485,0,0,0.068777315,0,0,0.297085,1
3540,1,0.8263265,1,0,0.013318987,0,0,0.2026767,0,0,0.010927475,0,0,0.050162252,0
3551,0,0.024338674,0,1,0.7361489,1,1,0.36550254,0,0,0.33134973,0,0,0.35862502,1
3553,0,0.07462898,0,1,0.7119421,1,0,0.18992649,0,0,0.29203588,0,0,0.26810408,1
3559,0,0.111581475,0,0,0.08141831,0,1,0.91365933,1,1,0.09197588,0,0,0.15586083,0
3564,1,0.8918277,1,0,0.026744187,0,0,0.046643246,0,0,0.0049624783,0,0,0.03467067,0
3584,0,0.0022217098,0,1,0.9213681,1,0,0.13910963,0,1,0.1900187,0,1,0.6235282,1
3586,0,0.022226246,0,1,0.63757443,1,0,0.6783161,0,0,0.25992444,0,0,0.33916757,1
3592,1,0.7571911,1,0,0.09473927,0,0,0.090932444,0,0,0.080735415,0,0,0.083223894,0
3596,1,0.108071625,0,0,0.63532126,1,0,0.32370403,0,0,0.34640974,0,0,0.30817318,1
3597,0,0.010381297,0,0,0.41408768,1,1,0.9269563,1,0,0.28743774,0,1,0.2470724,0
3598,1,0.6491385,1,0,0.00961391,0,0,0.5825045,0,0,0.027077649,0,0,0.070645966,0
3610,0,0.08867154,0,0,0.20189446,0,0,0.37307933,0,1,0.6911768,1,0,0.1370647,0
3613,0,0.016155662,0,0,0.17491104,0,1,0.7443579,1,1,0.75439477,1,0,0.17559999,0
3618,1,0.7707321,1,0,0.015840178,0,0,0.30644414,0,0,0.008253917,0,0,0.055248547,0
3620,0,0.33099297,1,0,0.10814203,0,0,0.28932956,0,1,0.512518,1,0,0.12059276,0
3625,1,0.77354735,1,0,0.015814397,0,0,0.28170103,0,0,0.01309012,0,0,0.05566414,0
3630,1,0.877504,1,0,0.098874375,0,0,0.0113112265,0,0,0.0034013144,0,0,0.030069072,0
3631,1,0.8501673,1,0,0.0050029536,0,0,0.19599596,0,0,0.014738062,0,0,0.03553406,0
3634,1,0.8433027,1,0,0.008133448,0,0,0.20288241,0,0,0.006527946,0,0,0.038863346,0
3642,0,0.0018842457,0,0,0.91893226,1,0,0.16590679,0,0,0.21442145,0,1,0.66233444,1
3660,0,0.77274,1,0,0.051170237,0,0,0.13448064,0,0,0.010286762,0,1,0.06732643,0
3664,0,0.01036437,0,0,0.17960782,0,1,0.9505245,1,1,0.49318695,1,0,0.1791601,0
3674,1,0.85374,1,0,0.017230121,0,0,0.11638399,0,0,0.014488164,0,0,0.044794165,0
3675,1,0.52657,1,0,0.07389632,0,0,0.47072184,0,0,0.10468096,0,0,0.13102736,0
3683,1,0.95966554,1,0,0.0014038212,0,0,0.026640654,0,0,0.0035534562,0,0,0.011043553,0
3684,1,0.2504118,0,0,0.39577448,1,0,0.4659881,0,0,0.09766017,0,0,0.1995559,0
3701,0,0.48437038,1,0,0.04484723,0,1,0.20582527,0,1,0.4149686,1,0,0.09011829,0
3705,1,0.10828602,0,0,0.23007607,0,0,0.7945248,1,0,0.24036837,0,0,0.1864478,0
3706,0,0.00013322753,0,0,0.10335149,0,1,0.98881125,1,1,0.83080953,1,0,0.08248035,0
3709,1,0.93821096,1,0,0.007055342,0,0,0.02644041,0,0,0.008679275,0,0,0.020739922,0
3710,1,0.72745323,1,0,0.014084443,0,0,0.31949675,0,0,0.035106134,0,0,0.059333324,0
3711,1,0.74006176,1,0,0.0028036507,0,0,0.5326726,0,0,0.00971843,0,0,0.03769753,0
3719,1,0.85985714,1,0,0.0030587458,0,0,0.23767255,0,0,0.010589197,0,0,0.03275858,0
3726,1,0.78679144,1,0,0.09122318,0,0,0.07271631,0,0,0.03831397,0,0,0.08009439,0
3729,0,0.022471305,0,0,0.050837386,0,1,0.982935,1,0,0.07206157,0,1,0.1203391,0
3730,1,0.696985,1,0,0.0123478295,0,0,0.487638,0,0,0.011557338,0,0,0.061376557,0
3734,1,0.75736624,1,0,0.031457838,0,0,0.18962927,0,0,0.0036988703,0,0,0.053501256,0
3737,0,0.5600516,1,0,0.39830267,1,1,0.04101492,0,0,0.011480804,0,0,0.087359376,0
3739,0,0.25691023,0,1,0.552753,1,0,0.06075861,0,0,0.14347021,0,0,0.099997185,0
3743,1,0.89047873,1,0,0.01951648,0,0,0.055994626,0,0,0.010843021,0,0,0.03493205,0
3746,1,0.75528944,1,0,0.05419284,0,0,0.17247836,0,0,0.011412506,0,0,0.07122682,0
3748,1,0.8668449,1,0,0.00302398,0,0,0.22967274,0,0,0.008033822,0,0,0.03193759,0
3749,1,0.90813476,1,0,0.0070321998,0,0,0.07214294,0,0,0.0062047816,0,0,0.026117181,0
3751,0,0.05810582,0,0,0.08282425,0,1,0.9536666,1,0,0.089368895,0,0,0.15734507,0
3753,1,0.38287708,1,0,0.4020071,1,0,0.25723457,0,0,0.063385494,0,0,0.18793646,0
3758,1,0.7263348,1,0,0.011512066,0,0,0.39321196,0,0,0.016692623,0,0,0.053663425,0
3759,0,0.22822237,0,0,0.4788906,1,0,0.3260779,0,0,0.28073955,0,1,0.24729691,0
3763,0,0.17620394,0,1,0.6793512,1,0,0.13308966,0,0,0.122110434,0,0,0.20036724,0
3765,1,0.80115706,1,0,0.020817034,0,0,0.21007273,0,0,0.01627982,0,0,0.060175397,0
3768,1,0.39804277,1,0,0.45399648,1,0,0.20489922,0,0,0.1320412,0,0,0.20424698,0
3774,0,0.028814629,0,1,0.8347167,1,0,0.07805754,0,0,0.113468915,0,0,0.29199338,1
3782,1,0.8622415,1,0,0.006237194,0,0,0.17783211,0,0,0.011480122,0,0,0.038695484,0
3784,0,0.0034918066,0,0,0.25513265,0,1,0.9443777,1,1,0.6523611,1,0,0.17642476,0
3787,1,0.8837179,1,0,0.0029681835,0,0,0.15268672,0,0,0.010446718,0,0,0.026378857,0
3789,0,0.022115687,0,0,0.78391683,1,0,0.15496632,0,1,0.30032846,0,0,0.269819,1
3794,1,0.31292295,1,0,0.5794184,1,0,0.12222594,0,0,0.09680921,0,0,0.1716627,0
3804,0,0.014424786,0,1,0.4693419,1,1,0.704746,1,0,0.50785154,1,0,0.20479788,0
3810,1,0.9826973,1,0,0.0014491113,0,0,0.003850713,0,0,0.0009793129,0,0,0.0047602803,0
3816,0,0.012062061,0,1,0.31833482,0,1,0.763058,1,0,0.5793344,1,0,0.16305432,0
3819,0,0.33710697,1,0,0.4239881,1,0,0.3162192,0,0,0.1401051,0,1,0.22312468,0
3821,0,0.054991424,0,0,0.35367885,1,1,0.38609213,0,1,0.7220559,1,0,0.2122156,0
3842,0,0.33712098,1,1,0.3718907,1,0,0.36617598,0,0,0.0986748,0,1,0.2027067,0
3849,1,0.7856018,1,0,0.008212466,0,0,0.3265406,0,0,0.017890707,0,0,0.051936936,0
3857,1,0.5323744,1,0,0.0069175167,0,1,0.60715497,0,0,0.062479876,0,0,0.057087954,0
3871,1,0.87266314,1,0,0.008039555,0,0,0.14166072,0,0,0.010540986,0,0,0.03879903,0
3877,0,0.10272891,0,0,0.65135974,1,0,0.11354395,0,1,0.28638986,0,0,0.17661421,0
3884,0,0.016344927,0,1,0.8356915,1,0,0.043855492,0,0,0.141057,0,0,0.19421095,0
3888,1,0.72199315,1,0,0.008539997,0,1,0.48269925,0,0,0.015315175,0,0,0.06285779,0
3892,1,0.9014011,1,0,0.006877023,0,0,0.088137776,0,0,0.010892275,0,0,0.031418715,0
3896,1,0.6872863,1,0,0.044739425,0,0,0.33744976,0,0,0.044427514,0,0,0.09745502,0
3897,0,0.085338116,0,1,0.7716437,1,0,0.09435847,0,0,0.07359951,0,0,0.2129451,0
3906,1,0.81077987,1,0,0.024344897,0,0,0.17089882,0,0,0.01404765,0,0,0.055415988,0
3916,1,0.8716619,1,0,0.062460672,0,0,0.02576136,0,0,0.008693984,0,0,0.039601725,0
3921,0,0.0048842328,0,1,0.88698393,1,0,0.1821758,0,0,0.19196829,0,0,0.51769876,1
3933,1,0.22536357,0,0,0.04931219,0,1,0.8466703,1,0,0.05672442,0,0,0.11733436,0
3939,0,0.59541565,1,1,0.20846944,0,0,0.18595901,0,0,0.10049485,0,0,0.14409448,0
3947,0,0.010266426,0,0,0.27383384,0,1,0.9640937,1,0,0.36721975,0,0,0.19751589,0
3957,0,0.20938942,0,1,0.66439146,1,0,0.047491714,0,0,0.06486895,0,0,0.12021924,0
3963,0,0.33469874,1,1,0.43448028,1,0,0.13106295,0,0,0.273071,0,0,0.1414891,0
3964,1,0.49987248,1,0,0.07153376,0,0,0.58015215,0,0,0.024623938,0,0,0.11799484,0
3969,1,0.9096385,1,0,0.021544537,0,0,0.022457367,0,0,0.016602205,0,0,0.026380131,0
3983,0,0.010784791,0,0,0.0919697,0,0,0.061366074,0,1,0.93420887,1,0,0.038858395,0
3992,0,0.16901745,0,0,0.44831106,1,0,0.4773344,0,1,0.4177918,1,0,0.2648817,1
4000,1,0.8915389,1,0,0.010252434,0,0,0.08322119,0,0,0.008323773,0,0,0.03378855,0
4008,1,0.8525689,1,0,0.0155409705,0,0,0.09669053,0,0,0.039440587,0,0,0.04787846,0
4012,1,0.87763,1,0,0.028937897,0,0,0.053299837,0,0,0.022944408,0,0,0.045376185,0
4016,0,0.006529384,0,0,0.17386064,0,1,0.95855796,1,0,0.52891314,1,0,0.15656313,0
4025,1,0.27799642,0,0,0.36328876,1,0,0.113263555,0,0,0.27435267,0,0,0.0865173,0
4031,0,0.30866972,1,0,0.5325435,1,1,0.17817353,0,0,0.09621233,0,1,0.16289689,0
4032,0,0.7241001,1,0,0.06569601,0,0,0.181975,0,1,0.11550196,0,0,0.105592676,0
4048,0,0.052797172,0,0,0.28413054,0,0,0.11633428,0,1,0.7339473,1,1,0.08479999,0
4059,1,0.6326579,1,0,0.08884634,0,0,0.34197125,0,0,0.058787383,0,0,0.13088258,0
4062,1,0.7806043,1,0,0.032588284,0,0,0.19330618,0,0,0.015051059,0,0,0.06303845,0
4063,0,0.26669595,0,1,0.59717244,1,0,0.12592582,0,0,0.08153595,0,0,0.1640838,0
4076,1,0.7735699,1,0,0.014810943,0,0,0.26584762,0,0,0.04018427,0,0,0.06432223,0
4077,1,0.65449333,1,0,0.05885849,0,0,0.34948334,0,0,0.080234624,0,0,0.11675814,0
4083,1,0.843601,1,0,0.046691075,0,0,0.06704857,0,0,0.031090356,0,0,0.056325316,0
4084,0,0.0030229795,0,1,0.90651333,1,0,0.17417434,0,0,0.169078,0,1,0.5784956,1
4087,0,0.07168462,0,1,0.7909262,1,0,0.07058667,0,0,0.04087554,0,0,0.19311981,0
4090,1,0.7098938,1,0,0.060082205,0,0,0.20129532,0,0,0.052521415,0,0,0.08071346,0
4097,1,0.83913404,1,0,0.025376406,0,0,0.117340885,0,0,0.02682389,0,0,0.05600445,0
4098,0,0.5082296,1,0,0.14527822,0,1,0.4863427,0,1,0.13881318,0,1,0.18717523,0
4101,1,0.88222665,1,0,0.004979448,0,0,0.13299343,0,0,0.0077557387,0,0,0.029064775,0
4103,1,0.76004964,1,0,0.02208459,0,0,0.25369295,0,0,0.033318352,0,0,0.06615273,0
4108,0,0.0116983885,0,1,0.807568,1,0,0.33235145,0,0,0.23288912,0,1,0.46861678,1
4109,0,0.22173677,0,1,0.5940732,1,0,0.18904507,0,0,0.16071826,0,0,0.23604594,0
4110,1,0.58060944,1,0,0.08910482,0,0,0.38634574,0,0,0.067004785,0,0,0.119806886,0
4114,1,0.6954569,1,0,0.029010313,0,0,0.34206975,0,0,0.05362162,0,0,0.088786416,0
4121,0,0.011616158,0,1,0.055570047,0,1,0.985039,1,0,0.20746401,0,0,0.14132443,0
4125,1,0.90793,1,0,0.004735526,0,0,0.09734289,0,0,0.0053560287,0,0,0.026535721,0
4128,0,0.22083747,0,1,0.5710397,1,0,0.124945514,0,0,0.16549912,0,0,0.15436833,0
4133,0,0.1348089,0,0,0.46731496,1,1,0.5536483,0,0,0.094894886,0,0,0.19816472,0
4135,0,0.0009294531,0,1,0.9234474,1,0,0.22002731,0,0,0.26442957,0,1,0.7036323,1
4137,0,0.043043215,0,0,0.51967686,1,0,0.17223355,0,1,0.5889478,1,0,0.1645033,0
4140,0,0.088217504,0,1,0.6065939,1,0,0.23154616,0,1,0.45154178,1,0,0.27803046,1
4141,0,0.030979704,0,0,0.24997824,0,1,0.92962974,1,0,0.23415786,0,0,0.20587558,0
4153,0,0.25902632,0,0,0.18605801,0,0,0.16588083,0,1,0.57725435,1,0,0.11131607,0
4157,1,0.8033416,1,0,0.03448154,0,0,0.13555345,0,0,0.048884608,0,0,0.06992377,0
4158,0,0.090558,0,0,0.18428448,0,1,0.8251067,1,1,0.148163,0,0,0.15397878,0
4160,0,0.09384861,0,0,0.010522193,0,1,0.8910698,1,1,0.21964735,0,0,0.07157363,0
4163,1,0.5851649,1,0,0.05068409,0,0,0.45462826,0,0,0.028408539,0,0,0.09106629,0
4165,1,0.9053466,1,0,0.0059218244,0,0,0.09168589,0,0,0.006267541,0,0,0.028921377,0
4168,1,0.6558593,1,0,0.11323563,0,0,0.24394573,0,0,0.036183298,0,0,0.12215943,0
4170,0,0.12657471,0,1,0.623384,1,0,0.32410958,0,0,0.30591092,0,0,0.2696927,1
4172,1,0.82142586,1,0,0.021515723,0,0,0.15933448,0,0,0.016659126,0,0,0.05659081,0
4175,0,0.05638048,0,0,0.40147722,1,0,0.41659832,0,1,0.5540012,1,0,0.15428452,0
4184,1,0.83807,1,0,0.010456349,0,0,0.19676931,0,0,0.008177592,0,0,0.043316275,0
4189,0,0.7129066,1,0,0.020849962,0,0,0.08043247,0,1,0.19986296,0,0,0.040255554,0
4190,1,0.7355448,1,0,0.0026239767,0,0,0.31888834,0,0,0.049552314,0,0,0.034759045,0
4195,0,0.0044650338,0,1,0.430723,1,0,0.15938047,0,1,0.8808448,1,0,0.14559053,0
4196,0,0.002591423,0,1,0.3588535,1,0,0.5146871,0,1,0.8979902,1,0,0.19522677,0
4203,0,0.00838885,0,0,0.5406265,1,0,0.6575037,0,1,0.66005456,1,0,0.34907612,1
4204,1,0.7104861,1,0,0.10744525,0,0,0.15605256,0,0,0.07389425,0,0,0.105023496,0
4210,1,0.7856099,1,0,0.010774185,0,0,0.30658442,0,0,0.016639609,0,0,0.056966923,0
4220,0,0.074637786,0,0,0.13974084,0,1,0.9137515,1,0,0.17864174,0,0,0.18292089,0
4229,1,0.49633375,1,0,0.35872722,1,0,0.09653239,0,0,0.096050575,0,0,0.11070112,0
4230,0,0.2373951,0,1,0.6175576,1,0,0.05611268,0,0,0.08863186,0,0,0.10720999,0
4234,0,0.10965509,0,1,0.7141593,1,0,0.060309786,0,0,0.12801424,0,0,0.13319896,0
4241,1,0.9613149,1,0,0.0024506522,0,0,0.019194618,0,0,0.0029592558,0,0,0.011790937,0
4245,1,0.33510438,1,0,0.034007568,0,1,0.81177384,1,0,0.053427767,0,0,0.11574514,0
4251,0,0.024252813,0,0,0.06926687,0,1,0.97302634,1,0,0.19091776,0,1,0.1434739,0
4252,1,0.71683437,1,0,0.07805071,0,0,0.21118735,0,0,0.043865643,0,0,0.10608475,0
4258,0,0.13997605,0,0,0.053129993,0,1,0.89776975,1,0,0.10176566,0,0,0.13219847,0
4261,1,0.92879057,1,0,0.0130761,0,0,0.02599544,0,0,0.008639235,0,0,0.02537068,0
4262,1,0.59757626,1,0,0.015224924,0,0,0.590329,0,0,0.05301983,0,0,0.08689883,0
4270,0,0.0016754103,0,1,0.26645148,0,1,0.96962357,1,1,0.5511002,1,0,0.17608024,0
4272,1,0.8660848,1,0,0.00856186,0,0,0.15120253,0,0,0.007254198,0,0,0.038501408,0
4275,0,0.4151631,1,1,0.36782938,1,0,0.14770608,0,0,0.13563344,0,0,0.15907513,0
4281,0,0.073543794,0,0,0.26438487,0,1,0.80972904,1,0,0.33032417,0,0,0.25297618,1
4285,1,0.60207087,1,0,0.1573004,0,0,0.24895921,0,0,0.032696176,0,0,0.12364172,0
4287,1,0.9664678,1,0,0.0051150783,0,0,0.0101466,0,0,0.0015257014,0,0,0.011707842,0
4288,1,0.8554642,1,0,0.010658347,0,0,0.14255176,0,0,0.017416451,0,0,0.044726137,0
4301,1,0.90284973,1,0,0.0036096056,0,0,0.1185012,0,0,0.004490776,0,0,0.024601962,0
4322,0,0.033629727,0,1,0.56370306,1,1,0.6742346,0,0,0.29561758,0,0,0.29358083,1
4326,0,0.008151428,0,1,0.79328674,1,1,0.45163617,0,0,0.23454018,0,0,0.4593914,1
4330,0,0.008166346,0,0,0.17881362,0,1,0.596717,0,1,0.8707306,1,1,0.12261557,0
4335,0,0.0010831816,0,1,0.8964664,1,0,0.3202357,0,0,0.37568927,0,1,0.6915074,1
4337,1,0.53434247,1,0,0.0503567,0,0,0.39305705,0,0,0.21557629,0,0,0.118436046,0
4342,1,0.23479801,0,1,0.22168228,0,0,0.08211955,0,0,0.44945765,1,0,0.06598102,0
4351,0,0.053014334,0,0,0.35906804,1,0,0.73754525,1,1,0.36607918,0,0,0.16141999,0
4354,1,0.85926545,1,0,0.009694604,0,0,0.08587913,0,0,0.037455928,0,0,0.036222517,0
4357,0,0.17831327,0,1,0.09444377,0,0,0.68732244,0,0,0.41244167,1,0,0.1586723,0
4368,0,0.08391705,0,1,0.6551919,1,0,0.20461321,0,0,0.3066423,0,0,0.20423262,0
4372,1,0.7599247,1,0,0.119237095,0,0,0.069073625,0,0,0.027319796,0,0,0.08080323,0
4374,1,0.6575642,1,0,0.006161171,0,0,0.59844446,0,0,0.015661906,0,0,0.053697202,0
4379,0,0.42833441,1,1,0.31819975,0,0,0.29650787,0,0,0.1615499,0,0,0.1769171,0
4389,1,0.67422163,1,0,0.078715585,0,0,0.27119943,0,0,0.027152846,0,0,0.10015655,0
4391,0,0.24508773,0,0,0.06352137,0,0,0.1586557,0,1,0.6467124,1,0,0.069772296,0
4399,0,0.0007910429,0,1,0.91968,1,0,0.28361,0,0,0.17529556,0,1,0.6483938,1
4414,1,0.9587283,1,0,0.0017124385,0,0,0.021873787,0,0,0.005024052,0,0,0.011447382,0
4419,0,0.044435978,0,1,0.23161702,0,0,0.4291145,0,1,0.7798851,1,0,0.16612513,0
4420,1,0.43263352,1,0,0.09858437,0,0,0.5287322,0,0,0.20951582,0,0,0.16181228,0
4425,0,0.012510777,0,0,0.013245887,0,1,0.9900619,1,0,0.1421905,0,0,0.086181596,0
4428,1,0.9221442,1,0,0.004636755,0,0,0.06700586,0,0,0.0035061296,0,0,0.021045696,0
4429,1,0.14511809,0,0,0.4266554,1,0,0.61768514,0,0,0.16904046,0,0,0.21102037,0
4431,1,0.5718516,1,0,0.3031569,0,0,0.11246926,0,0,0.052532494,0,0,0.11553118,0
4443,0,0.14395162,0,0,0.61506563,1,0,0.241259,0,1,0.24343526,0,0,0.2296969,0
4446,0,0.64133364,1,0,0.04031637,0,0,0.35431987,0,0,0.09256611,0,1,0.10478518,0
4459,1,0.5882347,1,0,0.06619952,0,0,0.44840267,0,0,0.10526405,0,0,0.13563015,0
4464,1,0.8285328,1,0,0.032377362,0,0,0.114448436,0,0,0.021365402,0,0,0.063377894,0
4465,0,0.06842429,0,1,0.70618504,1,0,0.30489615,0,0,0.19244434,0,0,0.33762196,1
4472,1,0.7936701,1,0,0.0124032255,0,0,0.25853464,0,0,0.024845587,0,0,0.05690987,0
4478,1,0.44469064,1,0,0.06725987,0,0,0.6276649,0,0,0.1460618,0,0,0.15571968,0
4480,1,0.137772,0,0,0.6528403,1,0,0.090365,0,0,0.14698066,0,0,0.13904831,0
4481,1,0.81456566,1,0,0.01100653,0,0,0.24471514,0,0,0.013804222,0,0,0.052988112,0
4482,1,0.92551696,1,0,0.007815837,0,0,0.04202351,0,0,0.0021219826,0,0,0.022246068,0
4487,1,0.75108105,1,0,0.1227236,0,0,0.08927831,0,0,0.028026888,0,0,0.07052693,0
4494,0,0.46956807,1,0,0.24535152,0,1,0.37542802,0,0,0.10613979,0,0,0.1883981,0
4496,0,0.0036045844,0,1,0.1994667,0,1,0.65143096,0,1,0.9040089,1,0,0.11275925,0
4499,0,0.039963987,0,1,0.71659714,1,0,0.20916092,0,1,0.37015814,0,1,0.31812987,1
4505,1,0.7619138,1,0,0.039862346,0,0,0.18567237,0,0,0.0136068,0,0,0.068041146,0
4515,1,0.7027605,1,0,0.018198466,0,0,0.43675452,0,0,0.019419516,0,0,0.07572336,0
4516,0,0.021877054,0,1,0.76125383,1,0,0.26286227,0,0,0.42605865,1,0,0.41031867,1
4520,1,0.6785105,1,0,0.09754968,0,0,0.23884799,0,0,0.030300012,0,0,0.10165823,0
4526,0,0.6402003,1,1,0.03480943,0,0,0.33961877,0,0,0.12845446,0,0,0.09702096,0
4539,1,0.8350654,1,0,0.004196914,0,0,0.21094528,0,0,0.01790109,0,0,0.033125695,0
4540,0,0.23318055,0,1,0.29040208,0,0,0.10375441,0,0,0.49564967,1,0,0.0944055,0
4553,1,0.74772036,1,0,0.057437617,0,0,0.1923717,0,0,0.03461617,0,0,0.08682238,0
4558,1,0.65604585,1,0,0.17489481,0,0,0.18461071,0,0,0.071780816,0,0,0.13928023,0
4564,0,0.057398,0,0,0.3227019,0,0,0.50700295,0,1,0.60481554,1,0,0.14756556,0
4572,0,0.5460155,1,0,0.19502082,0,0,0.2574196,0,0,0.02239184,0,1,0.12541659,0
4579,1,0.9278869,1,0,0.00657874,0,0,0.044802766,0,0,0.0051103197,0,0,0.021841908,0
4580,0,0.024400009,0,0,0.04386708,0,1,0.97927,1,0,0.11050044,0,0,0.152802,0
4585,1,0.55128247,1,0,0.083717726,0,0,0.39571086,0,0,0.17851798,0,0,0.13978732,0
4591,0,0.49856284,1,0,0.036264785,0,1,0.6804833,0,0,0.06115685,0,0,0.123476945,0
4597,1,0.6088008,1,0,0.04179941,0,0,0.5037317,0,0,0.03611136,0,0,0.107912876,0
4598,1,0.84144485,1,0,0.032027785,0,0,0.09711533,0,0,0.0115682315,0,0,0.050213408,0
4599,0,0.0017906876,0,0,0.11508895,0,1,0.9903984,1,0,0.37446442,0,0,0.12341967,0
4612,0,0.123591445,0,0,0.13248663,0,1,0.8696581,1,0,0.12076581,0,0,0.16375968,0
4613,1,0.90634,1,0,0.006801557,0,0,0.074715614,0,0,0.009284074,0,0,0.028730854,0
4617,0,0.0007963516,0,0,0.04340324,0,1,0.9842407,1,1,0.7487533,1,0,0.06911409,0
4619,0,0.2164999,0,0,0.006968819,0,1,0.88915706,1,0,0.07253508,0,0,0.06639811,0
4621,0,0.42680633,1,0,0.20920998,0,0,0.46266416,0,1,0.14518696,0,0,0.20911308,0
4627,0,0.09302853,0,1,0.7525819,1,0,0.12855628,0,0,0.09585751,0,0,0.23552316,0
4629,0,0.00094172504,0,1,0.23969421,0,1,0.93333864,1,0,0.8088423,1,0,0.14345807,0
4633,1,0.9445181,1,0,0.00130256,0,0,0.05426998,0,0,0.004905387,0,0,0.014159047,0
4634,1,0.7419568,1,0,0.07777316,0,0,0.13871717,0,0,0.02824051,0,0,0.08129922,0
4635,1,0.58595085,1,0,0.034524716,0,0,0.56040615,0,0,0.041734703,0,0,0.10667412,0
4638,1,0.755408,1,0,0.15657046,0,0,0.04492603,0,0,0.008209732,0,0,0.048483092,0
4643,1,0.17071442,0,0,0.25057676,0,0,0.67548,0,0,0.26092905,0,0,0.18431869,0
4657,0,0.079617545,0,0,0.2693761,0,1,0.8631465,1,0,0.084203124,0,0,0.18630473,0
4658,0,0.011625524,0,0,0.12659195,0,1,0.51253885,0,0,0.8799318,1,0,0.1014148,0
4659,0,0.012442873,0,0,0.19531262,0,0,0.23147942,0,1,0.9110575,1,0,0.110859476,0
4665,0,0.016453207,0,1,0.7949078,1,1,0.3407402,0,0,0.27202418,0,0,0.5028511,1
4666,0,0.14654772,0,0,0.09653053,0,1,0.87445307,1,1,0.15186657,0,0,0.17264219,0
4667,0,0.072985224,0,0,0.12883124,0,1,0.9232872,1,0,0.16311827,0,0,0.19101763,0
4669,1,0.772461,1,0,0.0683753,0,0,0.14623258,0,0,0.03253556,0,0,0.08743991,0
4673,0,0.014742654,0,0,0.06846696,0,1,0.9817614,1,1,0.22756143,0,0,0.15386735,0
4679,1,0.8466946,1,0,0.045018792,0,0,0.07106827,0,0,0.015952121,0,0,0.052733514,0
4680,1,0.79124755,1,0,0.045211025,0,0,0.15209845,0,0,0.024117792,0,0,0.07098282,0
4685,1,0.73298097,1,0,0.08669021,0,0,0.14375277,0,0,0.067646846,0,0,0.092759185,0
4689,1,0.9399996,1,0,0.012349109,0,0,0.019458435,0,0,0.0030928617,0,0,0.021398405,0
4692,0,0.0028010868,0,1,0.14142743,0,1,0.9818747,1,0,0.509056,1,1,0.1452011,0
4701,0,0.052037306,0,1,0.74653774,1,0,0.27039427,0,0,0.21609145,0,1,0.401676,1
4702,0,0.42093498,1,0,0.4523054,1,0,0.16724558,0,0,0.11863185,0,1,0.18704785,0
4711,1,0.32078773,1,1,0.40459973,1,0,0.35135725,0,0,0.16668218,0,0,0.23041914,0
4712,0,0.051262688,0,0,0.3880061,1,0,0.80197084,1,1,0.26892883,0,0,0.22879477,0
4722,0,0.2836785,0,0,0.005000709,0,1,0.8888434,1,0,0.038023308,0,0,0.05748987,0
4725,0,0.08673779,0,0,0.099601336,0,1,0.8654483,1,1,0.36483842,0,0,0.17306387,0
4739,1,0.78006727,1,0,0.013685718,0,0,0.28021413,0,0,0.022464523,0,0,0.059636883,0
4742,1,0.4860781,1,0,0.265263,0,0,0.27348012,0,0,0.070465825,0,0,0.1549135,0
4749,0,0.0008517262,0,1,0.83701617,1,0,0.48997664,0,1,0.5299258,1,1,0.6321425,1
4756,0,0.035445496,0,1,0.10215341,0,1,0.9204348,1,1,0.37720656,0,0,0.17488217,0
4758,0,0.012012759,0,0,0.16615663,0,1,0.9481729,1,0,0.4497776,1,0,0.1710067,0
4763,0,0.018658005,0,1,0.5705907,1,0,0.6764567,0,0,0.1939057,0,1,0.44028458,1
4776,0,0.044099595,0,1,0.33688968,0,1,0.86081123,1,0,0.2403481,0,1,0.24429649,0
4780,1,0.79475325,1,0,0.018149449,0,1,0.22930264,0,0,0.016501456,0,0,0.06097769,0
4791,0,0.0029302253,0,1,0.84267426,1,0,0.46652544,0,0,0.23256767,0,1,0.60545266,1
4798,1,0.3513191,1,0,0.41102293,1,0,0.20926704,0,0,0.15057917,0,0,0.13978273,0
4808,1,0.6591761,1,0,0.22950299,0,0,0.075013734,0,0,0.0308293,0,0,0.08961619,0
4812,0,0.003361757,0,0,0.8715518,1,0,0.23456922,0,1,0.3772006,0,0,0.56299245,1
4820,1,0.8814662,1,0,0.007211058,0,0,0.122954324,0,0,0.013672574,0,0,0.036819592,0
4833,0,0.62506056,1,0,0.3254129,0,0,0.047896624,0,1,0.034433052,0,0,0.086254135,0
4834,1,0.91550314,1,0,0.027416335,0,0,0.019589212,0,0,0.009385281,0,0,0.02505658,0
4837,0,0.029610857,0,0,0.089927,0,1,0.96311074,1,0,0.1668092,0,0,0.14509866,0
4845,0,0.13484517,0,1,0.63998955,1,0,0.108813144,0,0,0.20109744,0,0,0.15324092,0
4851,1,0.8310888,1,0,0.021143837,0,0,0.14618963,0,0,0.012975331,0,0,0.0510769,0
4858,1,0.9149756,1,0,0.011204198,0,0,0.031830445,0,0,0.019983757,0,0,0.02699678,0
4862,1,0.72657907,1,0,0.10166715,0,0,0.1450979,0,0,0.027004119,0,0,0.093485035,0
4887,1,0.790709,1,0,0.018709714,0,0,0.22950551,0,0,0.020039303,0,0,0.060690116,0
4888,1,0.639441,1,0,0.14056346,0,0,0.21782394,0,0,0.032580838,0,0,0.12097994,0
4892,1,0.7200637,1,0,0.012112076,0,0,0.24268952,0,0,0.07161873,0,0,0.0511565,0
4894,0,0.020077867,0,1,0.0257482,0,1,0.855991,1,1,0.64061356,1,0,0.072443485,0
4896,0,0.7807728,1,0,0.013969325,0,0,0.28089428,0,0,0.014468868,0,1,0.055839993,0
4898,1,0.39668906,1,0,0.054810427,0,0,0.21781306,0,0,0.49188074,1,0,0.08876574,0
4901,0,0.016343562,0,0,0.29673016,0,0,0.12171391,0,1,0.79160553,1,0,0.06503024,0
4905,1,0.7075389,1,0,0.0077510835,0,0,0.20062312,0,0,0.102476105,0,0,0.040480353,0
4910,1,0.67892367,1,0,0.053258475,0,0,0.29072937,0,0,0.09550569,0,0,0.109490186,0
4911,1,0.68406695,1,0,0.1256385,0,0,0.18026528,0,0,0.055580717,0,0,0.109374754,0
4913,1,0.7131205,1,0,0.106560305,0,0,0.14090931,0,0,0.031514548,0,0,0.08718502,0
4918,0,0.78878325,1,0,0.01819873,0,0,0.247184,0,0,0.013645086,0,1,0.05948323,0
4924,1,0.73506117,1,0,0.06774819,0,0,0.1444603,0,0,0.085483685,0,0,0.09015043,0
4933,1,0.53843325,1,0,0.122596316,0,0,0.39794755,0,0,0.021214306,0,0,0.12483456,0
4935,0,0.8679324,1,1,0.05685904,0,0,0.031876672,0,0,0.022497803,0,0,0.041404378,0
4940,0,0.21466534,0,0,0.31899115,0,1,0.44343776,0,1,0.28185007,0,0,0.1586896,0
4945,1,0.9731415,1,0,0.0009835463,0,0,0.017566882,0,0,0.0009140039,0,0,0.007546359,0
4951,1,0.2292688,0,0,0.6459298,1,0,0.061765336,0,0,0.08162525,0,0,0.11841381,0
4952,0,0.4358519,1,1,0.2583109,0,0,0.2895756,0,0,0.12925977,0,0,0.14499947,0
4957,0,0.0033843268,0,0,0.073388815,0,1,0.99171305,1,0,0.3140625,0,1,0.12894551,0
4959,1,0.90645456,1,0,0.01493935,0,0,0.045006625,0,0,0.004699974,0,0,0.028674018,0
4961,1,0.48666903,1,0,0.0918822,0,0,0.050552912,0,0,0.36548045,0,0,0.04263256,0
4966,0,0.44577366,1,0,0.08369346,0,0,0.6130367,0,1,0.12687124,0,0,0.156647,0
4978,0,0.0009384245,0,1,0.3908971,1,1,0.93485653,1,1,0.6426681,1,1,0.25819373,1
4988,0,0.00079908664,0,1,0.23114543,0,1,0.8507823,1,1,0.89729583,1,1,0.13862334,0
5043,0,0.03806699,0,0,0.6222684,1,0,0.13656174,0,1,0.47881326,1,0,0.17846972,0
5044,1,0.74991035,1,0,0.10401659,0,0,0.1178267,0,0,0.029712284,0,0,0.08525813,0
5046,0,0.16297562,0,1,0.03991189,0,1,0.9065681,1,0,0.05138695,0,0,0.1122877,0
5047,0,0.2871018,0,0,0.42934245,1,0,0.31274548,0,0,0.15594901,0,1,0.19942959,0
5049,1,0.75832695,1,0,0.02058437,0,0,0.28248987,0,0,0.032848928,0,0,0.07377598,0
5050,0,0.015148489,0,0,0.059620444,0,0,0.07320206,0,1,0.93655294,1,0,0.034531925,0
5051,0,0.0013249732,0,1,0.9369178,1,0,0.117427796,0,0,0.15130086,0,0,0.64313036,1
5058,0,0.00021057262,0,1,0.68813986,1,1,0.8778222,1,1,0.5441855,1,1,0.48062056,1
5062,0,0.17176938,0,1,0.6233465,1,1,0.2927442,0,0,0.3223555,0,1,0.29055336,1
5081,1,0.75802106,1,0,0.0042087,0,0,0.4053778,0,0,0.025405074,0,0,0.04516724,0
5088,0,0.24500364,0,1,0.5040984,1,0,0.2755458,0,0,0.35203004,0,1,0.25038722,1
5091,1,0.69890326,1,0,0.015677167,0,0,0.25382608,0,0,0.07299254,0,0,0.055754013,0
5098,1,0.78645474,1,0,0.03185609,0,0,0.19157736,0,0,0.022064924,0,0,0.070160896,0
5099,1,0.3384061,1,0,0.47992784,1,0,0.22502893,0,0,0.07529565,0,0,0.18492447,0
5102,1,0.9156823,1,0,0.017486587,0,0,0.033974964,0,0,0.0032883298,0,0,0.027599733,0
5103,0,0.09322058,0,1,0.59290546,1,0,0.2362953,0,0,0.50202155,1,1,0.27733096,1
5104,1,0.9132197,1,0,0.007306578,0,0,0.061418388,0,0,0.0062427972,0,0,0.026510648,0
5110,1,0.5892139,1,0,0.018972183,0,0,0.6045211,0,0,0.03207015,0,0,0.08501991,0
5125,0,0.6861939,1,1,0.18502949,0,0,0.07301899,0,0,0.09580305,0,0,0.07634327,0
5132,0,0.004763801,0,1,0.7110955,1,0,0.6819282,0,0,0.34700164,0,1,0.49796578,1
5139,0,0.0054171924,0,0,0.3737357,1,0,0.1789889,0,1,0.8856268,1,0,0.1355707,0
5141,1,0.15325974,0,0,0.20504382,0,0,0.49741232,0,0,0.5862688,1,0,0.18293475,0
5152,1,0.15299466,0,0,0.4912383,1,0,0.29231218,0,0,0.5049256,1,0,0.22183125,0
5160,0,0.3829634,1,0,0.32092786,0,0,0.27537322,0,1,0.072207876,0,0,0.13049698,0
5162,1,0.843386,1,0,0.011765411,0,0,0.16207235,0,0,0.015501144,0,0,0.045769118,0
5163,0,0.0020801025,0,1,0.6232315,1,1,0.7360364,1,1,0.53730196,1,1,0.5403998,1
5164,0,0.0107971495,0,0,0.32538766,0,0,0.66484654,0,1,0.7661848,1,0,0.27043393,1
5170,0,0.714909,1,0,0.0036966128,0,1,0.53656834,0,0,0.01779617,0,0,0.04527477,0
5174,1,0.8889056,1,0,0.0057546347,0,0,0.13012183,0,0,0.006545755,0,0,0.032711383,0
5175,0,0.008914459,0,0,0.23347512,0,1,0.87020874,1,1,0.69276154,1,0,0.18353112,0
5182,1,0.76125634,1,0,0.019646682,0,0,0.29669997,0,0,0.022502303,0,0,0.06923243,0
5187,0,0.069519855,0,0,0.0408885,0,1,0.9266774,1,1,0.20905633,0,0,0.123357676,0
5193,0,0.80400246,1,0,0.007909776,0,0,0.21976154,0,1,0.02257805,0,0,0.04127596,0
5202,0,0.0005514851,0,0,0.60069954,1,0,0.20761414,0,1,0.9074363,1,0,0.33494788,1
5204,0,0.71681917,1,0,0.039267674,0,0,0.1807761,0,1,0.06656138,0,0,0.066426665,0
5215,1,0.9107368,1,0,0.0014892436,0,0,0.14134736,0,0,0.0067349146,0,0,0.021458669,0
5221,0,0.06690343,0,0,0.058483835,0,1,0.8681976,1,1,0.37638754,0,0,0.1271726,0
5222,1,0.79967785,1,0,0.05338188,0,0,0.11654752,0,0,0.034345508,0,0,0.077496365,0
5227,1,0.8289819,1,0,0.019201148,0,0,0.16182736,0,0,0.02058385,0,0,0.057397727,0
5232,1,0.8811314,1,0,0.012350709,0,0,0.09429962,0,0,0.007022527,0,0,0.034833994,0
5235,0,0.5975172,1,1,0.16266975,0,0,0.2845432,0,0,0.051422246,0,0,0.1377513,0
5236,1,0.8324569,1,0,0.0050555854,0,0,0.26350337,0,0,0.0069587193,0,0,0.035129342,0
5237,0,0.07745383,0,1,0.54765666,1,0,0.08148097,0,0,0.3995758,0,0,0.106834605,0
5245,1,0.7205412,1,0,0.062900774,0,0,0.23991515,0,0,0.037263207,0,0,0.09687151,0
5246,0,0.42818,1,0,0.016694266,0,0,0.17403874,0,1,0.48697004,1,0,0.0491668,0
5247,0,0.0070262323,0,0,0.38823932,1,0,0.34532836,0,1,0.8648083,1,0,0.27303284,1
5251,0,0.061981734,0,0,0.26005116,0,0,0.18871246,0,1,0.7501165,1,0,0.100530006,0
5257,0,0.29148656,0,0,0.31928092,0,0,0.40668735,0,1,0.28428665,0,0,0.22076339,0
5260,0,0.00392257,0,1,0.7953668,1,1,0.5296132,0,0,0.37720963,0,1,0.5606366,1
5261,1,0.7895066,1,0,0.008641588,0,0,0.23369731,0,0,0.048455663,0,0,0.053222377,0
5267,1,0.50424904,1,0,0.35575235,1,0,0.14951032,0,0,0.07813106,0,0,0.15628448,0
5273,1,0.91265893,1,0,0.009550082,0,0,0.052284323,0,0,0.0048528607,0,0,0.024557685,0
5275,1,0.6789822,1,0,0.059675805,0,0,0.2663767,0,0,0.012215247,0,0,0.08712523,0
5278,0,0.1388948,0,1,0.72407174,1,0,0.09449247,0,0,0.08125475,0,0,0.17685254,0
5287,0,0.03759855,0,0,0.23714656,0,0,0.69476473,0,1,0.6984503,1,0,0.19897786,0
5289,0,0.0796556,0,1,0.5053634,1,0,0.6633517,0,0,0.39775103,0,1,0.2810793,1
5293,0,0.0030814167,0,1,0.6303716,1,0,0.5167442,0,1,0.7363465,1,1,0.47228095,1
5308,1,0.9423339,1,0,0.005796901,0,0,0.029972937,0,0,0.0048024203,0,0,0.018900106,0
5310,0,0.39880994,1,1,0.12436942,0,0,0.3483536,0,0,0.16766328,0,0,0.10206415,0
5315,1,0.30810907,1,0,0.08464214,0,0,0.7469272,1,0,0.055787574,0,0,0.13150309,0
5317,0,0.021372383,0,0,0.04936833,0,0,0.09364352,0,1,0.9300999,1,0,0.038781215,0
5320,0,0.044796366,0,0,0.08537045,0,1,0.9564462,1,0,0.14795774,0,0,0.17079587,0
5322,0,0.0045534847,0,1,0.33175772,0,1,0.94986165,1,0,0.3611352,0,1,0.29910222,1
5323,0,0.043328647,0,0,0.8186399,1,0,0.10174893,0,0,0.06408496,0,1,0.28910524,1
5329,0,0.17769256,0,0,0.26150128,0,0,0.17544295,0,1,0.6188728,1,1,0.1250141,0
5331,1,0.48611373,1,0,0.059477232,0,0,0.6396895,0,0,0.074765675,0,0,0.1411367,0
5333,0,0.07145379,0,0,0.6147854,1,0,0.48075983,0,1,0.22644016,0,0,0.24449232,0
5336,1,0.45140243,1,0,0.29499608,0,0,0.27930933,0,0,0.040820375,0,0,0.15095398,0
5337,0,0.6534826,1,0,0.041883178,0,1,0.4017194,0,0,0.03937152,0,0,0.09648665,0
5338,0,0.007224072,0,0,0.003676755,0,1,0.9819172,1,0,0.3318068,0,1,0.04008089,0
5340,0,0.016323222,0,1,0.5671748,1,1,0.2811683,0,0,0.6648677,1,0,0.2100812,0
5341,0,0.012004851,0,1,0.5796777,1,1,0.7899832,1,0,0.35144824,0,0,0.3065469,1
5342,0,0.012427764,0,1,0.5889661,1,1,0.758404,1,0,0.39752698,0,0,0.3302118,1
5344,1,0.8001967,1,0,0.01624208,0,0,0.22914453,0,0,0.011507671,0,0,0.05424201,0
5349,0,0.027970957,0,0,0.07082926,0,1,0.94320863,1,1,0.38330287,0,0,0.14167374,0
5356,0,0.05425018,0,0,0.5247166,1,1,0.5286399,0,1,0.49181828,1,0,0.22570102,0
5358,0,0.0056786328,0,0,0.09540418,0,1,0.98683363,1,0,0.25995222,0,0,0.12946008,0
5359,0,0.00035154683,0,1,0.92307925,1,0,0.3584311,0,0,0.29451224,0,1,0.7536657,1
5360,0,0.5776902,1,0,0.08651304,0,0,0.115727976,0,1,0.300374,0,0,0.070382275,0
5363,1,0.5533774,1,0,0.08004142,0,0,0.4149486,0,0,0.07929981,0,0,0.11496418,0
5370,1,0.770389,1,0,0.041111965,0,0,0.16467384,0,0,0.009052535,0,0,0.06250711,0
5375,1,0.932708,1,0,0.004086249,0,0,0.05426475,0,0,0.0036387069,0,0,0.019539632,0
5379,0,0.039805967,0,0,0.020016935,0,1,0.9737907,1,0,0.10652535,0,0,0.100215726,0
5382,1,0.56408226,1,0,0.028180255,0,0,0.58556116,0,0,0.058644194,0,0,0.10364295,0
5383,1,0.88208276,1,0,0.013232145,0,0,0.060544193,0,0,0.03194858,0,0,0.0374187,0
5385,1,0.566129,1,0,0.03541471,0,0,0.54089695,0,0,0.06564601,0,0,0.111092985,0
5402,0,0.31308174,1,1,0.61904216,1,0,0.036991548,0,0,0.020556854,0,0,0.09999821,0
5404,0,0.0010422469,0,0,0.24062017,0,1,0.7459678,1,1,0.9162263,1,0,0.13266751,0
5407,0,0.0008052093,0,1,0.16407974,0,1,0.8554536,1,0,0.9005158,1,0,0.09026208,0
5408,0,0.012359315,0,1,0.8509814,1,0,0.19698486,0,0,0.06440545,0,0,0.3821742,1
5418,1,0.7068391,1,0,0.039419845,0,0,0.3137542,0,0,0.029060945,0,0,0.086760245,0
5419,0,0.0019811483,0,1,0.7346697,1,0,0.7140793,1,0,0.41063356,1,1,0.5658842,1
5424,0,0.0042949324,0,0,0.04029479,0,1,0.99580693,1,0,0.10755027,0,0,0.10857879,0
5429,0,0.11411434,0,1,0.44667202,1,0,0.33193064,0,0,0.3795121,0,0,0.19476491,0
5431,1,0.89760095,1,0,0.0066281273,0,0,0.100527585,0,0,0.0050403825,0,0,0.028796185,0
5444,0,0.00023657863,0,0,0.53847545,1,1,0.96162325,1,1,0.45932147,1,0,0.38741544,1
5449,0,0.34324113,1,0,0.041926596,0,0,0.56007737,0,1,0.31174472,0,1,0.12366296,0
5455,0,0.3248196,1,0,0.02511664,0,1,0.80644184,1,0,0.07102882,0,0,0.10157935,0
5458,0,0.41389483,1,1,0.49814013,1,1,0.0810679,0,0,0.10122925,0,0,0.12460546,0
5459,1,0.6510206,1,0,0.09030853,0,0,0.3225629,0,0,0.059930246,0,0,0.12655169,0
5468,1,0.9330099,1,0,0.009362402,0,0,0.033732615,0,0,0.004970028,0,0,0.02378234,0
5469,1,0.76534384,1,0,0.030449549,0,0,0.23147659,0,0,0.023854168,0,0,0.073486105,0
5473,0,0.0027630015,0,0,0.06584637,0,1,0.9940924,1,0,0.23610419,0,0,0.11862154,0
5475,1,0.6859933,1,0,0.08134805,0,0,0.24748278,0,0,0.07791127,0,0,0.12405619,0
5476,0,0.052646793,0,1,0.6061485,1,1,0.5367082,0,0,0.38008696,0,0,0.28640145,1
5478,0,0.7160375,1,0,0.117688246,0,0,0.116413034,0,1,0.10035024,0,0,0.09265308,0
5481,1,0.8350541,1,0,0.03914256,0,0,0.07603244,0,0,0.041322157,0,0,0.05845546,0
5482,1,0.8439513,1,0,0.00646454,0,0,0.21513353,0,0,0.00981948,0,0,0.039153192,0
5485,0,0.028300388,0,1,0.38041973,1,0,0.27286166,0,0,0.773857,1,1,0.19381957,0
5491,1,0.8706469,1,0,0.00779968,0,0,0.1401123,0,0,0.011295106,0,0,0.038497668,0
5492,0,0.0007214958,0,0,0.098029815,0,1,0.22483253,0,1,0.9817343,1,0,0.045027185,0
5495,0,0.00029756498,0,0,0.08716449,0,1,0.97693014,1,1,0.8527032,1,0,0.08270875,0
5498,0,0.7806424,1,0,0.04737024,0,0,0.10246764,0,1,0.09092393,0,0,0.07110626,0
5501,0,0.0033906468,0,1,0.35331824,1,0,0.62012345,0,1,0.8624267,1,0,0.1786432,0
5505,1,0.8181832,1,0,0.011922715,0,0,0.197327,0,0,0.0061248885,0,0,0.04219885,0
5506,1,0.8655083,1,0,0.0065260134,0,0,0.16566828,0,0,0.008545337,0,0,0.03624425,0
5508,1,0.5238717,1,0,0.12495765,0,0,0.43279427,0,0,0.065417826,0,0,0.14719477,0
5530,1,0.7879591,1,0,0.02676122,0,0,0.15425934,0,0,0.06018497,0,0,0.06590221,0
5536,1,0.82843333,1,0,0.017504824,0,0,0.15905286,0,0,0.022369854,0,0,0.05424749,0
5539,1,0.42384055,1,0,0.20791957,0,0,0.38249898,0,0,0.16554704,0,0,0.15291077,0
5558,1,0.75960505,1,0,0.0041415584,0,0,0.44704095,0,0,0.012611244,0,0,0.042144187,0
5561,1,0.5381264,1,0,0.06544066,0,0,0.5349267,0,0,0.06562973,0,0,0.12771711,0
5564,1,0.89759856,1,0,0.0086186435,0,0,0.07884938,0,0,0.0056567667,0,0,0.02742166,0
5565,1,0.7299338,1,0,0.14245549,0,0,0.120730735,0,0,0.05231382,0,0,0.10536758,0
5570,0,0.08795144,0,0,0.26722082,0,0,0.060807023,0,1,0.63033944,1,0,0.05310503,0
5572,0,0.40077183,1,1,0.24592456,0,0,0.47817147,0,0,0.068512216,0,0,0.18190277,0
5579,1,0.8280101,1,0,0.0074595353,0,0,0.25421005,0,0,0.007850201,0,0,0.04278108,0
5582,0,0.66602993,1,0,0.0335849,0,0,0.17074396,0,0,0.19226134,0,1,0.07021256,0
5589,1,0.4138516,1,0,0.053905547,0,0,0.58500063,0,0,0.19101885,0,0,0.13752948,0
5590,0,0.06473129,0,0,0.44700974,1,1,0.76272976,1,1,0.26408675,0,0,0.22661863,0
5605,1,0.92714286,1,0,0.0036233342,0,0,0.06105653,0,0,0.0062619573,0,0,0.020737376,0
5618,1,0.28475836,0,0,0.14312135,0,0,0.30920714,0,0,0.28022918,0,0,0.09051766,0
5629,0,0.5619936,1,0,0.017400691,0,0,0.43681931,0,1,0.1298922,0,0,0.07942251,0
5632,0,0.009152011,0,0,0.25282732,0,0,0.18637994,0,1,0.8952043,1,0,0.1278205,0
5636,0,0.001947479,0,1,0.5923748,1,0,0.39010718,0,1,0.8389671,1,1,0.36776835,1
5637,0,0.0014620591,0,1,0.5596114,1,1,0.28556862,0,1,0.8863325,1,1,0.31853524,1
5640,0,0.005856703,0,0,0.3306383,0,0,0.48093805,0,1,0.88206285,1,0,0.17517395,0
5644,0,0.024251122,0,1,0.7491703,1,0,0.41047207,0,0,0.27521378,0,1,0.41989246,1
5645,0,0.0122782765,0,0,0.36241254,1,0,0.34007043,0,1,0.8525369,1,0,0.17388141,0
5646,0,0.01725445,0,1,0.79032993,1,0,0.29372463,0,0,0.2705318,0,0,0.3887552,1
5647,0,0.0076439166,0,1,0.7820074,1,0,0.5010524,0,0,0.31898966,0,0,0.50616264,1
5648,0,0.035914816,0,1,0.729276,1,0,0.37823808,0,0,0.27130994,0,0,0.36702174,1
5651,1,0.88148415,1,0,0.008553662,0,0,0.115608305,0,0,0.00392279,0,0,0.032077573,0
5652,1,0.57284373,1,0,0.3556905,1,0,0.07121966,0,0,0.04850206,0,0,0.1001109,0
5657,0,0.30438548,1,0,0.3275019,0,0,0.4458655,0,0,0.15513626,0,1,0.19209392,0
5660,0,0.020268524,0,1,0.7637751,1,0,0.28192702,0,0,0.36530125,0,0,0.41180795,1
5661,0,0.025991231,0,1,0.59706587,1,0,0.64295125,0,0,0.41133726,1,0,0.4197899,1
5667,0,0.0017915658,0,0,0.14249499,0,0,0.086672954,0,1,0.9655077,1,0,0.054784507,0
5679,0,0.27235442,0,1,0.46440795,1,0,0.28816208,0,0,0.107269,0,1,0.18681198,0
5687,0,0.0026225406,0,1,0.85969585,1,1,0.41447207,0,0,0.1953982,0,1,0.57372963,1
5696,0,0.28649,0,1,0.045306563,0,1,0.7470282,1,0,0.15058638,0,0,0.12301348,0
5732,0,0.28606185,0,1,0.4557029,1,0,0.33372757,0,0,0.16938423,0,0,0.21207817,0
5733,1,0.7914129,1,0,0.023955602,0,0,0.21210335,0,0,0.019555533,0,0,0.06441735,0
5736,0,0.24293354,0,1,0.23220839,0,1,0.6615923,0,0,0.29112253,0,1,0.24369255,0
5741,1,0.93440366,1,0,0.0030057856,0,0,0.053975593,0,0,0.004958936,0,0,0.018136172,0
5747,1,0.23878215,0,0,0.49365482,1,0,0.1996591,0,0,0.33918038,0,0,0.20180471,0
5751,1,0.7809545,1,0,0.053229958,0,0,0.05614193,0,0,0.09353419,0,0,0.04864407,0
5758,1,0.69119465,1,0,0.08764565,0,0,0.21009733,0,0,0.07351398,0,0,0.10115855,0
5759,1,0.51648617,1,0,0.08420974,0,0,0.4826678,0,0,0.05184223,0,0,0.116511874,0
5763,0,0.0023334702,0,0,0.10017488,0,0,0.066923305,0,1,0.9668128,1,0,0.031541385,0
5767,1,0.7146814,1,0,0.04852367,0,0,0.18744047,0,0,0.10911669,0,0,0.08758289,0
5768,0,0.24852178,0,1,0.5230097,1,1,0.26616096,0,0,0.14536697,0,0,0.19138364,0
5770,1,0.73022175,1,0,0.19266108,0,0,0.048194822,0,0,0.034154613,0,0,0.06949656,0
5771,1,0.31436515,1,0,0.06418299,0,0,0.7557189,1,0,0.07634082,0,0,0.12998441,0
5773,0,0.17149128,0,0,0.014581496,0,1,0.9321871,1,0,0.025310311,0,0,0.07760475,0
5783,1,0.9040406,1,0,0.006564557,0,0,0.080899544,0,0,0.0119112,0,0,0.031162396,0
5784,1,0.9469931,1,0,0.0030696369,0,0,0.036280703,0,0,0.0038321342,0,0,0.016097752,0
5798,1,0.862436,1,0,0.018441591,0,0,0.10570263,0,0,0.014449379,0,0,0.045486115,0
5800,0,0.022750054,0,1,0.45082542,1,1,0.8598002,1,0,0.35430443,0,0,0.24152571,0
5806,0,0.30071646,1,0,0.062006842,0,0,0.19891705,0,1,0.56149805,1,0,0.07794675,0
5807,0,0.031264808,0,1,0.6369083,1,1,0.53046894,0,0,0.45707077,1,0,0.33471113,1
5810,0,0.011315941,0,1,0.56827444,1,0,0.6513588,0,1,0.58646584,1,1,0.40381643,1
5811,1,0.3482216,1,0,0.021876737,0,1,0.8347257,1,0,0.028798502,0,0,0.09377971,0
5813,1,0.85532415,1,0,0.004301256,0,0,0.022630319,0,0,0.088407926,0,0,0.012791753,0
5815,1,0.71882635,1,0,0.08674291,0,0,0.18409598,0,0,0.039481107,0,0,0.090590075,0
5820,1,0.8737094,1,0,0.010422268,0,0,0.12240728,0,0,0.0074943225,0,0,0.03768062,0
5821,0,0.047504097,0,1,0.5568666,1,0,0.34908774,0,0,0.6489891,1,1,0.30553076,1
5826,0,0.17552681,0,0,0.010505733,0,1,0.92598945,1,1,0.059197035,0,0,0.08406473,0
5831,1,0.8419071,1,0,0.021217396,0,0,0.12199153,0,0,0.008033249,0,0,0.04623425,0
5832,0,0.025632529,0,0,0.09046091,0,1,0.9508775,1,0,0.29253945,0,0,0.13532893,0
5834,1,0.6661579,1,0,0.07821599,0,0,0.299284,0,0,0.04183035,0,0,0.11503746,0
5841,0,0.65130633,1,1,0.18565702,0,0,0.017946022,0,0,0.06381439,0,0,0.026618956,0
5842,0,0.0025095388,0,1,0.7892219,1,0,0.22680329,0,0,0.6753828,1,1,0.47860557,1
5846,1,0.5331083,1,0,0.017980972,0,0,0.69516915,0,0,0.026392447,0,0,0.084414706,0
5849,1,0.6921532,1,0,0.047568437,0,0,0.29369017,0,0,0.042625472,0,0,0.089420795,0
5861,0,0.078061365,0,1,0.52922565,1,0,0.29625764,0,0,0.5700489,1,0,0.23338024,0
5865,0,0.021555696,0,0,0.069598384,0,1,0.96491706,1,0,0.12555125,0,0,0.20152104,0
5870,1,0.72448766,1,0,0.085224465,0,0,0.16365206,0,0,0.019414142,0,0,0.08864829,0
5873,0,0.48269734,1,1,0.28369236,0,0,0.03546857,0,0,0.12001403,0,0,0.055067185,0
5882,1,0.84869576,1,0,0.014846364,0,0,0.09960704,0,0,0.03767984,0,0,0.044604305,0
5883,0,0.4196287,1,0,0.18057708,0,0,0.30290794,0,1,0.2516234,0,0,0.15084371,0
5885,0,0.00020069222,0,1,0.87564623,1,0,0.24823701,0,1,0.72801423,1,0,0.62490225,1
5887,1,0.9103272,1,0,0.0059686233,0,0,0.02262172,0,0,0.029832317,0,0,0.017178167,0
5890,1,0.3482959,1,0,0.29008085,0,0,0.2513654,0,0,0.27138248,0,0,0.18263294,0
5895,0,0.43051514,1,0,0.30605185,0,0,0.22838414,0,1,0.17152786,0,0,0.1608589,0
5896,1,0.7968888,1,0,0.06624934,0,0,0.10162296,0,0,0.014165226,0,0,0.06559816,0
5902,0,0.0059107887,0,0,0.24012443,0,1,0.9706698,1,1,0.39310768,0,0,0.1734491,0
5909,0,0.017952636,0,0,0.5694277,1,0,0.28446093,0,1,0.71180344,1,0,0.2704892,1
5911,0,0.006310847,0,0,0.89915293,1,0,0.062013052,0,0,0.15922926,0,1,0.39170247,1
5918,1,0.4539832,1,0,0.12016022,0,0,0.5644327,0,0,0.13642444,0,0,0.17355628,0
5927,0,0.0028912823,0,0,0.18615115,0,0,0.11755642,0,1,0.9571552,1,0,0.07545847,0
5928,1,0.92455566,1,0,0.0019347565,0,0,0.10045013,0,0,0.0034466719,0,0,0.019037327,0
5929,1,0.78626037,1,0,0.19492126,0,0,0.01883125,0,0,0.017434282,0,0,0.042178743,0
5931,1,0.7623841,1,0,0.043578293,0,0,0.18228707,0,0,0.018705096,0,0,0.075628445,0
5935,1,0.93407434,1,0,0.003881194,0,0,0.05568323,0,0,0.004231268,0,0,0.021203626,0
5936,0,0.6813892,1,0,0.08044979,0,0,0.21440907,0,1,0.05312854,0,0,0.09337622,0
5937,0,0.6549531,1,0,0.060771823,0,0,0.3371312,0,0,0.032659944,0,1,0.10665554,0
5938,1,0.65722686,1,0,0.111370966,0,0,0.25477165,0,0,0.044078898,0,0,0.11318349,0
5940,0,0.06221932,0,0,0.091086745,0,1,0.93973213,1,0,0.1283652,0,0,0.15583143,0
5950,0,0.12710182,0,1,0.6846446,1,0,0.19775006,0,0,0.11148189,0,0,0.28173122,1
5953,0,0.23501863,0,0,0.12356587,0,1,0.73763233,1,0,0.102886654,0,0,0.14357357,0
5958,0,0.88564235,1,0,0.034932323,0,0,0.029030131,0,1,0.022877745,0,0,0.033174414,0
5961,1,0.16382101,0,0,0.04252126,0,1,0.91481245,1,0,0.037415206,0,0,0.1167621,0
5962,1,0.8067048,1,0,0.01816057,0,0,0.18053348,0,0,0.029976722,0,0,0.056743495,0
5965,0,0.005367411,0,1,0.7113736,1,0,0.66094714,0,0,0.41164693,1,1,0.44221812,1
5976,1,0.8756659,1,0,0.018035986,0,0,0.086625114,0,0,0.009986493,0,0,0.042060353,0
5981,1,0.64815205,1,0,0.00911223,0,0,0.6045934,0,0,0.014454399,0,0,0.061296474,0
5991,0,0.026011877,0,0,0.067476206,0,1,0.95777005,1,0,0.24634023,0,0,0.12894209,0
6005,1,0.5141518,1,0,0.16643892,0,0,0.09294699,0,0,0.32877687,0,0,0.075461544,0
6008,1,0.9057257,1,0,0.0066873687,0,0,0.08567665,0,0,0.004060205,0,0,0.02632561,0
6010,1,0.8709727,1,0,0.022213794,0,0,0.07376689,0,0,0.016513215,0,0,0.04396196,0
6011,0,0.025171826,0,0,0.32083634,0,0,0.59270984,0,1,0.7293733,1,0,0.1768911,0
6017,0,0.032918848,0,1,0.7029357,1,0,0.45251632,0,0,0.3768814,0,1,0.44913083,1
6018,0,0.467071,1,0,0.37248865,1,0,0.21236058,0,1,0.2102712,0,1,0.18600959,0
6023,1,0.3084408,1,0,0.121963605,0,1,0.731225,1,0,0.101514645,0,0,0.17615592,0
6024,1,0.7616318,1,0,0.09749789,0,0,0.09543698,0,0,0.078791134,0,0,0.07949745,0
6030,1,0.29569265,0,0,0.5030151,1,0,0.20433104,0,0,0.15953173,0,0,0.19853163,0
6034,1,0.6173216,1,0,0.021753259,0,0,0.5672671,0,0,0.024983931,0,0,0.086578906,0
6035,1,0.91178024,1,0,0.008400647,0,0,0.061934654,0,0,0.005689423,0,0,0.029678317,0
6052,1,0.41308415,1,0,0.35999322,1,0,0.16528709,0,0,0.23111239,0,0,0.1623421,0
6057,0,0.5818055,1,0,0.019400397,0,1,0.4894428,0,0,0.06796059,0,0,0.07555463,0
6060,0,0.54607886,1,0,0.16665868,0,1,0.3615814,0,0,0.12308597,0,1,0.17792499,0
6070,0,0.0020462594,0,1,0.7750834,1,0,0.2593014,0,1,0.7288934,1,1,0.5086475,1
6074,1,0.50325334,1,0,0.03644187,0,0,0.6730583,0,0,0.029679153,0,0,0.11595803,0
6078,0,0.15450466,0,1,0.63583046,1,0,0.14030872,0,1,0.21998645,0,0,0.1769365,0
6082,0,0.11513026,0,1,0.36239964,1,0,0.6485521,0,1,0.42834473,1,0,0.2491245,0
6085,0,0.12515885,0,0,0.30158362,0,0,0.539374,0,1,0.56919664,1,1,0.22653423,0
6088,0,0.0040547,0,0,0.29474965,0,1,0.32118812,0,1,0.9252491,1,0,0.13245983,0
6095,1,0.06974295,0,0,0.40595075,1,0,0.73080194,1,0,0.40297708,1,0,0.21738462,0
6097,1,0.655563,1,0,0.038416013,0,0,0.42621505,0,0,0.04801122,0,0,0.10472843,0
6103,1,0.66325486,1,0,0.19524626,0,0,0.14611366,0,0,0.0720667,0,0,0.12875275,0
6118,1,0.19632322,0,0,0.47399533,1,0,0.045703605,0,0,0.20685385,0,0,0.069419704,0
6131,1,0.91285807,1,0,0.002940365,0,0,0.10653729,0,0,0.005146005,0,0,0.022624139,0
6134,0,0.05777883,0,0,0.092648774,0,1,0.9492508,1,0,0.13402879,0,0,0.17035513,0
6141,0,0.24125202,0,1,0.52202517,1,0,0.18941826,0,0,0.29925525,0,1,0.20748113,0
6153,0,0.07432632,0,0,0.024500877,0,1,0.9628294,1,0,0.0660776,0,0,0.119940445,0
6155,0,0.11677159,0,1,0.15550856,0,1,0.85220754,1,0,0.23451374,0,0,0.19605802,0
6160,1,0.936929,1,0,0.0041025486,0,0,0.039317876,0,0,0.0073025706,0,0,0.019447789,0
6167,0,0.002303757,0,1,0.6938232,1,0,0.700266,1,1,0.54945296,1,1,0.4929328,1
6169,1,0.753962,1,0,0.043972,0,0,0.20311789,0,0,0.014005292,0,0,0.0724518,0
6177,0,0.038378257,0,1,0.7713408,1,1,0.19629236,0,0,0.20646387,0,0,0.30532935,1
6178,1,0.8339858,1,0,0.006290629,0,0,0.24008004,0,0,0.02069869,0,0,0.046885822,0
6184,1,0.34421661,1,0,0.041025247,0,0,0.79506695,1,0,0.059855614,0,0,0.12464879,0
6194,0,0.1273228,0,1,0.33750507,0,0,0.17647481,0,0,0.6180551,1,0,0.12728727,0
6216,1,0.3815601,1,0,0.39816406,1,0,0.26615414,0,0,0.076721154,0,0,0.17548357,0
6223,0,0.051886022,0,1,0.69624424,1,0,0.4332977,0,0,0.2098668,0,0,0.41250092,1
6224,0,0.0017889004,0,0,0.6720036,1,0,0.80163866,1,1,0.45878416,1,0,0.4677816,1
6231,0,0.33022237,1,0,0.49327332,1,0,0.21945933,0,1,0.2623214,0,0,0.18693624,0
6237,1,0.8926972,1,0,0.002795013,0,0,0.17244278,0,0,0.003282632,0,0,0.024919866,0
6245,0,0.15598084,0,1,0.4721483,1,0,0.22247112,0,0,0.45522118,1,0,0.18194635,0
6246,1,0.41656265,1,0,0.16871881,0,0,0.57652485,0,0,0.11644226,0,0,0.19432847,0
6247,0,0.27004978,0,1,0.6020354,1,0,0.12974328,0,0,0.1315123,0,0,0.18597308,0
6254,0,0.031400852,0,1,0.22602484,0,0,0.84774476,1,1,0.6118101,1,1,0.18978903,0
6259,0,0.045850042,0,1,0.4750014,1,0,0.25222844,0,1,0.67221093,1,1,0.17358865,0
6262,1,0.6391269,1,0,0.031159388,0,0,0.48924834,0,0,0.03106414,0,0,0.09605356,0
6270,0,0.6868051,1,1,0.10507256,0,0,0.19840693,0,0,0.041765016,0,0,0.109551646,0
6273,0,0.7004776,1,0,0.061604597,0,0,0.28646666,0,1,0.04488988,0,0,0.10880785,0
6274,1,0.6597017,1,0,0.17587648,0,0,0.17755318,0,0,0.062099375,0,0,0.12229115,0
6275,0,0.0062875063,0,1,0.22116481,0,1,0.23560123,0,1,0.931368,1,1,0.11554506,0
6278,1,0.11691896,0,0,0.7121281,1,0,0.07117002,0,0,0.1216314,0,0,0.14775552,0
6280,0,0.101856254,0,0,0.43279427,1,0,0.6942943,0,1,0.10079478,0,0,0.23216623,0
6281,1,0.767426,1,0,0.016337017,0,0,0.30511573,0,0,0.014776623,0,0,0.060956635,0
6282,0,0.08532175,0,0,0.0057480605,0,1,0.97053057,1,0,0.041449983,0,0,0.062022533,0
6284,0,0.08283871,0,0,0.057247713,0,1,0.9463462,1,0,0.08932312,0,0,0.14465784,0
6288,0,0.11053733,0,0,0.03201548,0,1,0.8202854,1,1,0.3424819,0,0,0.10689668,0
6298,1,0.8221694,1,0,0.0040384345,0,0,0.27481186,0,0,0.01830094,0,0,0.038317624,0
6306,0,0.005104669,0,0,0.19291429,0,1,0.1382683,0,1,0.9276127,1,0,0.053649392,0
6311,1,0.9289839,1,0,0.0029773386,0,0,0.06628733,0,0,0.0045143547,0,0,0.018768353,0
6312,1,0.8766738,1,0,0.0048909215,0,0,0.16479833,0,0,0.008396628,0,0,0.033582743,0
6322,0,0.049948588,0,1,0.15932707,0,1,0.9240298,1,0,0.2551538,0,1,0.1995617,0
6326,1,0.9138881,1,0,0.011296997,0,0,0.034796037,0,0,0.020129692,0,0,0.028000316,0
6331,0,0.025720727,0,0,0.016758377,0,1,0.9087898,1,1,0.49163,1,0,0.069020525,0
6338,0,0.63079345,1,0,0.1242497,0,0,0.13208254,0,1,0.15285939,0,0,0.094599254,0
6341,1,0.88699764,1,0,0.013523036,0,0,0.082232475,0,0,0.011756267,0,0,0.03924701,0
6347,0,0.5648157,1,0,0.0842009,0,0,0.47737753,0,0,0.06309425,0,1,0.14267856,0
6356,0,0.12908372,0,0,0.05273853,0,1,0.92606807,1,0,0.06720812,0,0,0.14085717,0
6366,0,0.021832198,0,1,0.7560554,1,0,0.3424751,0,0,0.3806072,0,0,0.44048372,1
6370,1,0.5148318,1,0,0.09611137,0,0,0.39514235,0,0,0.15462197,0,0,0.13547435,0
6381,1,0.82651186,1,0,0.024745181,0,0,0.13641654,0,0,0.01974786,0,0,0.056533255,0
6389,0,0.051206965,0,1,0.59875745,1,1,0.48880628,0,0,0.52408814,1,1,0.35994267,1
6393,1,0.804819,1,0,0.03674333,0,0,0.1363291,0,0,0.026302429,0,0,0.06676541,0
6394,0,0.6499559,1,0,0.04169284,0,0,0.247199,0,1,0.12645288,0,0,0.08507758,0
6398,0,0.038018137,0,1,0.79539245,1,0,0.075719334,0,0,0.15588614,0,0,0.19198585,0
6406,1,0.9044166,1,0,0.0057053906,0,0,0.085432895,0,0,0.0060821213,0,0,0.026314711,0
6422,0,0.15434174,0,0,0.63670546,1,0,0.2547613,0,0,0.17210154,0,1,0.24067451,0
6425,1,0.9027137,1,0,0.003451371,0,0,0.11668128,0,0,0.0065035275,0,0,0.025383549,0
6427,0,0.3730559,1,0,0.44019243,1,0,0.22253351,0,0,0.039325945,0,1,0.17821333,0
6441,1,0.49950558,1,0,0.1375709,0,0,0.42844793,0,0,0.14441915,0,0,0.1598448,0
6445,0,0.004074605,0,1,0.8653045,1,1,0.19924164,0,1,0.39206535,0,0,0.5032139,1
6446,0,0.07563856,0,0,0.3353241,0,0,0.42652452,0,1,0.68595415,1,0,0.21165536,0
6452,0,0.0031547847,0,1,0.9158801,1,0,0.08985209,0,0,0.17848776,0,1,0.51750404,1
6458,1,0.23127449,0,0,0.48427123,1,0,0.49498197,0,0,0.21213824,0,0,0.27335638,1
6460,0,0.005780759,0,1,0.8971179,1,0,0.10854335,0,0,0.15836063,0,0,0.48854187,1
6471,0,0.3095953,1,0,0.27063233,0,1,0.5565452,0,0,0.06213024,0,1,0.19949886,0
6480,0,0.001842106,0,1,0.5527313,1,1,0.60340875,0,1,0.7750192,1,1,0.42089403,1
6482,1,0.87176806,1,0,0.005792248,0,0,0.15926656,0,0,0.005632799,0,0,0.031535186,0
6498,1,0.764882,1,0,0.023153897,0,0,0.26101455,0,0,0.019833151,0,0,0.065294854,0
6509,0,0.0115966955,0,1,0.76225275,1,0,0.36429486,0,0,0.52287686,1,1,0.547974,1
6520,0,0.0038837974,0,1,0.41939613,1,0,0.52587676,0,1,0.85060716,1,1,0.27722675,1
6533,0,0.00035338957,0,1,0.1211219,0,1,0.99122506,1,0,0.68500245,1,0,0.10132317,0
6534,1,0.9524583,1,0,0.007811697,0,0,0.013706678,0,0,0.0046919794,0,0,0.015974293,0
6536,0,0.56413084,1,0,0.26058382,0,0,0.16270807,0,1,0.115629785,0,0,0.12704074,0
6537,0,0.0055248667,0,1,0.26868802,0,1,0.94179803,1,0,0.52776146,1,0,0.15140797,0
6538,0,0.0064787115,0,1,0.3246822,0,0,0.5396912,0,1,0.8467845,1,0,0.23241776,0
6541,1,0.3476595,1,0,0.2862792,0,0,0.4728169,0,0,0.21148406,0,0,0.21171057,0
6543,0,0.0007424615,0,0,0.120222434,0,1,0.9705179,1,1,0.7696778,1,0,0.10813045,0
6544,0,0.055313144,0,0,0.5766435,1,0,0.3346583,0,1,0.5760587,1,0,0.31262094,1
6547,0,0.009535303,0,0,0.29398635,0,0,0.24458261,0,1,0.90264076,1,0,0.13083579,0
6559,0,0.24333704,0,1,0.5894431,1,0,0.060293794,0,1,0.11525386,0,0,0.11868016,0
6566,1,0.91261846,1,0,0.0077047115,0,0,0.063200705,0,0,0.0063074003,0,0,0.026403178,0
6570,1,0.88291943,1,0,0.021125104,0,0,0.05940185,0,0,0.022335472,0,0,0.04315627,0
6571,1,0.69601256,1,0,0.009721377,0,0,0.47084022,0,0,0.02645174,0,0,0.05983001,0
6573,1,0.89715296,1,0,0.020569861,0,0,0.04522038,0,0,0.015896602,0,0,0.037271995,0
6576,0,0.0016376138,0,1,0.926693,1,0,0.13539764,0,0,0.09638961,0,1,0.55025524,1
6589,0,0.02083335,0,0,0.072351,0,1,0.97223413,1,0,0.127071,0,0,0.1886537,0
6591,0,0.15264873,0,1,0.6591176,1,0,0.16706257,0,0,0.20956038,0,0,0.20893954,0
6598,1,0.9589931,1,0,0.003391414,0,0,0.021739855,0,0,0.0023959568,0,0,0.013469904,0
6599,0,0.33203056,1,1,0.35036382,1,0,0.4077358,0,0,0.21990176,0,1,0.25547975,1
6601,1,0.86023754,1,0,0.00569535,0,0,0.12429214,0,0,0.02357379,0,0,0.032775953,0
6605,0,0.2165613,0,1,0.6536524,1,0,0.024325352,0,0,0.038359728,0,0,0.087551,0
6622,1,0.67094105,1,0,0.04562112,0,0,0.2576265,0,0,0.11163353,0,0,0.09470142,0
6627,0,0.10677234,0,1,0.6652122,1,0,0.18097672,0,0,0.24186482,0,0,0.19497775,0
6630,0,0.0012370764,0,0,0.7371061,1,0,0.4204245,0,1,0.70663434,1,0,0.43539312,1
6639,1,0.8247844,1,0,0.008167172,0,0,0.13557115,0,0,0.03676201,0,0,0.03798556,0
6640,1,0.13705799,0,0,0.21356812,0,0,0.80997187,1,0,0.06930704,0,0,0.1693315,0
6656,1,0.8712601,1,0,0.010411983,0,0,0.1284017,0,0,0.007116838,0,0,0.038309325,0
6658,1,0.862593,1,0,0.017467206,0,0,0.10572042,0,0,0.010739093,0,0,0.043335605,0
6677,0,0.0044828057,0,0,0.10857877,0,0,0.29157078,0,1,0.9500994,1,0,0.07101059,0
6678,0,0.048948746,0,0,0.06010438,0,1,0.96170956,1,0,0.11603614,0,0,0.15824191,0
6683,0,0.031933803,0,0,0.21346375,0,0,0.15759592,0,1,0.8416846,1,0,0.09271134,0
6687,1,0.62189466,1,0,0.17352836,0,0,0.11529236,0,0,0.18400271,0,0,0.10136391,0
6689,1,0.7508499,1,0,0.054712214,0,0,0.20238173,0,0,0.030390725,0,0,0.08647095,0
6695,0,0.6238887,1,0,0.0327537,0,0,0.17509194,0,1,0.26499027,0,0,0.073707074,0
6697,0,0.13157012,0,1,0.54653823,1,0,0.3788764,0,0,0.4243742,1,0,0.25637603,1
6708,0,0.013301896,0,1,0.34570944,0,1,0.927602,1,1,0.36371204,0,0,0.22539145,0
6715,0,0.040064685,0,0,0.16924681,0,1,0.94092745,1,1,0.2632495,0,0,0.20432106,0
6716,0,0.34911418,1,0,0.13478231,0,0,0.038262445,0,1,0.4253564,1,0,0.037357554,0
6718,0,0.17532356,0,1,0.39969268,1,0,0.39864612,0,1,0.41392213,1,0,0.27144217,1
6721,0,0.15991244,0,0,0.09278502,0,0,0.8040226,1,1,0.28087634,0,0,0.16665424,0
6725,1,0.54537946,1,0,0.18514478,0,0,0.3525243,0,0,0.08929751,0,0,0.16482686,0
6729,1,0.74998474,1,0,0.024338245,0,0,0.29183936,0,0,0.03013724,0,0,0.07631792,0
6738,0,0.07217191,0,0,0.07346487,0,1,0.8928018,1,0,0.28564087,0,0,0.16465455,0
6743,1,0.57637733,1,0,0.038707905,0,0,0.4858816,0,0,0.055514555,0,0,0.09265424,0
6744,1,0.91324484,1,0,0.014664675,0,0,0.03596188,0,0,0.0021079709,0,0,0.025055235,0
6754,0,0.036806546,0,1,0.3829009,1,0,0.1727612,0,0,0.74111426,1,1,0.12006553,0
6756,0,0.38485873,1,0,0.34302303,0,0,0.2971155,0,0,0.15117307,0,1,0.20523979,0
6759,0,0.024393482,0,0,0.09268235,0,1,0.97598493,1,0,0.112891816,0,0,0.15921332,0
6761,0,0.19566953,0,0,0.20212458,0,1,0.7960302,1,0,0.14107803,0,0,0.22085169,0
6765,1,0.20376389,0,0,0.6290139,1,0,0.21383117,0,0,0.18139134,0,0,0.22856918,0
6767,0,0.0021673443,0,1,0.03516144,0,0,0.010380229,0,1,0.969959,1,0,0.005844101,0
6768,1,0.94882864,1,0,0.003808689,0,0,0.028929101,0,0,0.0037306373,0,0,0.015777815,0
6769,0,0.003526626,0,1,0.709757,1,0,0.6046722,0,0,0.5768064,1,1,0.5321617,1
6771,1,0.8981304,1,0,0.002939929,0,0,0.12633336,0,0,0.0104099205,0,0,0.026646556,0
6776,1,0.33798417,1,0,0.030650094,0,0,0.14102581,0,0,0.60883874,1,0,0.058153532,0
6789,1,0.303448,1,0,0.22925396,0,0,0.6337412,0,0,0.15346506,0,0,0.20217402,0
6790,0,0.05493345,0,1,0.77272,1,0,0.12711106,0,0,0.14266028,0,1,0.30372876,1
6793,0,0.0017697916,0,1,0.19607231,0,0,0.13556539,0,1,0.95535594,1,1,0.09166185,0
6794,0,0.21527725,0,0,0.018234488,0,0,0.0891824,0,1,0.7438971,1,1,0.03348424,0
6796,0,0.017352914,0,1,0.84338546,1,0,0.13766168,0,0,0.16529456,0,0,0.38316688,1
6799,1,0.8779768,1,0,0.017487915,0,0,0.07760186,0,0,0.014191772,0,0,0.03991781,0
6805,0,0.0018662722,0,0,0.05288361,0,1,0.8889671,1,0,0.8732351,1,0,0.07333697,0
6806,0,0.40403026,1,1,0.4147001,1,0,0.25038102,0,0,0.11549575,0,1,0.19750786,0
6809,0,0.05852242,0,0,0.3579172,1,1,0.7766177,1,0,0.51764375,1,0,0.25553948,1
6812,0,0.1336277,0,0,0.42204407,1,1,0.66739976,0,0,0.3265707,0,0,0.27305174,1
6815,1,0.7448075,1,0,0.0016555814,0,0,0.5397027,0,0,0.01140959,0,0,0.031460576,0
6821,0,0.008962648,0,0,0.3655898,1,1,0.53925467,0,0,0.8175905,1,0,0.17893954,0
6828,0,0.030641882,0,0,0.36346576,1,1,0.55622107,0,0,0.7171877,1,0,0.21062943,0
6833,0,0.023727015,0,1,0.6242529,1,1,0.49067378,0,0,0.5671988,1,0,0.36178878,1
6835,0,0.02144718,0,0,0.26578528,0,0,0.55498236,0,1,0.80503595,1,0,0.16670479,0
6836,1,0.8390401,1,0,0.012897615,0,0,0.1234331,0,0,0.034891862,0,0,0.04464246,0
6838,0,0.0019535164,0,1,0.52440673,1,0,0.30714157,0,1,0.88813657,1,1,0.3047006,1
6840,0,0.010922466,0,0,0.10767043,0,1,0.9797584,1,1,0.22725654,0,0,0.15166257,0
6844,0,0.049305607,0,1,0.7836915,1,0,0.15058126,0,0,0.18026008,0,0,0.33687824,1
6847,0,0.0019826612,0,1,0.77034014,1,0,0.6036935,0,0,0.47039598,1,1,0.5879967,1
6852,0,0.05003001,0,1,0.40514737,1,1,0.7057284,1,1,0.43838334,1,0,0.21142584,0
6853,1,0.5598043,1,0,0.17773959,0,0,0.31604034,0,0,0.060035132,0,0,0.16231737,0
6854,1,0.02954054,0,0,0.3916318,1,0,0.7790384,1,0,0.46623904,1,0,0.19872104,0
6855,1,0.81072193,1,0,0.018177992,0,0,0.18353741,0,0,0.005603488,0,0,0.047499858,0
6856,0,0.037016273,0,0,0.3051643,0,1,0.6308039,0,0,0.7116473,1,0,0.19012322,0
6862,1,0.7970469,1,0,0.05665444,0,0,0.12093892,0,0,0.020945678,0,0,0.07030913,0
6863,0,0.00045280613,0,0,0.07998972,0,0,0.06318759,0,1,0.98821205,1,0,0.02456415,0
6865,1,0.92685646,1,0,0.00413323,0,0,0.06328434,0,0,0.0056841713,0,0,0.022770613,0
6866,0,0.042539,0,1,0.49939716,1,1,0.52066374,0,0,0.585725,1,0,0.2312433,0
6867,1,0.920936,1,0,0.0028543372,0,0,0.04776973,0,0,0.014576543,0,0,0.018213032,0
6876,0,0.029619763,0,0,0.093198396,0,1,0.92843336,1,0,0.37089762,0,0,0.18925181,0
6892,0,0.000109365195,0,1,0.9338873,1,1,0.059216097,0,1,0.6129507,1,1,0.5555856,1
6894,0,0.45058256,1,1,0.36004472,1,0,0.14433628,0,0,0.20395283,0,0,0.14017199,0
6897,1,0.90258354,1,0,0.014530792,0,0,0.05105676,0,0,0.013827546,0,0,0.033258975,0
6907,0,0.007983651,0,0,0.243882,0,0,0.20694965,0,1,0.9202477,1,0,0.11574841,0
6918,0,0.011854723,0,1,0.41339898,1,0,0.6872285,0,1,0.71463275,1,1,0.23037298,0
6923,1,0.67843133,1,0,0.050779164,0,0,0.3107798,0,0,0.08226048,0,0,0.10738666,0
6924,1,0.81216776,1,0,0.013772671,0,0,0.21694387,0,0,0.015575858,0,0,0.052437797,0
6938,0,0.07464197,0,0,0.27380908,0,1,0.80937034,1,0,0.29626265,0,0,0.18631902,0
6940,0,0.0017746033,0,1,0.86019456,1,0,0.42097113,0,0,0.38995126,0,1,0.66396344,1
6951,1,0.75437635,1,0,0.008982517,0,0,0.3988288,0,0,0.005421819,0,0,0.04532022,0
6954,1,0.9352704,1,0,0.0048375386,0,0,0.04862984,0,0,0.0030074823,0,0,0.019828152,0
6956,0,0.6226582,1,1,0.15979046,0,0,0.24050063,0,0,0.10435018,0,0,0.1416117,0
6960,1,0.92010033,1,0,0.01168064,0,0,0.026819933,0,0,0.018207746,0,0,0.023912419,0
6964,1,0.84657174,1,0,0.013399001,0,0,0.091734216,0,0,0.04218512,0,0,0.0413899,0
6967,0,0.008131851,0,0,0.30292574,0,1,0.92901933,1,0,0.35646117,0,0,0.2706175,1
6970,0,0.20073977,0,1,0.6144879,1,0,0.17459883,0,0,0.09881056,0,1,0.20846377,0
6976,0,0.0036468843,0,0,0.15522908,0,1,0.97401494,1,0,0.5625308,1,0,0.14932665,0
6979,1,0.90346086,1,0,0.012764847,0,0,0.05559644,0,0,0.01286795,0,0,0.034066282,0
6980,1,0.63584244,1,0,0.086705856,0,0,0.29737404,0,0,0.08208304,0,0,0.1128142,0
7003,0,0.0038085086,0,1,0.6300327,1,1,0.38185394,0,1,0.7827017,1,0,0.4258758,1
7009,0,0.0032505118,0,0,0.22915226,0,0,0.18046632,0,1,0.94562477,1,0,0.111311816,0
7012,0,0.50917596,1,0,0.1697089,0,0,0.3090339,0,1,0.1500377,0,0,0.1565326,0
7019,0,0.0072628395,0,1,0.2928402,0,1,0.8084718,1,1,0.7645531,1,0,0.186507,0
7032,1,0.8427528,1,0,0.005245657,0,0,0.25249934,0,0,0.0067418944,0,0,0.037212275,0
7039,1,0.74860775,1,0,0.012251179,0,0,0.37306792,0,0,0.027048338,0,0,0.06825366,0
7044,1,0.34132454,1,0,0.31346306,0,1,0.44697058,0,0,0.10054766,0,0,0.17320248,0
7045,1,0.7494892,1,0,0.026926694,0,0,0.27263442,0,0,0.028846277,0,0,0.075276256,0
7050,0,0.6508632,1,0,0.12192631,0,0,0.24326685,0,0,0.062458914,0,1,0.13044816,0
7053,1,0.26735634,0,0,0.020421503,0,0,0.7386339,1,0,0.2056712,0,0,0.096824974,0
7058,1,0.5944593,1,0,0.011969002,0,0,0.54865324,0,0,0.06164939,0,0,0.07354547,0
7059,1,0.6016241,1,0,0.023078889,0,0,0.56707174,0,0,0.03791537,0,0,0.09188399,0
7060,1,0.83633846,1,0,0.0033891518,0,0,0.3079937,0,0,0.0056210225,0,0,0.032781016,0
7068,1,0.8151138,1,0,0.054364227,0,0,0.06933295,0,0,0.05781126,0,0,0.06206947,0
7085,1,0.3689425,1,0,0.3306735,0,0,0.35654572,0,0,0.11869777,0,0,0.19395937,0
7086,1,0.8943925,1,0,0.009647046,0,0,0.08773515,0,0,0.008343954,0,0,0.03516154,0
7087,1,0.9109869,1,0,0.008042788,0,0,0.059822004,0,0,0.010715674,0,0,0.028864404,0
7090,0,0.011534433,0,0,0.16396688,0,1,0.95857406,1,0,0.29872203,0,0,0.17625745,0
7093,0,0.052887727,0,0,0.3565949,1,1,0.7236502,1,1,0.5920289,1,0,0.26994255,1
7094,0,0.031574972,0,0,0.11603262,0,1,0.94480306,1,0,0.27078858,0,0,0.18395826,0
7103,1,0.23077977,0,0,0.40561482,1,1,0.49604258,0,0,0.060189184,0,0,0.19527899,0
7106,1,0.71322703,1,0,0.037744213,0,0,0.30854052,0,0,0.02580446,0,0,0.085211135,0
7108,1,0.8355361,1,0,0.004225287,0,0,0.2809946,0,0,0.010733365,0,0,0.03843028,0
7111,0,0.021788819,0,0,0.5384966,1,0,0.359234,0,1,0.67843693,1,0,0.32280606,1
7121,0,0.21540369,0,0,0.034963597,0,1,0.90027565,1,0,0.029127056,0,0,0.110687695,0
7122,0,0.02445175,0,0,0.5564476,1,0,0.35318452,0,1,0.67580193,1,0,0.2740913,1
7126,1,0.7618976,1,0,0.028647957,0,0,0.25669706,0,0,0.028586727,0,0,0.076994225,0
7127,1,0.84979707,1,0,0.0717902,0,0,0.039056666,0,0,0.010830616,0,0,0.043553073,0
7129,1,0.49412408,1,0,0.012705171,0,0,0.7605095,1,0,0.026364904,0,0,0.07960899,0
7150,1,0.6419117,1,0,0.1305477,0,0,0.22377111,0,0,0.028090714,0,0,0.10821527,0
7162,0,0.58050793,1,1,0.10488013,0,0,0.3487731,0,0,0.08041403,0,0,0.12216646,0
7172,0,0.006020642,0,1,0.5070296,1,1,0.7249961,1,1,0.66672283,1,1,0.33161926,1
7174,0,0.06755857,0,0,0.121100634,0,1,0.93340015,1,0,0.06978228,0,0,0.16341765,0
7176,0,0.004297445,0,1,0.91531116,1,0,0.07038393,0,0,0.10928407,0,1,0.45841432,1
7199,0,0.006658935,0,1,0.7680435,1,0,0.45484397,0,1,0.49039033,1,0,0.520704,1
7212,0,0.22364798,0,0,0.04175657,0,0,0.52762824,0,1,0.47356907,1,0,0.09987596,0
7227,0,0.03100264,0,0,0.034698617,0,1,0.97723365,1,0,0.128411,0,1,0.13168405,0
7233,0,0.07189688,0,1,0.6281725,1,0,0.45461044,0,0,0.36846292,0,0,0.30612746,1
7242,0,0.16056085,0,0,0.13976051,0,1,0.8390908,1,0,0.16976233,0,0,0.19277757,0
7262,1,0.34703743,1,0,0.43873882,1,0,0.1870147,0,0,0.10529625,0,0,0.18430966,0
7266,0,0.04348539,0,1,0.59071237,1,0,0.14291786,0,0,0.457692,1,1,0.13535771,0
7268,1,0.93665123,1,0,0.0029514255,0,0,0.052951645,0,0,0.0049510626,0,0,0.018489188,0
7280,0,0.049129006,0,1,0.7371649,1,0,0.306767,0,1,0.16017081,0,1,0.37212557,1
7285,0,0.003769523,0,1,0.5083835,1,0,0.38094497,0,1,0.8511729,1,1,0.29314828,1
7287,0,0.2857974,0,0,0.5833733,1,0,0.1348995,0,1,0.17539284,0,0,0.17301022,0
7290,1,0.8965913,1,0,0.011993601,0,0,0.06723246,0,0,0.0046621896,0,0,0.028859679,0
7302,0,0.000510007,0,1,0.253578,0,0,0.7118772,1,1,0.93065,1,0,0.1362129,0
7309,1,0.6456146,1,0,0.25904265,0,0,0.08483849,0,0,0.04556183,0,0,0.09844994,0
7317,0,0.85106033,1,0,0.025867185,0,0,0.050028387,0,1,0.04970787,0,0,0.0382865,0
7328,1,0.42720023,1,0,0.24151455,0,0,0.39249048,0,0,0.075274594,0,0,0.16998054,0
7331,0,0.34154117,1,1,0.4938347,1,0,0.16518621,0,0,0.15019816,0,0,0.16071774,0
7349,0,0.09695026,0,0,0.1057551,0,1,0.8558839,1,1,0.33262223,0,0,0.16878583,0
7352,1,0.510692,1,0,0.025610125,0,0,0.667455,0,0,0.052327275,0,0,0.10753484,0
7354,0,0.64856076,1,0,0.099080026,0,0,0.26229236,0,0,0.028149642,0,1,0.106875405,0
7368,1,0.87826294,1,0,0.015921634,0,0,0.0899624,0,0,0.01065148,0,0,0.0413531,0
7376,1,0.90377694,1,0,0.0076339045,0,0,0.07981638,0,0,0.008992081,0,0,0.03171483,0
7386,0,0.2181758,0,1,0.61980194,1,0,0.08921603,0,0,0.041633103,0,0,0.13403566,0
7390,0,0.36526117,1,1,0.37238568,1,0,0.3198823,0,0,0.14137724,0,0,0.2037356,0
7391,0,0.19674425,0,1,0.5262601,1,0,0.2324472,0,0,0.13613926,0,0,0.13700205,0
7395,1,0.8691026,1,0,0.013594608,0,0,0.108689584,0,0,0.009085106,0,0,0.03877572,0
7404,0,0.00016814216,0,1,0.5537687,1,0,0.3306962,0,1,0.9318919,1,1,0.34208497,1
7414,1,0.267685,0,0,0.012283065,0,1,0.91610515,1,0,0.014431288,0,0,0.07632008,0
7417,1,0.44542056,1,0,0.047783516,0,0,0.51386994,0,0,0.15829179,0,0,0.103994206,0
7421,1,0.68369037,1,0,0.044565517,0,0,0.36918214,0,0,0.04203215,0,0,0.10922437,0
7425,1,0.7111205,1,0,0.050111763,0,0,0.2544732,0,0,0.056038562,0,0,0.09296619,0
7431,0,0.0009486005,0,1,0.5990856,1,0,0.43856508,0,1,0.8214465,1,0,0.47036257,1
7435,1,0.78976977,1,0,0.021681927,0,0,0.21701163,0,0,0.013117444,0,0,0.061648913,0
7436,1,0.7061586,1,0,0.14106537,0,0,0.12180959,0,0,0.07380184,0,0,0.095221154,0
7461,1,0.86440533,1,0,0.013938916,0,0,0.11580167,0,0,0.01079745,0,0,0.040359344,0
7472,1,0.621408,1,0,0.07906528,0,1,0.33242282,0,0,0.016767062,0,0,0.10563247,0
7475,1,0.7102407,1,0,0.040159218,0,0,0.17979795,0,0,0.15106516,0,0,0.084023654,0
7476,1,0.6858533,1,0,0.18355487,0,0,0.082114905,0,0,0.048651174,0,0,0.07858332,0
7479,1,0.2413855,0,0,0.5129381,1,0,0.21738565,0,0,0.2767941,0,0,0.1656925,0
7488,0,0.24274014,0,1,0.6293572,1,0,0.10457942,0,0,0.13356303,0,0,0.17176214,0
7489,0,0.007623443,0,0,0.203888,0,0,0.72769207,1,1,0.81343406,1,0,0.14150837,0
7490,1,0.6427027,1,0,0.07425535,0,0,0.22906068,0,0,0.12723063,0,0,0.09850194,0
7491,1,0.88057303,1,0,0.007894852,0,0,0.119201064,0,0,0.007124194,0,0,0.03366078,0
7492,0,0.019148028,0,1,0.89900917,1,0,0.023406425,0,0,0.016968606,0,0,0.21249898,0
7498,0,0.19598897,0,0,0.026681915,0,1,0.89939445,1,1,0.08269498,0,0,0.11650908,0
7500,0,0.1764326,0,0,0.047314495,0,1,0.7134922,1,1,0.373064,0,0,0.12591915,0
7507,1,0.85367304,1,0,0.016539264,0,0,0.11235767,0,0,0.03073493,0,0,0.052830864,0
7508,0,0.006479435,0,1,0.41742036,1,0,0.4760219,0,1,0.8385667,1,1,0.28302848,1
7515,0,0.0002578038,0,1,0.9622308,1,0,0.11210235,0,0,0.22098885,0,0,0.7753004,1
7523,0,0.7628032,1,1,0.14438592,0,0,0.019451313,0,0,0.039928913,0,0,0.034522906,0
7525,0,0.004878757,0,1,0.92284787,1,0,0.048089437,0,0,0.04621689,0,0,0.3756882,1
7528,0,0.85151774,1,0,0.023850288,0,1,0.09704658,0,0,0.03310026,0,0,0.056188382,0
7532,1,0.21474707,0,0,0.39738476,1,0,0.17259085,0,0,0.45553565,1,0,0.15780973,0
7536,0,0.00040188676,0,1,0.63077503,1,1,0.6408619,0,1,0.809972,1,0,0.46071112,1
7538,0,0.087700784,0,1,0.5808143,1,0,0.075893335,0,0,0.33503214,0,0,0.13290393,0
7539,0,0.037961137,0,0,0.017271493,0,1,0.9781821,1,0,0.08690553,0,0,0.09801349,0
7550,0,0.53667253,1,0,0.0033586144,0,0,0.097524256,0,1,0.39878342,0,0,0.021533892,0
7552,0,0.08152281,0,1,0.76091814,1,0,0.10205429,0,0,0.09425557,0,0,0.21720688,0
7560,1,0.8548257,1,0,0.013350675,0,0,0.11632686,0,0,0.031062689,0,0,0.04704241,0
7572,0,0.0016476089,0,0,0.124446206,0,0,0.20746881,0,1,0.97196305,1,0,0.054805003,0
7578,1,0.59416175,1,0,0.0049068257,0,0,0.0766142,0,0,0.36825976,0,0,0.02459367,0
7579,0,0.01401481,0,0,0.16620427,0,1,0.9308998,1,0,0.439525,1,0,0.16318733,0
7583,1,0.9150288,1,0,0.0063852104,0,0,0.047170725,0,0,0.0151600465,0,0,0.02446007,0
7595,0,0.031765293,0,1,0.8324984,1,0,0.08568696,0,0,0.07808185,0,0,0.29230484,1
7597,1,0.8555048,1,0,0.026361717,0,0,0.08989717,0,0,0.012269686,0,0,0.049383223,0
7598,0,0.017362887,0,1,0.4233472,1,1,0.9082655,1,0,0.27305016,0,1,0.24907817,0
7600,0,0.30161184,1,0,0.022206984,0,0,0.14964028,0,1,0.6286838,1,0,0.0503891,0
7607,0,0.07901124,0,1,0.55132097,1,0,0.15488,0,0,0.43049255,1,0,0.14320534,0
7612,0,0.0024237703,0,1,0.90322995,1,0,0.23540013,0,0,0.14829123,0,1,0.5953703,1
7614,0,0.6779135,1,0,0.22788323,0,0,0.029345868,0,1,0.029801322,0,0,0.058076546,0
7615,1,0.9319197,1,0,0.0014355724,0,0,0.085463114,0,0,0.0039206757,0,0,0.015780184,0
7617,0,0.01576623,0,1,0.5083885,1,1,0.8525858,1,0,0.21495992,0,0,0.2640083,1
7618,0,0.07230668,0,0,0.03692462,0,1,0.95954806,1,0,0.082329735,0,0,0.12645054,0
7619,0,0.0032049,0,1,0.6764854,1,1,0.8013305,1,0,0.30313897,0,1,0.42041758,1
7623,1,0.5010725,1,0,0.44926232,1,0,0.01891828,0,0,0.020390987,0,0,0.058463503,0
7629,0,0.024198718,0,0,0.7754398,1,0,0.35904744,0,0,0.10801972,0,1,0.3857948,1
7636,1,0.69884926,1,0,0.04620309,0,0,0.26281732,0,0,0.09085281,0,0,0.0999005,0
7642,1,0.8210661,1,0,0.019370893,0,0,0.13036576,0,0,0.024105439,0,0,0.046849493,0
7647,1,0.9375555,1,0,0.0037869902,0,0,0.046207335,0,0,0.005118263,0,0,0.019742139,0
7650,1,0.9218934,1,0,0.009292064,0,0,0.0444161,0,0,0.0051997197,0,0,0.0251809,0
7655,0,0.0005199909,0,0,0.09038769,0,1,0.9794008,1,1,0.806292,1,0,0.08950505,0
7667,0,0.1681073,0,0,0.08837166,0,0,0.28397763,0,1,0.66792893,1,0,0.09644378,0
7668,0,0.001620083,0,0,0.14204688,0,1,0.96559584,1,1,0.7351778,1,0,0.12615633,0
7672,1,0.6259904,1,0,0.22746606,0,0,0.14805958,0,0,0.033084027,0,0,0.1242353,0
7681,1,0.67012507,1,0,0.111035645,0,0,0.08299718,0,0,0.18030569,0,0,0.072047904,0
7685,0,0.30510873,1,0,0.014514011,0,1,0.8722952,1,0,0.029562611,0,0,0.08362462,0
7686,0,0.033179335,0,0,0.031689007,0,1,0.9323183,1,1,0.38847348,0,1,0.10746368,0
7690,0,0.03710045,0,1,0.81398183,1,0,0.09436301,0,0,0.11580868,0,0,0.28055426,1
7697,0,0.011163231,0,1,0.8860966,1,0,0.041177545,0,0,0.09518304,0,0,0.26274928,1
7698,1,0.31900123,1,0,0.011905466,0,0,0.7515998,1,0,0.13236646,0,0,0.08263895,0
7700,0,0.019319115,0,1,0.6377442,1,1,0.67761344,0,1,0.34079546,0,1,0.3624022,1
7705,0,0.04957928,0,1,0.6870972,1,0,0.43027732,0,0,0.2754746,0,0,0.34550282,1
7708,0,0.0033598468,0,0,0.29148754,0,0,0.29343998,0,1,0.9361678,1,0,0.14492328,0
7709,1,0.7127841,1,0,0.008605624,0,0,0.22801678,0,0,0.10746882,0,0,0.052928183,0
7710,1,0.89769655,1,0,0.001932467,0,0,0.17650008,0,0,0.0053313784,0,0,0.023857761,0
7716,0,0.2580949,0,1,0.45384195,1,0,0.435311,0,0,0.22249743,0,1,0.23213524,0
7718,1,0.89353436,1,0,0.006257096,0,0,0.1080083,0,0,0.006665723,0,0,0.030253021,0
7719,1,0.28911364,0,0,0.1554066,0,0,0.05014751,0,0,0.4819185,1,0,0.048828334,0
7730,1,0.5640009,1,0,0.18475744,0,0,0.28113982,0,0,0.043470904,0,0,0.1444108,0
7732,0,0.50555325,1,1,0.343078,0,0,0.16948432,0,0,0.05460222,0,0,0.15212706,0
7736,0,0.012535792,0,0,0.6178625,1,0,0.29527462,0,1,0.7019846,1,0,0.35257012,1
7743,0,0.0506239,0,1,0.75826097,1,0,0.13617358,0,0,0.26010138,0,0,0.2677442,1
7752,1,0.7776002,1,0,0.1028517,0,0,0.08361545,0,0,0.04132675,0,0,0.08333378,0
7757,1,0.83363426,1,0,0.01915979,0,0,0.1396354,0,0,0.008214513,0,0,0.04262394,0
7758,1,0.32260033,1,0,0.3584418,1,0,0.46736607,0,0,0.20141467,0,0,0.23728499,0
7761,1,0.88273734,1,0,0.019697005,0,0,0.062502585,0,0,0.007386673,0,0,0.03629689,0
7775,1,0.53648156,1,0,0.0036296402,0,0,0.7344981,1,0,0.027938,0,0,0.0472871,0
7786,0,0.10531136,0,1,0.43950444,1,0,0.7141327,1,0,0.18976545,0,0,0.24983837,0
7802,0,0.037953682,0,1,0.69436055,1,1,0.42364293,0,0,0.40449023,1,1,0.4217323,1
7810,0,0.039596792,0,1,0.6946536,1,0,0.38455346,0,0,0.22981782,0,0,0.28030849,1
7812,0,0.35163018,1,0,0.09797828,0,0,0.7229573,1,0,0.067285135,0,1,0.16251689,0
7813,0,0.040790632,0,0,0.5634981,1,1,0.6088076,0,1,0.40039486,1,0,0.2552285,1
7815,0,0.2097945,0,0,0.26136228,0,1,0.7109364,1,0,0.17842545,0,0,0.2162493,0
7816,0,0.016208915,0,1,0.8351745,1,0,0.18594661,0,0,0.23229945,0,1,0.48601976,1
7818,1,0.453226,1,0,0.024353156,0,0,0.69872504,0,0,0.06810414,0,0,0.09692628,0
7825,0,0.6200662,1,0,0.032360118,0,0,0.41050756,0,1,0.08091189,0,0,0.09187362,0
7827,0,0.0010847192,0,1,0.17151879,0,0,0.045089558,0,1,0.9642928,1,0,0.036571708,0
7845,1,0.862068,1,0,0.011793993,0,0,0.1352347,0,0,0.006522252,0,0,0.037861437,0
7851,0,0.623202,1,0,0.08604164,0,0,0.20394486,0,1,0.17745219,0,0,0.100685135,0
7852,0,0.2453106,0,1,0.51372206,1,0,0.35565746,0,0,0.13012658,0,0,0.22755906,0
7853,1,0.8506619,1,0,0.009164828,0,0,0.1878657,0,0,0.0068436447,0,0,0.04055555,0
7878,0,0.08256687,0,0,0.06510524,0,0,0.4254671,0,1,0.7361175,1,0,0.09288131,0
7881,0,0.054440822,0,1,0.53456414,1,0,0.7204152,1,1,0.24371532,0,0,0.26741177,1
7887,0,0.22567666,0,1,0.53677154,1,0,0.2780358,0,0,0.14716464,0,0,0.21438009,0
7891,1,0.9437234,1,0,0.0043573584,0,0,0.033228885,0,0,0.003886001,0,0,0.018051798,0
7897,0,0.019049078,0,0,0.04980794,0,1,0.9558882,1,1,0.38756,0,0,0.11878352,0
7899,1,0.6565186,1,0,0.07071853,0,0,0.32274553,0,0,0.059196033,0,0,0.11330822,0
7911,1,0.058852684,0,0,0.78974956,1,0,0.100514024,0,0,0.043624096,0,0,0.25762945,1
7912,0,0.27611578,0,1,0.514081,1,0,0.31976792,0,0,0.14792776,0,0,0.23670852,0
7914,1,0.8879504,1,0,0.0051559187,0,0,0.12613927,0,0,0.005713636,0,0,0.027688166,0
7920,1,0.7667412,1,0,0.015805924,0,0,0.26024374,0,0,0.050405752,0,0,0.06830246,0
7924,1,0.90504026,1,0,0.014272284,0,0,0.05234185,0,0,0.014061353,0,0,0.033995602,0
7928,1,0.8941331,1,0,0.0034887714,0,0,0.11504316,0,0,0.0123996865,0,0,0.02644183,0
7933,1,0.8056975,1,0,0.009801363,0,0,0.26506615,0,0,0.014222145,0,0,0.049826633,0
7939,0,0.65646726,1,1,0.4125427,1,0,0.01177973,0,0,0.00688191,0,0,0.04808973,0
7950,1,0.08713312,0,0,0.7411892,1,0,0.17295177,0,0,0.091244,0,0,0.2396157,0
7960,0,0.012867503,0,0,0.0640807,0,1,0.97839844,1,0,0.27768713,0,0,0.1337646,0
7962,0,0.044317458,0,0,0.06953451,0,1,0.95671856,1,0,0.13015243,0,0,0.15021747,0
7964,1,0.68148655,1,0,0.02196996,0,1,0.33629677,0,0,0.059995774,0,0,0.073571175,0
7967,0,0.024233919,0,0,0.096384145,0,1,0.9590927,1,0,0.18542701,0,0,0.18635973,0
7972,1,0.44607916,1,0,0.059388228,0,0,0.63118225,0,0,0.044788785,0,0,0.11103436,0
7984,1,0.4958316,1,0,0.34565452,0,0,0.1264816,0,0,0.058873426,0,0,0.14353764,0
7986,1,0.24819031,0,0,0.14074199,0,0,0.7356822,1,0,0.21341497,0,0,0.19764253,0
8000,0,0.20052053,0,1,0.35735983,1,0,0.054789517,0,0,0.30985534,0,0,0.06914908,0
8004,0,0.40320742,1,0,0.36387414,1,0,0.24900766,0,0,0.30399272,0,1,0.2104248,0
8007,0,0.048154876,0,1,0.50066775,1,1,0.7158268,1,0,0.356454,0,0,0.24049409,0
8010,1,0.68416035,1,0,0.042534307,0,0,0.2358558,0,0,0.1432031,0,0,0.0957011,0
8029,1,0.7987851,1,0,0.002514112,0,0,0.26284084,0,0,0.025966812,0,0,0.028643526,0
8031,0,0.0057643773,0,1,0.636821,1,0,0.5689544,0,1,0.5919513,1,0,0.45720026,1
8032,0,0.05794355,0,1,0.431861,1,0,0.59155416,0,1,0.46822268,1,0,0.18373933,0
8042,1,0.8274938,1,0,0.037557874,0,0,0.098765016,0,0,0.011572992,0,0,0.054867767,0
8055,0,0.16073854,0,0,0.04232173,0,1,0.9171095,1,0,0.05709953,0,0,0.12919715,0
8066,0,0.026719764,0,1,0.8076367,1,1,0.12776604,0,0,0.24900912,0,1,0.307697,1
8068,1,0.7436656,1,0,0.1702084,0,0,0.063955,0,0,0.03453044,0,0,0.0860356,0
8072,0,0.2419797,0,0,0.083740205,0,0,0.24276419,0,1,0.5791053,1,0,0.08921394,0
8080,1,0.8486406,1,0,0.031783845,0,0,0.08502322,0,0,0.023321759,0,0,0.053588465,0
8086,1,0.6816765,1,0,0.021904742,0,0,0.38577032,0,0,0.0486827,0,0,0.07738923,0
8094,1,0.55037713,1,0,0.053949002,0,0,0.44707254,0,0,0.12271253,0,0,0.114712104,0
8099,1,0.57708365,1,0,0.23711875,0,0,0.15959056,0,0,0.15395941,0,0,0.12083388,0
8104,1,0.47816232,1,0,0.21336564,0,0,0.45626494,0,0,0.13671754,0,0,0.20831199,0
8105,0,0.2649138,0,0,0.056020204,0,1,0.7030034,1,0,0.24686742,0,0,0.14178778,0
8115,1,0.7858972,1,0,0.016400294,0,0,0.25854632,0,0,0.012767089,0,0,0.05855092,0
8119,0,0.10405305,0,1,0.26624522,0,0,0.31883714,0,0,0.6901388,1,0,0.1564526,0
8134,0,0.82262105,1,0,0.013157163,0,0,0.21621782,0,0,0.0122403875,0,1,0.053053908,0
8136,0,0.28288636,0,1,0.43142018,1,0,0.15737118,0,0,0.23967819,0,0,0.11645982,0
8147,1,0.8937467,1,0,0.0051238504,0,0,0.13075978,0,0,0.0041843755,0,0,0.028192662,0
8154,1,0.8195093,1,0,0.03339836,0,0,0.13277547,0,0,0.032635786,0,0,0.06727004,0
8156,0,0.7508609,1,0,0.0188233,0,0,0.32738614,0,0,0.013702947,0,1,0.06635153,0
8157,0,0.00055215776,0,0,0.06468689,0,0,0.97885716,1,1,0.7970266,1,0,0.07571112,0
8159,0,0.8843593,1,0,0.032082777,0,0,0.048023142,0,0,0.011630395,0,1,0.04311912,0
8160,1,0.77473986,1,0,0.07909588,0,0,0.08220115,0,0,0.0830023,0,0,0.07642212,0
8162,0,0.020478478,0,0,0.5342199,1,0,0.666483,0,1,0.5193038,1,0,0.3894267,1
8166,0,0.040461883,0,0,0.38200554,1,0,0.39768648,0,1,0.75046456,1,0,0.23405343,0
8168,1,0.8568467,1,0,0.10126763,0,0,0.019904273,0,0,0.007909865,0,0,0.04246009,0
8169,0,0.5569422,1,0,0.31812587,0,0,0.10717408,0,1,0.048365854,0,0,0.12121426,0
8170,1,0.9265424,1,0,0.010260827,0,0,0.033581406,0,0,0.009667399,0,0,0.02560503,0
8174,1,0.59990937,1,0,0.12962854,0,0,0.28166425,0,0,0.18510301,0,0,0.15192227,0
8176,1,0.59415793,1,0,0.071123645,0,0,0.46673325,0,0,0.06202924,0,0,0.13815255,0
8181,1,0.63781744,1,0,0.021673182,0,1,0.5170057,0,0,0.015305046,0,0,0.07337591,0
8187,0,0.70018494,1,0,0.04940725,0,0,0.3080469,0,1,0.04946451,0,0,0.10150642,0
8192,1,0.81403303,1,0,0.049326967,0,0,0.05065034,0,0,0.057652965,0,0,0.045362886,0
8200,1,0.9506941,1,0,0.009197917,0,0,0.015747046,0,0,0.003121627,0,0,0.017490707,0
8205,1,0.9436185,1,0,0.001392955,0,0,0.05745076,0,0,0.0036936058,0,0,0.0135529535,0
8207,0,0.13617793,0,0,0.029358666,0,1,0.93680644,1,0,0.044967353,0,0,0.11119667,0
8219,1,0.89119375,1,0,0.0033157002,0,0,0.15054123,0,0,0.0075943214,0,0,0.028126659,0
8221,1,0.72168297,1,0,0.05123152,0,0,0.25134867,0,0,0.019760955,0,0,0.08082183,0
8223,0,0.00458113,0,0,0.02347711,0,1,0.9513902,1,1,0.7020549,1,0,0.06221808,0
8225,0,0.1253121,0,0,0.03278342,0,1,0.8689213,1,1,0.2238388,0,0,0.11415084,0
8229,0,0.37366197,1,1,0.03216092,0,0,0.7275071,1,1,0.12112503,0,0,0.1195824,0
8236,0,0.5685861,1,1,0.40357578,1,0,0.021864807,0,0,0.029372647,0,0,0.05363884,0
8237,0,0.2455087,0,0,0.26974365,0,1,0.67623264,0,0,0.14968021,0,0,0.2535399,1
8243,1,0.18342398,0,0,0.5310824,1,0,0.42416298,0,0,0.14281371,0,0,0.24076276,0
8251,0,0.868726,1,0,0.00986945,0,1,0.14010979,0,0,0.007923381,0,1,0.039804846,0
8256,0,0.197341,0,0,0.24866068,0,0,0.08164881,0,1,0.4963233,1,0,0.07355197,0
8270,1,0.5043101,1,0,0.130776,0,1,0.30678496,0,0,0.3055908,0,0,0.15003277,0
8272,0,0.22024374,0,1,0.66516894,1,0,0.08649459,0,0,0.07847678,0,1,0.15438446,0
8281,0,0.48261175,1,0,0.021233197,0,1,0.7327187,1,1,0.038750067,0,0,0.09462522,0
8293,1,0.52015984,1,0,0.33834034,0,0,0.08029908,0,0,0.11031061,0,0,0.091342956,0
8300,0,0.36313075,1,0,0.013632347,0,1,0.63327366,0,0,0.18159077,0,0,0.07939414,0
8301,0,0.02396118,0,1,0.74472743,1,0,0.33881444,0,1,0.31506306,0,0,0.4332902,1
8304,0,0.14740445,0,1,0.23279376,0,1,0.80822474,1,0,0.22153533,0,0,0.22910525,0
8306,1,0.88156,1,0,0.036068257,0,0,0.03860724,0,0,0.0048625097,0,0,0.04031468,0
8307,0,0.011405455,0,0,0.05312276,0,1,0.9702921,1,0,0.42598173,1,0,0.11947524,0
8310,1,0.91447556,1,0,0.0020328194,0,0,0.10705999,0,0,0.008500703,0,0,0.022149252,0
8317,0,0.01925341,0,1,0.8240659,1,1,0.19482158,0,0,0.20719138,0,0,0.4218865,1
8329,0,0.0029249361,0,1,0.39322782,1,0,0.21781892,0,1,0.9114214,1,0,0.16627355,0
8335,0,0.35591677,1,1,0.52680135,1,0,0.13438918,0,0,0.057269253,0,0,0.16197222,0
8342,0,0.04859367,0,0,0.14379716,0,1,0.9161024,1,1,0.3808081,0,0,0.20152733,0
8343,0,0.78893095,1,0,0.11176221,0,1,0.07061563,0,0,0.02602089,0,0,0.07777361,0
8344,0,0.15601358,0,0,0.05864065,0,0,0.5802718,0,1,0.5374249,1,0,0.120692424,0
8351,1,0.62973446,1,0,0.11757688,0,0,0.27807695,0,0,0.051150896,0,0,0.12778516,0
8352,0,0.12264335,0,0,0.33123007,0,0,0.23098087,0,1,0.5936245,1,0,0.14775671,0
8364,0,0.35575837,1,1,0.53127855,1,0,0.09594855,0,0,0.050472472,0,0,0.133945,0
8368,1,0.38410807,1,0,0.25245792,0,0,0.23129365,0,0,0.28988057,0,0,0.16549824,0
8371,0,0.0074029793,0,1,0.48833808,1,1,0.9016963,1,0,0.2926397,0,0,0.29622453,1
8375,0,0.010037992,0,0,0.34580538,0,1,0.7950933,1,0,0.634778,1,0,0.26857683,1
8377,0,0.0024025342,0,1,0.9145828,1,0,0.1329145,0,0,0.23112707,0,0,0.58427024,1
8378,0,0.06426029,0,0,0.16229694,0,1,0.8427025,1,0,0.4191284,1,0,0.1724385,0
8394,1,0.8821592,1,0,0.004396563,0,0,0.14889854,0,0,0.013056749,0,0,0.032780774,0
8399,0,0.014774563,0,1,0.40387648,1,0,0.79049826,1,1,0.6588901,1,0,0.23125407,0
8400,1,0.90845716,1,0,0.005079541,0,0,0.08718302,0,0,0.0051827137,0,0,0.02553373,0
8403,0,0.0010035106,0,0,0.2219665,0,0,0.13127312,0,1,0.9705179,1,0,0.08407527,0
8416,0,0.0020739054,0,1,0.79365635,1,0,0.67067945,0,0,0.23636279,0,1,0.55924284,1
8417,1,0.8724181,1,0,0.007336427,0,0,0.1422342,0,0,0.012767515,0,0,0.03896446,0
8433,1,0.75745535,1,0,0.014803116,0,0,0.2179577,0,0,0.0757299,0,0,0.061250575,0
8435,0,0.25334188,0,1,0.05635493,0,0,0.75807184,1,0,0.20990038,0,0,0.14578015,0
8444,1,0.83162564,1,0,0.0548886,0,0,0.07054248,0,0,0.020565601,0,0,0.051882375,0
8447,1,0.7946339,1,0,0.0113856755,0,0,0.25031853,0,0,0.026527058,0,0,0.05449825,0
8448,0,0.1963166,0,0,0.5275976,1,1,0.3560278,0,0,0.22052641,0,0,0.24736954,0
8451,0,0.037918296,0,1,0.30681983,0,0,0.85060716,1,0,0.41682476,1,0,0.2073559,0
8473,0,0.020640539,0,0,0.033115946,0,1,0.67824733,0,1,0.7796848,1,0,0.061974585,0
8477,0,0.0008952249,0,0,0.1412278,0,0,0.08463578,0,1,0.9794937,1,0,0.045783617,0
8478,0,0.05055985,0,1,0.2540362,0,0,0.3280315,0,0,0.77758044,1,0,0.14205188,0
8481,1,0.7715601,1,0,0.17500366,0,0,0.038938735,0,0,0.01705433,0,0,0.063489676,0
8497,0,0.16783683,0,0,0.21029347,0,1,0.8005717,1,0,0.18540639,0,0,0.21169557,0
8499,0,0.003656513,0,0,0.15447478,0,1,0.9402288,1,1,0.72796494,1,0,0.117927134,0
8505,0,0.03652234,0,0,0.05124387,0,1,0.97294724,1,0,0.11948626,0,1,0.14032742,0
8514,1,0.9412485,1,0,0.004345779,0,0,0.042983502,0,0,0.0021988447,0,0,0.018140588,0
8524,0,0.40844518,1,0,0.38583738,1,0,0.2582937,0,0,0.11284002,0,1,0.17910749,0
8526,1,0.8047074,1,0,0.021580191,0,0,0.1780579,0,0,0.031996615,0,0,0.061284266,0
8531,1,0.7125815,1,0,0.032806773,0,0,0.24609564,0,0,0.080296196,0,0,0.08312801,0
8532,0,0.002920692,0,1,0.5023443,1,1,0.23860146,0,1,0.87896574,1,1,0.23946428,0
8536,1,0.6851616,1,0,0.00796088,0,0,0.5421501,0,0,0.012300224,0,0,0.0535285,0
8542,0,0.11698593,0,0,0.1449311,0,0,0.8326964,1,1,0.34391487,0,0,0.20325007,0
8556,1,0.51231927,1,0,0.41582417,1,0,0.048049394,0,0,0.05732051,0,0,0.08011389,0
8564,1,0.9187981,1,0,0.0051542753,0,0,0.060886055,0,0,0.010149436,0,0,0.025694726,0
8565,1,0.61642236,1,0,0.018889384,0,0,0.5404443,0,0,0.033431478,0,0,0.07898367,0
8572,0,0.34751508,1,1,0.27744392,0,0,0.5224688,0,0,0.09714316,0,0,0.20475085,0
8575,0,0.017262714,0,0,0.3106981,0,1,0.9001526,1,1,0.5169974,1,0,0.25331792,1
8576,0,0.0014887133,0,0,0.08944184,0,0,0.38949916,0,1,0.96406335,1,0,0.052740134,0
8582,1,0.49144027,1,0,0.10441952,0,0,0.12275443,0,0,0.410775,1,0,0.08781139,0
8591,0,0.27730227,0,1,0.4924981,1,0,0.18707342,0,0,0.22441927,0,0,0.18849373,0
8592,1,0.60990703,1,0,0.114338025,0,0,0.33605507,0,0,0.07265468,0,0,0.13847546,0
8599,0,0.00908541,0,0,0.19571295,0,1,0.9699374,1,0,0.32661122,0,1,0.16043065,0
8601,0,0.0352465,0,1,0.7919146,1,0,0.1355936,0,0,0.14011154,0,1,0.29683554,1
8612,0,0.05403608,0,1,0.7013922,1,0,0.12998308,0,1,0.32872525,0,0,0.23947997,0
8622,0,0.08545142,0,0,0.39786273,1,1,0.7377975,1,0,0.37073478,0,0,0.24374446,0
8624,0,0.002196604,0,1,0.50362927,1,0,0.29312629,0,1,0.8928261,1,0,0.29922378,1
8628,0,0.16439486,0,0,0.25677234,0,0,0.7744997,1,1,0.16416328,0,0,0.21503192,0
8642,1,0.62274146,1,0,0.013228996,0,0,0.5787808,0,0,0.027963541,0,0,0.070907876,0
8643,0,0.00376122,0,0,0.6716823,1,0,0.6488753,0,1,0.50899774,1,0,0.34826016,1
8644,1,0.6108603,1,0,0.08951404,0,0,0.38253322,0,0,0.055163264,0,0,0.13366064,0
8647,1,0.5848798,1,0,0.042973727,0,0,0.3130214,0,0,0.20115174,0,0,0.10430217,0
8648,0,0.021752533,0,0,0.11002175,0,0,0.25990278,0,1,0.899146,1,0,0.08778964,0
8654,1,0.8990582,1,0,0.0020472393,0,0,0.16213395,0,0,0.007496579,0,0,0.0250081,0
8657,0,0.023286192,0,1,0.36716378,1,1,0.8327911,1,0,0.47622287,1,1,0.29075179,1
8665,1,0.6813811,1,0,0.06880687,0,0,0.12089486,0,0,0.1408754,0,0,0.08019209,0
8670,0,0.0680513,0,0,0.36750323,1,0,0.7698907,1,1,0.16274177,0,0,0.19809493,0
8675,0,0.006234295,0,1,0.5373899,1,0,0.6596132,0,1,0.6601399,1,1,0.41466457,1
8681,0,0.037482824,0,0,0.14758223,0,1,0.9186419,1,0,0.3030276,0,0,0.20305765,0
8691,1,0.51564664,1,0,0.16745754,0,0,0.40566254,0,0,0.09170912,0,0,0.17925406,0
8692,1,0.5623673,1,0,0.17536272,0,0,0.2999603,0,0,0.06824729,0,0,0.15882409,0
8699,0,0.5515514,1,0,0.39610782,1,0,0.05329695,0,1,0.05988716,0,0,0.09558056,0
8706,1,0.24042955,0,0,0.31554198,0,0,0.43839654,0,0,0.22293742,0,0,0.1675703,0
8707,1,0.5817552,1,0,0.33659178,0,0,0.06556299,0,0,0.020565562,0,0,0.09480794,0
8709,1,0.8835679,1,0,0.00404682,0,0,0.12716064,0,0,0.014951221,0,0,0.029977886,0
8711,0,0.8565489,1,0,0.008462951,0,0,0.068314664,0,1,0.05179932,0,0,0.03204019,0
8714,0,0.0014166327,0,0,0.23949742,0,1,0.87220794,1,0,0.8543928,1,0,0.1547256,0
8716,1,0.2963389,0,0,0.08521647,0,1,0.7813072,1,0,0.056474928,0,0,0.15586278,0
8724,1,0.36172974,1,0,0.1345679,0,1,0.67006177,0,0,0.06055978,0,0,0.17342003,0
8731,0,0.0455632,0,1,0.28597245,0,0,0.16832769,0,0,0.7755302,1,0,0.11276044,0
8740,1,0.80920815,1,0,0.08000404,0,0,0.057180785,0,0,0.055061556,0,0,0.059216384,0
8765,1,0.806048,1,0,0.08454799,0,0,0.06246512,0,0,0.015357256,0,0,0.054860484,0
8776,1,0.788576,1,0,0.023219556,0,0,0.2197867,0,0,0.024217777,0,0,0.06668371,0
8777,0,0.69723725,1,0,0.034717537,0,0,0.35234812,0,0,0.01834742,0,1,0.08334214,0
8783,1,0.8824625,1,0,0.009342593,0,0,0.10487682,0,0,0.0069197714,0,0,0.032459,0
8785,0,0.12691876,0,0,0.2855987,0,0,0.78652096,1,1,0.26966634,0,0,0.23560138,0
8788,1,0.7049757,1,0,0.06981273,0,0,0.22658886,0,0,0.033991776,0,0,0.08459399,0
8789,1,0.6028926,1,0,0.04734294,0,0,0.49745926,0,0,0.038943086,0,0,0.11354576,0
8817,0,0.013188757,0,1,0.740991,1,0,0.10153195,0,0,0.42076582,1,0,0.1971851,0
8827,1,0.52916867,1,0,0.014411897,0,0,0.7262197,1,0,0.031395774,0,0,0.088125214,0
8836,0,0.62432945,1,0,0.013552189,0,0,0.23877777,0,1,0.19683665,0,0,0.06149594,0
8853,1,0.8084475,1,0,0.01799605,0,0,0.21005712,0,0,0.019928044,0,0,0.059945263,0
8868,0,0.022817245,0,0,0.034443207,0,1,0.9438621,1,0,0.34392717,0,0,0.09614621,0
8873,0,0.03290955,0,0,0.84759396,1,0,0.036188766,0,1,0.048980262,0,1,0.20154181,0
8876,1,0.8035955,1,0,0.0044200146,0,0,0.36058104,0,0,0.013367827,0,0,0.044177078,0
8877,0,0.16239281,0,0,0.080647245,0,1,0.87471414,1,0,0.1483928,0,1,0.16869846,0
8881,0,0.041737642,0,1,0.41928592,1,0,0.8208849,1,1,0.41435993,1,0,0.25741333,1
8889,0,0.017027717,0,0,0.35663304,1,1,0.8183219,1,0,0.5800042,1,1,0.18731551,0
8897,0,0.019631023,0,0,0.49751404,1,0,0.80107576,1,1,0.41877344,1,0,0.2431245,0
8900,1,0.76977694,1,0,0.0632692,0,0,0.1364937,0,0,0.015428912,0,0,0.07539114,0
8901,0,0.014822337,0,1,0.8174374,1,0,0.1070804,0,1,0.29932874,0,0,0.30038655,1
8904,0,0.00017899775,0,0,0.50462526,1,1,0.17066152,0,1,0.95763665,1,0,0.25529265,1
8907,0,0.03727148,0,0,0.1482023,0,1,0.8201957,1,0,0.56522626,1,1,0.17913592,0
8908,0,0.16757078,0,0,0.021206373,0,0,0.115514174,0,1,0.7693905,1,0,0.04631144,0
8913,0,0.11526645,0,0,0.3097497,0,0,0.7504334,1,1,0.4623905,1,0,0.25019565,1
8914,1,0.8627854,1,0,0.050938345,0,0,0.044406597,0,0,0.0077221687,0,0,0.047256645,0
8919,1,0.5694046,1,0,0.18043752,0,0,0.28937188,0,0,0.1301446,0,0,0.16701418,0
8920,1,0.496311,1,0,0.17716487,0,0,0.33599418,0,0,0.19656472,0,0,0.16893885,0
8922,1,0.8636393,1,0,0.015119583,0,0,0.10847012,0,0,0.011217624,0,0,0.043317772,0
8927,0,0.07329486,0,1,0.5558549,1,0,0.5518519,0,0,0.35133034,0,0,0.2691395,1
8928,0,0.010375019,0,1,0.7995046,1,0,0.40062916,0,0,0.2818672,0,1,0.49389052,1
8934,1,0.7288617,1,0,0.018497432,0,0,0.35695627,0,0,0.024766464,0,0,0.07154063,0
8939,0,0.30910257,1,0,0.014047187,0,1,0.82532585,1,1,0.08542745,0,0,0.0915154,0
8941,1,0.9213465,1,0,0.006957487,0,0,0.054994963,0,0,0.0060894648,0,0,0.02492282,0
8954,0,0.21548313,0,1,0.5081257,1,0,0.049197976,0,0,0.188921,0,0,0.07498256,0
8956,0,0.006968832,0,1,0.50891614,1,1,0.88412994,1,0,0.27409956,0,0,0.27647737,1
8957,0,0.049245406,0,0,0.019419512,0,1,0.97881967,1,0,0.04394109,0,0,0.108518526,0
8958,0,0.03464302,0,0,0.3516832,1,0,0.7193232,1,1,0.65594685,1,0,0.24411392,0
8959,0,0.008455496,0,1,0.5433008,1,0,0.80754167,1,0,0.383879,0,1,0.4224514,1
8960,0,0.037894096,0,1,0.42794156,1,0,0.705715,1,0,0.40775687,1,0,0.25019455,1
8963,1,0.8694083,1,0,0.012206092,0,0,0.11842594,0,0,0.012845795,0,0,0.042751286,0
8969,0,0.07611436,0,1,0.67819524,1,0,0.34979022,0,0,0.26997223,0,0,0.3434348,1
8979,1,0.81063026,1,0,0.009074989,0,0,0.27865392,0,0,0.007505465,0,0,0.045667026,0
8980,0,0.19099785,0,1,0.55015135,1,0,0.3927737,0,0,0.14609146,0,0,0.2406639,0
8984,1,0.96175873,1,0,0.0016790192,0,0,0.021468148,0,0,0.0035762442,0,0,0.010879628,0
8991,0,0.0038235683,0,0,0.16904931,0,0,0.26275918,0,1,0.9497028,1,0,0.09602553,0
9003,0,0.017205697,0,1,0.5633582,1,1,0.5868743,0,0,0.2854781,0,0,0.24399734,0
9004,0,0.0017785457,0,0,0.27190265,0,1,0.8452575,1,1,0.8490826,1,0,0.1574093,0
9012,0,0.015988136,0,1,0.8272677,1,0,0.07481269,0,0,0.21261135,0,0,0.2386143,0
9020,0,0.015365643,0,0,0.040913705,0,0,0.07036159,0,1,0.94674313,1,0,0.0281537,0
9027,0,0.0028804427,0,0,0.13725808,0,0,0.19258825,0,1,0.95912063,1,0,0.052607223,0
9029,1,0.82463527,1,0,0.014197284,0,0,0.19389611,0,0,0.02570339,0,0,0.057333183,0
9035,0,0.021970328,0,0,0.19050416,0,0,0.5633081,0,1,0.70965916,1,0,0.11779463,0
9037,1,0.7141353,1,0,0.018300248,0,0,0.39561883,0,0,0.023712007,0,0,0.07318183,0
9049,1,0.62445337,1,0,0.19080442,0,0,0.20278098,0,0,0.07522537,0,0,0.14131771,0
9053,0,0.2937626,0,0,0.5723318,1,0,0.10524195,0,1,0.102992326,0,0,0.13651416,0
9057,1,0.8676161,1,0,0.0566811,0,0,0.03179856,0,0,0.016938535,0,0,0.039060522,0
9058,1,0.85748607,1,0,0.012014452,0,0,0.13158174,0,0,0.012429935,0,0,0.040303625,0
9063,0,0.30196792,1,0,0.020296682,0,1,0.8659026,1,0,0.037453577,0,1,0.09291502,0
9069,1,0.8988234,1,0,0.014380544,0,0,0.05994388,0,0,0.006960476,0,0,0.035257787,0
9082,1,0.51064163,1,0,0.023832588,0,1,0.46634272,0,0,0.17470348,0,0,0.0940089,0
9086,0,0.11296795,0,1,0.69388914,1,0,0.09706898,0,0,0.13832788,0,0,0.15555374,0
9095,0,0.0074425586,0,1,0.8946796,1,0,0.07155678,0,0,0.13233368,0,1,0.39890522,1
9100,0,0.0008662665,0,0,0.07711295,0,0,0.101764664,0,1,0.98534495,1,0,0.033113953,0
9102,0,0.00040189672,0,1,0.069350876,0,0,0.11707077,0,1,0.98900443,1,0,0.02486786,0
9111,0,0.397497,1,0,0.019170178,0,1,0.7441141,1,0,0.07609638,0,0,0.09086033,0
9118,1,0.89538467,1,0,0.008568983,0,0,0.048660487,0,0,0.02924763,0,0,0.029339133,0
9121,1,0.88166773,1,0,0.017300727,0,0,0.079548,0,0,0.010259302,0,0,0.04191409,0
9122,0,0.044628724,0,0,0.019157303,0,1,0.9642246,1,0,0.13501272,0,0,0.10137383,0
9131,0,0.042547487,0,1,0.8100349,1,0,0.10915121,0,0,0.046274632,0,1,0.28059238,1
9138,0,0.0012609366,0,0,0.09309158,0,0,0.10279314,0,1,0.9765088,1,0,0.02766889,0
9140,1,0.40450302,1,0,0.044685096,0,0,0.12827559,0,0,0.5483672,1,0,0.06104823,0
9146,0,0.012337692,0,0,0.29830188,0,1,0.5381091,0,1,0.84384644,1,0,0.19295308,0
9149,1,0.77181166,1,0,0.030688437,0,0,0.21596082,0,0,0.021741213,0,0,0.06845944,0
9156,0,0.2775397,0,0,0.48286507,1,0,0.2855916,0,0,0.05924693,0,1,0.1856432,0
9157,0,0.005804298,0,1,0.9060879,1,0,0.06572358,0,0,0.1055844,0,0,0.42128482,1
9173,0,0.004481555,0,1,0.88083476,1,0,0.22516721,0,0,0.2015459,0,0,0.5527209,1
9175,1,0.5418477,1,0,0.098609276,0,0,0.49065897,0,0,0.09061856,0,0,0.15697083,0
9176,0,0.03920359,0,1,0.35259095,1,0,0.37130174,0,0,0.7782539,1,0,0.17976967,0
9180,0,0.0029414892,0,1,0.8811182,1,0,0.28592938,0,1,0.28094235,0,1,0.6287893,1
9193,0,0.108361974,0,1,0.70704836,1,0,0.17156987,0,0,0.16716802,0,0,0.2570839,1
9198,0,0.004833353,0,0,0.06906688,0,0,0.1367587,0,1,0.9645939,1,0,0.04314494,0
9202,0,0.24346092,0,1,0.35608956,1,0,0.5371508,0,0,0.057985865,0,0,0.22589639,0
9204,1,0.84921336,1,0,0.018980086,0,0,0.12034908,0,0,0.0050729564,0,0,0.040420868,0
9206,0,0.32083258,1,1,0.31054956,0,0,0.35913095,0,0,0.38341168,0,0,0.20301384,0
9207,1,0.8869484,1,0,0.020728067,0,0,0.060274288,0,0,0.010096285,0,0,0.03584447,0
9212,0,0.85510343,1,0,0.024936577,0,0,0.037754666,0,1,0.027872685,0,0,0.026559941,0
9218,0,0.594934,1,0,0.009025302,0,0,0.057554793,0,1,0.3892992,0,0,0.02320033,0
9220,0,0.11039846,0,1,0.46401763,1,0,0.14854905,0,0,0.4522586,1,0,0.14100064,0
9225,1,0.7769644,1,0,0.008260211,0,0,0.21225913,0,0,0.040792115,0,0,0.04273082,0
9230,0,0.76094586,1,0,0.012662404,0,0,0.29739553,0,1,0.03741965,0,0,0.061617542,0
9232,0,0.012031891,0,1,0.81862617,1,0,0.2949165,0,0,0.1949723,0,0,0.4573051,1
9241,0,0.061682742,0,0,0.076428905,0,1,0.923037,1,1,0.25414303,0,0,0.1578286,0
9259,0,0.183639,0,1,0.32704952,0,0,0.61357814,0,0,0.3368308,0,0,0.23299123,0
9266,1,0.48841047,1,0,0.22034612,0,0,0.32866368,0,0,0.065803766,0,0,0.16072746,0
9271,0,0.03140086,0,1,0.33830237,0,0,0.8381286,1,1,0.4687131,1,1,0.23064466,0
9273,1,0.59391797,1,0,0.16790703,0,0,0.22483389,0,0,0.070064865,0,0,0.11965429,0
9274,1,0.76011735,1,0,0.06382229,0,0,0.1543706,0,0,0.018610377,0,0,0.070629455,0
9275,0,0.02290428,0,0,0.012057545,0,1,0.98166615,1,0,0.13911363,0,1,0.082185745,0
9277,1,0.27655968,0,0,0.09180901,0,1,0.7878618,1,0,0.048817966,0,0,0.14379686,0
9282,1,0.41156897,1,0,0.06760253,0,0,0.7013505,1,0,0.09389466,0,0,0.15624492,0
9284,0,0.03703613,0,0,0.040031936,0,1,0.9622657,1,0,0.17969035,0,0,0.1245649,0
9288,1,0.85897183,1,0,0.06361761,0,0,0.037583593,0,0,0.009489455,0,0,0.047206756,0
9289,0,0.01669133,0,1,0.81538063,1,0,0.049912184,0,0,0.20328538,0,0,0.18327275,0
9295,0,0.02408774,0,1,0.83115673,1,0,0.07268456,0,1,0.13027859,0,0,0.26669225,1
9299,0,0.80470043,1,0,0.027502174,0,0,0.16984145,0,0,0.017602228,0,1,0.06099774,0
9301,0,0.10538522,0,1,0.6524507,1,0,0.19506776,0,0,0.24892266,0,0,0.27998796,1
9302,0,0.05418846,0,0,0.38027984,1,1,0.82661915,1,0,0.16339329,0,1,0.21897216,0
9303,1,0.9243941,1,0,0.0023981633,0,0,0.09079261,0,0,0.003035752,0,0,0.019040953,0
9307,0,0.6794596,1,1,0.08986219,0,0,0.23974581,0,0,0.031625256,0,0,0.10098074,0
9314,1,0.82587606,1,0,0.03456457,0,1,0.112234384,0,0,0.02136791,0,0,0.06343943,0
9326,0,0.016534874,0,0,0.057233352,0,1,0.9581422,1,0,0.39593962,0,0,0.117627,0
9336,1,0.58928007,1,0,0.02005751,0,0,0.5878075,0,0,0.041525047,0,0,0.0894795,0
9344,1,0.7593606,1,0,0.11342721,0,0,0.100147255,0,0,0.041196067,0,0,0.0939698,0
9348,0,0.83931756,1,0,0.031031009,0,0,0.09577391,0,0,0.0068018627,0,1,0.049599495,0
9349,0,0.25765967,0,0,0.006971512,0,1,0.88442606,1,0,0.05686459,0,0,0.070275836,0
9356,0,0.0011593789,0,0,0.19270785,0,0,0.340422,0,1,0.964539,1,0,0.09387028,0
9361,0,0.02389595,0,1,0.41897073,1,0,0.35344207,0,1,0.7465629,1,0,0.17824893,0
9366,0,0.16645712,0,1,0.5998952,1,0,0.14124644,0,1,0.2283292,0,0,0.15352216,0
9369,0,0.21220165,0,0,0.3924007,1,0,0.088138886,0,1,0.3319958,0,0,0.091040544,0
9370,0,0.0007061124,0,0,0.10640872,0,0,0.25600615,0,1,0.9801793,1,0,0.047199294,0
9375,0,0.04477839,0,0,0.25333673,0,1,0.92253715,1,0,0.11060168,0,1,0.1987343,0
9377,0,0.1811177,0,1,0.5476257,1,0,0.29159406,0,0,0.12733248,0,0,0.1996529,0
9384,0,0.08982639,0,0,0.008009864,0,1,0.9707958,1,0,0.042003963,0,0,0.0751831,0
9385,0,0.22278722,0,0,0.48447773,1,0,0.03534789,0,1,0.1282024,0,0,0.07326292,0
9386,1,0.85609144,1,0,0.008059651,0,0,0.16638145,0,0,0.008555822,0,0,0.035907585,0
9393,1,0.894402,1,0,0.0033480711,0,0,0.12258809,0,0,0.011266727,0,0,0.026988445,0
9406,1,0.3779343,1,0,0.11230413,0,0,0.112992644,0,0,0.49079245,1,0,0.07150207,0
9408,0,0.0014907405,0,1,0.105583526,0,0,0.119510986,0,1,0.9761974,1,0,0.045249358,0
9410,1,0.6677424,1,0,0.0042973002,0,0,0.24239583,0,0,0.1182364,0,0,0.036834143,0
9422,0,0.4406748,1,0,0.23756069,0,0,0.32943943,0,1,0.23116684,0,0,0.17109677,0
9423,1,0.80783725,1,0,0.0046642283,0,0,0.35486144,0,0,0.008473124,0,0,0.040685136,0
9426,1,0.8466118,1,0,0.04791884,0,0,0.062357366,0,0,0.029624213,0,0,0.054373045,0
9432,1,0.5801698,1,0,0.08663003,0,0,0.44062155,0,0,0.0614935,0,0,0.13522892,0
9433,1,0.23411259,0,0,0.07755643,0,0,0.620672,0,0,0.38753834,0,0,0.13866124,0
9435,0,0.03901711,0,1,0.733402,1,0,0.10295859,0,0,0.28798735,0,0,0.18225873,0
9439,1,0.82891744,1,0,0.007366457,0,0,0.22370318,0,0,0.013785656,0,0,0.041779533,0
9440,1,0.42842463,1,0,0.4582655,1,0,0.10120157,0,0,0.052806355,0,0,0.11893425,0
9443,0,0.027453765,0,1,0.8025935,1,0,0.13323742,0,0,0.214805,0,1,0.31706804,1
9444,0,0.0010693831,0,0,0.3238789,0,1,0.3077119,0,1,0.9504217,1,0,0.1579093,0
9453,0,0.20291688,0,0,0.48086944,1,0,0.51368594,0,1,0.13773961,0,0,0.25485224,1
9454,1,0.7623609,1,0,0.09583846,0,0,0.1273975,0,0,0.037505995,0,0,0.09661883,0
9466,0,0.022246763,0,0,0.13603498,0,0,0.083985224,0,1,0.86341566,1,0,0.047947176,0
9467,0,0.0035224326,0,1,0.5615361,1,1,0.8053697,1,1,0.5566836,1,1,0.4339289,1
9478,0,0.089189336,0,1,0.6062577,1,0,0.112315625,0,0,0.3416535,0,0,0.14685749,0
9487,1,0.4141472,1,0,0.06965179,0,0,0.63405216,0,0,0.03759082,0,0,0.10927444,0
9494,0,0.0048425873,0,0,0.3002705,0,1,0.5596004,0,1,0.88818717,1,1,0.17114618,0
9496,0,0.03601017,0,0,0.004876767,0,1,0.98936814,1,0,0.037291527,0,1,0.06289684,0
9498,0,0.62664425,1,0,0.023313021,0,0,0.1261756,0,1,0.29205087,0,0,0.055215854,0
9501,1,0.6533988,1,0,0.16508529,0,0,0.1544512,0,0,0.077192865,0,0,0.11177698,0
9504,1,0.25916,0,0,0.27834013,0,0,0.08481393,0,0,0.41003662,1,0,0.07145197,0
9509,0,0.0070324433,0,1,0.38611296,1,1,0.85320264,1,0,0.48411182,1,0,0.25171018,1
9511,0,0.59658366,1,1,0.14761525,0,0,0.038319133,0,0,0.18226618,0,0,0.040831354,0
9516,0,0.7141736,1,0,0.033793613,0,0,0.1059706,0,1,0.19286045,0,0,0.059146,0
9518,0,0.0620579,0,1,0.7052937,1,0,0.33121338,0,0,0.10817449,0,0,0.35867903,1
9519,0,0.10852727,0,1,0.59252703,1,0,0.08999799,0,1,0.2946604,0,0,0.12437616,0
9520,0,0.0010841717,0,1,0.507293,1,0,0.20090647,0,1,0.9134779,1,0,0.22650458,0
9523,0,0.4879409,1,0,0.06592273,0,1,0.15386315,0,0,0.43198714,1,0,0.07909223,0
9529,1,0.5114888,1,0,0.36099145,1,0,0.11226062,0,0,0.015810963,0,0,0.11261718,0
9530,0,0.0028575829,0,0,0.15959646,0,0,0.13547163,0,1,0.9547766,1,0,0.056890875,0
9533,0,0.5616459,1,0,0.0054639312,0,0,0.0479318,0,1,0.4538628,1,0,0.01921009,0
9536,0,0.21961482,0,0,0.16859894,0,0,0.5289546,0,1,0.37375906,0,0,0.16414855,0
9537,0,0.05667418,0,1,0.32232085,0,0,0.70289665,1,0,0.44998047,1,0,0.15707071,0
9547,1,0.39808658,1,0,0.4449463,1,0,0.18100083,0,0,0.07132104,0,0,0.17689492,0
9549,0,0.009930144,0,1,0.7319311,1,1,0.52043957,0,0,0.44615585,1,0,0.5097841,1
9550,0,0.019294182,0,0,0.18093665,0,1,0.7669849,1,0,0.7246409,1,1,0.17074904,0
9553,0,0.014319817,0,0,0.049225315,0,1,0.96602875,1,0,0.39800134,0,0,0.1187238,0
9554,0,0.77592564,1,0,0.021124309,0,0,0.256081,0,0,0.015680788,0,1,0.06592067,0
9556,0,0.21797211,0,1,0.53659797,1,0,0.21127549,0,0,0.13253333,0,0,0.16866153,0
9558,1,0.8900901,1,0,0.02856026,0,0,0.043417886,0,0,0.011135011,0,0,0.037604097,0
9566,1,0.90595746,1,0,0.010264678,0,0,0.06662514,0,0,0.007828741,0,0,0.032418266,0
9570,0,0.0016774868,0,0,0.15009305,0,1,0.36200652,0,1,0.9591693,1,0,0.06954844,0
9571,0,0.17384937,0,1,0.70380056,1,0,0.069117896,0,0,0.049653314,0,0,0.16771251,0
9583,0,0.0027645414,0,0,0.2043304,0,1,0.4318771,0,1,0.94090486,1,0,0.10840658,0
9585,1,0.5045668,1,0,0.21177523,0,0,0.24424283,0,0,0.09250382,0,0,0.13626234,0
9586,0,0.03245611,0,1,0.764308,1,0,0.17849028,0,0,0.22167389,0,0,0.3959687,1
9590,0,0.12884265,0,0,0.24098198,0,0,0.7490226,1,1,0.2552107,0,0,0.17800802,0
9591,0,0.011355969,0,0,0.77821434,1,1,0.1944068,0,0,0.49644265,1,0,0.35968238,1
9593,1,0.9242415,1,0,0.003910917,0,0,0.06670183,0,0,0.0062677846,0,0,0.022529347,0
9599,0,0.006170738,0,0,0.3548546,1,0,0.10275728,0,1,0.8754095,1,0,0.08713222,0
9600,0,0.0062803007,0,0,0.16634609,0,0,0.32497066,0,1,0.930856,1,0,0.089897364,0
9633,0,0.079564035,0,1,0.5246825,1,0,0.64084446,0,0,0.21640244,0,0,0.25410578,1
9639,0,0.0059409565,0,0,0.07310291,0,1,0.9848488,1,0,0.37794435,0,0,0.1381794,0
9641,0,0.0008587508,0,0,0.88335896,1,1,0.48462474,0,1,0.1648154,0,1,0.62165976,1
9642,0,0.11787563,0,0,0.30587524,0,1,0.7975536,1,0,0.13813064,0,0,0.23699509,0
9646,1,0.7921624,1,0,0.034921106,0,0,0.16646504,0,0,0.04091681,0,0,0.07435044,0
9659,0,0.069855504,0,0,0.46146008,1,1,0.70195997,1,0,0.3787317,0,0,0.29257643,1
9660,0,0.0032293072,0,1,0.8968189,1,0,0.19384514,0,0,0.22661977,0,1,0.5909509,1
9663,0,0.034957338,0,0,0.02276307,0,1,0.978144,1,0,0.09641326,0,1,0.110159025,0
9669,1,0.70062613,1,0,0.09396669,0,0,0.18222146,0,0,0.028334528,0,0,0.08163108,0
9671,1,0.7414511,1,0,0.019058974,0,0,0.19616139,0,0,0.10066578,0,0,0.06751375,0
9673,0,0.006818876,0,1,0.49101463,1,0,0.9151348,1,0,0.22131664,0,0,0.27067775,1
9675,0,0.0577544,0,1,0.6922762,1,0,0.10344148,0,0,0.16251126,0,0,0.20207588,0
9678,1,0.9350585,1,0,0.0009628742,0,0,0.1064465,0,0,0.0026022557,0,0,0.014959932,0
9679,0,0.011799329,0,0,0.4618055,1,1,0.6462546,0,1,0.6332747,1,0,0.26063287,1
9688,1,0.79859316,1,0,0.08096406,0,0,0.08134133,0,0,0.03583854,0,0,0.07371639,0
9689,1,0.8555982,1,0,0.026408846,0,0,0.093649365,0,0,0.014695256,0,0,0.04984674,0
9699,0,0.24434334,0,0,0.06637447,0,1,0.6762801,0,0,0.34462583,0,0,0.1642258,0
9703,0,0.0014844834,0,0,0.23581369,0,1,0.9869177,1,0,0.411954,1,1,0.16538456,0
9712,0,0.0053381086,0,0,0.2848492,0,0,0.7743699,1,1,0.8194231,1,0,0.18400778,0
9719,0,0.62294954,1,0,0.0062045553,0,0,0.4001974,0,1,0.077425934,0,0,0.045531742,0
9725,1,0.80433536,1,0,0.03399081,0,0,0.07404982,0,0,0.077206016,0,0,0.05214737,0
9731,1,0.63987154,1,0,0.017073287,0,0,0.5475079,0,0,0.02132956,0,0,0.07655827,0
9732,0,0.012648652,0,1,0.52423644,1,0,0.29994914,0,1,0.7560476,1,0,0.23031372,0
9738,0,0.05549558,0,0,0.30218524,0,1,0.855469,1,0,0.31642112,0,0,0.20783862,0
9745,1,0.8368759,1,0,0.027908348,0,0,0.11077872,0,0,0.01913236,0,0,0.052223362,0
9758,0,0.025539372,0,1,0.805972,1,0,0.2147682,0,0,0.25147206,0,1,0.494139,1
9771,1,0.8931915,1,0,0.003480598,0,0,0.14519753,0,0,0.0037795675,0,0,0.024776997,0
9784,0,0.016384685,0,1,0.648689,1,1,0.6640965,0,0,0.3310491,0,0,0.41304183,1
9787,0,0.017478151,0,0,0.045779012,0,1,0.98721814,1,0,0.06598517,0,0,0.13891682,0
9802,1,0.86181223,1,0,0.010123271,0,0,0.14810069,0,0,0.011291592,0,0,0.04344121,0
9804,1,0.8602691,1,0,0.02007798,0,0,0.10096278,0,0,0.008933001,0,0,0.043000456,0
9811,0,0.021161582,0,1,0.54531306,1,0,0.6410385,0,0,0.6108802,1,0,0.3767645,1
9826,1,0.63680625,1,0,0.123564005,0,0,0.2079387,0,0,0.04944415,0,0,0.09982441,0
9831,1,0.5570249,1,0,0.16110729,0,0,0.2789116,0,0,0.11899605,0,0,0.13200843,0
9832,0,0.35018152,1,1,0.43845662,1,1,0.19451441,0,0,0.14212997,0,0,0.2035675,0
9837,1,0.8091084,1,0,0.03981695,0,0,0.09792556,0,0,0.038442187,0,0,0.05603709,0
9839,0,0.3258692,1,1,0.3679347,1,0,0.22318989,0,0,0.38776767,0,0,0.18416671,0
9842,0,0.81998545,1,0,0.0075397054,0,0,0.25969377,0,0,0.015857665,0,1,0.048580766,0
9849,0,0.006542332,0,0,0.22636732,0,0,0.1443589,0,1,0.9249086,1,0,0.07398676,0
9862,0,0.034498986,0,0,0.08010971,0,1,0.9704381,1,0,0.100264385,0,0,0.14744616,0
9864,1,0.45766622,1,0,0.34040144,0,0,0.26802078,0,0,0.08649355,0,0,0.18298632,0
9867,0,0.10631445,0,1,0.4624538,1,0,0.45289764,0,0,0.41633797,1,0,0.21211365,0
9872,0,0.09167158,0,0,0.29345632,0,1,0.8360386,1,1,0.21679835,0,0,0.23330888,0
9873,0,0.40388027,1,0,0.20938249,0,0,0.5212047,0,1,0.17651606,0,0,0.2080787,0
9874,1,0.2593614,0,0,0.6013355,1,0,0.10729307,0,0,0.090442024,0,0,0.152237,0
9883,1,0.8802171,1,0,0.008817508,0,0,0.10468952,0,0,0.009455957,0,0,0.033540335,0
9884,1,0.80175865,1,0,0.008042362,0,0,0.2831512,0,0,0.023595141,0,0,0.052110083,0
9902,0,0.012740148,0,1,0.6730616,1,0,0.6322604,0,1,0.45786476,1,0,0.49327192,1
9903,1,0.7774766,1,0,0.030230358,0,0,0.21210223,0,0,0.020257618,0,0,0.06702989,0
9911,1,0.38901725,1,0,0.041117784,0,0,0.62288004,0,0,0.17947458,0,0,0.11690783,0
9912,0,0.00015372531,0,1,0.9608562,1,0,0.15622291,0,1,0.2715175,0,1,0.8069218,1
9915,0,0.0013577188,0,1,0.11219159,0,0,0.14911565,0,1,0.97296244,1,0,0.058828518,0
9916,1,0.92244875,1,0,0.00344718,0,0,0.081393346,0,0,0.00347566,0,0,0.021732872,0
9919,0,0.1024398,0,1,0.5815198,1,0,0.24165581,0,1,0.4118459,1,0,0.22754651,0
9927,0,0.0014248223,0,0,0.30052835,0,0,0.667259,0,1,0.8966304,1,1,0.20229752,0
9929,0,0.0055213,0,0,0.25901407,0,1,0.87769276,1,1,0.7320495,1,0,0.17753826,0
9932,0,0.0035103522,0,1,0.44820264,1,1,0.7949096,1,0,0.6668952,1,1,0.36188775,1
9933,0,0.0010287958,0,0,0.79550225,1,0,0.539659,0,1,0.5871284,1,0,0.5942488,1
9942,1,0.9102454,1,0,0.0058671795,0,0,0.079385936,0,0,0.002865203,0,0,0.024103746,0
9943,0,0.040184915,0,1,0.7271492,1,0,0.20501922,0,0,0.40128097,1,0,0.33839262,1
9950,1,0.8703107,1,0,0.006529953,0,0,0.10283145,0,0,0.026029501,0,0,0.034714118,0
9952,1,0.77858955,1,0,0.0033697113,0,0,0.4439584,0,0,0.009645862,0,0,0.039051954,0
9955,1,0.6912519,1,0,0.062468484,0,0,0.27974164,0,0,0.051454585,0,0,0.10259273,0
9958,1,0.65552896,1,0,0.008014208,0,0,0.53387195,0,0,0.029295236,0,0,0.058342118,0
9961,1,0.8998947,1,0,0.005289627,0,0,0.09718945,0,0,0.0075449734,0,0,0.026697123,0
9968,1,0.7970943,1,0,0.0639949,0,0,0.111582704,0,0,0.01812084,0,0,0.07103697,0
9970,1,0.6333743,1,0,0.06418571,0,0,0.37764126,0,0,0.05594347,0,0,0.1112872,0
9974,1,0.89761376,1,0,0.0037952687,0,0,0.13429332,0,0,0.0077249096,0,0,0.029777255,0
9987,0,0.003860634,0,1,0.52908653,1,0,0.19037841,0,1,0.8486819,1,1,0.23231262,0
9991,0,0.00062201824,0,0,0.09922499,0,1,0.96401936,1,1,0.8332739,1,0,0.091822475,0
9998,0,0.38293612,1,1,0.45344895,1,0,0.14760767,0,0,0.13170835,0,0,0.14964856,0
10000,1,0.931773,1,0,0.0036361094,0,0,0.044245012,0,0,0.00933504,0,0,0.019396389,0
10003,0,0.0056141717,0,0,0.11413353,0,1,0.9629467,1,0,0.5775114,1,0,0.1269296,0
10012,0,0.0016968667,0,0,0.019430548,0,1,0.9512436,1,1,0.8176745,1,1,0.05303132,0
10016,1,0.8074822,1,0,0.1497416,0,0,0.029248323,0,0,0.0055901716,0,0,0.04880748,0
10019,1,0.53251165,1,0,0.27247998,0,0,0.19983256,0,0,0.066271834,0,0,0.13840322,0
10021,0,0.45692703,1,0,0.24150226,0,0,0.3282448,0,1,0.18296315,0,0,0.18143547,0
10024,0,0.011240183,0,1,0.73977244,1,0,0.5630423,0,0,0.2868755,0,1,0.4933495,1
10025,0,0.14947106,0,0,0.32283434,0,0,0.5466029,0,1,0.40691367,1,0,0.30531296,1
10028,1,0.8634499,1,0,0.009754451,0,0,0.14960185,0,0,0.007353219,0,0,0.039605323,0
10030,0,0.873297,1,0,0.013591232,0,0,0.046092384,0,1,0.03590387,0,0,0.029944232,0
10033,1,0.47736484,1,0,0.033681758,0,0,0.44196808,0,0,0.21407042,0,0,0.098116174,0
10034,0,0.080273785,0,1,0.6853325,1,0,0.116479196,0,0,0.262425,0,0,0.16535716,0
10035,1,0.87067896,1,0,0.05622629,0,0,0.034800544,0,0,0.012447972,0,0,0.04718746,0
10038,1,0.89826226,1,0,0.025115402,0,0,0.039439622,0,0,0.017326323,0,0,0.038883578,0
10039,1,0.7656022,1,0,0.0064958083,0,0,0.40640983,0,0,0.015290443,0,0,0.051026415,0
10044,0,0.003963166,0,1,0.58210903,1,1,0.62325126,0,1,0.71219605,1,0,0.35601762,1
10047,0,0.09327299,0,0,0.06800647,0,0,0.6639876,0,1,0.5307813,1,0,0.11452735,0
10050,1,0.8111296,1,0,0.0065935967,0,1,0.27805197,0,0,0.012999469,0,0,0.042158302,0
10052,0,0.02336222,0,0,0.21092933,0,1,0.84195244,1,1,0.5973855,1,0,0.18156913,0
10060,0,0.09090178,0,1,0.39051402,1,0,0.46762025,0,0,0.52489966,1,0,0.17883016,0
10064,1,0.6168955,1,0,0.16713208,0,0,0.23818478,0,0,0.060781784,0,0,0.13392882,0
10065,0,0.09199691,0,1,0.78394073,1,0,0.0700163,0,0,0.07622212,0,0,0.1951437,0
10074,0,0.002695588,0,1,0.60825,1,0,0.15997425,0,1,0.82689863,1,0,0.28118235,1
10081,0,0.24224564,0,0,0.12459804,0,0,0.42222008,0,0,0.31309164,0,1,0.107122414,0
10082,0,0.03272667,0,0,0.3905454,1,1,0.8676681,1,0,0.30004865,0,0,0.23593886,0
10083,0,0.37810022,1,0,0.04131245,0,0,0.655606,0,0,0.18288232,0,1,0.13437293,0
10087,1,0.86639106,1,0,0.0054640844,0,0,0.18251708,0,0,0.007506676,0,0,0.03497438,0
10099,1,0.73973453,1,0,0.079529256,0,0,0.12597354,0,0,0.10320386,0,0,0.095079474,0
10111,0,0.37654373,1,1,0.35328862,1,0,0.23226085,0,0,0.10813902,0,0,0.14341083,0
10113,1,0.8769805,1,0,0.059279226,0,0,0.024276802,0,0,0.015035354,0,0,0.035634276,0
10116,1,0.8659152,1,0,0.005936267,0,0,0.1842154,0,0,0.005685721,0,0,0.03467622,0
10119,1,0.66770333,1,0,0.053797897,0,0,0.35127392,0,0,0.025984466,0,0,0.09746793,0
10122,1,0.7737719,1,0,0.03375,0,0,0.1895973,0,0,0.014229915,0,0,0.061921977,0
10139,0,0.031294204,0,1,0.7263946,1,0,0.19577292,0,0,0.47568545,1,0,0.34039897,1
10143,1,0.7886089,1,0,0.02319322,0,0,0.22650248,0,0,0.017946718,0,0,0.0669614,0
10152,1,0.76526034,1,0,0.018996999,0,0,0.28615686,0,0,0.0075025847,0,0,0.0531935,0
10157,0,0.19064818,0,0,0.21331333,0,0,0.7244476,1,1,0.25955,0,0,0.19950578,0
10162,1,0.6217931,1,0,0.3045439,0,0,0.065434165,0,0,0.035797577,0,0,0.10424881,0
10180,0,0.29626083,0,0,0.4850372,1,0,0.27171683,0,0,0.07858619,0,1,0.21367043,0
10189,1,0.32071888,1,0,0.30142134,0,0,0.5321055,0,0,0.08425548,0,0,0.20769869,0
10190,0,0.16911253,0,0,0.021086894,0,1,0.8729956,1,0,0.1333152,0,0,0.10682237,0
10192,1,0.8162845,1,0,0.042582534,0,0,0.1080784,0,0,0.014978629,0,0,0.060921375,0
10202,0,0.0013655892,0,0,0.30496842,0,1,0.20340268,0,1,0.9541759,1,0,0.1303988,0
10203,1,0.27806652,0,0,0.11132843,0,1,0.7356532,1,0,0.136443,0,0,0.16315418,0
10210,0,0.41878337,1,0,0.050419368,0,0,0.096343726,0,1,0.541641,1,0,0.054206003,0
10215,1,0.11690045,0,0,0.11336094,0,0,0.89543915,1,0,0.08869335,0,0,0.16184184,0
10216,1,0.24036291,0,0,0.53767574,1,0,0.17760012,0,0,0.043813962,0,0,0.1443558,0
10218,0,0.0007815333,0,0,0.12385623,0,1,0.6850786,0,0,0.9474023,1,1,0.065804765,0
10228,0,0.007857294,0,1,0.8753868,1,0,0.13713267,0,0,0.25306803,0,0,0.46396172,1
10231,1,0.051478364,0,0,0.26160607,0,0,0.06976263,0,0,0.6681245,1,0,0.04979147,0
10240,1,0.4784533,1,0,0.07380275,0,0,0.5406308,0,0,0.12687175,0,0,0.13563511,0
10241,1,0.78523386,1,0,0.036948267,0,0,0.18410324,0,0,0.030598333,0,0,0.078818254,0
10244,0,0.5233437,1,0,0.017360317,0,0,0.3806203,0,1,0.20296872,0,0,0.07117709,0
10246,0,0.113737226,0,0,0.22238609,0,1,0.44832826,0,0,0.57996076,1,0,0.15785854,0
10256,1,0.31612664,1,0,0.5533117,1,0,0.057846528,0,0,0.05562251,0,0,0.08803356,0
10257,1,0.7669984,1,0,0.054388132,0,0,0.1545994,0,0,0.0131744845,0,0,0.06612867,0
10262,0,0.29557118,0,0,0.034107283,0,0,0.70627,1,1,0.19502568,0,0,0.116139896,0
10265,1,0.6327333,1,0,0.04948916,0,0,0.32479498,0,0,0.082299076,0,0,0.09192945,0
10267,1,0.9238949,1,0,0.012410682,0,0,0.033991557,0,0,0.004401475,0,0,0.023864493,0
10271,1,0.74730664,1,0,0.040666856,0,0,0.24976341,0,0,0.042916793,0,0,0.094404235,0
10280,1,0.8353359,1,0,0.01497376,0,0,0.1724085,0,0,0.013701046,0,0,0.053480614,0
10294,1,0.7828776,1,0,0.021515533,0,0,0.20771031,0,0,0.020692943,0,0,0.055845138,0
10317,1,0.6825027,1,0,0.1112893,0,0,0.20406802,0,0,0.042579006,0,0,0.109833516,0
10320,0,0.09721926,0,1,0.55631596,1,0,0.3834724,0,0,0.30417073,0,0,0.22710718,0
10321,0,0.6499823,1,1,0.13028345,0,0,0.20565931,0,0,0.08637135,0,0,0.110181,0
10323,0,0.0025973285,0,1,0.27197182,0,0,0.89392364,1,1,0.77357936,1,0,0.16657251,0
10324,0,0.14683448,0,1,0.6326241,1,0,0.13466606,0,0,0.2730375,0,1,0.19128886,0
10327,1,0.8708971,1,0,0.04063766,0,0,0.041123077,0,0,0.02046519,0,0,0.041150406,0
10328,0,0.014925519,0,1,0.82368034,1,0,0.12218622,0,1,0.2581197,0,1,0.31819388,1
10329,1,0.70147127,1,0,0.032198552,0,0,0.36944687,0,0,0.032975286,0,0,0.09344461,0
10334,0,0.0118390275,0,0,0.3935591,1,1,0.8048992,1,1,0.6453268,1,0,0.24182847,0
10337,1,0.7206516,1,0,0.016331622,0,0,0.27690038,0,0,0.04777361,0,0,0.05937801,0
10343,0,0.012880022,0,0,0.26834378,0,1,0.8903005,1,1,0.62589604,1,0,0.1897452,0
10356,1,0.32665232,1,0,0.5713404,1,0,0.036887843,0,0,0.03662907,0,0,0.071731314,0
10364,1,0.8410549,1,0,0.009777323,0,0,0.19304596,0,0,0.013570541,0,0,0.04728665,0
10370,0,0.002725448,0,0,0.04445142,0,1,0.9141227,1,1,0.8203764,1,0,0.06761593,0
10372,1,0.8582823,1,0,0.01049989,0,0,0.108690135,0,0,0.02278586,0,0,0.037536502,0
10381,0,0.039833624,0,0,0.06124628,0,1,0.955846,1,0,0.15460172,0,0,0.16242117,0
10386,1,0.7057786,1,0,0.020692425,0,0,0.26653323,0,0,0.08291215,0,0,0.07101366,0
10391,1,0.88043404,1,0,0.0032502075,0,0,0.09444372,0,0,0.023654465,0,0,0.024221344,0
10394,1,0.51531667,1,0,0.3610426,1,0,0.123658806,0,0,0.0246223,0,0,0.13426289,0
10416,0,0.502434,1,1,0.3047499,0,0,0.20377234,0,1,0.055239864,0,1,0.16454275,0
10420,1,0.43448454,1,0,0.039018676,0,0,0.27482885,0,0,0.40747687,1,0,0.0826902,0
10431,1,0.5790952,1,0,0.02930222,0,0,0.5671005,0,0,0.03530581,0,0,0.094044544,0
10451,1,0.78925383,1,0,0.039049707,0,0,0.078863285,0,0,0.104355745,0,0,0.057579637,0
10456,0,0.0027480558,0,0,0.35609257,1,1,0.94686604,1,0,0.3495731,0,1,0.3385055,1
10458,0,0.029315332,0,0,0.29276475,0,0,0.036811527,0,1,0.68705785,1,0,0.036958124,0
10465,1,0.6440334,1,0,0.19877774,0,0,0.12165969,0,0,0.108025536,0,0,0.1007189,0
10478,0,0.0015069814,0,1,0.29639706,0,0,0.9291562,1,1,0.7417785,1,0,0.20288695,0
10488,0,0.124534205,0,0,0.03512414,0,1,0.9434542,1,0,0.046135917,0,0,0.12016164,0
10490,0,0.055367228,0,0,0.10738132,0,1,0.920483,1,1,0.31460586,0,0,0.17928606,0
10500,0,0.001222861,0,0,0.16269977,0,1,0.9231889,1,1,0.8411682,1,0,0.12025518,0
10502,0,0.008563119,0,0,0.41936225,1,0,0.151076,0,1,0.84785324,1,0,0.14035173,0
10503,1,0.931618,1,0,0.009478597,0,0,0.03159109,0,0,0.0022391044,0,0,0.019907795,0
10505,0,0.36204928,1,0,0.23488443,0,1,0.51589745,0,0,0.19323431,0,0,0.21997748,0
10514,0,0.0039488487,0,1,0.91151285,1,0,0.10575397,0,0,0.195937,0,1,0.54161364,1
10521,0,0.3057684,1,0,0.07674939,0,0,0.39080858,0,1,0.44275397,1,0,0.11364534,0
10530,1,0.8883691,1,0,0.012217514,0,0,0.085902154,0,0,0.011804234,0,0,0.038623422,0
10533,1,0.5071399,1,0,0.0681608,0,0,0.5824657,0,0,0.06812206,0,0,0.13474298,0
10536,1,0.94142246,1,0,0.007022494,0,0,0.022744842,0,0,0.007865447,0,0,0.018045848,0
10546,1,0.57554615,1,0,0.15171772,0,0,0.33904678,0,0,0.052621625,0,0,0.15012021,0
10554,0,0.0035884124,0,0,0.2696345,0,1,0.9586872,1,1,0.5400908,1,0,0.20422821,0
10557,0,0.1280707,0,0,0.04224353,0,0,0.49975014,0,1,0.59916484,1,0,0.09693108,0
10567,0,0.07011941,0,0,0.33350825,0,0,0.3693918,0,1,0.72652435,1,0,0.18630211,0
10573,0,0.01219372,0,0,0.8167743,1,0,0.24891223,0,1,0.3375223,0,0,0.47080427,1
10575,0,0.41425642,1,1,0.5173389,1,0,0.0833129,0,0,0.08047798,0,0,0.12511212,0
10583,1,0.16499794,0,0,0.18752684,0,0,0.8185546,1,0,0.100368366,0,0,0.1986817,0
10584,1,0.8435013,1,0,0.04659738,0,0,0.06949173,0,0,0.014703164,0,0,0.05787936,0
10587,0,0.0028295224,0,0,0.28328753,0,1,0.55801046,0,1,0.9119486,1,0,0.16240206,0
10593,1,0.92580134,1,0,0.009821552,0,0,0.03803334,0,0,0.0069667106,0,0,0.025940955,0
10598,0,0.0006699986,0,1,0.64024377,1,1,0.79047847,1,1,0.64808536,1,1,0.5067947,1
10610,1,0.6215916,1,0,0.17138532,0,0,0.20548469,0,0,0.033831745,0,0,0.1293173,0
10613,0,0.023772202,0,1,0.7954876,1,0,0.18680522,0,0,0.29615226,0,0,0.35535705,1
10614,0,0.52337515,1,0,0.14643903,0,0,0.06981036,0,1,0.25024915,0,0,0.05744947,0
10624,0,0.06435773,0,1,0.33619717,0,0,0.8494027,1,0,0.26034817,0,0,0.2475637,0
10627,1,0.7225947,1,0,0.048564855,0,0,0.26545066,0,0,0.03172897,0,0,0.091558024,0
10629,1,0.75938493,1,0,0.024305582,0,0,0.2789521,0,0,0.022268789,0,0,0.07207908,0
10631,1,0.83021724,1,0,0.010951465,0,0,0.1795321,0,0,0.027402395,0,0,0.050384495,0
10633,0,0.00046318446,0,1,0.7803235,1,1,0.5488771,0,1,0.68218654,1,1,0.60267323,1
10635,1,0.6262103,1,0,0.061450604,0,0,0.29779255,0,0,0.09906505,0,0,0.100722276,0
10636,0,0.010547603,0,1,0.5307692,1,0,0.79774714,1,0,0.37051818,0,1,0.41545722,1
10639,0,0.6877084,1,1,0.26143527,0,0,0.01808761,0,0,0.029147139,0,0,0.040264845,0
10651,1,0.7516646,1,0,0.016759036,0,0,0.3251115,0,0,0.02179174,0,0,0.06568107,0
10664,1,0.5003659,1,0,0.16145289,0,0,0.43728906,0,0,0.078208715,0,0,0.1622457,0
10669,1,0.5495354,1,0,0.025750747,0,0,0.63779145,0,0,0.026892327,0,0,0.091091,0
10675,0,0.061553806,0,1,0.28156072,0,0,0.6747385,0,0,0.5784852,1,0,0.17542231,0
10685,1,0.8314088,1,0,0.013035776,0,0,0.1768476,0,0,0.023374924,0,0,0.053530905,0
10696,1,0.41272697,1,0,0.026049033,0,0,0.76817054,1,0,0.052866295,0,0,0.105585605,0
10697,0,0.023268878,0,1,0.3847638,1,0,0.32067147,0,1,0.79560655,1,1,0.19606195,0
10701,0,0.6891336,1,1,0.09453577,0,0,0.24266908,0,0,0.08430448,0,0,0.13178179,0
10714,0,0.053861197,0,0,0.31654772,0,0,0.46659842,0,1,0.73521626,1,0,0.19232461,0
10715,0,0.0023557732,0,0,0.13051064,0,0,0.7211301,1,1,0.913659,1,0,0.09265532,0
10718,1,0.917607,1,0,0.005584735,0,0,0.06475133,0,0,0.006112008,0,0,0.024012897,0
10719,0,0.0056349738,0,1,0.8315696,1,0,0.109515764,0,1,0.42893738,1,1,0.33152035,1
10720,0,0.020390268,0,0,0.096373156,0,1,0.5636611,0,1,0.82279795,1,0,0.113958225,0
10722,0,0.057018165,0,1,0.69139063,1,0,0.22111575,0,0,0.34254682,0,0,0.24976978,0
10725,0,0.0026298848,0,1,0.29857758,0,0,0.78885454,1,1,0.8500685,1,0,0.17922182,0
10727,0,0.035418347,0,0,0.038275134,0,1,0.97355044,1,0,0.12441335,0,0,0.12792324,0
10728,0,0.003270518,0,0,0.1285385,0,0,0.6293483,0,1,0.9154629,1,0,0.08592788,0
10731,1,0.6959306,1,0,0.059591245,0,0,0.24739692,0,0,0.015593291,0,0,0.08376567,0
10734,0,0.035406046,0,0,0.11407033,0,1,0.61070526,0,1,0.72300714,1,0,0.11102138,0
10735,1,0.8757301,1,0,0.0065727127,0,0,0.078004725,0,0,0.029959714,0,0,0.029533958,0
10741,0,0.6393619,1,0,0.012642293,0,1,0.52046955,0,0,0.033073336,0,0,0.06783624,0
10756,1,0.9049188,1,0,0.0071116844,0,0,0.067017026,0,0,0.01652094,0,0,0.030958436,0
10764,0,0.38421708,1,1,0.5126294,1,0,0.08036961,0,0,0.065793216,0,1,0.12627767,0
10766,0,0.34683195,1,1,0.36163613,1,1,0.29791984,0,0,0.09160658,0,1,0.16769232,0
10767,1,0.90541065,1,0,0.011952045,0,0,0.0559486,0,0,0.012169076,0,0,0.032436084,0
10772,0,0.22268917,0,0,0.085276484,0,1,0.4896993,0,0,0.49236143,1,0,0.13921332,0
10784,0,0.015165329,0,1,0.8038279,1,0,0.34964517,0,0,0.162598,0,1,0.44751635,1
10787,1,0.39273098,1,0,0.020862713,0,0,0.8101945,1,0,0.031400416,0,0,0.09422669,0
10791,0,0.8094118,1,0,0.003832693,0,0,0.31499928,0,1,0.022871243,0,0,0.04141426,0
10805,0,0.005982258,0,1,0.8802406,1,0,0.0857909,0,0,0.23797864,0,0,0.36970013,1
10817,0,0.025038898,0,0,0.36203128,1,1,0.48426512,0,0,0.7767779,1,0,0.19953647,0
10820,1,0.7204003,1,0,0.07959307,0,0,0.18122031,0,0,0.06326067,0,0,0.09666138,0
10825,0,0.5431678,1,1,0.39767078,1,0,0.06528784,0,0,0.05177978,0,0,0.116261095,0
10838,0,0.067161486,0,1,0.6258462,1,0,0.20944624,0,1,0.48353574,1,0,0.23975864,0
10839,0,0.043767978,0,1,0.7292253,1,0,0.32372978,0,0,0.33410448,0,0,0.41078812,1
10840,1,0.3888215,1,0,0.052224543,0,0,0.3163086,0,0,0.4212881,1,0,0.10678449,0
10841,1,0.54321665,1,0,0.12516974,0,0,0.40687928,0,0,0.048347294,0,0,0.13632049,0
10844,0,0.00034702988,0,1,0.72177714,1,0,0.66576827,0,1,0.68466216,1,1,0.5726021,1
10846,1,0.11379193,0,0,0.18957129,0,0,0.86111546,1,0,0.12450856,0,0,0.19606295,0
10848,0,0.049227525,0,0,0.038572796,0,1,0.9610574,1,0,0.12996197,0,0,0.12331369,0
10855,1,0.48309487,1,0,0.09055414,0,0,0.5984152,0,0,0.06264212,0,0,0.15984076,0
10858,1,0.9395937,1,0,0.003475102,0,0,0.03853444,0,0,0.0068940567,0,0,0.0177603,0
10869,0,0.032293584,0,0,0.084623076,0,1,0.9396794,1,0,0.30825943,0,0,0.19924535,0
10872,0,0.0073563484,0,0,0.11785838,0,1,0.98408645,1,1,0.28852767,0,0,0.15341768,0
10873,0,0.11814235,0,0,0.6927517,1,0,0.2026184,0,1,0.21595393,0,0,0.27288234,1
10884,1,0.35250327,1,0,0.022167606,0,0,0.66032314,0,0,0.16287452,0,0,0.08927617,0
10885,1,0.6519505,1,0,0.03023644,0,0,0.4626409,0,0,0.018927805,0,0,0.08351959,0
10887,1,0.10426832,0,0,0.16061072,0,0,0.09636395,0,0,0.72709674,1,0,0.066256315,0
10892,0,0.004596005,0,0,0.31695715,0,0,0.5079553,0,1,0.8903274,1,0,0.19720432,0
10896,1,0.79234016,1,0,0.025404701,0,0,0.18148863,0,0,0.004173222,0,0,0.04571227,0
10907,0,0.46687078,1,0,0.16025102,0,0,0.5199066,0,0,0.104194455,0,1,0.18887573,0
10911,1,0.45003146,1,0,0.28630453,0,0,0.2386679,0,0,0.15783319,0,0,0.16304916,0
10919,0,0.06323152,0,0,0.2543172,0,0,0.5191885,0,1,0.54047334,1,0,0.1543601,0
10920,1,0.22528525,0,0,0.09155622,0,0,0.77339405,1,0,0.20082153,0,0,0.16504435,0
10931,0,0.4752282,1,0,0.24642704,0,0,0.344917,0,0,0.24782935,0,1,0.20205486,0
10935,0,0.67902976,1,1,0.09302924,0,0,0.24170946,0,0,0.0688845,0,0,0.124366,0
10936,0,0.0030461824,0,1,0.5300148,1,1,0.5731281,0,0,0.8037622,1,0,0.3512878,1
10939,0,0.081747994,0,1,0.59446245,1,0,0.024407819,0,0,0.16112934,0,0,0.06763227,0
10942,0,0.0032552085,0,0,0.16861808,0,0,0.11410802,0,1,0.95740724,1,0,0.06525398,0
10946,0,0.00066998834,0,1,0.43516895,1,0,0.22067837,0,1,0.9443285,1,1,0.22251105,0
10947,1,0.8044208,1,0,0.018168297,0,0,0.21334288,0,0,0.014953061,0,0,0.057259947,0
10949,0,0.00012531254,0,1,0.22295365,0,0,0.100772865,0,1,0.9858305,1,0,0.08725722,0
10953,0,0.011184769,0,0,0.43867466,1,0,0.5471203,0,1,0.76183975,1,0,0.23852202,0
10954,0,0.9415831,1,0,0.0033869203,0,0,0.043681122,0,0,0.0039440263,0,1,0.017996151,0
10958,1,0.61419815,1,0,0.18617687,0,0,0.21195878,0,0,0.037044626,0,0,0.13630249,0
10959,1,0.33557674,1,0,0.24758478,0,0,0.50062513,0,0,0.04100824,0,0,0.16100214,0
10961,0,0.16398919,0,0,0.4188816,1,1,0.2749781,0,1,0.5036861,1,0,0.18512766,0
10964,1,0.38179398,1,0,0.028309798,0,0,0.5960363,0,0,0.19729267,0,0,0.098817356,0
10968,1,0.9088788,1,0,0.0041923528,0,0,0.09169084,0,0,0.0085573355,0,0,0.02576537,0
10970,1,0.89516586,1,0,0.0011067569,0,0,0.23492569,0,0,0.0028386172,0,0,0.019652206,0
10973,1,0.9011348,1,0,0.035749137,0,0,0.025023287,0,0,0.011357023,0,0,0.03483353,0
10975,1,0.18857786,0,0,0.3474744,0,0,0.5646188,0,0,0.1717219,0,0,0.18804976,0
10976,1,0.8565314,1,0,0.005960611,0,1,0.18638779,0,0,0.016252428,0,0,0.0411067,0
10982,0,0.00013281137,0,0,0.0850685,0,1,0.9850603,1,1,0.8599963,1,0,0.08255647,0
10994,0,0.012814373,0,0,0.49957228,1,0,0.7080894,1,0,0.6156699,1,1,0.24991548,0
10995,0,0.0006882538,0,0,0.13722377,0,1,0.90654576,1,1,0.8980095,1,0,0.092680156,0
10999,0,0.008027357,0,0,0.11421568,0,1,0.97434366,1,0,0.18785027,0,0,0.19760254,0
11008,1,0.89208317,1,0,0.011416526,0,0,0.06952098,0,0,0.016463086,0,0,0.03383222,0
11023,0,0.0008063172,0,1,0.16462359,0,1,0.9391113,1,1,0.84758466,1,0,0.11406495,0
11025,0,0.01600829,0,0,0.10667973,0,1,0.91376096,1,1,0.61175495,1,1,0.13175462,0
11026,0,0.019959211,0,1,0.33487248,0,0,0.6825099,0,1,0.71646357,1,0,0.20512791,0
11029,0,0.0005162602,0,1,0.6097771,1,0,0.3311266,0,1,0.8945511,1,1,0.40860865,1
11031,0,0.015454038,0,1,0.6712306,1,0,0.1724447,0,1,0.59872746,1,0,0.2576389,1
11032,0,0.0038311565,0,1,0.84050363,1,0,0.4136876,0,1,0.30421713,0,1,0.58297247,1
11036,0,0.13749067,0,1,0.18025996,0,0,0.34612957,0,0,0.6197558,1,0,0.12796363,0
11041,1,0.69500875,1,0,0.045658436,0,0,0.31980926,0,0,0.030727718,0,0,0.09214569,0
11042,0,0.0037951947,0,1,0.25115332,0,1,0.85882664,1,0,0.77971053,1,0,0.13593127,0
11043,0,0.3720012,1,0,0.08360221,0,0,0.29856655,0,1,0.39774615,0,0,0.09709652,0
11046,0,0.123930976,0,0,0.04380309,0,1,0.8946736,1,0,0.16305982,0,0,0.12765865,0
11053,0,0.0490994,0,0,0.03556212,0,1,0.96197987,1,0,0.14347084,0,1,0.12658109,0
11065,1,0.581546,1,0,0.046234462,0,0,0.5258652,0,0,0.037265588,0,0,0.10711929,0
11067,1,0.7517805,1,0,0.06242731,0,0,0.15998882,0,0,0.017659364,0,0,0.079720244,0
11068,0,0.017959885,0,1,0.87625414,1,0,0.055198096,0,0,0.06903555,0,0,0.28606987,1
11070,0,0.013007617,0,1,0.8503018,1,1,0.16412558,0,0,0.26452342,0,0,0.45749408,1
11071,0,0.046579264,0,0,0.5252797,1,1,0.4645074,0,1,0.6320726,1,0,0.31744066,1
11084,1,0.824433,1,0,0.06091973,0,0,0.06779268,0,0,0.016010506,0,0,0.060692355,0
11085,0,0.005940377,0,1,0.6813306,1,1,0.61565906,0,1,0.52231395,1,1,0.5427711,1
11093,0,0.060196124,0,0,0.01692382,0,1,0.9536885,1,0,0.117300615,0,0,0.09349321,0
11094,0,0.15900241,0,1,0.59321415,1,1,0.20817101,0,0,0.33826005,0,0,0.21650651,0
11096,0,0.006990162,0,0,0.29397023,0,1,0.96277326,1,1,0.33805034,0,0,0.19454095,0
11101,0,0.1006074,0,0,0.018207954,0,1,0.8955439,1,1,0.21141903,0,1,0.09150333,0
11106,0,0.0007279151,0,1,0.93123627,1,0,0.11223289,0,1,0.38878787,0,1,0.6150204,1
11110,0,0.006182651,0,0,0.26826492,0,1,0.69849235,0,1,0.8525964,1,1,0.16522133,0
11133,0,0.007997757,0,1,0.86771894,1,0,0.20863612,0,0,0.3064731,0,0,0.59207386,1
11136,1,0.92427355,1,0,0.013397317,0,0,0.031456515,0,0,0.003553098,0,0,0.024995986,0
11138,1,0.798627,1,0,0.010308602,0,0,0.28848392,0,0,0.024088273,0,0,0.0598734,0
11150,0,0.025365682,0,1,0.7966872,1,0,0.25550118,0,0,0.16255073,0,0,0.38553312,1
11153,0,0.001068152,0,0,0.29349408,0,1,0.95960796,1,1,0.6617405,1,0,0.20049538,0
11155,1,0.79254466,1,0,0.018989839,0,0,0.117243454,0,0,0.08122672,0,0,0.052459825,0
11170,0,0.047382496,0,0,0.026025705,0,1,0.9571279,1,1,0.18328884,0,0,0.10880016,0
11172,1,0.6233547,1,0,0.075019665,0,0,0.34339052,0,0,0.12034643,0,0,0.13003312,0
11191,0,0.008842364,0,1,0.31183508,0,1,0.8428806,1,1,0.7009726,1,0,0.22119693,0
11195,1,0.79918426,1,0,0.01476396,0,0,0.23944329,0,0,0.011463306,0,0,0.051010463,0
11200,1,0.8072995,1,0,0.022268098,0,0,0.1804735,0,0,0.036715142,0,0,0.06593028,0
11209,1,0.5548361,1,0,0.04785877,0,1,0.3373935,0,0,0.20236939,0,0,0.11784482,0
11212,0,0.6444748,1,0,0.05455216,0,0,0.38117832,0,1,0.08512017,0,0,0.12154104,0
11217,0,0.021804145,0,0,0.1836906,0,1,0.92346895,1,1,0.5085084,1,1,0.18057717,0
11220,0,0.015720464,0,0,0.15270863,0,1,0.9385017,1,1,0.47346455,1,0,0.18933198,0
11224,0,0.17138672,0,0,0.06273645,0,0,0.13045843,0,1,0.73808366,1,0,0.065871336,0
11227,0,0.008880324,0,0,0.15069592,0,1,0.9430079,1,1,0.53655505,1,0,0.18858016,0
11228,1,0.4990038,1,0,0.06900123,0,0,0.4812674,0,0,0.19020607,0,0,0.14487392,0
11233,1,0.5580083,1,0,0.08351607,0,0,0.4436365,0,0,0.094067074,0,0,0.13878118,0
11241,0,0.031289868,0,0,0.33650237,0,0,0.17600022,0,1,0.7928322,1,0,0.12528232,0
11247,1,0.36507812,1,0,0.031262983,0,0,0.7449248,1,0,0.07450662,0,0,0.1059709,0
11253,1,0.40453938,1,0,0.13705473,0,0,0.54750174,0,0,0.068175055,0,0,0.141057,0
11254,1,0.7230674,1,0,0.01138953,0,0,0.06434577,0,0,0.2209093,0,0,0.031955093,0
11255,0,0.00070957845,0,0,0.050750874,0,0,0.05043442,0,1,0.98821694,1,0,0.018567825,0
11256,1,0.21511038,0,0,0.20489666,0,0,0.457484,0,0,0.44227958,1,0,0.1793437,0
11258,0,0.00882357,0,0,0.30427212,0,1,0.40284646,0,1,0.8845231,1,0,0.16912882,0
11267,1,0.6530481,1,0,0.010018375,0,0,0.5728849,0,0,0.031728182,0,0,0.07173195,0
11270,0,0.004151078,0,0,0.10703851,0,1,0.98074913,1,0,0.46781924,1,0,0.14224042,0
11279,1,0.7590683,1,0,0.008899596,0,0,0.38132054,0,0,0.022781538,0,0,0.05889379,0
11291,0,0.068783864,0,0,0.0285264,0,0,0.14437333,0,1,0.8583886,1,0,0.046421077,0
11295,0,0.016087886,0,0,0.17702441,0,1,0.96552217,1,0,0.2178766,0,0,0.1690472,0
11299,1,0.77418834,1,0,0.17354247,0,0,0.032987013,0,0,0.0076543777,0,0,0.05819668,0
11304,1,0.47927728,1,0,0.10163584,0,0,0.56232303,0,0,0.073465474,0,0,0.14869297,0
11325,1,0.5231361,1,0,0.10024557,0,0,0.4500432,0,0,0.10012093,0,0,0.14019968,0
11327,0,0.008212023,0,0,0.41980234,1,1,0.9271881,1,0,0.34613302,0,0,0.25830185,1
11329,0,0.0075718644,0,0,0.15442719,0,1,0.94542056,1,1,0.5828488,1,0,0.16510813,0
11330,0,0.007155461,0,0,0.16206227,0,1,0.95955056,1,1,0.4971281,1,0,0.18040457,0
11334,0,0.026642488,0,0,0.036738724,0,1,0.9822563,1,0,0.083482556,0,0,0.1319876,0
11344,0,0.0022375474,0,1,0.92383343,1,0,0.12263909,0,0,0.12068025,0,1,0.55030537,1
11347,1,0.11226957,0,0,0.48998752,1,1,0.4992545,0,0,0.09257093,0,0,0.18247406,0
11352,0,0.17731115,0,0,0.4323241,1,0,0.3175786,0,1,0.36901388,0,0,0.23164542,0
11359,0,0.67090285,1,0,0.15658158,0,0,0.10193312,0,1,0.11621008,0,0,0.09348586,0
11366,1,0.5106381,1,0,0.30411628,0,0,0.2743076,0,0,0.11906798,0,0,0.19286208,0
11370,0,0.00016478176,0,0,0.085799225,0,1,0.9716502,1,1,0.902195,1,0,0.0684052,0
11373,1,0.84102863,1,0,0.017482826,0,0,0.1417662,0,0,0.0121106785,0,0,0.047558486,0
11377,0,0.09678269,0,1,0.7332384,1,0,0.15727147,0,0,0.13998969,0,0,0.28715953,1
11378,0,0.17991734,0,1,0.6322926,1,0,0.17002252,0,0,0.15897611,0,0,0.18215111,0
11382,1,0.15841515,0,0,0.6300033,1,0,0.13254957,0,0,0.1886838,0,0,0.17319521,0
11384,0,0.20514843,0,0,0.12112939,0,0,0.76207745,1,1,0.19694546,0,0,0.16695242,0
11388,1,0.57773083,1,0,0.021426013,0,0,0.6133614,0,0,0.05123548,0,0,0.098392755,0
11396,0,0.00048647236,0,0,0.09342981,0,1,0.96706843,1,1,0.84822613,1,0,0.08463612,0
11401,0,0.006966318,0,0,0.2828279,0,1,0.9679729,1,0,0.28367168,0,0,0.19941558,0
11403,1,0.93827516,1,0,0.014192834,0,0,0.01819157,0,0,0.0044016484,0,0,0.021041658,0
11405,0,0.16770577,0,1,0.54666895,1,0,0.30825943,0,0,0.26279533,0,0,0.20735008,0
11409,0,0.00029714374,0,0,0.110731855,0,1,0.96447164,1,1,0.88127357,1,1,0.08472422,0
11416,1,0.74302435,1,0,0.010615778,0,0,0.38027,0,0,0.010184255,0,0,0.05032539,0
11420,0,0.14592473,0,1,0.20199221,0,0,0.36514145,0,0,0.5799833,1,0,0.15081143,0
11421,1,0.59856486,1,0,0.2868436,0,0,0.1061663,0,0,0.047944706,0,0,0.101418234,0
11430,0,0.0074087204,0,0,0.20600393,0,1,0.98235196,1,0,0.18863946,0,0,0.17143212,0
11441,0,0.089997254,0,0,0.1129233,0,1,0.89314234,1,0,0.24939333,0,1,0.18780456,0
11442,0,0.00031795347,0,0,0.11795343,0,1,0.95118254,1,1,0.89660543,1,0,0.085680544,0
11443,0,0.17019269,0,1,0.5007632,1,0,0.46627304,0,1,0.31246933,0,0,0.3035604,1
11454,1,0.9363572,1,0,0.0029720932,0,1,0.056773286,0,0,0.003451217,0,0,0.018187283,0
11455,1,0.8427968,1,0,0.014758489,0,0,0.14801115,0,0,0.0044837683,0,0,0.038433436,0
11473,1,0.60921335,1,0,0.054082043,0,0,0.34237948,0,0,0.13865316,0,0,0.112431094,0
11475,0,0.015363755,0,0,0.17555985,0,1,0.96945703,1,0,0.22542314,0,0,0.19061823,0
11476,0,0.84404474,1,0,0.023548905,0,1,0.1163337,0,0,0.022428416,0,0,0.054179322,0
11478,1,0.8288474,1,0,0.072702,0,0,0.05462219,0,0,0.018786456,0,0,0.057032738,0
11484,1,0.6434315,1,0,0.122292325,0,0,0.2047044,0,0,0.040734425,0,0,0.09541744,0
11489,1,0.9270616,1,0,0.0052517746,0,0,0.054173704,0,0,0.0057093385,0,0,0.024101503,0
11494,0,0.2980128,0,1,0.5288883,1,0,0.22509012,0,0,0.15613253,0,0,0.22348887,0
11500,0,0.0003985807,0,0,0.15058309,0,1,0.9549815,1,1,0.8407086,1,0,0.10705388,0
11503,1,0.52489614,1,0,0.38190833,1,0,0.10953313,0,0,0.0384545,0,0,0.12059176,0
11511,1,0.7596424,1,0,0.018578371,0,0,0.2868391,0,0,0.014342813,0,0,0.0627427,0
11512,0,0.000116501105,0,0,0.31118926,0,0,0.13842046,0,1,0.98109996,1,0,0.13675287,0
11514,0,0.006907442,0,1,0.8575192,1,0,0.269169,0,0,0.19457099,0,1,0.52051085,1
11516,0,0.32063773,1,1,0.4772815,1,0,0.24658474,0,0,0.15974659,0,0,0.20260873,0
11518,0,0.7427425,1,0,0.03487787,0,0,0.25081247,0,0,0.021410204,0,1,0.079433024,0
11520,1,0.74719906,1,0,0.029528549,0,0,0.27055398,0,0,0.03380591,0,0,0.082701504,0
11532,1,0.94327503,1,0,0.0029504225,0,0,0.036516063,0,0,0.006272253,0,0,0.016463827,0
11544,0,0.008187229,0,1,0.5059463,1,0,0.6252135,0,1,0.7262982,1,0,0.31693184,1
11551,0,0.28852046,0,1,0.47762305,1,0,0.10273168,0,0,0.23897992,0,0,0.12552007,0
11552,1,0.86472464,1,0,0.012094505,0,0,0.04355472,0,0,0.04512464,0,0,0.026861852,0
11557,0,0.04749989,0,0,0.054256693,0,1,0.9660855,1,0,0.11442742,0,0,0.14207438,0
11567,0,0.0005997333,0,0,0.14977393,0,1,0.9869103,1,0,0.6549147,1,0,0.10960036,0
11573,0,0.39048824,1,1,0.48799315,1,0,0.07770004,0,0,0.11878696,0,0,0.09697331,0
11574,1,0.78783566,1,0,0.0078934925,0,0,0.32970476,0,0,0.00782786,0,0,0.044306666,0
11588,0,0.18813716,0,0,0.12051725,0,0,0.65455467,0,1,0.43437314,1,1,0.18759473,0
11596,1,0.27831626,0,0,0.5086978,1,0,0.01607813,0,0,0.060180727,0,0,0.04538823,0
11606,1,0.66824776,1,0,0.3178743,0,0,0.036249273,0,0,0.028708242,0,0,0.076451875,0
11613,1,0.8007997,1,0,0.019162271,0,0,0.14176384,0,0,0.051156033,0,0,0.055354234,0
11616,0,0.0008342607,0,1,0.9047474,1,0,0.29461926,0,1,0.4384027,1,0,0.7446427,1
11627,1,0.75728226,1,0,0.12462316,0,0,0.05970747,0,0,0.04528253,0,0,0.070005514,0
11628,1,0.7866867,1,0,0.094325736,0,0,0.082619265,0,0,0.048513345,0,0,0.083845966,0
11635,1,0.73482877,1,0,0.03603702,0,0,0.2787516,0,0,0.033650707,0,0,0.08768316,0
11636,0,0.0016793117,0,1,0.56993675,1,1,0.92796993,1,0,0.24382189,0,1,0.39496806,1
11637,0,0.2722138,0,0,0.3692938,1,0,0.3554286,0,1,0.35201928,0,0,0.18125768,0
11643,0,0.024766047,0,1,0.3171889,0,0,0.5008637,0,1,0.7716511,1,0,0.19977218,0
11649,0,0.0037219704,0,0,0.34145036,0,1,0.9262283,1,1,0.46220028,1,0,0.30312023,1
11654,1,0.5310898,1,0,0.07832452,0,0,0.53679687,0,0,0.06996793,0,0,0.1412711,0
11671,0,0.86142576,1,0,0.026164984,0,0,0.07885958,0,1,0.016133538,0,0,0.04401594,0
11677,1,0.5480599,1,0,0.090597264,0,0,0.15695244,0,0,0.32662353,0,0,0.09700359,0
11685,0,0.1521587,0,1,0.18175083,0,0,0.13521914,0,0,0.66046584,1,0,0.09135959,0
11691,0,0.008287812,0,1,0.86999434,1,0,0.17861919,0,0,0.21174777,0,1,0.5053062,1
11696,1,0.70653987,1,0,0.2092409,0,0,0.06510118,0,0,0.031267215,0,0,0.081015565,0
11702,1,0.88334686,1,0,0.0036609857,0,0,0.15991102,0,0,0.0033770136,0,0,0.02501704,0
11705,1,0.8145331,1,0,0.010779075,0,0,0.24546203,0,0,0.0075015724,0,0,0.046025947,0
11708,1,0.41736645,1,0,0.2546468,0,0,0.36637723,0,0,0.15280876,0,0,0.18270163,0
11710,1,0.5861715,1,0,0.17757559,0,0,0.20785102,0,0,0.042124107,0,0,0.10655447,0
11711,1,0.21992828,0,0,0.45320573,1,0,0.44486436,0,0,0.1288892,0,0,0.21690981,0
11713,1,0.88142496,1,0,0.0044534104,0,0,0.16057345,0,0,0.0023486498,0,0,0.024331663,0
11714,1,0.16963993,0,0,0.17849779,0,0,0.70979255,1,0,0.28388315,0,0,0.17019211,0
11715,0,0.0006203552,0,1,0.36699992,1,0,0.18774451,0,1,0.95691425,1,0,0.1637931,0
11734,1,0.40366927,1,0,0.20367478,0,0,0.50402504,0,0,0.062146764,0,0,0.16652693,0
11739,1,0.88914675,1,0,0.0032848842,0,0,0.15872617,0,0,0.0037648287,0,0,0.024984378,0
11745,1,0.7485452,1,0,0.018874971,0,0,0.1447583,0,0,0.11668757,0,0,0.05932915,0
11757,0,0.24998963,0,0,0.007062327,0,0,0.06144011,0,1,0.7189817,1,0,0.02100406,0
11759,0,0.13135697,0,1,0.5897461,1,0,0.42939132,0,0,0.20159961,0,0,0.25555253,1
11762,1,0.46460724,1,0,0.056470506,0,0,0.66538775,0,0,0.03199101,0,0,0.11951717,0
11765,1,0.8109833,1,0,0.024435973,0,0,0.09463367,0,0,0.07124075,0,0,0.05215205,0
11768,1,0.9358414,1,0,0.008224191,0,0,0.032229174,0,0,0.003759769,0,0,0.021358639,0
11782,1,0.9019421,1,0,0.0034974257,0,0,0.12657982,0,0,0.0035200582,0,0,0.024455752,0
11790,1,0.83659965,1,0,0.026278846,0,0,0.12250042,0,0,0.012155791,0,0,0.0542525,0
11798,1,0.9118178,1,0,0.0058125895,0,0,0.07988659,0,0,0.004628703,0,0,0.02587344,0
11799,0,0.57131016,1,0,0.0900749,0,0,0.30716923,0,1,0.20994277,0,0,0.12822177,0
11803,1,0.8813475,1,0,0.005733426,0,0,0.1210659,0,0,0.015678948,0,0,0.034137353,0
11827,0,0.09252266,0,0,0.64527893,1,1,0.31837767,0,0,0.21873206,0,1,0.28934866,1
11830,0,0.022608839,0,0,0.06535654,0,1,0.9731426,1,0,0.23086263,0,0,0.1585982,0
11833,1,0.64295405,1,0,0.05768748,0,0,0.36888248,0,0,0.06427154,0,0,0.11011636,0
11834,0,0.34662828,1,0,0.025397334,0,1,0.792489,1,0,0.077345386,0,0,0.10700486,0
11836,0,0.008721998,0,1,0.8666947,1,0,0.1535368,0,1,0.27362362,0,1,0.490753,1
11848,0,0.0634939,0,1,0.09147959,0,1,0.9395194,1,0,0.1200865,0,0,0.16301137,0
11858,1,0.2645517,0,0,0.55051905,1,0,0.27739048,0,0,0.14461233,0,0,0.23746796,0
11859,0,0.009002718,0,1,0.8510292,1,0,0.18010035,0,0,0.26875117,0,0,0.42752403,1
11860,0,0.0067186723,0,1,0.71827996,1,0,0.656854,0,0,0.2808488,0,0,0.40566552,1
11864,1,0.2665398,0,0,0.16093156,0,0,0.5133218,0,0,0.37833148,0,0,0.16071856,0
11870,0,0.013524118,0,0,0.12011309,0,1,0.96402264,1,0,0.14220077,0,0,0.21803516,0
11871,0,0.7187192,1,0,0.030067036,0,0,0.25643966,0,1,0.06692941,0,0,0.07994348,0
11874,1,0.8821039,1,0,0.0043080314,0,0,0.16056311,0,0,0.0078047737,0,0,0.03169354,0
11882,0,0.0010070724,0,1,0.847958,1,1,0.5646,0,0,0.35201454,0,1,0.66243947,1
11884,1,0.5815057,1,0,0.09505544,0,0,0.40129188,0,0,0.06261669,0,0,0.13915776,0
11888,1,0.41158494,1,0,0.5269357,1,0,0.06785039,0,0,0.032397095,0,0,0.13541009,0
11893,0,0.0061277193,0,0,0.68699014,1,0,0.540797,0,1,0.5574001,1,0,0.38293573,1
11902,0,0.0009631481,0,0,0.11404038,0,0,0.48299128,0,1,0.96532595,1,0,0.065571316,0
11908,1,0.799011,1,0,0.00838893,0,0,0.29521528,0,0,0.00856462,0,0,0.04457042,0
11912,1,0.78878117,1,0,0.03131198,0,0,0.17793912,0,0,0.011681911,0,0,0.06067356,0
11920,0,0.3949783,1,0,0.30344912,0,0,0.37577423,0,0,0.14367184,0,1,0.1949366,0
11921,1,0.7551803,1,0,0.009973612,0,0,0.34965256,0,0,0.039411973,0,0,0.06553198,0
11925,1,0.7699132,1,0,0.038475294,0,0,0.1230139,0,0,0.07729346,0,0,0.06461447,0
11940,0,0.0016716134,0,0,0.09651423,0,0,0.11232008,0,1,0.977869,1,0,0.038138572,0
11941,1,0.5556267,1,0,0.096357524,0,0,0.46260157,0,0,0.043189522,0,0,0.14103192,0
11944,0,0.0011006912,0,0,0.077694625,0,0,0.07694464,0,1,0.9839008,1,0,0.02675444,0
11948,0,0.041660335,0,0,0.19133045,0,0,0.3705486,0,1,0.81283677,1,0,0.1513072,0
11955,1,0.7818784,1,0,0.016009545,0,0,0.1691713,0,0,0.046217635,0,0,0.050468795,0
11956,1,0.8230596,1,0,0.012293206,0,0,0.21150379,0,0,0.0115065975,0,0,0.048838306,0
11963,0,0.028586084,0,0,0.016494347,0,1,0.96355826,1,1,0.25118864,0,0,0.090302125,0
11964,0,0.012429508,0,0,0.4499127,1,0,0.85471624,1,1,0.49883637,1,1,0.25939158,1
11968,1,0.83534336,1,0,0.015473176,0,0,0.15689833,0,0,0.015751954,0,0,0.04873608,0
11969,0,0.24784988,0,0,0.26654544,0,0,0.17800853,0,1,0.5122128,1,0,0.12199807,0
11972,0,0.25137705,0,1,0.21353315,0,0,0.6020875,0,0,0.3192956,0,0,0.20391512,0
11978,0,0.022252189,0,0,0.06307186,0,1,0.9749452,1,0,0.22414581,0,0,0.15800667,0
11992,1,0.9586249,1,0,0.0040420913,0,0,0.018049633,0,0,0.0023327023,0,0,0.0133369705,0
12006,1,0.8173927,1,0,0.012168462,0,0,0.23080787,0,0,0.0118233785,0,0,0.05177301,0
12011,0,0.11644024,0,0,0.008440833,0,1,0.9207393,1,0,0.114616156,0,0,0.06916556,0
12015,0,0.13065885,0,1,0.56484896,1,0,0.30605847,0,0,0.40038878,1,0,0.23278989,0
12024,0,0.35400847,1,0,0.07559869,0,1,0.51491725,0,1,0.30487752,0,0,0.1619939,0
12028,0,0.5652697,1,1,0.19933282,0,1,0.24232404,0,0,0.092840694,0,0,0.1391881,0
12029,1,0.6667561,1,0,0.12617736,0,0,0.20024599,0,0,0.026776114,0,0,0.10127394,0
12031,0,0.08173131,0,0,0.20901045,0,0,0.86256486,1,0,0.16261372,0,1,0.18633364,0
12040,1,0.82471204,1,0,0.07780293,0,0,0.037460085,0,0,0.046469133,0,0,0.046694625,0
12045,0,0.55934,1,1,0.20253012,0,0,0.110995024,0,0,0.22472583,0,0,0.10404365,0
12047,0,0.0256431,0,1,0.86502504,1,0,0.05224775,0,0,0.04552277,0,0,0.26081306,1
12050,1,0.94387734,1,0,0.0012568706,0,0,0.06603206,0,0,0.0027966748,0,0,0.01346431,0
12070,0,0.72973126,1,0,0.005142169,0,0,0.45110315,0,0,0.02288125,0,1,0.047429234,0
12072,1,0.49854976,1,0,0.05344536,0,0,0.632331,0,0,0.046072364,0,0,0.12446736,0
12091,0,0.07452007,0,0,0.10825327,0,1,0.9038126,1,0,0.2040352,0,0,0.18567733,0
12101,1,0.6979032,1,0,0.07008571,0,0,0.1664556,0,0,0.0917325,0,0,0.082095146,0
12103,0,0.37823486,1,0,0.022809183,0,0,0.598034,0,1,0.19982602,0,0,0.0943341,0
12109,1,0.7037929,1,0,0.032843713,0,0,0.34821466,0,0,0.025334302,0,0,0.08578654,0
12114,1,0.54609096,1,0,0.013027508,0,0,0.7223028,1,0,0.017018933,0,0,0.07676786,0
12124,0,0.46680307,1,0,0.08176054,0,0,0.08640022,0,1,0.41750798,1,0,0.05551469,0
12131,0,0.22792056,0,1,0.63492066,1,0,0.106109254,0,0,0.09861531,0,1,0.17564027,0
12137,0,0.46950066,1,0,0.06205312,0,0,0.20276195,0,1,0.40510023,1,0,0.10577972,0
12148,1,0.88740873,1,0,0.011612819,0,1,0.090207726,0,0,0.0049896715,0,0,0.032876004,0
12160,1,0.53788215,1,0,0.04896541,0,0,0.5867837,0,0,0.038719464,0,0,0.11341688,0
12162,0,0.008983918,0,0,0.29226756,0,1,0.42943755,0,1,0.8824852,1,0,0.15649432,0
12169,0,0.0013694585,0,0,0.17490956,0,0,0.19544323,0,1,0.969584,1,0,0.08391602,0
12184,1,0.94372404,1,0,0.0028302516,0,0,0.045606703,0,0,0.0034022501,0,0,0.016991897,0
12185,1,0.7128644,1,0,0.031661514,0,0,0.34133372,0,0,0.02824557,0,0,0.08807979,0
12190,0,0.0059743463,0,0,0.21270148,0,0,0.27353054,0,1,0.93081284,1,0,0.12889387,0
12194,1,0.9476218,1,0,0.0048676278,0,0,0.028455893,0,0,0.0036504932,0,0,0.017013477,0
12197,0,0.017372018,0,0,0.072757505,0,0,0.16809557,0,1,0.92588407,1,0,0.07182331,0
12206,0,0.49707973,1,0,0.11788873,0,0,0.28703964,0,1,0.25326625,0,0,0.14058614,0
12207,0,0.01590393,0,0,0.00935001,0,1,0.96653473,1,1,0.35361803,0,0,0.067249045,0
12212,0,0.6383503,1,0,0.014278121,0,0,0.16306962,0,1,0.24341583,0,0,0.054233514,0
12220,1,0.6656458,1,0,0.003938775,0,0,0.61404234,0,0,0.018950943,0,0,0.048158973,0
12221,0,0.34842917,1,0,0.38153428,1,1,0.337132,0,1,0.2341775,0,0,0.23564099,0
12229,1,0.8133311,1,0,0.109913684,0,0,0.040232744,0,0,0.024135306,0,0,0.05112461,0
12230,1,0.11356762,0,0,0.55603343,1,0,0.4469665,0,0,0.07032732,0,0,0.2128862,0
12234,0,0.009697764,0,1,0.9108567,1,0,0.021474177,0,0,0.03861023,0,0,0.22396845,0
12243,1,0.7079271,1,0,0.03950837,0,0,0.32677615,0,0,0.026825322,0,0,0.091101445,0
12249,0,0.012681304,0,0,0.1519977,0,1,0.7434095,1,1,0.79583967,1,0,0.14238968,0
12254,1,0.23410413,0,0,0.36390245,1,0,0.56047595,0,0,0.12811911,0,0,0.2215979,0
12256,1,0.7298967,1,0,0.2520594,0,0,0.01696219,0,0,0.013405501,0,0,0.04510035,0
12260,0,0.016379401,0,0,0.286219,0,1,0.8651774,1,1,0.6198278,1,0,0.21095833,0
12263,1,0.87141025,1,0,0.00254549,0,0,0.22900182,0,0,0.009211271,0,0,0.031179855,0
12288,0,0.00015876984,0,1,0.69421697,1,1,0.22139367,0,1,0.91547865,1,0,0.45160607,1
12290,0,0.025825711,0,0,0.10229429,0,1,0.74017215,1,1,0.72907495,1,0,0.1282011,0
12298,1,0.759344,1,0,0.046333916,0,0,0.1860007,0,0,0.04936447,0,0,0.08451888,0
12299,1,0.13142,0,0,0.112132065,0,1,0.840424,1,0,0.1987769,0,0,0.16725029,0
12300,0,0.016712788,0,0,0.19589537,0,0,0.7340718,1,1,0.7768597,1,0,0.15795663,0
12301,0,0.77844286,1,0,0.06093198,0,0,0.14707369,0,0,0.030024303,0,1,0.07965045,0
12303,0,0.078512415,0,1,0.37190583,1,0,0.19960174,0,0,0.66399944,1,0,0.15739031,0
12306,1,0.24510424,0,0,0.21381223,0,1,0.6333845,0,0,0.25009748,0,0,0.19597529,0
12311,0,0.83758706,1,0,0.04610123,0,0,0.075604334,0,0,0.01522346,0,1,0.05794994,0
12312,1,0.29860514,0,0,0.35116553,1,0,0.09337063,0,0,0.30288917,0,0,0.10458683,0
12313,1,0.845544,1,0,0.015601703,0,0,0.14509976,0,0,0.006096282,0,0,0.042435545,0
12324,0,0.0025912505,0,1,0.15476157,0,1,0.68304265,0,1,0.91004497,1,0,0.10268055,0
12326,1,0.969036,1,0,0.0008533152,0,0,0.026470598,0,0,0.0010013145,0,0,0.008650252,0
12329,0,0.037902083,0,1,0.5421831,1,0,0.7297505,1,0,0.21173872,0,0,0.3248356,1
12330,1,0.7630878,1,0,0.014003159,0,0,0.31013358,0,0,0.02470135,0,0,0.061473444,0
12335,0,0.00043211956,0,1,0.114111595,0,1,0.5762011,0,1,0.9705878,1,0,0.06064971,0
12347,1,0.8278002,1,0,0.021561166,0,0,0.13995045,0,0,0.008186601,0,0,0.045804817,0
12350,0,0.009591597,0,1,0.37662765,1,1,0.9117214,1,0,0.3914857,0,0,0.17863372,0
12358,1,0.55054075,1,0,0.15188384,0,0,0.3724816,0,0,0.19839562,0,0,0.17842028,0
12361,1,0.6713903,1,0,0.05466268,0,0,0.3499453,0,0,0.05198302,0,0,0.10820453,0
12364,0,0.86929524,1,0,0.003950432,0,0,0.032025095,0,1,0.074915715,0,0,0.016596455,0
12376,1,0.45780373,1,0,0.07946381,0,0,0.6264874,0,0,0.10667044,0,0,0.15719199,0
12382,1,0.90812916,1,0,0.004441218,0,0,0.030790651,0,0,0.03263973,0,0,0.01849564,0
12387,0,0.72091156,1,0,0.003123794,0,1,0.5913549,0,0,0.005453936,0,0,0.03888224,0
12393,0,0.002724152,0,1,0.6051162,1,1,0.88108784,1,0,0.3186605,0,0,0.393371,1
12394,0,0.011121263,0,0,0.25464967,0,1,0.7604015,1,0,0.75271356,1,0,0.14752509,0
12402,0,0.6133888,1,0,0.19078845,0,1,0.20701793,0,0,0.0672855,0,0,0.13659672,0
12414,1,0.5439073,1,0,0.06327974,0,0,0.53366655,0,0,0.061854906,0,0,0.12704672,0
12417,0,0.0029714534,0,0,0.17734051,0,1,0.44355685,0,0,0.9370697,1,0,0.09276304,0
12418,0,0.0033508916,0,1,0.21173345,0,0,0.084668145,0,1,0.92847407,1,0,0.044221792,0
12419,0,0.0017968144,0,1,0.5670239,1,1,0.8760146,1,1,0.4936777,1,1,0.42959592,1
12420,1,0.66612834,1,0,0.08365752,0,0,0.24539629,0,0,0.015107205,0,0,0.09702731,0
12421,0,0.005444018,0,1,0.26703656,0,0,0.10606033,0,1,0.89798164,1,0,0.060017154,0
12425,0,0.033693004,0,1,0.7465288,1,0,0.17356503,0,0,0.31606305,0,0,0.29492655,1
12443,0,0.005819298,0,0,0.051913764,0,1,0.98053694,1,0,0.38846314,0,0,0.09631116,0
12447,0,0.0076478818,0,1,0.25656423,0,0,0.06415992,0,1,0.858924,1,0,0.041915394,0
12452,1,0.9298086,1,0,0.006095511,0,0,0.049972773,0,0,0.004292991,0,0,0.022784974,0
12459,0,0.35675788,1,0,0.053194858,0,1,0.72908854,1,0,0.0650077,0,0,0.11716967,0
12461,0,0.015552612,0,1,0.8550953,1,0,0.0990482,0,0,0.17794378,0,0,0.35202974,1
12462,0,0.00087619753,0,1,0.9011698,1,0,0.2659271,0,1,0.47984225,1,1,0.72145647,1
12470,1,0.3428979,1,0,0.098238036,0,0,0.66724724,0,0,0.079002514,0,0,0.13507451,0
12473,0,0.0016696204,0,1,0.89653856,1,0,0.2799628,0,0,0.26689005,0,1,0.63729227,1
12474,1,0.8378034,1,0,0.06224595,0,0,0.050725695,0,0,0.024591334,0,0,0.046797395,0
12475,1,0.83492124,1,0,0.007969478,0,0,0.15232803,0,0,0.031256117,0,0,0.040266845,0
12477,1,0.9456705,1,0,0.008318626,0,0,0.022508617,0,0,0.0040159198,0,0,0.019360254,0
12482,1,0.82342803,1,0,0.010693208,0,0,0.17708275,0,0,0.033679996,0,0,0.049542055,0
12484,0,0.01294699,0,0,0.36231908,1,0,0.12365618,0,1,0.7961456,1,0,0.07942484,0
12488,0,0.30819884,1,0,0.1453918,0,1,0.27598795,0,1,0.4876431,1,0,0.11598771,0
12490,0,0.026012354,0,0,0.23118263,0,0,0.66892284,0,1,0.7272092,1,0,0.16948564,0
12491,1,0.8193866,1,0,0.010029911,0,0,0.21969965,0,0,0.021472089,0,0,0.050452136,0
12506,0,0.005776146,0,0,0.18323708,0,0,0.078780934,0,0,0.91726536,1,1,0.037959263,0
12510,0,0.000513956,0,1,0.16407257,0,0,0.19602337,0,1,0.98075634,1,0,0.065720245,0
12520,1,0.48328757,1,0,0.08443169,0,0,0.11530579,0,0,0.40053174,1,0,0.065611035,0
12522,1,0.6992542,1,0,0.14949657,0,0,0.100241564,0,0,0.084905095,0,0,0.08939733,0
12527,0,0.009814812,0,1,0.23192063,0,1,0.9424411,1,0,0.48596245,1,0,0.16216493,0
12531,1,0.9230878,1,0,0.008952294,0,0,0.030877233,0,0,0.017442647,0,0,0.024628242,0
12538,0,0.01578957,0,0,0.050036035,0,1,0.97359145,1,0,0.24252932,0,0,0.11500312,0
12539,1,0.5724996,1,0,0.098873705,0,0,0.18983118,0,0,0.25375372,0,0,0.10153278,0
12547,0,0.0018459152,0,0,0.08089511,0,1,0.95494235,1,1,0.7890132,1,0,0.09894769,0
12550,0,0.53598136,1,0,0.011521995,0,1,0.50326204,0,0,0.12733981,0,0,0.07811133,0
12552,0,0.010196757,0,0,0.09750745,0,1,0.9857885,1,0,0.14275408,0,0,0.14325686,0
12556,1,0.7020622,1,0,0.03385002,0,0,0.22129196,0,0,0.11366217,0,0,0.08277442,0
12557,1,0.5803915,1,0,0.024484813,0,0,0.5954987,0,0,0.03049493,0,0,0.09034822,0
12562,0,0.032552093,0,0,0.07694759,0,1,0.966009,1,0,0.19085646,0,0,0.15812849,0
12569,0,0.0024013733,0,1,0.9230331,1,0,0.081420146,0,0,0.13021582,0,0,0.46252882,1
12582,0,0.16668735,0,1,0.62139016,1,0,0.1470486,0,0,0.19051352,0,0,0.19605693,0
12585,0,0.107233495,0,1,0.7127461,1,0,0.17425786,0,0,0.13166837,0,1,0.26752472,1
12588,1,0.6177584,1,0,0.2159305,0,0,0.11735289,0,0,0.105119,0,0,0.10466167,0
12592,1,0.78529257,1,0,0.08350706,0,0,0.09270739,0,0,0.015918585,0,0,0.07309681,0
12598,1,0.85567427,1,0,0.06607979,0,0,0.03799196,0,0,0.01974565,0,0,0.047321837,0
12600,0,0.0019540854,0,0,0.08443777,0,0,0.9823721,1,1,0.6001861,1,0,0.115008846,0
12611,0,0.21377413,0,1,0.5171514,1,0,0.15735437,0,0,0.31200153,0,0,0.1808088,0
12613,1,0.735793,1,0,0.035817537,0,0,0.28115425,0,0,0.023210593,0,0,0.08146764,0
12621,1,0.73135155,1,0,0.052376475,0,0,0.22412965,0,0,0.039696213,0,0,0.09049798,0
12626,1,0.95809925,1,0,0.0019380122,0,0,0.024693744,0,0,0.003459313,0,0,0.011985456,0
12635,0,0.8304758,1,0,0.011106966,0,0,0.19803219,0,0,0.004155636,0,1,0.040233176,0
12639,0,0.0028099313,0,0,0.12679332,0,0,0.9774435,1,1,0.55529547,1,0,0.1447365,0
12643,0,0.002861806,0,1,0.28684267,0,1,0.29017216,0,1,0.93821126,1,0,0.12765901,0
12646,0,0.00488023,0,1,0.91154414,1,0,0.06464852,0,0,0.11988455,0,1,0.40711597,1
12649,0,0.0014539646,0,1,0.93464893,1,0,0.119371206,0,0,0.18060072,0,1,0.6681216,1
12652,1,0.5747134,1,0,0.17771792,0,0,0.27449,0,0,0.055374682,0,0,0.13348436,0
12655,0,0.80936563,1,0,0.020572044,0,0,0.05729561,0,1,0.10044903,0,0,0.038078383,0
12667,0,0.0023771126,0,1,0.3981955,1,0,0.55670583,0,1,0.84339064,1,1,0.26296228,1
12670,0,0.10492126,0,1,0.7559447,1,0,0.066697866,0,0,0.06476369,0,0,0.15038449,0
12671,0,0.0066075632,0,0,0.05823685,0,1,0.98231655,1,1,0.38650185,0,0,0.1250333,0
12674,0,0.5945819,1,0,0.16845219,0,0,0.27401412,0,0,0.09511636,0,1,0.14959586,0
12675,0,0.021426894,0,0,0.019076698,0,1,0.89197403,1,1,0.56832725,1,0,0.07325887,0
12676,1,0.75782585,1,0,0.059957672,0,0,0.16905257,0,0,0.054201014,0,0,0.090526395,0
12681,0,0.09149293,0,1,0.31640837,0,0,0.18601552,0,0,0.6454421,1,0,0.14567953,0
12694,1,0.5821168,1,0,0.039144166,0,0,0.49126256,0,0,0.07674348,0,0,0.10785425,0
12702,1,0.8591613,1,0,0.0061797714,0,0,0.17369635,0,0,0.0043406403,0,0,0.02990357,0
12707,1,0.7788601,1,0,0.025887739,0,0,0.1600315,0,0,0.049430363,0,0,0.06350988,0
12713,1,0.7587629,1,0,0.0400487,0,0,0.22750406,0,0,0.026316304,0,0,0.083728135,0
12715,1,0.9187294,1,0,0.0054619084,0,0,0.07354549,0,0,0.003551692,0,0,0.024273144,0
12722,0,0.27536488,0,1,0.45328975,1,0,0.1324261,0,1,0.25928384,0,0,0.11811068,0
12724,0,0.0030784383,0,0,0.52018625,1,1,0.50857896,0,1,0.81755334,1,0,0.34192872,1
12727,1,0.663409,1,0,0.02978566,0,0,0.14625119,0,0,0.20743187,0,0,0.06430086,0
12734,1,0.81589174,1,0,0.0481286,0,0,0.095614366,0,0,0.015152708,0,0,0.055359878,0
12735,0,0.39210314,1,0,0.014447717,0,0,0.7239336,1,1,0.096011564,0,0,0.08446823,0
12738,0,0.13342807,0,1,0.595388,1,0,0.2021171,0,0,0.372477,0,0,0.2138612,0
12751,1,0.9432157,1,0,0.0049115266,0,0,0.028621607,0,0,0.006253749,0,0,0.018298347,0
12754,1,0.78444827,1,0,0.041651037,0,0,0.10169767,0,0,0.08997523,0,0,0.067994885,0
12757,1,0.9525008,1,0,0.002852454,0,0,0.026240865,0,0,0.004625984,0,0,0.0142244445,0
12758,0,0.04836332,0,1,0.76090866,1,0,0.22281176,0,1,0.22921091,0,0,0.35571966,1
12785,0,0.06298769,0,0,0.32635194,0,1,0.7702847,1,0,0.37801957,0,0,0.23572843,0
12787,0,0.12816589,0,1,0.72252214,1,0,0.08242096,0,0,0.08643375,0,0,0.16599716,0
12794,1,0.8504965,1,0,0.04649559,0,0,0.06391105,0,0,0.03165555,0,0,0.057175048,0
12802,0,0.0439207,0,1,0.54743063,1,0,0.28352478,0,0,0.606983,1,0,0.215445,0
12803,0,0.005503529,0,0,0.12999448,0,1,0.9494743,1,1,0.59616536,1,0,0.16289234,0
12818,0,0.10836234,0,0,0.023456939,0,1,0.93867046,1,0,0.1104581,0,0,0.114909895,0
12819,1,0.8816985,1,0,0.005222929,0,0,0.14656222,0,0,0.007235942,0,0,0.032162152,0
12822,0,0.15995058,0,1,0.64937276,1,0,0.18336074,0,0,0.20173822,0,0,0.22946744,0
12830,0,0.10286474,0,1,0.72706705,1,0,0.14653629,0,1,0.15569125,0,0,0.2267034,0
12832,1,0.7209445,1,0,0.08802328,0,0,0.17417045,0,0,0.057516087,0,0,0.100874685,0
12833,1,0.9331599,1,0,0.009495889,0,0,0.025213655,0,0,0.011267078,0,0,0.022322102,0
12841,0,0.00094732613,0,0,0.079751946,0,0,0.09875432,0,1,0.9837472,1,0,0.035190236,0
12842,1,0.5103219,1,0,0.21596368,0,0,0.24517156,0,0,0.12959285,0,0,0.15821914,0
12853,1,0.6019741,1,0,0.24910168,0,0,0.119423695,0,0,0.025600677,0,0,0.10805666,0
12860,1,0.7222028,1,0,0.14395832,0,0,0.07558242,0,0,0.029519733,0,0,0.07005892,0
12868,0,0.01688063,0,1,0.8311844,1,1,0.14947844,0,0,0.3002132,0,0,0.4167644,1
12870,0,0.00070621877,0,0,0.05923177,0,0,0.06334822,0,1,0.98604846,1,0,0.020310385,0
12871,0,0.03714755,0,1,0.300389,0,0,0.5412797,0,1,0.71976465,1,1,0.21828914,0
12872,0,0.00068742386,0,1,0.25591296,0,0,0.9415628,1,0,0.790607,1,0,0.17689154,0
12876,0,0.00086164905,0,0,0.22780323,0,1,0.9543757,1,1,0.751671,1,0,0.14013232,0
12877,1,0.036433764,0,0,0.36083832,1,1,0.86306494,1,0,0.38383627,0,0,0.22475442,0
12890,1,0.7799532,1,0,0.0123120835,0,0,0.3010866,0,0,0.010998913,0,0,0.05150689,0
12892,1,0.37004974,1,0,0.082952715,0,1,0.675257,0,0,0.124846496,0,0,0.15484698,0
12893,0,0.005485561,0,0,0.005247414,0,1,0.9869332,1,1,0.34338894,0,0,0.048278056,0
12894,0,0.77501726,1,0,0.014982511,0,0,0.26576614,0,0,0.04143472,0,1,0.06754002,0
12896,0,0.035235353,0,0,0.17700933,0,1,0.94158363,1,0,0.23760305,0,0,0.18897852,0
12897,0,0.00044436826,0,0,0.12646149,0,1,0.93431574,1,1,0.8965793,1,0,0.08688035,0
12898,0,0.1624835,0,0,0.625049,1,0,0.20914249,0,1,0.2494075,0,0,0.2424891,0
12900,1,0.9547091,1,0,0.00067528756,0,0,0.051294528,0,0,0.002649117,0,0,0.010186279,0
12907,0,0.09089153,0,1,0.62691003,1,0,0.17874292,0,0,0.39811066,0,0,0.2115292,0
12912,0,0.45934027,1,0,0.08574191,0,1,0.63269573,0,1,0.08960881,0,0,0.15983433,0
12913,1,0.6719279,1,0,0.11443652,0,0,0.19258238,0,0,0.05991884,0,0,0.09836936,0
12918,1,0.8755977,1,0,0.005793972,0,0,0.07362096,0,0,0.031027505,0,0,0.027178383,0
12919,1,0.32611504,1,0,0.21225685,0,1,0.6055334,0,0,0.048659317,0,0,0.17588398,0
12924,0,0.5782224,1,0,0.039484546,0,0,0.2558029,0,1,0.21033767,0,0,0.0799062,0
12925,1,0.84588283,1,0,0.0413322,0,0,0.08027597,0,0,0.018495705,0,0,0.056765895,0
12926,0,0.054098234,0,1,0.7687181,1,0,0.19432344,0,0,0.09535407,0,0,0.27955443,1
12936,0,0.00326815,0,0,0.030774765,0,1,0.98929125,1,1,0.43472713,1,0,0.092010066,0
12943,0,0.16339065,0,0,0.25282565,0,0,0.64311004,0,0,0.41198772,1,1,0.22480693,0
12947,1,0.75845367,1,0,0.006900109,0,0,0.41655818,0,0,0.010149675,0,0,0.04750821,0
12954,1,0.41666368,1,0,0.16724716,0,0,0.57980835,0,0,0.07880274,0,0,0.1825525,0
12960,0,0.0016334031,0,0,0.5625942,1,0,0.1964922,0,1,0.8796987,1,0,0.25060704,1
12965,1,0.9288704,1,0,0.008943697,0,0,0.036189966,0,0,0.004884101,0,0,0.024082607,0
12969,1,0.7838368,1,0,0.055787914,0,0,0.12491138,0,0,0.025993098,0,0,0.07079513,0
12974,0,0.69155246,1,1,0.15812604,0,0,0.116355866,0,0,0.027574265,0,0,0.09750017,0
12977,0,0.36901096,1,1,0.4665433,1,0,0.16535604,0,0,0.13944027,0,0,0.17009057,0
12981,1,0.87125474,1,0,0.0044385395,0,0,0.18121111,0,0,0.008391762,0,0,0.032901242,0
12982,1,0.61115265,1,0,0.017023832,0,0,0.59666175,0,0,0.017452564,0,0,0.07496407,0
12983,0,0.06915167,0,0,0.74704885,1,0,0.13787915,0,1,0.18330872,0,0,0.25784484,1
12991,0,0.0271459,0,0,0.32777226,0,0,0.28504246,0,1,0.7894321,1,0,0.13631013,0
13003,1,0.6028397,1,0,0.10917713,0,0,0.34807044,0,0,0.05282879,0,0,0.12454725,0
13004,0,0.7880007,1,0,0.020772828,0,0,0.21676432,0,1,0.01192303,0,0,0.05255735,0
13005,1,0.89303005,1,0,0.0071835853,0,0,0.09776613,0,0,0.0044233585,0,0,0.027206928,0
13010,1,0.78198785,1,0,0.024983136,0,0,0.18889914,0,0,0.028287265,0,0,0.057988532,0
13015,0,0.019493675,0,0,0.011571112,0,1,0.9674662,1,0,0.28953758,0,0,0.07212452,0
13017,1,0.78788954,1,0,0.029305631,0,0,0.20314738,0,0,0.027725307,0,0,0.07102412,0
13018,1,0.68897635,1,0,0.025698254,0,0,0.32881483,0,0,0.0472819,0,0,0.07328606,0
13029,1,0.61524594,1,0,0.1195799,0,0,0.32047346,0,0,0.045447342,0,0,0.1365575,0
13030,0,0.077302754,0,0,0.4954907,1,1,0.07227425,0,1,0.45972055,1,0,0.09558098,0
13035,1,0.90914565,1,0,0.01569757,0,0,0.038082078,0,0,0.018886374,0,0,0.033006135,0
13040,0,0.1499401,0,1,0.6626751,1,0,0.1728209,0,0,0.13368991,0,0,0.20122144,0
13045,1,0.5445451,1,0,0.04616906,0,0,0.21134013,0,0,0.32019275,0,0,0.08563394,0
13051,1,0.91568875,1,0,0.008887482,0,0,0.048375666,0,0,0.012096414,0,0,0.027447317,0
13058,0,0.032064583,0,0,0.42920196,1,0,0.39496726,0,1,0.7000437,1,0,0.23393929,0
13061,0,0.031238578,0,0,0.027161526,0,1,0.978438,1,0,0.100137174,0,0,0.11188779,0
13072,0,0.08501297,0,0,0.5427246,1,0,0.0689392,0,1,0.36868247,0,0,0.10815314,0
13074,1,0.8393389,1,0,0.08137573,0,0,0.038330752,0,0,0.016118566,0,0,0.05436294,0
13092,1,0.85569936,1,0,0.01374254,0,0,0.1303471,0,0,0.013304788,0,0,0.045834795,0
13095,1,0.7709399,1,0,0.0141830295,0,0,0.20263998,0,0,0.050937306,0,0,0.052723356,0
13097,0,0.27345377,0,1,0.47656626,1,1,0.29286397,0,0,0.096656136,0,0,0.20911422,0
13100,0,0.03708954,0,0,0.102914676,0,1,0.96148384,1,0,0.14836277,0,0,0.17042828,0
13101,0,0.0017206258,0,1,0.4773833,1,0,0.7187227,1,1,0.7521651,1,0,0.27570808,1
13109,1,0.71656626,1,0,0.10757137,0,0,0.13884452,0,0,0.01924335,0,0,0.09153054,0
13110,0,0.0050135846,0,1,0.8940843,1,0,0.16660123,0,0,0.18371445,0,1,0.56121624,1
13116,0,0.0048127826,0,1,0.80043703,1,0,0.40560982,0,0,0.4810344,1,1,0.5182783,1
13124,0,0.30600527,1,1,0.55275226,1,0,0.13846113,0,0,0.07404613,0,0,0.15896797,0
13133,0,0.088191256,0,0,0.17089114,0,0,0.24471052,0,1,0.7474313,1,0,0.16620485,0
13137,0,0.72326684,1,1,0.18749945,0,0,0.08082571,0,0,0.03690987,0,0,0.090523586,0
13139,0,0.72429776,1,1,0.052866217,0,0,0.13344723,0,0,0.12628624,0,0,0.07564575,0
13152,1,0.38358387,1,0,0.2123679,0,0,0.5700317,0,0,0.16047393,0,0,0.21528408,0
13156,0,0.0014053427,0,0,0.07830614,0,0,0.16960987,0,1,0.97837377,1,0,0.042627092,0
13162,1,0.72675604,1,0,0.0150631955,0,0,0.40463766,0,0,0.015256393,0,0,0.06614855,0
13167,0,0.3232381,1,0,0.25600624,0,1,0.16605784,0,0,0.3324681,0,0,0.106902264,0
13171,0,0.24839222,0,1,0.6616772,1,0,0.041012835,0,0,0.03018748,0,0,0.103670456,0
13174,0,0.0010259877,0,0,0.07250131,0,0,0.20147929,0,1,0.9804239,1,0,0.041063383,0
13188,0,0.032704595,0,0,0.321438,0,1,0.90741795,1,0,0.3457205,0,0,0.22551602,0
13190,0,0.006141581,0,0,0.24467506,0,1,0.95252377,1,1,0.52345496,1,1,0.16070344,0
13194,1,0.5404759,1,0,0.32714924,0,0,0.14930256,0,0,0.13312711,0,0,0.14291604,0
13195,1,0.8760444,1,0,0.003437808,0,0,0.19224912,0,0,0.009094456,0,0,0.031605396,0
13197,0,0.07497322,0,0,0.1227066,0,1,0.9118608,1,0,0.1881971,0,0,0.1728149,0
13214,0,0.38587052,1,0,0.39155066,1,1,0.3057692,0,0,0.116413504,0,0,0.21004511,0
13216,0,0.01935375,0,1,0.84807324,1,0,0.10792497,0,0,0.1800377,0,0,0.35901532,1
13219,0,0.0105001535,0,0,0.08100712,0,1,0.93603355,1,1,0.5878136,1,0,0.13178785,0
13225,0,0.068500444,0,0,0.0876558,0,0,0.39513752,0,1,0.7729872,1,0,0.096056975,0
13227,0,0.0006851902,0,1,0.900225,1,0,0.2114577,0,1,0.5770898,1,0,0.69456893,1
13230,0,0.00551875,0,1,0.8487086,1,0,0.28602228,0,0,0.23350133,0,0,0.5158719,1
13237,0,0.0035339461,0,1,0.8550663,1,0,0.3084034,0,0,0.44201443,1,1,0.6292347,1
13245,1,0.34921318,1,0,0.006631701,0,0,0.814981,1,0,0.050724808,0,0,0.06002739,0
13250,1,0.97413445,1,0,0.00095747825,0,0,0.014060387,0,0,0.0012490496,0,0,0.006802027,0
13254,1,0.70849323,1,0,0.07363653,0,0,0.22877707,0,0,0.044176083,0,0,0.09618571,0
13257,0,0.050370947,0,0,0.25663054,0,1,0.59868526,0,0,0.69064677,1,0,0.17081237,0
13258,0,0.22726151,0,1,0.48892468,1,0,0.4276582,0,0,0.20717199,0,1,0.23694624,0
13259,0,0.009127595,0,1,0.8680384,1,0,0.1626902,0,0,0.23789598,0,1,0.49411592,1
13265,1,0.4026195,1,0,0.45800674,1,0,0.14951308,0,0,0.10757292,0,0,0.15294611,0
13271,0,0.20781404,0,0,0.5412125,1,0,0.10605599,0,0,0.14698578,0,1,0.13060613,0
13273,1,0.2508146,0,0,0.54109323,1,0,0.21431713,0,0,0.14206828,0,0,0.17256792,0
13274,1,0.7242313,1,0,0.0357111,0,0,0.2898149,0,0,0.011139627,0,0,0.07149523,0
13276,0,0.45419863,1,1,0.22212991,0,0,0.31362972,0,0,0.087560505,0,1,0.13983771,0
13282,1,0.8538842,1,0,0.01643428,0,0,0.11760792,0,0,0.00903465,0,0,0.044147756,0
13288,1,0.55692774,1,0,0.031544156,0,0,0.5978645,0,0,0.03929806,0,0,0.10088699,0
13289,0,0.12854896,0,0,0.5196194,1,0,0.2874766,0,1,0.4905671,1,0,0.23604815,0
13297,0,0.08442766,0,0,0.4190297,1,0,0.28422293,0,1,0.59872913,1,0,0.1965694,0
13298,0,0.00026743795,0,0,0.5133699,1,0,0.28484783,0,1,0.94180393,1,0,0.30372366,1
13306,0,0.01554127,0,0,0.04638903,0,0,0.04889805,0,1,0.9311426,1,0,0.025597025,0
13312,1,0.93086994,1,0,0.0062105055,0,0,0.046643637,0,0,0.003173093,0,0,0.020591795,0
13313,0,0.2538488,0,0,0.21780832,0,0,0.37919775,0,1,0.5275848,1,0,0.18953383,0
13314,1,0.4907069,1,0,0.30775374,0,1,0.19104964,0,0,0.1552601,0,0,0.13542488,0
13323,1,0.8973564,1,0,0.0051623825,0,0,0.11380721,0,0,0.004525939,0,0,0.027309822,0
13326,0,0.542327,1,0,0.11800429,0,0,0.46662146,0,1,0.10642593,0,0,0.16543156,0
13331,0,0.006772749,0,0,0.25120488,0,1,0.97414726,1,0,0.27640492,0,0,0.16878505,0
13335,0,0.2783223,0,0,0.32327485,0,0,0.30916598,0,1,0.3882527,0,0,0.19049121,0
13337,0,0.44832227,1,0,0.22058678,0,1,0.39152157,0,1,0.25032517,0,0,0.20637944,0
13339,0,0.37867782,1,0,0.25710163,0,1,0.14055187,0,0,0.31762755,0,0,0.11845875,0
13344,1,0.74685884,1,0,0.084103845,0,0,0.13036507,0,0,0.021928042,0,0,0.07446617,0
13354,1,0.29652297,0,0,0.61597115,1,0,0.08633785,0,0,0.068531014,0,0,0.15426278,0
13357,0,0.042356912,0,0,0.6610132,1,0,0.36449668,0,0,0.3836484,0,1,0.36076635,1
13367,1,0.18688622,0,0,0.3272816,0,0,0.15188994,0,0,0.506466,1,0,0.12897764,0
13369,0,0.0014840779,0,1,0.8763182,1,1,0.40530667,0,0,0.29105198,0,1,0.64976776,1
13371,0,0.5525048,1,0,0.01563713,0,1,0.6118302,0,0,0.0663517,0,0,0.08545393,0
13379,1,0.13294636,0,0,0.15670885,0,0,0.8303735,1,0,0.26410234,0,0,0.19657615,0
13380,1,0.7416861,1,0,0.12083036,0,0,0.103412576,0,0,0.031077564,0,0,0.084478624,0
13382,1,0.31831843,1,0,0.23090544,0,0,0.09153734,0,0,0.38265714,0,0,0.08315022,0
13384,1,0.695454,1,0,0.06734606,0,0,0.060159065,0,0,0.18196318,0,0,0.051827632,0
13385,0,0.0020619084,0,0,0.16534524,0,0,0.11564473,0,1,0.9673007,1,0,0.0606203,0
13405,0,0.048888136,0,0,0.286838,0,0,0.85068345,1,1,0.39147452,0,0,0.21763033,0
13407,1,0.73824155,1,0,0.023196245,0,0,0.20569561,0,0,0.08456753,0,0,0.06937313,0
13408,1,0.48960236,1,0,0.21429871,0,0,0.22391006,0,0,0.08327545,0,0,0.12655225,0
13410,1,0.47327146,1,0,0.18172346,0,0,0.40851504,0,0,0.10973791,0,0,0.16243106,0
13412,0,0.13295022,0,1,0.47177607,1,0,0.26611087,0,0,0.50513434,1,0,0.21185024,0
13413,1,0.8488623,1,0,0.0076663895,0,0,0.19307451,0,0,0.010543239,0,0,0.041014068,0
13415,0,0.43720323,1,0,0.014905677,0,1,0.6327071,0,0,0.13213536,0,0,0.091686554,0
13416,0,0.3502498,1,0,0.2823844,0,1,0.31271628,0,0,0.198122,0,0,0.19072425,0
13418,1,0.32651663,1,0,0.35100892,1,0,0.12325417,0,0,0.31580657,0,0,0.12984009,0
13427,1,0.84946364,1,0,0.030716747,0,0,0.080565766,0,0,0.0055923136,0,0,0.040441275,0
13429,0,0.0034666476,0,0,0.19145148,0,0,0.27772173,0,1,0.9470288,1,0,0.10874286,0
13436,1,0.43460578,1,0,0.24967296,0,0,0.20743214,0,0,0.38179496,0,0,0.14281793,0
13445,0,0.009303308,0,0,0.5387627,1,0,0.44829375,0,1,0.7415993,1,1,0.298495,1
13466,0,0.0022501037,0,1,0.917554,1,0,0.15509036,0,0,0.21533696,0,1,0.62408364,1
13476,1,0.71875155,1,0,0.028548222,0,0,0.33900598,0,0,0.023639008,0,0,0.080206044,0
13483,0,0.121866874,0,1,0.6523675,1,0,0.2629287,0,0,0.23738042,0,0,0.2524104,1
13491,1,0.8224523,1,0,0.033045996,0,0,0.1256996,0,0,0.024148367,0,0,0.06242276,0
13493,1,0.85694534,1,0,0.005272183,0,0,0.1981408,0,0,0.008009842,0,0,0.03434885,0
13494,1,0.14132433,0,0,0.4728601,1,0,0.5918323,0,0,0.13683182,0,0,0.24761468,0
13503,0,0.0044949222,0,0,0.28503126,0,0,0.6123057,0,1,0.87839437,1,0,0.15676634,0
13504,1,0.52816445,1,0,0.1154455,0,0,0.36898667,0,0,0.05865505,0,0,0.13422164,0
13508,1,0.6957114,1,0,0.0051808283,0,0,0.21254472,0,0,0.1239771,0,0,0.043674827,0
13522,1,0.82966906,1,0,0.059851833,0,0,0.063771166,0,0,0.01154696,0,0,0.053536978,0
13526,1,0.8787455,1,0,0.04582189,0,0,0.033548765,0,0,0.0056789774,0,0,0.036561463,0
13532,0,0.00023186831,0,1,0.32112724,0,0,0.14619726,0,1,0.9740651,1,1,0.14366572,0
13535,0,0.0006751058,0,0,0.32638535,0,0,0.2700564,0,1,0.95832384,1,0,0.1645704,0
13536,1,0.6050952,1,0,0.10707789,0,0,0.36849618,0,0,0.06255571,0,0,0.14047423,0
13540,1,0.34347045,1,0,0.015827019,0,0,0.80274636,1,0,0.08022653,0,0,0.09295452,0
13549,1,0.19616185,0,0,0.15660961,0,0,0.79435545,1,0,0.12767813,0,0,0.18220946,0
13555,1,0.4165531,1,0,0.17480078,0,0,0.4641013,0,0,0.23328719,0,0,0.19299813,0
13556,0,0.0061042644,0,1,0.26038024,0,1,0.9355005,1,1,0.5693423,1,1,0.21639805,0
13561,0,0.00021707636,0,1,0.5002191,1,0,0.20841442,0,1,0.95337504,1,0,0.28508526,1
13562,0,0.00047978474,0,0,0.19693492,0,0,0.09449021,0,1,0.97832507,1,0,0.068748355,0
13565,0,0.000613886,0,1,0.40482083,1,0,0.21951373,0,1,0.94882274,1,1,0.2289505,0
13569,0,0.7146128,1,1,0.12390811,0,1,0.14913596,0,0,0.06340338,0,0,0.11261335,0
13576,1,0.76000106,1,0,0.06765646,0,0,0.14327373,0,0,0.016325993,0,0,0.0740553,0
13585,0,0.00019808144,0,0,0.09461619,0,0,0.91780746,1,1,0.9412021,1,0,0.06591943,0
13587,1,0.3459823,1,0,0.28057382,0,0,0.4949759,0,0,0.05232572,0,0,0.18908611,0
13593,1,0.8769753,1,0,0.0068393806,0,0,0.13038048,0,0,0.003888911,0,0,0.027992085,0
13600,1,0.8933397,1,0,0.053081676,0,0,0.015460701,0,0,0.0055500646,0,0,0.027395174,0
13603,0,0.03014829,0,1,0.81486654,1,0,0.16850826,0,0,0.10980781,0,0,0.33522487,1
13609,1,0.5725154,1,0,0.3341763,0,1,0.07949568,0,0,0.0397286,0,0,0.104863055,0
13613,1,0.90780544,1,0,0.008464719,0,0,0.06765166,0,0,0.009084849,0,0,0.029421873,0
13615,0,0.07409176,0,0,0.2911118,0,1,0.8046828,1,1,0.24575686,0,0,0.19251479,0
13616,0,0.7334706,1,0,0.09412357,0,0,0.14090101,0,1,0.053909853,0,0,0.089935824,0
13620,0,0.031839147,0,0,0.08910903,0,1,0.9159661,1,0,0.432443,1,0,0.1536412,0
13630,1,0.87018603,1,0,0.031356957,0,0,0.06073347,0,0,0.0072346786,0,0,0.040430985,0
13640,0,0.17048612,0,0,0.031918667,0,0,0.17034815,0,1,0.73152703,1,0,0.06160723,0
13644,1,0.6918654,1,0,0.0036016605,0,1,0.6196921,0,0,0.008247436,0,0,0.04224478,0
13651,1,0.61012137,1,0,0.10574863,0,0,0.3270121,0,0,0.11286416,0,0,0.13872312,0
13657,0,0.0071754754,0,0,0.1323267,0,1,0.96686226,1,1,0.50479853,1,0,0.15350403,0
13658,0,0.0061103366,0,1,0.19484597,0,1,0.9809778,1,0,0.2805749,0,0,0.16920231,0
13662,0,0.39615676,1,1,0.38796762,1,0,0.21921492,0,0,0.09483613,0,0,0.1663799,0
13663,1,0.9111602,1,0,0.004813778,0,0,0.085999444,0,0,0.0052759233,0,0,0.024863299,0
13664,0,0.00080123375,0,0,0.13685916,0,1,0.92791563,1,1,0.8695422,1,0,0.09335431,0
13665,0,0.016082708,0,0,0.098434255,0,1,0.9600911,1,1,0.30960888,0,1,0.16759787,0
13667,1,0.83459276,1,0,0.044630013,0,0,0.07959819,0,0,0.011175559,0,0,0.054456804,0
13669,1,0.79473567,1,0,0.010283214,0,0,0.23424917,0,0,0.03349692,0,0,0.0527706,0
13681,0,0.6097667,1,0,0.03908557,0,0,0.29797894,0,1,0.13945888,0,0,0.084386125,0
13682,0,0.3941752,1,1,0.3035924,0,0,0.035021085,0,0,0.14895606,0,0,0.05650076,0
13684,0,0.019942084,0,1,0.17480937,0,1,0.8304715,1,1,0.6364884,1,0,0.18615483,0
13685,1,0.7987437,1,0,0.03407434,0,1,0.16433305,0,0,0.02211501,0,0,0.06568836,0
13686,0,0.007605794,0,1,0.8382854,1,0,0.3209728,0,0,0.22835821,0,0,0.5246353,1
13706,1,0.52471834,1,1,0.25717494,0,0,0.18091956,0,0,0.119113915,0,0,0.14026588,0
13709,1,0.27226093,0,0,0.15686038,0,0,0.6934909,0,0,0.15772533,0,0,0.17909357,0
13711,0,0.16268994,0,0,0.041712333,0,1,0.90530163,1,0,0.07184117,0,0,0.12834537,0
13712,1,0.9559519,1,0,0.0027130288,0,0,0.031205995,0,0,0.0015184256,0,0,0.013522847,0
13717,1,0.84423673,1,0,0.025565654,0,0,0.112108916,0,0,0.01356028,0,0,0.050431512,0
13718,0,0.00064640347,0,0,0.06799112,0,0,0.12353016,0,1,0.9873454,1,0,0.028843287,0
13725,0,0.07916351,0,0,0.09763582,0,1,0.91968757,1,0,0.18081103,0,1,0.1693592,0
13730,0,0.019753575,0,1,0.85069644,1,0,0.04329876,0,1,0.10562735,0,0,0.22714546,0
13733,1,0.80401975,1,0,0.015449149,0,0,0.17442594,0,0,0.038093116,0,0,0.053269606,0
13734,0,0.19799691,0,1,0.5825548,1,0,0.091280326,0,0,0.1902379,0,0,0.13568003,0
13744,0,0.5690746,1,0,0.07124323,0,0,0.39247563,0,1,0.16828434,0,0,0.1328296,0
13745,0,0.7533941,1,0,0.0103362175,0,1,0.3955968,0,0,0.014885981,0,0,0.05949593,0
13747,1,0.6578373,1,0,0.04793647,0,0,0.37959492,0,0,0.031320576,0,0,0.09513311,0
13749,1,0.25161782,0,0,0.09695665,0,0,0.72702366,1,0,0.16875027,0,0,0.15020688,0
13755,1,0.5455909,1,0,0.13200687,0,0,0.41138324,0,0,0.06386219,0,0,0.16003188,0
13771,0,0.014747032,0,0,0.102266505,0,0,0.27310342,0,1,0.9059202,1,0,0.07811435,0
13773,1,0.90097076,1,0,0.0061682058,0,0,0.092297755,0,0,0.007635725,0,0,0.028815035,0
13775,0,0.013799958,0,1,0.4661631,1,0,0.23767042,0,1,0.72827405,1,0,0.13516523,0
13776,1,0.33435535,1,0,0.29363427,0,0,0.5131627,0,0,0.1657698,0,0,0.21687879,0
13779,0,0.04227348,0,0,0.5128123,1,0,0.12203019,0,1,0.52020544,1,0,0.10800739,0
13787,0,0.031250343,0,0,0.109712,0,0,0.30543023,0,1,0.86563575,1,0,0.10125832,0
13789,0,0.38688707,1,1,0.41842526,1,0,0.06427589,0,0,0.12470304,0,0,0.0920168,0
13802,1,0.50845003,1,0,0.05603863,0,0,0.19365078,0,0,0.3535862,0,0,0.0895898,0
13805,1,0.8840979,1,0,0.017552592,0,0,0.07250771,0,0,0.013799524,0,0,0.039336324,0
13833,1,0.86331445,1,0,0.011901837,0,0,0.12387952,0,0,0.017656129,0,0,0.043223474,0
13840,0,0.17718849,0,0,0.08765867,0,1,0.87063545,1,0,0.09893351,0,0,0.16838582,0
13842,1,0.74976826,1,0,0.049084887,0,0,0.20216225,0,0,0.02148602,0,0,0.07973788,0
13843,0,0.19685714,0,0,0.41993654,1,0,0.147779,0,1,0.44578072,1,0,0.14129762,0
13848,1,0.83219016,1,0,0.012316647,0,0,0.13325505,0,0,0.046604645,0,0,0.05002216,0
13860,1,0.45471388,1,0,0.16554864,0,0,0.44416755,0,0,0.059000533,0,0,0.13669798,0
13863,1,0.91984665,1,0,0.00537795,0,0,0.050100993,0,0,0.011607467,0,0,0.022691308,0
13869,0,0.18448845,0,1,0.6281085,1,0,0.16872951,0,1,0.18096533,0,0,0.21292861,0
13875,1,0.9627075,1,0,0.00070273236,0,0,0.039697666,0,0,0.0013330525,0,0,0.00909239,0
13878,1,0.25674656,0,0,0.42182153,1,0,0.36280698,0,0,0.1547632,0,0,0.23270506,0
13879,1,0.35117376,1,0,0.3085167,0,0,0.43079254,0,0,0.11605981,0,0,0.20131092,0
13890,0,0.12234661,0,0,0.64331573,1,0,0.27646124,0,0,0.2679251,0,1,0.2568109,1
13895,1,0.89700615,1,0,0.02790227,0,0,0.03573287,0,0,0.0043752543,0,0,0.03196582,0
13924,1,0.3099407,1,0,0.058779273,0,0,0.7928123,1,0,0.03400258,0,0,0.11953297,0
13926,0,0.047704227,0,0,0.01359042,0,1,0.9802408,1,0,0.04411045,0,0,0.08331592,0
13938,0,0.68567485,1,0,0.031125288,0,1,0.3181077,0,0,0.07060138,0,0,0.0877522,0
13945,1,0.74218535,1,0,0.025117457,0,0,0.29152066,0,0,0.011397028,0,0,0.06986996,0
13949,0,0.02221789,0,1,0.4708549,1,0,0.75192165,1,0,0.44156894,1,0,0.31720376,1
13950,0,0.08398069,0,1,0.7545094,1,0,0.08398704,0,0,0.10872175,0,0,0.21892945,0
13952,1,0.73915017,1,0,0.23913726,0,0,0.03512379,0,0,0.010262769,0,0,0.06563606,0
13954,0,0.007196779,0,1,0.4511155,1,1,0.88129634,1,0,0.5071182,1,0,0.25924778,1
13955,0,0.099223755,0,0,0.007675166,0,1,0.96308863,1,0,0.047518555,0,0,0.07157947,0
13956,0,0.0010588403,0,0,0.18415703,0,1,0.051122043,0,1,0.965497,1,0,0.039961517,0
13957,1,0.6556494,1,0,0.043399815,0,0,0.04755824,0,0,0.23275912,0,0,0.035923228,0
13964,0,0.6004835,1,0,0.009657913,0,0,0.22358948,0,1,0.22794935,0,0,0.050403435,0
13972,1,0.88623804,1,0,0.01019575,0,0,0.08951391,0,0,0.0070189103,0,0,0.031353716,0
13983,0,0.003803945,0,1,0.14565197,0,1,0.9048101,1,1,0.7834756,1,1,0.14039561,0
13984,0,0.011272853,0,0,0.16900665,0,1,0.87900627,1,0,0.66692024,1,0,0.13283898,0
14001,1,0.5917282,1,0,0.2706654,0,0,0.08074257,0,0,0.077956766,0,0,0.093882464,0
14009,0,0.4065726,1,0,0.23566297,0,1,0.4007027,0,0,0.21809742,0,0,0.23011963,0
14026,0,0.004600506,0,1,0.80256474,1,0,0.5088072,0,0,0.32222557,0,1,0.5843271,1
14028,1,0.9411498,1,0,0.003949325,0,0,0.040490136,0,0,0.003736668,0,0,0.01877664,0
14040,1,0.54922855,1,0,0.014038684,0,0,0.508104,0,0,0.099443585,0,0,0.073533416,0
14043,1,0.6114178,1,0,0.028864155,0,0,0.44854543,0,0,0.0709321,0,0,0.099228784,0
14044,1,0.9258709,1,0,0.008155585,0,0,0.03981487,0,0,0.009410664,0,0,0.02599407,0
14047,0,0.018220972,0,0,0.0492826,0,1,0.9704899,1,0,0.2732299,0,0,0.121698566,0
14049,1,0.6199352,1,0,0.07494864,0,0,0.37582272,0,0,0.13035491,0,0,0.1403212,0
14069,0,0.4779334,1,0,0.02801883,0,0,0.70566225,1,0,0.030668152,0,1,0.095426105,0
14072,0,0.048097275,0,1,0.2668797,0,0,0.1054321,0,0,0.7677418,1,0,0.08040241,0
14078,1,0.4662454,1,0,0.288289,0,0,0.25785825,0,0,0.07211118,0,0,0.1675396,0
14080,1,0.66786456,1,0,0.16567187,0,0,0.08014833,0,0,0.104893155,0,0,0.07562868,0
14091,0,0.015247663,0,1,0.8201148,1,0,0.1996864,0,0,0.32884878,0,0,0.46392033,1
14093,0,0.0908978,0,1,0.45583838,1,1,0.6326775,0,1,0.3848373,0,0,0.23598097,0
14109,0,0.009495198,0,0,0.041489843,0,1,0.97326535,1,1,0.41502467,1,0,0.11660345,0
14117,1,0.8626745,1,0,0.04031233,0,0,0.0485998,0,0,0.007833892,0,0,0.0427854,0
14124,1,0.9243102,1,0,0.0078666,0,0,0.049920276,0,0,0.003927811,0,0,0.02603884,0
14131,0,0.6745262,1,1,0.088878736,0,0,0.22215727,0,0,0.054510932,0,0,0.10515802,0
14134,1,0.77678263,1,0,0.037748005,0,0,0.18478933,0,0,0.025335621,0,0,0.069028854,0
14137,0,0.010207242,0,1,0.7340647,1,0,0.5739745,0,1,0.36138391,0,0,0.49501464,1
14140,1,0.7521874,1,0,0.0055938545,0,0,0.29507366,0,0,0.049735177,0,0,0.045046095,0
14156,1,0.76078814,1,0,0.044216886,0,0,0.20456487,0,0,0.025228346,0,0,0.077766836,0
14157,0,0.61063987,1,0,0.24584056,0,1,0.13862959,0,0,0.040606234,0,0,0.128759,0
14160,0,0.10972017,0,0,0.4244886,1,0,0.21112952,0,1,0.5942318,1,0,0.16817345,0
14173,0,0.015639199,0,0,0.07933396,0,1,0.97715294,1,0,0.1931492,0,1,0.13002133,0
14183,0,0.0080539035,0,1,0.2894728,0,1,0.9388618,1,0,0.4647696,1,0,0.16014561,0
14184,1,0.24728899,0,0,0.23017186,0,0,0.41742092,0,0,0.2926651,0,0,0.13563517,0
14187,1,0.7230879,1,0,0.031253725,0,0,0.3035102,0,0,0.020931616,0,0,0.07585788,0
14190,0,0.040170174,0,0,0.29012126,0,0,0.283411,0,1,0.8190493,1,0,0.15057157,0
14191,1,0.8555377,1,0,0.022994172,0,0,0.08473566,0,0,0.025819702,0,0,0.046328243,0
14194,0,0.38164264,1,0,0.26888445,0,1,0.53569907,0,1,0.18092461,0,0,0.22768334,0
14196,0,0.024553197,0,0,0.058611546,0,1,0.976845,1,0,0.14955078,0,0,0.13518539,0
14206,1,0.7831406,1,0,0.059507728,0,0,0.10437121,0,0,0.05813277,0,0,0.07009594,0
14207,1,0.8732254,1,0,0.011545724,0,0,0.113908745,0,0,0.016597467,0,0,0.043271784,0
14215,0,0.11964742,0,0,0.16765824,0,0,0.76932687,1,1,0.43829858,1,0,0.22190298,0
14217,0,0.48942092,1,1,0.25723997,0,0,0.30816823,0,0,0.18703905,0,0,0.18983221,0
14235,1,0.22592703,0,0,0.6738625,1,0,0.05254853,0,0,0.058344677,0,0,0.1364615,0
14242,0,0.77736866,1,0,0.030278275,0,1,0.22441177,0,0,0.01669879,0,0,0.0686853,0
14244,0,0.28517568,0,1,0.4250622,1,0,0.13946927,0,0,0.34315276,0,0,0.15744293,0
14246,0,0.034631517,0,0,0.14822493,0,1,0.95140356,1,0,0.19619882,0,0,0.17290418,0
14247,0,0.0019676182,0,1,0.9269062,1,0,0.053547986,0,0,0.16354282,0,0,0.47763276,1
14251,1,0.79393595,1,0,0.038876522,0,0,0.16253227,0,0,0.026921822,0,0,0.0707007,0
14252,0,0.16144988,0,0,0.07329437,0,0,0.61031395,0,1,0.5085897,1,1,0.1277071,0
14254,0,0.16971621,0,0,0.18236907,0,0,0.55335504,0,1,0.4763601,1,0,0.1818363,0
14263,1,0.79396135,1,0,0.10791184,0,0,0.05685628,0,0,0.025511298,0,0,0.0625559,0
14265,0,0.077591226,0,1,0.7097188,1,0,0.11392837,0,0,0.23987551,0,0,0.20177953,0
14285,0,0.0012137283,0,0,0.362757,1,0,0.23577546,0,1,0.94509125,1,0,0.17390397,0
14294,1,0.7713272,1,0,0.022484045,0,0,0.19737133,0,0,0.04748934,0,0,0.064723104,0
14299,1,0.7441263,1,0,0.040061202,0,0,0.23093389,0,0,0.014823165,0,0,0.07100415,0
14306,1,0.036905438,0,0,0.24418448,0,0,0.74695224,1,0,0.6376425,1,0,0.15970293,0
14308,0,0.52008396,1,0,0.010609959,0,1,0.68587136,0,0,0.032473113,0,0,0.06380887,0
14315,0,0.76518315,1,0,0.0033109398,0,0,0.43260798,0,0,0.017776951,0,1,0.04010629,0
14329,1,0.699002,1,0,0.0049033207,0,0,0.45853278,0,0,0.030213958,0,0,0.04499841,0
14330,0,0.7021967,1,1,0.25583678,0,0,0.032486845,0,0,0.021862023,0,1,0.06996541,0
14331,0,0.0014601348,0,1,0.5345232,1,0,0.50896776,0,1,0.8486737,1,0,0.3595854,1
14340,0,0.756991,1,1,0.07525372,0,0,0.11960798,0,0,0.034896575,0,0,0.07298927,0
14343,0,0.3443258,1,1,0.3052454,0,0,0.50032544,0,0,0.11211175,0,0,0.21360508,0
14349,0,0.061664388,0,1,0.4195144,1,0,0.32270685,0,1,0.6844159,1,0,0.18545924,0
14353,1,0.75367224,1,0,0.08666022,0,0,0.14513397,0,0,0.055025578,0,0,0.10075677,0
14354,0,0.01886646,0,0,0.41080406,1,0,0.67037094,0,1,0.6645639,1,1,0.20799735,0
14359,1,0.7545391,1,0,0.02213329,0,0,0.29509985,0,0,0.043316048,0,0,0.08131324,0
14360,0,0.005956194,0,0,0.3254449,0,1,0.91380966,1,1,0.58638114,1,0,0.24603014,0
14366,1,0.7595061,1,0,0.1285617,0,0,0.070600085,0,0,0.028988568,0,0,0.0740566,0
14372,1,0.63751125,1,0,0.18564102,0,0,0.1555811,0,0,0.034430295,0,0,0.10778964,0
14374,0,0.0006061736,0,1,0.9365775,1,0,0.18261671,0,0,0.34993058,0,1,0.74150413,1
14390,0,0.07753701,0,0,0.040292636,0,1,0.9235164,1,0,0.21139733,0,0,0.13310844,0
14395,0,0.05879976,0,0,0.28644237,0,1,0.8855231,1,0,0.2060657,0,0,0.22509684,0
14405,0,0.42776558,1,1,0.4757947,1,0,0.07654779,0,0,0.0457242,0,0,0.12730627,0
14407,1,0.8349096,1,0,0.001802613,0,0,0.3695508,0,0,0.005437106,0,0,0.027784808,0
14415,1,0.900305,1,0,0.007657638,0,0,0.082923956,0,0,0.005828925,0,0,0.02820015,0
14417,0,0.036125313,0,1,0.80410844,1,1,0.16595231,0,0,0.1592162,0,0,0.34929502,1
14421,0,0.0007021259,0,1,0.9330576,1,0,0.19615705,0,0,0.28339452,0,1,0.71555454,1
14422,0,0.0006204528,0,1,0.91380805,1,0,0.2284127,0,0,0.4044599,1,1,0.67144454,1
14427,0,0.0053484025,0,0,0.6776971,1,1,0.5598015,0,0,0.6201749,1,0,0.44649273,1
14429,0,0.08845715,0,0,0.056763228,0,0,0.15839571,0,1,0.8114629,1,0,0.06133389,0
14430,0,0.032363866,0,0,0.030109722,0,1,0.97029626,1,1,0.16498521,0,0,0.12401836,0
14432,0,0.007659066,0,1,0.89224374,1,0,0.105204046,0,0,0.15660265,0,1,0.48951003,1
14438,1,0.92624784,1,0,0.005157651,0,0,0.061721038,0,0,0.002983995,0,0,0.02177573,0
14439,0,0.043506864,0,1,0.74780256,1,0,0.33169413,0,0,0.25300717,0,0,0.4454593,1
14445,1,0.8403973,1,0,0.010053309,0,0,0.19012402,0,0,0.013807844,0,0,0.046482094,0
14448,0,0.57454896,1,1,0.25808847,0,0,0.13400124,0,0,0.20221762,0,1,0.12745662,0
14455,0,0.27482116,0,0,0.005355734,0,1,0.8153112,1,1,0.09949858,0,0,0.05796706,0
14458,0,0.64677477,1,0,0.028747711,0,0,0.24139103,0,1,0.17412545,0,0,0.08159309,0
14463,1,0.8523605,1,0,0.013509082,0,0,0.14954129,0,0,0.01516944,0,0,0.04991883,0
14464,1,0.24257016,0,0,0.45534146,1,0,0.37811157,0,0,0.09333427,0,0,0.21320911,0
14470,0,0.5695432,1,0,0.23474644,0,0,0.13107342,0,0,0.21127376,0,1,0.125393,0
14475,0,0.009249013,0,0,0.3231132,0,1,0.9092984,1,1,0.54949015,1,0,0.2649186,1
14479,0,0.11582694,0,0,0.26530337,0,0,0.838085,1,1,0.19823281,0,1,0.23483595,0
14480,0,0.1727232,0,1,0.70009965,1,0,0.03944739,0,0,0.04882113,0,1,0.11898305,0
14484,1,0.9273576,1,0,0.0052730986,0,0,0.04796382,0,0,0.0070877485,0,0,0.021690436,0
14485,1,0.73605543,1,0,0.0633335,0,0,0.21435061,0,0,0.046322636,0,0,0.095101774,0
14490,0,0.13285197,0,0,0.40385213,1,1,0.71832824,1,0,0.18335642,0,1,0.2489908,0
14493,0,0.05885032,0,0,0.08360806,0,1,0.9171444,1,0,0.19569142,0,1,0.21241024,0
14509,1,0.18470833,0,0,0.31826743,0,0,0.5105271,0,0,0.3170105,0,0,0.17188469,0
14517,0,0.021064572,0,0,0.12261769,0,1,0.9411107,1,0,0.44504997,1,0,0.17768161,0
14520,1,0.8727544,1,0,0.027076222,0,0,0.05798474,0,0,0.0043343757,0,0,0.036326613,0
14521,0,0.40900263,1,0,0.24489163,0,0,0.46662,0,0,0.08833168,0,1,0.2010246,0
14523,0,0.177315,0,1,0.35675642,1,0,0.6533824,0,0,0.1594056,0,0,0.23709862,0
14531,0,0.037978545,0,0,0.3438378,0,1,0.79539526,1,0,0.44048274,1,0,0.27988654,1
14536,1,0.6936942,1,0,0.032446194,0,0,0.37657732,0,0,0.033365253,0,0,0.09074627,0
14537,0,0.049452584,0,1,0.7611732,1,0,0.04256832,0,0,0.15732007,0,0,0.12996468,0
14547,0,0.27542475,0,1,0.63031876,1,0,0.022613486,0,0,0.02507575,0,1,0.09038563,0
14548,0,0.009259944,0,1,0.61384815,1,0,0.2446648,0,1,0.7464258,1,1,0.31804952,1
14550,0,0.27293038,0,1,0.5485651,1,0,0.287724,0,0,0.1778411,0,0,0.2395879,0
14561,0,0.15401706,0,1,0.7094427,1,0,0.041810516,0,0,0.040035274,0,1,0.15401427,0
14562,1,0.48890948,1,0,0.43801773,1,0,0.056699805,0,0,0.040592212,0,0,0.106833145,0
14565,1,0.9011503,1,0,0.017080858,0,0,0.044463623,0,0,0.015097403,0,0,0.034714933,0
14576,0,0.000122028476,0,0,0.10041429,0,1,0.9787456,1,1,0.88866264,1,1,0.07153281,0
14577,1,0.8407904,1,0,0.015478935,0,0,0.14117901,0,0,0.02101414,0,0,0.048447322,0
14578,0,0.008430849,0,1,0.4375148,1,0,0.75911963,1,1,0.68682903,1,0,0.24130219,0
14584,0,0.54355216,1,0,0.23621742,0,0,0.18179682,0,1,0.24110344,0,0,0.15024526,0
14589,0,0.0014385887,0,1,0.7110537,1,0,0.20191422,0,1,0.8002513,1,1,0.38365138,1
14593,0,0.017988458,0,0,0.090387575,0,1,0.9557259,1,0,0.3474719,0,0,0.16150805,0
14597,1,0.5239217,1,0,0.030895635,0,0,0.6029196,0,0,0.06287683,0,0,0.10031187,0
14601,0,0.07356872,0,1,0.6920798,1,0,0.21283098,0,0,0.37800154,0,0,0.2967077,1
14610,0,0.008673295,0,1,0.8818827,1,0,0.14290887,0,0,0.07516495,0,0,0.43852353,1
14615,0,0.025933478,0,1,0.44573903,1,0,0.62461257,0,0,0.42153096,1,0,0.18588047,0
14618,0,0.010086449,0,0,0.3065683,0,0,0.8427909,1,1,0.6750279,1,0,0.2005098,0
14622,1,0.9555022,1,0,0.0016394125,0,0,0.038075555,0,0,0.0022182516,0,0,0.012906141,0
14623,1,0.83656,1,0,0.04294394,0,0,0.078272365,0,0,0.013504316,0,0,0.052039813,0
14629,0,0.2008026,0,0,0.37677997,1,0,0.25249588,0,1,0.5119386,1,0,0.16938777,0
14630,1,0.8310272,1,0,0.056269232,0,0,0.06969173,0,0,0.024281548,0,0,0.059425715,0
14641,0,0.0012666434,0,0,0.036923204,0,1,0.9856989,1,1,0.6586172,1,0,0.07957771,0
14647,0,0.24674858,0,0,0.07234108,0,0,0.22637527,0,1,0.64225274,1,0,0.0998223,0
14648,0,0.83602184,1,1,0.08544392,0,0,0.037389215,0,0,0.0138822915,0,1,0.04832197,0
14650,0,0.5555479,1,0,0.26853934,0,1,0.20121418,0,0,0.06587783,0,1,0.15689224,0
14651,0,0.012932325,0,1,0.69297874,1,0,0.47814518,0,1,0.5730051,1,1,0.47912338,1
14658,0,0.54622626,1,0,0.34293398,0,0,0.1302667,0,0,0.070130154,0,1,0.15084194,0
14661,0,0.16254029,0,0,0.5217721,1,0,0.2351461,0,1,0.4486413,1,0,0.2049031,0
14664,1,0.17860982,0,0,0.17611785,0,0,0.13476437,0,0,0.6320842,1,0,0.08424575,0
14670,0,0.05051138,0,1,0.42151314,1,0,0.6625531,0,0,0.5368745,1,1,0.23367919,0
14681,1,0.66217494,1,0,0.14774461,0,0,0.17152579,0,0,0.071875565,0,0,0.10644036,0
14688,0,0.0077098245,0,1,0.85621965,1,0,0.22883451,0,0,0.07714667,0,1,0.42890176,1
14689,1,0.8593524,1,0,0.0076024835,0,0,0.09478818,0,0,0.039560415,0,0,0.03582281,0
14696,1,0.82849294,1,0,0.06970329,0,0,0.052548815,0,0,0.028124673,0,0,0.055626564,0
14704,1,0.45678735,1,0,0.054967143,0,0,0.63092715,0,0,0.09006982,0,0,0.12815176,0
14708,0,0.7755252,1,0,0.038124986,0,0,0.12701097,0,1,0.08265902,0,0,0.069574796,0
14710,1,0.27428454,0,0,0.49977645,1,0,0.17244619,0,0,0.118236564,0,0,0.20090891,0
14712,1,0.9182043,1,0,0.020485632,0,0,0.026554456,0,0,0.0074691684,0,0,0.027906556,0
14722,1,0.5365261,1,0,0.16207288,0,0,0.18479833,0,0,0.2525547,0,0,0.12093563,0
14728,1,0.61052656,1,0,0.17095035,0,0,0.25032794,0,0,0.10049191,0,0,0.14969374,0
14732,1,0.76478904,1,0,0.031080028,0,0,0.24665168,0,0,0.030527893,0,0,0.07868129,0
14735,0,0.12924618,0,0,0.50562876,1,0,0.17035525,0,1,0.47144657,1,0,0.16305906,0
14740,1,0.8863861,1,0,0.0038236554,0,0,0.15321642,0,0,0.008300057,0,0,0.030592442,0
14742,0,0.00063490646,0,1,0.14809671,0,1,0.648266,0,1,0.95291346,1,0,0.07024487,0
14743,0,0.12891574,0,1,0.5846862,1,0,0.24921338,0,0,0.24317853,0,1,0.27978,1
14747,1,0.7490923,1,0,0.0084141195,0,0,0.394527,0,0,0.02668645,0,0,0.058488756,0
14751,0,0.40476862,1,0,0.48243496,1,1,0.033681795,0,0,0.06251528,0,0,0.05842632,0
14756,1,0.91300714,1,0,0.017293004,0,0,0.037261583,0,0,0.007413698,0,0,0.030419508,0
14757,1,0.5836385,1,0,0.07771843,0,0,0.34624997,0,0,0.13668382,0,0,0.121373035,0
14761,1,0.21593179,0,0,0.029495962,0,1,0.89011073,1,0,0.048876107,0,0,0.10490632,0
14763,0,0.35755464,1,0,0.3492555,0,0,0.27078286,0,1,0.31106767,0,0,0.18538857,0
14764,0,0.15810671,0,0,0.49883044,1,0,0.40145278,0,1,0.4171198,1,0,0.25914142,1
14765,0,0.13681658,0,0,0.4551352,1,0,0.19033435,0,1,0.5158053,1,0,0.16514729,0
14766,0,0.2628359,0,0,0.45687425,1,0,0.38100174,0,1,0.25176987,0,0,0.24168615,0
14769,1,0.8447217,1,0,0.015598474,0,0,0.13910723,0,0,0.016810186,0,0,0.048292622,0
14783,0,0.003993989,0,0,0.20116518,0,0,0.21494965,0,1,0.94762397,1,0,0.089529745,0
14788,0,0.0008385893,0,0,0.9290335,1,0,0.1839314,0,0,0.3076084,0,1,0.6913584,1
14791,1,0.7682994,1,0,0.008136969,0,0,0.30513287,0,0,0.037836682,0,0,0.05335531,0
14803,0,0.07354385,0,0,0.09789654,0,0,0.19962469,0,1,0.8279727,1,0,0.08935573,0
14807,0,0.0092782555,0,1,0.32267407,0,0,0.68619,0,0,0.789858,1,1,0.20736125,0
14812,0,0.52098376,1,0,0.024181053,0,0,0.546921,0,1,0.10386763,0,0,0.088719234,0
14813,1,0.7349018,1,0,0.049999084,0,0,0.23385826,0,0,0.03178714,0,0,0.08818067,0
14817,1,0.23228905,0,0,0.51349056,1,0,0.30026817,0,0,0.28598663,0,0,0.25306255,1
14818,1,0.82754487,1,0,0.013095727,0,0,0.17794496,0,0,0.017265119,0,0,0.0490501,0
14820,1,0.89591557,1,0,0.006115019,0,0,0.1070259,0,0,0.005923402,0,0,0.029508514,0
14833,0,0.7212975,1,0,0.030141376,0,1,0.30587715,0,0,0.042024296,0,0,0.084286906,0
14835,1,0.47919953,1,0,0.045526087,0,0,0.6004513,0,0,0.057126116,0,0,0.10310177,0
14837,0,0.011035578,0,1,0.42167002,1,1,0.9126247,1,1,0.37425584,0,0,0.24627127,0
14838,1,0.3236649,1,0,0.017844258,0,0,0.8554645,1,0,0.032141425,0,0,0.08935225,0
14850,0,0.009332853,0,0,0.050175987,0,1,0.9873696,1,0,0.22913586,0,1,0.13177344,0
14852,0,0.12176702,0,1,0.70677465,1,0,0.10347991,0,0,0.094584785,0,0,0.17091979,0
14864,1,0.65408,1,0,0.025364874,0,0,0.48432243,0,0,0.025602255,0,0,0.087363385,0
14865,0,0.19113523,0,0,0.0082933,0,1,0.9471402,1,0,0.021618415,0,0,0.07375144,0
14885,1,0.79867774,1,0,0.051869452,0,0,0.1244132,0,0,0.036093213,0,0,0.07638533,0
14886,0,0.009304284,0,1,0.104095116,0,0,0.9546803,1,1,0.4683058,1,1,0.16978413,0
14894,0,0.019819925,0,1,0.80456793,1,0,0.16794106,0,1,0.29103875,0,0,0.36826378,1
14895,1,0.93153626,1,0,0.0043120463,0,0,0.057195965,0,0,0.0027391948,0,0,0.019707333,0
14908,0,0.2298527,0,0,0.1423703,0,0,0.65944153,0,1,0.33110702,0,0,0.17668681,0
14909,1,0.5055587,1,0,0.010952287,0,0,0.53124064,0,0,0.13530576,0,0,0.07511781,0
14911,1,0.8332843,1,0,0.011905146,0,0,0.18641435,0,0,0.013829764,0,0,0.04717721,0
14921,1,0.88043094,1,0,0.007816051,0,0,0.11789288,0,0,0.01674186,0,0,0.03926793,0
14922,0,0.0038030595,0,0,0.40891376,1,1,0.6006,0,1,0.8480296,1,0,0.24716337,0
14927,0,0.87066823,1,0,0.019361533,0,0,0.08239864,0,0,0.015464918,0,1,0.04336672,0
14929,0,0.009072438,0,0,0.09603275,0,1,0.79150647,1,1,0.8142407,1,0,0.09955845,0
14932,0,0.0018968965,0,0,0.118768044,0,1,0.9922829,1,0,0.37427187,0,0,0.14435537,0
14935,1,0.8576972,1,0,0.039131362,0,0,0.06694813,0,0,0.016257713,0,0,0.0503429,0
14936,0,0.008547644,0,0,0.49999642,1,0,0.4562776,0,1,0.7222766,1,0,0.32739556,1
14958,0,0.013044742,0,0,0.25017768,0,1,0.85657966,1,1,0.575265,1,0,0.26299664,1
14976,1,0.7334586,1,0,0.04756147,0,0,0.24772653,0,0,0.039130665,0,0,0.09614502,0
14984,0,0.0005601558,0,1,0.8194492,1,0,0.4227686,0,0,0.69440705,1,1,0.6541759,1
14986,0,0.06599136,0,0,0.07150821,0,0,0.17530116,0,1,0.84830445,1,0,0.07407735,0
14991,0,0.051491126,0,0,0.64595735,1,0,0.2760835,0,1,0.24502236,0,0,0.2523943,1
15010,0,0.040040027,0,0,0.16552491,0,1,0.8093944,1,1,0.56244934,1,1,0.21392353,0
15012,1,0.8726334,1,0,0.0045827613,0,0,0.18408383,0,0,0.0043094717,0,0,0.030085688,0
15028,0,0.02636414,0,0,0.32447517,0,0,0.31124723,0,1,0.77872574,1,0,0.1413256,0
15051,0,0.44323954,1,0,0.24826409,0,1,0.41990402,0,1,0.20492223,0,0,0.20962104,0
15057,1,0.46672183,1,0,0.08124451,0,0,0.6061822,0,0,0.056967534,0,0,0.13815255,0
15058,1,0.9777019,1,0,0.001823034,0,0,0.0070612105,0,0,0.0010074496,0,0,0.0066391253,0
15060,0,0.18019727,0,1,0.67494524,1,0,0.09983796,0,0,0.13737233,0,0,0.19233043,0
15080,0,0.07219773,0,0,0.5920848,1,0,0.07346695,0,1,0.27844423,0,0,0.12878837,0
15085,0,0.03484201,0,1,0.84356654,1,0,0.045018062,0,0,0.0555944,0,0,0.22230035,0
15090,1,0.63756216,1,0,0.12533845,0,0,0.10957241,0,0,0.19682957,0,0,0.09319809,0
15099,1,0.75942796,1,0,0.0067619933,0,0,0.42826542,0,0,0.008874089,0,0,0.04837144,0
15112,0,0.28823146,0,0,0.027592856,0,1,0.8605211,1,0,0.057760607,0,0,0.11569013,0
15113,0,0.016609728,0,0,0.11231233,0,1,0.97422385,1,0,0.24656408,0,0,0.16153882,0
15115,0,0.018643891,0,0,0.3795806,1,1,0.82743084,1,0,0.5250725,1,0,0.26412106,1
15116,1,0.60466343,1,0,0.118417814,0,0,0.34491202,0,0,0.07471545,0,0,0.13872424,0
15117,1,0.4950772,1,0,0.005990362,0,1,0.77923286,1,0,0.023787664,0,0,0.058905866,0
15128,0,0.020391729,0,0,0.050349668,0,1,0.9696954,1,0,0.27063954,0,0,0.13249013,0
15133,0,0.035365827,0,0,0.45220524,1,1,0.8184765,1,0,0.18274885,0,0,0.22257654,0
15139,0,0.101454675,0,1,0.71009654,1,0,0.13133591,0,0,0.13288063,0,0,0.18102174,0
15143,0,0.008642364,0,1,0.3225637,0,0,0.2389443,0,1,0.8880281,1,1,0.16258487,0
15144,1,0.21063688,0,0,0.5637677,1,0,0.19626269,0,0,0.31247827,0,0,0.20979019,0
15150,0,0.17283808,0,0,0.026542787,0,1,0.9193593,1,0,0.056351367,0,0,0.11212901,0
15155,1,0.88340527,1,0,0.012701624,0,0,0.083218426,0,0,0.017123092,0,0,0.038559314,0
15156,0,0.008715124,0,0,0.06381748,0,1,0.9165519,1,0,0.676807,1,0,0.10310377,0
15157,0,0.0078319535,0,0,0.09655501,0,1,0.95539415,1,0,0.5817271,1,0,0.12492976,0
15158,1,0.6139485,1,0,0.104051046,0,0,0.32287747,0,0,0.06958456,0,0,0.12805627,0
15164,0,0.029990971,0,1,0.3567034,1,0,0.23937419,0,1,0.8014922,1,0,0.14418,0
15167,0,0.0012304661,0,0,0.34064814,0,1,0.84677696,1,1,0.7689159,1,0,0.13712633,0
15169,0,0.56072736,1,0,0.035170685,0,1,0.5744956,0,0,0.03321916,0,0,0.10030291,0
15173,1,0.4426161,1,0,0.06125119,0,0,0.54383504,0,0,0.15210111,0,0,0.12354583,0
15174,0,0.42951626,1,0,0.09599234,0,0,0.61130935,0,0,0.1376805,0,1,0.16815381,0
15183,0,0.005701045,0,0,0.08536506,0,1,0.9056755,1,0,0.7516302,1,0,0.1078885,0
15186,1,0.40767026,1,0,0.0925796,0,0,0.43352813,0,0,0.28039128,0,0,0.134618,0
15190,0,0.026159992,0,1,0.7568702,1,1,0.37732103,0,0,0.19294786,0,0,0.4296716,1
15194,0,0.0016865669,0,0,0.10523752,0,1,0.97804,1,1,0.67086655,1,0,0.106724165,0
15195,0,0.64344037,1,1,0.15746313,0,0,0.19102126,0,0,0.049259864,0,0,0.12351394,0
15199,0,0.01371888,0,1,0.79468,1,0,0.26347482,0,0,0.32613483,0,0,0.43013117,1
15202,1,0.7902639,1,0,0.016957927,0,0,0.18163157,0,0,0.03357842,0,0,0.05266427,0
15205,0,0.016827833,0,1,0.35687298,1,0,0.6898508,0,1,0.2963638,0,1,0.25459242,1
15210,1,0.2215052,0,0,0.021640224,0,1,0.90123045,1,0,0.051957518,0,0,0.105217114,0
15212,0,0.0030590862,0,0,0.7614866,1,0,0.16015284,0,1,0.6235268,1,0,0.31275627,1
15213,0,0.020424128,0,1,0.10957065,0,1,0.9704452,1,0,0.13913949,0,1,0.14181909,0
15214,1,0.69056994,1,0,0.053790618,0,0,0.25987488,0,0,0.11178084,0,0,0.1112101,0
15219,0,0.061628833,0,0,0.039391644,0,1,0.9553765,1,0,0.13962951,0,0,0.1436238,0
15220,0,0.031193938,0,1,0.74147093,1,0,0.07837791,0,0,0.28660575,0,0,0.18122935,0
15224,0,0.015648745,0,1,0.84630525,1,0,0.14933018,0,0,0.17916925,0,0,0.43366846,1
15225,0,0.8717913,1,0,0.020385139,0,0,0.08397726,0,0,0.0073135537,0,1,0.041376583,0
15236,1,0.7917007,1,0,0.051086366,0,0,0.1216869,0,0,0.01278495,0,0,0.060613368,0
15237,0,0.076365694,0,1,0.7345847,1,0,0.13796182,0,1,0.15976037,0,0,0.20848668,0
15252,0,0.00031415658,0,1,0.7408121,1,0,0.3431883,0,1,0.8406386,1,1,0.5234878,1
15255,0,0.14660211,0,1,0.70337313,1,0,0.06365409,0,0,0.084143616,0,1,0.14564155,0
15262,0,0.0061984276,0,0,0.53472894,1,0,0.061995603,0,1,0.706145,1,0,0.08399091,0
15264,1,0.92968684,1,0,0.0066663316,0,0,0.041578133,0,0,0.0039991727,0,0,0.020753805,0
15268,0,0.008498644,0,1,0.7331691,1,0,0.47282362,0,0,0.51337826,1,0,0.4747216,1
15269,1,0.9198736,1,0,0.016583065,0,0,0.03289829,0,0,0.0048932796,0,0,0.027291285,0
15273,1,0.9143241,1,0,0.016998634,0,0,0.03187406,0,0,0.012196263,0,0,0.02899918,0
15287,1,0.80156064,1,0,0.03677992,0,0,0.1506726,0,0,0.033783257,0,0,0.07080729,0
15291,1,0.48862913,1,0,0.012530338,0,1,0.7659854,1,0,0.013220265,0,0,0.06801515,0
15295,1,0.25240538,0,0,0.420729,1,0,0.48297188,0,0,0.16550611,0,0,0.23880036,0
15300,0,0.0055220695,0,1,0.84806085,1,0,0.3460996,0,0,0.24309023,0,1,0.5696891,1
15305,0,0.029998519,0,1,0.67986405,1,0,0.075914875,0,0,0.35014528,0,0,0.13967319,0
15306,1,0.55506754,1,0,0.037730847,0,0,0.56740326,0,0,0.057129376,0,0,0.109945804,0
15311,0,0.026750578,0,0,0.033199653,0,1,0.97674316,1,0,0.15032068,0,0,0.12610908,0
15313,0,0.13617532,0,0,0.21057814,0,0,0.40746474,0,1,0.51944345,1,0,0.13294008,0
15315,1,0.75751466,1,0,0.02637309,0,0,0.26829216,0,0,0.019496502,0,0,0.07091061,0
15320,1,0.1930989,0,0,0.03378641,0,0,0.7732346,1,0,0.19744012,0,0,0.097302705,0
15325,0,0.00088179053,0,1,0.94615537,1,0,0.0837727,0,0,0.20196177,0,0,0.6441444,1
15339,1,0.81842875,1,0,0.016529346,0,0,0.19409649,0,0,0.011460901,0,0,0.051922195,0
15341,0,0.0043839514,0,1,0.70339036,1,0,0.49911,0,0,0.65383184,1,1,0.49991325,1
15345,1,0.83721113,1,0,0.021983098,0,0,0.13311097,0,0,0.011544424,0,0,0.051402673,0
15349,1,0.7064044,1,0,0.20765917,0,0,0.07695408,0,0,0.0273208,0,0,0.08925943,0
15353,1,0.4965173,1,0,0.2570647,0,0,0.2734078,0,0,0.048417103,0,0,0.17396401,0
15359,1,0.8142753,1,0,0.11434419,0,0,0.030238103,0,0,0.008529676,0,0,0.042446118,0
15360,1,0.9774015,1,0,0.0007001841,0,0,0.012351389,0,0,0.0012009307,0,0,0.0060483566,0
15371,1,0.7405204,1,0,0.016139941,0,0,0.3113374,0,0,0.041683644,0,0,0.067503415,0
15379,1,0.8227756,1,0,0.016158754,0,0,0.14646986,0,0,0.044037845,0,0,0.055274088,0
15383,0,0.5035833,1,0,0.13091503,0,0,0.43913132,0,0,0.050363038,0,1,0.14429021,0
15385,0,0.028388139,0,0,0.1806702,0,1,0.9232205,1,1,0.42806616,1,0,0.17742789,0
15386,1,0.61829025,1,0,0.07327059,0,0,0.3837272,0,0,0.054981947,0,0,0.11883161,0
15387,0,0.1490789,0,0,0.09368724,0,1,0.8392935,1,0,0.21974723,0,0,0.17169285,0
15388,0,0.009570873,0,0,0.5726434,1,0,0.19644745,0,1,0.7588788,1,1,0.2545225,1
15390,0,0.00420552,0,1,0.78605473,1,0,0.29797184,0,1,0.62621534,1,0,0.52822506,1
15398,0,0.3210517,1,0,0.41832092,1,0,0.22388129,0,1,0.29633313,0,0,0.20102035,0
15400,0,0.62116766,1,0,0.04170179,0,0,0.24532774,0,1,0.22078036,0,0,0.09763665,0
15401,1,0.56645936,1,0,0.07444514,0,0,0.49386632,0,0,0.033870418,0,0,0.12583145,0
15410,0,0.11847291,0,0,0.015738698,0,1,0.9103066,1,0,0.13775104,0,0,0.08792623,0
15411,1,0.947035,1,0,0.0012481742,0,0,0.058076207,0,0,0.003085151,0,0,0.013425513,0
15412,1,0.37509382,1,0,0.0074829673,0,0,0.4914661,0,0,0.2261186,0,0,0.049698424,0
15413,1,0.9551885,1,0,0.0060313437,0,0,0.009630382,0,0,0.006097525,0,0,0.01114414,0
15416,1,0.7807646,1,0,0.022342205,0,0,0.24433486,0,0,0.015111392,0,0,0.06479728,0
15418,0,0.023824297,0,1,0.4844399,1,0,0.15968439,0,1,0.7304723,1,0,0.15559858,0
15422,0,0.027848246,0,0,0.12276895,0,1,0.96103585,1,1,0.23864153,0,0,0.17280208,0
15426,0,0.031881984,0,1,0.7893734,1,0,0.13047406,0,0,0.21768531,0,0,0.26432177,1
15429,0,0.05847089,0,1,0.55941737,1,0,0.113907345,0,0,0.4673706,1,0,0.12674327,0
15430,0,0.022167856,0,0,0.24508655,0,1,0.69763726,0,1,0.63771224,1,0,0.12855983,0
15431,0,0.098700136,0,0,0.14382479,0,0,0.86640495,1,1,0.22232895,0,0,0.18341132,0
15442,1,0.6781492,1,0,0.034830038,0,0,0.4046745,0,0,0.021054722,0,0,0.08952423,0
15447,0,0.017410755,0,0,0.28432178,0,1,0.8840724,1,0,0.28760102,0,0,0.30585626,1
15449,1,0.8683355,1,0,0.018973412,0,0,0.08851099,0,0,0.022080075,0,0,0.046216257,0
15451,1,0.95404667,1,0,0.00743375,0,0,0.013430112,0,0,0.004608973,0,0,0.0146963615,0
15454,0,0.0011924857,0,1,0.9165013,1,0,0.25213146,0,0,0.2381424,0,1,0.7068735,1
15456,1,0.5247246,1,0,0.22433308,0,0,0.2546385,0,0,0.11161212,0,0,0.15440336,0
15468,0,0.093356386,0,0,0.12976503,0,1,0.46384126,0,1,0.69906694,1,0,0.14067163,0
15479,0,0.017536253,0,1,0.3206953,0,0,0.16213077,0,1,0.8438801,1,0,0.10623963,0
15482,1,0.8288452,1,0,0.03170519,0,0,0.12203253,0,0,0.04048156,0,0,0.0688873,0
15488,1,0.5243588,1,0,0.007827949,0,0,0.6325814,0,0,0.06152706,0,0,0.06568391,0
15496,0,0.001490089,0,1,0.17353171,0,0,0.9410871,1,1,0.7923847,1,0,0.12914987,0
15501,0,0.26714823,0,0,0.14537473,0,1,0.21656902,0,1,0.55598664,1,0,0.10895461,0
15504,1,0.80574715,1,0,0.12992285,0,0,0.030097367,0,0,0.0054611415,0,0,0.045293942,0
15511,0,0.024703646,0,0,0.22391756,0,0,0.5168047,0,1,0.8202232,1,0,0.1598734,0
15519,0,0.023556476,0,0,0.1788647,0,1,0.95956343,1,0,0.23782556,0,1,0.19245972,0
15520,0,0.015365182,0,0,0.14568341,0,1,0.9740224,1,0,0.248864,0,1,0.17787988,0
15527,0,0.004492422,0,0,0.28059167,0,0,0.21323048,0,1,0.9283442,1,0,0.13342702,0
15531,1,0.71272486,1,0,0.114689834,0,0,0.14528123,0,0,0.029079057,0,0,0.08941656,0
15534,1,0.6703462,1,0,0.06941459,0,0,0.22189558,0,0,0.11748378,0,0,0.10174006,0
15537,0,0.0005148184,0,0,0.15413414,0,0,0.9053891,1,1,0.89775056,1,0,0.091263615,0
15549,0,0.55655116,1,0,0.02031907,0,0,0.3121321,0,1,0.22408082,0,0,0.0761738,0
15551,0,0.05112016,0,1,0.7989792,1,0,0.11592328,0,1,0.13525671,0,0,0.2742782,1
15552,1,0.7960972,1,0,0.019047149,0,0,0.18291458,0,0,0.05463463,0,0,0.065441936,0
15561,1,0.7430007,1,0,0.08808086,0,0,0.14120466,0,0,0.014906552,0,0,0.081972,0
15563,0,0.0007297133,0,0,0.18086068,0,0,0.9232477,1,1,0.8575778,1,0,0.11038057,0
15574,0,0.14023323,0,1,0.6372812,1,0,0.26119572,0,0,0.22394936,0,0,0.245094,0
15575,1,0.90522397,1,0,0.007519198,0,0,0.037123386,0,0,0.026799405,0,0,0.023887474,0
15579,0,0.048467606,0,0,0.41313297,1,0,0.69895667,0,1,0.37962812,0,0,0.22123477,0
15581,0,0.28291696,0,1,0.59058404,1,0,0.09214953,0,0,0.0767201,0,0,0.14444599,0
15584,1,0.767738,1,0,0.14373866,0,0,0.056829322,0,0,0.017646216,0,0,0.06683248,0
15597,0,0.00063025276,0,1,0.16560118,0,1,0.9178586,1,1,0.8783504,1,0,0.10367252,0
15616,0,0.035792194,0,0,0.06959006,0,0,0.06618912,0,1,0.88419294,1,0,0.037799045,0
15617,0,0.4024616,1,1,0.47071746,1,0,0.1207652,0,0,0.014471031,0,0,0.13356397,0
15626,0,0.0004234526,0,0,0.16475911,0,0,0.9212682,1,1,0.8830809,1,0,0.08786385,0
15636,0,0.047456946,0,1,0.7358857,1,0,0.071481645,0,0,0.19337617,0,0,0.19592793,0
15637,1,0.7902871,1,0,0.08659981,0,0,0.087089464,0,0,0.0334546,0,0,0.07527081,0
15642,1,0.29261258,0,0,0.4563732,1,0,0.33134985,0,0,0.22103558,0,0,0.21865179,0
15643,1,0.79355633,1,0,0.010245637,0,0,0.29443622,0,0,0.015687995,0,0,0.0528638,0
15645,0,0.074024454,0,1,0.73812824,1,0,0.10912585,0,0,0.15670149,0,0,0.21813813,0
15649,0,0.045692507,0,1,0.59531426,1,0,0.07492733,0,0,0.39735502,0,0,0.1062123,0
15666,0,0.19893673,0,1,0.5808682,1,0,0.10928484,0,0,0.17628856,0,0,0.15802564,0
15670,0,0.031434514,0,1,0.32372543,0,1,0.8465634,1,0,0.46110067,1,0,0.24475501,0
15675,0,0.22211622,0,0,0.007267682,0,1,0.9180565,1,0,0.04301876,0,0,0.07046996,0
15676,0,0.013039733,0,0,0.13542905,0,1,0.9434453,1,0,0.47635847,1,1,0.15161636,0
15691,0,0.07802015,0,1,0.55173135,1,0,0.17762575,0,0,0.4528455,1,0,0.16419825,0
15693,1,0.92834127,1,0,0.00088714703,0,0,0.13803409,0,0,0.0013636565,0,0,0.013971191,0
15701,0,0.020796968,0,0,0.080672055,0,1,0.95665944,1,0,0.11729917,0,0,0.21102637,0
15703,0,0.005483605,0,0,0.17220892,0,1,0.97199315,1,0,0.4589452,1,1,0.17715104,0
15721,0,0.26450518,0,0,0.1928858,0,1,0.62975717,0,1,0.30501404,0,0,0.19994377,0
15723,1,0.55388695,1,0,0.06120104,0,0,0.48880994,0,0,0.062710755,0,0,0.115798496,0
15726,0,0.05797745,0,1,0.5630723,1,0,0.631876,0,0,0.34404996,0,0,0.3126619,1
15727,0,0.18902656,0,1,0.47157595,1,0,0.55873483,0,0,0.13495748,0,0,0.27016997,1
15728,0,0.4822304,1,0,0.020809261,0,0,0.613632,0,1,0.10239932,0,0,0.090083614,0
15761,1,0.74043965,1,0,0.04530545,0,0,0.23062746,0,0,0.038850747,0,0,0.087034784,0
15766,0,0.0005533179,0,1,0.9427215,1,0,0.17351668,0,0,0.24734022,0,1,0.7442193,1
15768,0,0.08418106,0,1,0.4988321,1,0,0.4837061,0,1,0.4089003,1,0,0.22777963,0
15772,1,0.79465157,1,0,0.0028222613,0,0,0.3149015,0,0,0.024089796,0,0,0.0338107,0
15773,1,0.88070154,1,0,0.005215903,0,0,0.15551232,0,0,0.0041649644,0,0,0.030285183,0
15777,1,0.8294487,1,0,0.0075737853,0,0,0.086303286,0,0,0.07418764,0,0,0.033275478,0
15779,0,0.5226547,1,1,0.113837905,0,1,0.48852685,0,0,0.07741769,0,0,0.15805566,0
15786,1,0.7409235,1,0,0.19436666,0,0,0.045820348,0,0,0.016828788,0,0,0.062724024,0
15789,1,0.724915,1,0,0.01071164,0,0,0.4548775,0,0,0.018988907,0,0,0.06578426,0
15791,0,0.37960285,1,1,0.48395273,1,0,0.17619039,0,0,0.16869648,0,0,0.18427359,0
15812,0,0.01927635,0,0,0.21571417,0,1,0.94011354,1,0,0.2860008,0,0,0.19553389,0
15816,0,0.0035337682,0,1,0.3967324,1,1,0.8651477,1,1,0.6979863,1,0,0.2542815,1
15818,0,0.38622782,1,0,0.020299872,0,1,0.82160705,1,0,0.033967804,0,0,0.098256946,0
15820,1,0.7602857,1,0,0.041741654,0,0,0.2126115,0,0,0.023324918,0,0,0.074605174,0
15822,0,0.037536502,0,0,0.06520999,0,1,0.96707433,1,0,0.12680957,0,0,0.16350509,0
15823,1,0.8029024,1,0,0.0065176254,0,0,0.31502143,0,0,0.011454674,0,0,0.045293573,0
15830,1,0.85747874,1,0,0.012766692,0,0,0.13640743,0,0,0.014549438,0,0,0.04624989,0
15836,0,0.031857274,0,1,0.36965725,1,0,0.07137278,0,1,0.69748527,1,0,0.07591461,0
15845,0,0.54585725,1,0,0.0074233147,0,1,0.56861395,0,1,0.06686358,0,0,0.055206638,0
15848,0,0.72028166,1,0,0.005053715,0,0,0.19278848,0,1,0.11020776,0,0,0.0412993,0
15853,0,0.025547633,0,1,0.061361946,0,1,0.9639812,1,0,0.1508531,0,1,0.17914063,0
15858,0,0.02120876,0,1,0.527838,1,0,0.18563512,0,0,0.652533,1,0,0.1401783,0
15859,0,0.0010064834,0,1,0.93400997,1,0,0.1604243,0,0,0.26652712,0,1,0.7160252,1
15861,0,0.13188344,0,0,0.033669233,0,1,0.855867,1,0,0.23281993,0,0,0.11569266,0
15873,0,0.01631097,0,1,0.8325731,1,0,0.18785672,0,0,0.18748759,0,0,0.4472992,1
15877,0,0.11751995,0,0,0.44364035,1,0,0.14140214,0,1,0.45407957,1,0,0.114708476,0
15879,0,0.1250624,0,0,0.29799035,0,1,0.31964955,0,1,0.5560011,1,0,0.1686696,0
15880,0,0.027940338,0,0,0.7905307,1,0,0.060919356,0,1,0.19128095,0,0,0.16311333,0
15884,1,0.8317392,1,0,0.017112413,0,0,0.16573846,0,0,0.008353384,0,0,0.04865412,0
15897,1,0.8791235,1,0,0.013450597,0,0,0.08399036,0,0,0.010143599,0,0,0.036527716,0
15898,1,0.93595386,1,0,0.0019435347,0,0,0.042312376,0,0,0.009492153,0,0,0.01486587,0
15900,1,0.90314686,1,0,0.016576534,0,0,0.05083634,0,0,0.0055668144,0,0,0.032438606,0
15922,1,0.3546977,1,0,0.5551393,1,0,0.08130186,0,0,0.07527293,0,0,0.12501569,0
15924,0,0.72163546,1,0,0.025157854,0,0,0.18041517,0,1,0.13075039,0,0,0.06846897,0
15925,0,0.018459378,0,1,0.8268331,1,0,0.21948636,0,0,0.2659146,0,0,0.49542597,1
15932,1,0.93593884,1,0,0.0016344362,0,0,0.07006472,0,0,0.0045699864,0,0,0.016673325,0
15937,0,0.030659012,0,1,0.79674315,1,0,0.035924345,0,0,0.12867925,0,1,0.124345824,0
15944,0,0.025677033,0,0,0.42567202,1,0,0.28311324,0,1,0.7663037,1,0,0.1662053,0
15947,1,0.5055782,1,0,0.3645283,1,0,0.13222045,0,0,0.048480757,0,0,0.13992211,0
15953,0,0.2733132,0,0,0.07043336,0,0,0.1894805,0,1,0.63505954,1,0,0.08523993,0
15957,1,0.9791876,1,0,0.00018303642,0,0,0.024771577,0,0,0.0005507389,0,0,0.004509129,0
15959,1,0.9153638,1,0,0.014389015,0,0,0.041282073,0,0,0.005659922,0,0,0.029610824,0
15967,1,0.82325566,1,0,0.018283796,0,0,0.17249642,0,0,0.012352367,0,0,0.05483988,0
15973,0,0.0029761558,0,0,0.2844734,0,1,0.67954654,0,1,0.8530162,1,0,0.12535506,0
15974,1,0.9409606,1,0,0.004190388,0,0,0.044405777,0,0,0.0022204279,0,0,0.017802589,0
15978,1,0.7731399,1,0,0.04291211,0,0,0.18966646,0,0,0.029313568,0,0,0.07759533,0
15987,1,0.9475216,1,0,0.0060982904,0,0,0.022523599,0,0,0.00432084,0,0,0.01705075,0
15993,0,0.04901091,0,1,0.7535603,1,0,0.26313353,0,0,0.2245466,0,0,0.37924886,1
15996,0,0.1505026,0,0,0.67446256,1,0,0.19965725,0,0,0.117570475,0,1,0.2274369,0
16003,1,0.94756883,1,0,0.0017424942,0,0,0.03547839,0,0,0.0067477087,0,0,0.013805638,0
16008,0,0.14150321,0,1,0.47352773,1,0,0.1097535,0,0,0.39293435,0,0,0.10153124,0
16014,1,0.8820834,1,0,0.005036027,0,0,0.1500945,0,0,0.0076054735,0,0,0.032797877,0
16015,0,0.69262576,1,1,0.013620887,0,0,0.24962214,0,0,0.09594952,0,0,0.054610584,0
16024,1,0.5742138,1,0,0.022950998,0,0,0.5921772,0,0,0.031516425,0,0,0.08538352,0
16029,1,0.78000003,1,0,0.05325591,0,0,0.14790328,0,0,0.0377976,0,0,0.08157358,0
16047,0,0.046508785,0,0,0.35027105,1,0,0.29300043,0,1,0.7369376,1,0,0.14275509,0
16054,1,0.85609335,1,0,0.009023929,0,0,0.17280123,0,0,0.008102451,0,0,0.041499574,0
16063,0,0.6328476,1,0,0.06618084,0,0,0.3985398,0,0,0.051910385,0,1,0.12623739,0
16067,1,0.45556045,1,0,0.037586603,0,0,0.5449821,0,0,0.18428743,0,0,0.11960302,0
16078,1,0.87641096,1,0,0.07545191,0,0,0.020986743,0,0,0.008792501,0,0,0.034571294,0
16080,0,0.0016248054,0,1,0.87984014,1,1,0.4037096,0,0,0.20856702,0,1,0.6367425,1
16081,0,0.08983115,0,1,0.7743994,1,0,0.055764936,0,0,0.04407502,0,0,0.15555118,0
16086,1,0.59740454,1,0,0.24256758,0,0,0.19496754,0,0,0.05362237,0,0,0.14400338,0
16087,1,0.68804264,1,0,0.19651008,0,0,0.08540067,0,0,0.10280609,0,0,0.08970913,0
16090,0,0.079214916,0,0,0.40573946,1,1,0.7267068,1,0,0.25545675,0,1,0.24437933,0
16091,1,0.821037,1,0,0.009759468,0,0,0.23904529,0,0,0.0076482007,0,0,0.04389349,0
16096,0,0.028902426,0,0,0.1032696,0,1,0.9517626,1,0,0.23893058,0,0,0.17837797,0
16099,0,0.11734342,0,1,0.5419986,1,0,0.10104344,0,0,0.31850648,0,0,0.13536204,0
16103,0,0.51403123,1,0,0.03084826,0,1,0.65606505,0,0,0.07169816,0,0,0.116790324,0
16104,1,0.6903397,1,0,0.04272643,0,0,0.3495681,0,0,0.025755469,0,0,0.094041705,0
16107,0,0.2363185,0,1,0.5732697,1,0,0.22382647,0,0,0.048788678,0,1,0.21365914,0
16108,1,0.8249028,1,0,0.08310675,0,0,0.051735632,0,0,0.00857348,0,0,0.057760466,0
16111,0,0.007385837,0,1,0.37741634,1,1,0.9304365,1,0,0.42651334,1,0,0.22180809,0
16123,0,0.0779623,0,0,0.3728719,1,0,0.44638985,0,1,0.6454045,1,0,0.1844338,0
16125,0,0.012379865,0,1,0.27329475,0,1,0.92777085,1,0,0.49197105,1,0,0.19076025,0
16127,0,0.008839531,0,0,0.16606572,0,1,0.9667146,1,1,0.39555663,0,0,0.19198921,0
16128,0,0.0072534047,0,0,0.15166129,0,1,0.98263484,1,0,0.22784397,0,0,0.15072054,0
16132,0,0.0076569496,0,1,0.57533264,1,0,0.64939874,0,0,0.66936004,1,0,0.3763214,1
16134,0,0.017762145,0,0,0.227997,0,1,0.9469854,1,0,0.37005416,0,0,0.18641597,0
16144,1,0.81883514,1,0,0.08512386,0,0,0.03903906,0,0,0.03348414,0,0,0.04885379,0
16163,0,0.33122543,1,0,0.18861407,0,1,0.45795345,0,0,0.32529444,0,0,0.17878951,0
16171,0,0.03346423,0,0,0.1271724,0,1,0.9334958,1,1,0.3904419,0,0,0.18653755,0
16174,1,0.8769438,1,0,0.012322427,0,0,0.10350192,0,0,0.0071049375,0,0,0.03727836,0
16177,0,0.011365181,0,1,0.8588095,1,0,0.13107881,0,0,0.2384387,0,0,0.4203235,1
16182,0,0.006389035,0,0,0.89007735,1,0,0.14770323,0,0,0.17220457,0,1,0.51724666,1
16186,1,0.8753228,1,0,0.014464565,0,0,0.1006991,0,0,0.015789881,0,0,0.044497214,0
16192,1,0.8623104,1,0,0.0022446988,0,0,0.27122465,0,0,0.005921201,0,0,0.028870946,0
16193,1,0.8121304,1,0,0.011974766,0,0,0.24339184,0,0,0.007853797,0,0,0.04895929,0
16198,1,0.84474945,1,0,0.009297632,0,0,0.18001083,0,0,0.004353994,0,0,0.034252148,0
16202,0,0.23094526,0,0,0.25944948,0,0,0.29003543,0,1,0.5262672,1,1,0.19333914,0
16216,0,0.124660686,0,0,0.68207407,1,0,0.17538238,0,1,0.19073537,0,0,0.2530422,1
16217,1,0.53986174,1,0,0.026889468,0,0,0.58352256,0,0,0.053926263,0,0,0.090515524,0
16218,1,0.745992,1,0,0.0166161,0,0,0.35017523,0,0,0.026649024,0,0,0.0743236,0
16234,0,0.045322955,0,1,0.06555846,0,1,0.9527476,1,1,0.15607716,0,0,0.16887903,0
16237,1,0.70850945,1,0,0.01945855,0,0,0.4077861,0,0,0.018079136,0,0,0.07054868,0
16247,0,0.014253084,0,0,0.21716028,0,1,0.61793125,0,1,0.83121717,1,0,0.15157789,0
16248,1,0.80232924,1,0,0.011992578,0,0,0.21959454,0,0,0.03661819,0,0,0.057387255,0
16255,1,0.75144047,1,0,0.031651877,0,0,0.079769954,0,0,0.13426916,0,0,0.046815604,0
16266,0,0.092041925,0,0,0.08766742,0,1,0.902155,1,0,0.2270343,0,0,0.17087562,0
16273,0,0.0006300288,0,0,0.11575976,0,0,0.6441081,0,1,0.9604994,1,0,0.066165105,0
16283,1,0.9306156,1,0,0.002904813,0,0,0.065453276,0,0,0.004715611,0,0,0.019301947,0
16291,0,0.046495277,0,1,0.5156539,1,0,0.58651996,0,0,0.5037781,1,1,0.25905257,1
16294,0,0.020259315,0,0,0.63792473,1,0,0.43745247,0,1,0.49077895,1,0,0.2692471,1
16295,0,0.0006455311,0,1,0.47997612,1,0,0.47210392,0,1,0.8999477,1,1,0.34172976,1
16296,1,0.8816172,1,0,0.028496478,0,0,0.04716698,0,0,0.0142104635,0,0,0.04419361,0
16300,0,0.025807621,0,1,0.8045241,1,0,0.21273407,0,0,0.16131747,0,1,0.42694205,1
16302,0,0.000716528,0,0,0.07813108,0,0,0.055203225,0,1,0.9815969,1,0,0.020194191,0
16304,1,0.41878438,1,0,0.3757709,1,0,0.19594543,0,0,0.1095133,0,0,0.17441244,0
16306,0,0.03524532,0,0,0.20489813,0,1,0.931495,1,0,0.23897964,0,1,0.18633127,0
16308,1,0.6097775,1,0,0.22791635,0,0,0.17741968,0,0,0.046964962,0,0,0.12802269,0
16317,1,0.91726184,1,0,0.002264029,0,0,0.108513184,0,0,0.005542064,0,0,0.022596424,0
16323,1,0.79706,1,0,0.0032714442,0,1,0.41370395,0,0,0.006128361,0,0,0.0356419,0
16324,0,0.0027215676,0,0,0.19287233,0,0,0.62431794,0,1,0.900988,1,0,0.09141862,0
16327,0,0.0029720636,0,1,0.15409175,0,0,0.51404303,0,1,0.9316513,1,0,0.10412887,0
16331,1,0.92497313,1,0,0.00351746,0,0,0.044626284,0,0,0.013013071,0,0,0.018732768,0
16333,1,0.089314684,0,0,0.67775923,1,0,0.22519197,0,0,0.22313769,0,0,0.26467675,1
16336,1,0.6370917,1,0,0.05150601,0,1,0.3386228,0,0,0.093718044,0,0,0.10584,0
16342,0,0.0037805662,0,1,0.21865034,0,1,0.94209075,1,1,0.6651872,1,0,0.16152807,0
16344,0,7.1645074e-05,0,0,0.07847773,0,1,0.9289441,1,1,0.9614855,1,0,0.050497886,0
16345,0,0.000545973,0,0,0.10824178,0,1,0.9692077,1,1,0.8292136,1,0,0.097952664,0
16354,1,0.8698127,1,0,0.00552879,0,0,0.17256963,0,0,0.0112066865,0,0,0.037597004,0
16356,1,0.70632523,1,0,0.11232133,0,0,0.10437282,0,0,0.05572705,0,0,0.07420336,0
16357,0,0.009068092,0,1,0.5302214,1,1,0.6531866,0,1,0.63959116,1,1,0.40245658,1
16363,1,0.9036963,1,0,0.022931363,0,0,0.034666777,0,0,0.017107408,0,0,0.035187785,0
16367,0,0.0022032189,0,1,0.27682403,0,1,0.9656042,1,1,0.5295525,1,0,0.17579581,0
16368,1,0.26482686,0,0,0.3981884,1,1,0.39748448,0,0,0.21187103,0,0,0.20839928,0
16370,1,0.3276098,1,0,0.47008502,1,0,0.21958433,0,0,0.052203078,0,0,0.189155,0
16380,1,0.68607134,1,0,0.010969598,0,0,0.29383504,0,0,0.105155654,0,0,0.062190197,0
16388,1,0.56655467,1,0,0.23033679,0,0,0.25523162,0,0,0.09190619,0,0,0.17411816,0
16397,1,0.71248055,1,0,0.02036924,0,0,0.39104652,0,0,0.016312905,0,0,0.07042164,0
16399,1,0.7376271,1,0,0.05952526,0,0,0.19322172,0,0,0.019320637,0,0,0.07861132,0
16401,0,0.51109695,1,0,0.10588254,0,1,0.3687526,0,0,0.18966089,0,0,0.13898434,0
16405,0,0.0018225219,0,0,0.1801163,0,0,0.58758885,0,1,0.9352746,1,0,0.11546237,0
16406,0,0.002711499,0,0,0.19631854,0,1,0.799026,1,1,0.8582628,1,0,0.10822627,0
16407,1,0.85831827,1,0,0.0057040737,0,0,0.1927517,0,0,0.007120778,0,0,0.034287646,0
16409,0,8.315128e-05,0,0,0.058322765,0,1,0.95349276,1,1,0.9469631,1,0,0.05574215,0
16410,0,0.16729033,0,1,0.5834314,1,0,0.17288822,0,1,0.36113366,0,0,0.22030337,0
16411,1,0.6636016,1,0,0.09573828,0,0,0.2554786,0,0,0.03071899,0,0,0.11541973,0
16422,1,0.8102898,1,0,0.009648668,0,0,0.26960716,0,0,0.009224485,0,0,0.04755272,0
16432,0,0.12625521,0,0,0.12459129,0,1,0.86596006,1,0,0.20529447,0,0,0.18303548,0
16433,1,0.09936158,0,0,0.43177235,1,0,0.2829884,0,0,0.59941435,1,0,0.18343723,0
16434,1,0.7031005,1,0,0.020020148,0,0,0.4152263,0,0,0.030198839,0,0,0.081974246,0
16448,0,0.013518889,0,1,0.49152043,1,0,0.13676809,0,1,0.7516034,1,0,0.1406034,0
16449,0,0.0011639134,0,0,0.18760794,0,1,0.57035136,0,1,0.94733757,1,0,0.111774,0
16452,0,0.21043006,0,1,0.53024906,1,0,0.2742991,0,0,0.3359171,0,0,0.23406057,0
16459,1,0.4959383,1,0,0.021290353,0,0,0.7382392,1,0,0.021804882,0,0,0.093082115,0
16460,1,0.8067329,1,0,0.027617106,0,0,0.16582471,0,0,0.04009277,0,0,0.0708657,0
16471,1,0.81875384,1,0,0.014577042,0,0,0.15882573,0,0,0.03010264,0,0,0.049986143,0
16473,0,0.6613406,1,0,0.12663789,0,0,0.2272749,0,0,0.050951805,0,1,0.12823315,0
16474,0,0.28350094,0,0,0.068108544,0,0,0.6096232,0,1,0.33032706,0,0,0.13712803,0
16475,0,0.38518873,1,1,0.27062222,0,0,0.31939948,0,0,0.31301945,0,0,0.20160285,0
16480,0,0.0014128347,0,0,0.12826182,0,1,0.71076095,1,1,0.9277886,1,0,0.098973416,0
16491,1,0.88416916,1,0,0.0061233877,0,0,0.10486923,0,0,0.018291548,0,0,0.033469673,0
16496,0,0.020912018,0,0,0.059438616,0,1,0.9803538,1,0,0.111959435,0,0,0.16179188,0
16497,0,0.039851677,0,0,0.06801518,0,1,0.9348756,1,0,0.3197924,0,0,0.14655907,0
16506,0,0.003687762,0,1,0.1840475,0,1,0.95925266,1,0,0.6251398,1,0,0.14628969,0
16509,0,0.20339341,0,0,0.35860786,1,0,0.60259545,0,1,0.17154759,0,0,0.22476073,0
16515,1,0.56025654,1,0,0.18363237,0,0,0.2582162,0,0,0.026574476,0,0,0.13631785,0
16517,0,0.00500482,0,1,0.5307762,1,0,0.2683278,0,1,0.8393841,1,0,0.28283048,1
16519,1,0.8469175,1,0,0.051694185,0,0,0.057125833,0,0,0.016163394,0,0,0.04673214,0
16523,0,0.12886192,0,1,0.16839126,0,0,0.8389086,1,0,0.26150325,0,0,0.21830477,0
16552,0,0.00088987395,0,1,0.9096111,1,0,0.3452742,0,1,0.16509987,0,0,0.65011,1
16556,1,0.7797251,1,0,0.029269252,0,0,0.20277713,0,0,0.009488571,0,0,0.058967374,0
16557,1,0.7661556,1,0,0.07382687,0,0,0.11881559,0,0,0.015652912,0,0,0.06743228,0
16566,0,0.010805699,0,0,0.23745675,0,0,0.82849,1,1,0.7424382,1,0,0.16684708,0
16569,1,0.7186183,1,0,0.0058260052,0,0,0.067376636,0,0,0.2121983,0,0,0.024709517,0
16572,1,0.72578484,1,0,0.10796705,0,0,0.1385167,0,0,0.0155519545,0,0,0.085653566,0
16573,0,0.0018256388,0,1,0.5954206,1,1,0.7299975,1,1,0.70295525,1,0,0.37666863,1
16580,0,0.13707206,0,1,0.49538115,1,0,0.3113062,0,0,0.5001653,1,0,0.22901192,0
16587,1,0.80680287,1,0,0.04521788,0,0,0.13461645,0,0,0.02351234,0,0,0.07277413,0
16595,0,0.044110775,0,0,0.055695593,0,0,0.90469843,1,1,0.43239346,1,0,0.13179763,0
16597,1,0.3819471,1,0,0.02097262,0,0,0.69023746,0,0,0.12604204,0,0,0.09601236,0
16611,0,0.33571506,1,1,0.54328907,1,1,0.13965467,0,0,0.15185463,0,0,0.1588539,0
16613,1,0.052628405,0,0,0.18296105,0,0,0.92117625,1,0,0.23752055,0,0,0.20005956,0
16619,0,0.00459721,0,1,0.60205233,1,1,0.8394976,1,1,0.3828817,0,1,0.4068239,1
16621,0,0.06465188,0,1,0.62529933,1,0,0.46388742,0,0,0.26261127,0,0,0.29220998,1
16630,1,0.81433856,1,0,0.0070894705,0,0,0.27625155,0,0,0.011235038,0,0,0.04403842,0
16631,0,0.04488678,0,0,0.054998945,0,1,0.97077763,1,0,0.08656468,0,0,0.1427964,0
16633,1,0.5913244,1,0,0.018244943,0,0,0.60350114,0,0,0.019721106,0,0,0.07383877,0
16634,0,0.008521216,0,0,0.59998,1,0,0.7602076,1,0,0.45903903,1,1,0.37541628,1
16644,1,0.8422551,1,0,0.054215867,0,0,0.06524932,0,0,0.012579232,0,0,0.052864473,0
16645,0,0.002182191,0,0,0.23380905,0,1,0.9712281,1,0,0.5400263,1,0,0.14979942,0
16648,1,0.48885676,1,0,0.02898803,0,0,0.29307312,0,0,0.3330739,0,0,0.08329134,0
16651,1,0.5060866,1,0,0.25526452,0,0,0.21102746,0,0,0.2308725,0,0,0.15680474,0
16653,0,0.06261631,0,0,0.31763965,0,0,0.35802177,0,1,0.7515953,1,0,0.18754931,0
16661,0,0.03176276,0,1,0.059480816,0,1,0.9704936,1,1,0.15631789,0,1,0.15754776,0
16673,1,0.8348293,1,0,0.014660266,0,0,0.17401654,0,0,0.011550803,0,0,0.049317233,0
16681,0,0.0037273103,0,1,0.44542298,1,0,0.7017463,1,1,0.7717993,1,0,0.3164117,1
16693,0,0.0031069564,0,1,0.42125615,1,0,0.62870336,0,1,0.8334979,1,1,0.28563997,1
16704,0,0.03504616,0,0,0.6958117,1,0,0.46472883,0,1,0.4048803,1,0,0.4743054,1
16705,1,0.6355616,1,0,0.12087086,0,0,0.267227,0,0,0.07247342,0,0,0.12400629,0
16710,1,0.70116395,1,0,0.20211042,0,1,0.07990561,0,0,0.05328274,0,0,0.09261009,0
16711,0,0.04625613,0,0,0.19395104,0,0,0.43145025,0,1,0.7833247,1,0,0.13525774,0
16723,0,0.03899039,0,0,0.45099685,1,1,0.17352895,0,1,0.68118507,1,0,0.15127538,0
16728,0,0.20646292,0,0,0.237668,0,0,0.52167064,0,1,0.46830997,1,0,0.21903135,0
16739,0,0.0045113172,0,1,0.5886212,1,0,0.7335776,1,0,0.4985647,1,0,0.3333181,1
16747,1,0.9250076,1,0,0.0035199062,0,0,0.069886126,0,0,0.0060724923,0,0,0.02249826,0
16765,1,0.306567,1,0,0.16839446,0,0,0.6651944,0,0,0.082517385,0,0,0.18659382,0
16775,0,0.07136091,0,1,0.5141339,1,0,0.6017606,0,0,0.32218012,0,1,0.333326,1
16780,1,0.9320773,1,0,0.0068555363,0,0,0.040880352,0,0,0.0037404634,0,0,0.021593936,0
16791,0,0.0021975532,0,0,0.12309374,0,1,0.9454388,1,1,0.7589631,1,0,0.11848298,0
16792,1,0.63748485,1,0,0.10713161,0,0,0.30191153,0,0,0.10729943,0,0,0.14353314,0
16794,0,0.0053981375,0,0,0.3922765,1,1,0.8656903,1,1,0.4029307,1,0,0.39515293,1
16799,0,0.16230977,0,1,0.6737738,1,0,0.17399035,0,0,0.14927931,0,0,0.2342015,0
16803,1,0.85029835,1,0,0.01641845,0,0,0.13764547,0,0,0.009689044,0,0,0.046314694,0
16813,0,0.70662516,1,0,0.08353208,0,0,0.18976212,0,0,0.049540915,0,1,0.09649569,0
16818,0,0.00020639726,0,0,0.82279336,1,1,0.7472476,1,1,0.45682892,1,1,0.6156511,1
16824,0,0.2746204,0,0,0.39544523,1,0,0.4013408,0,1,0.38897195,0,0,0.2663711,1
16832,0,0.0061929845,0,0,0.12835632,0,1,0.93885136,1,1,0.67274225,1,0,0.12937628,0
16833,0,0.004985041,0,1,0.82529867,1,0,0.3088658,0,0,0.41808525,1,0,0.5198388,1
16836,1,0.79033756,1,0,0.040080275,0,0,0.14512096,0,0,0.013743995,0,0,0.06092375,0
16842,1,0.83829015,1,0,0.007090246,0,0,0.21396402,0,0,0.010174127,0,0,0.040004507,0
16843,0,0.0633958,0,0,0.08650097,0,1,0.9082088,1,0,0.25699875,0,0,0.15579604,0
16848,1,0.6927731,1,0,0.15204428,0,0,0.123651326,0,0,0.01545089,0,0,0.09760342,0
16850,1,0.925455,1,0,0.006642245,0,0,0.050938137,0,0,0.004776013,0,0,0.023949794,0
16853,0,0.00036951547,0,1,0.9621144,1,0,0.08417065,0,0,0.11331287,0,1,0.7219119,1
16855,0,0.08181115,0,1,0.7651397,1,0,0.088688575,0,0,0.09327701,0,0,0.22956203,0
16861,0,0.0016314789,0,0,0.23237762,0,1,0.970501,1,1,0.5668581,1,0,0.12901467,0
16863,0,0.5606557,1,1,0.1861375,0,0,0.2580837,0,0,0.08541305,0,1,0.14140981,0
16864,1,0.8397116,1,0,0.045412593,0,0,0.0797943,0,0,0.013959878,0,0,0.058320798,0
16867,0,0.00040681288,0,1,0.9591035,1,0,0.09373022,0,0,0.11013701,0,1,0.701117,1
16875,0,0.0018416045,0,0,0.097283445,0,1,0.9596227,1,1,0.76086646,1,0,0.10212976,0
16881,0,0.54802895,1,1,0.17703974,0,0,0.17234294,0,0,0.06701804,0,0,0.09664258,0
16885,1,0.5641148,1,0,0.092889644,0,1,0.36472017,0,0,0.18904898,0,0,0.1430269,0
16886,0,0.009598313,0,0,0.31858054,0,1,0.9006627,1,1,0.2411091,0,0,0.33359933,1
16896,1,0.77309203,1,0,0.03666495,0,0,0.19547889,0,0,0.028422415,0,0,0.07257214,0
16899,0,0.012042904,0,1,0.87629527,1,0,0.08636973,0,0,0.09516248,0,0,0.35884097,1
16903,1,0.5805937,1,0,0.30803674,0,0,0.08520229,0,0,0.12384741,0,0,0.095999084,0
16908,0,0.011984101,0,1,0.7756881,1,0,0.26609164,0,0,0.40892208,1,0,0.3878477,1
16915,0,0.4319452,1,1,0.39697248,1,0,0.18432756,0,0,0.17797652,0,0,0.16545586,0
16916,0,0.00014387057,0,1,0.97226286,1,0,0.08618548,0,0,0.097781025,0,1,0.76551384,1
16917,0,0.017230209,0,1,0.8114884,1,0,0.04610615,0,0,0.2142063,0,0,0.18340847,0
16929,0,0.018563671,0,1,0.8464694,1,0,0.12831683,0,0,0.16220261,0,0,0.36047953,1
16930,0,0.0006874082,0,0,0.66062593,1,1,0.90498185,1,0,0.30113697,0,1,0.39753067,1
16931,0,0.0037808605,0,0,0.19164012,0,0,0.21375442,0,1,0.9486197,1,0,0.108402774,0
16932,0,0.6926376,1,1,0.25286826,0,0,0.035719745,0,0,0.06669773,0,0,0.06139543,0
16943,1,0.76773983,1,0,0.02297729,0,0,0.22030671,0,0,0.052281503,0,0,0.071567036,0
16948,0,0.00039075862,0,0,0.1283058,0,1,0.9284207,1,1,0.90502864,1,0,0.090497404,0
16950,1,0.6889387,1,0,0.053247273,0,0,0.32628515,0,0,0.042808466,0,0,0.10462969,0
16951,0,0.32844907,1,0,0.01144011,0,0,0.49599096,0,1,0.3156426,0,0,0.06284931,0
16971,0,0.0013806497,0,0,0.93166137,1,0,0.12193595,0,1,0.24046455,0,1,0.6422073,1
16972,0,0.13126583,0,1,0.75035995,1,0,0.0602214,0,0,0.055682313,0,0,0.16289851,0
16984,0,0.010532365,0,0,0.068784826,0,1,0.9885316,1,0,0.14693023,0,0,0.1426777,0
16987,0,0.014394351,0,1,0.8485708,1,0,0.08315875,0,0,0.1849777,0,1,0.3367959,1
16988,1,0.6296803,1,0,0.27882087,0,0,0.044425026,0,0,0.027226547,0,0,0.063420415,0
16992,0,0.03690299,0,1,0.41986486,1,0,0.2329911,0,0,0.7329693,1,0,0.1774971,0
16996,1,0.8719789,1,0,0.020343509,0,0,0.07997445,0,0,0.015034817,0,0,0.044536747,0
16997,1,0.477751,1,0,0.29442182,0,0,0.11192657,0,0,0.24725735,0,0,0.10346825,0
17012,0,0.048105985,0,0,0.29114163,0,0,0.17304721,0,1,0.7661879,1,0,0.1118321,0
17013,1,0.780572,1,0,0.027271569,0,0,0.20723009,0,0,0.03318487,0,0,0.06988423,0
17014,1,0.7560735,1,0,0.004829378,0,0,0.27070415,0,0,0.051018793,0,0,0.03948592,0
17027,1,0.7131205,1,0,0.09212018,0,0,0.1977572,0,0,0.038174607,0,0,0.10245497,0
17034,0,0.0023237262,0,1,0.91146106,1,1,0.18396707,0,0,0.11037061,0,0,0.5491723,1
17036,0,0.0012345174,0,0,0.23421095,0,1,0.88146156,1,1,0.85946757,1,0,0.14959691,0
17044,1,0.6843897,1,0,0.2633932,0,0,0.035852697,0,0,0.031529143,0,0,0.06801584,0
17051,1,0.4793916,1,0,0.034113046,0,0,0.71135086,1,0,0.052123595,0,0,0.11940323,0
17053,0,0.00051262963,0,0,0.28922346,0,1,0.91568786,1,1,0.844613,1,0,0.18750562,0
17054,0,0.1639552,0,0,0.09465261,0,1,0.82313156,1,1,0.12582853,0,0,0.13497195,0
17056,1,0.9435666,1,0,0.00144598,0,0,0.05745034,0,0,0.0038777885,0,0,0.0145572405,0
17059,1,0.67214066,1,0,0.0335785,0,0,0.34413412,0,0,0.058987696,0,0,0.087028645,0
17068,0,0.0077094818,0,0,0.89637566,1,0,0.07154648,0,1,0.12611677,0,0,0.4084903,1
17070,0,0.85784787,1,1,0.002557127,0,0,0.064865485,0,0,0.05820115,0,0,0.020127416,0
17076,0,0.002704082,0,1,0.89760846,1,0,0.11125144,0,0,0.3200275,0,0,0.45231164,1
17081,0,0.11493231,0,0,0.23357315,0,0,0.5983983,0,1,0.5170096,1,0,0.20886822,0
17092,0,0.1138282,0,1,0.57030416,1,0,0.25913656,0,0,0.37123162,0,0,0.21452318,0
17097,1,0.97039557,1,0,0.0019871641,0,0,0.013191936,0,0,0.0013559064,0,0,0.008863741,0
17099,0,0.022850122,0,0,0.024733264,0,1,0.9816506,1,0,0.15795451,0,0,0.11297794,0
17117,1,0.6049092,1,0,0.0119780265,0,0,0.5883751,0,0,0.02831521,0,0,0.06555542,0
17120,0,0.01896955,0,1,0.8200989,1,0,0.22254874,0,0,0.11143861,0,0,0.3907675,1
17121,1,0.6670258,1,0,0.007888114,0,0,0.56872934,0,0,0.0091791935,0,0,0.05082317,0
17123,1,0.9057323,1,0,0.007548452,0,0,0.08438347,0,0,0.004049933,0,0,0.028421205,0
17129,0,0.0027246056,0,0,0.08603011,0,0,0.07966316,0,1,0.9714594,1,0,0.036678545,0
17138,0,0.4536997,1,1,0.20668492,0,0,0.2747956,0,0,0.10422853,0,0,0.11722574,0
17151,0,0.61805636,1,0,0.026516845,0,0,0.48882732,0,1,0.06401033,0,0,0.09813248,0
17160,0,0.71637386,1,0,0.027627729,0,0,0.3053114,0,0,0.044961024,0,1,0.07845558,0
17161,1,0.75033265,1,0,0.052389093,0,0,0.12593958,0,0,0.096274294,0,0,0.07715092,0
17162,1,0.49070513,1,0,0.14409542,0,0,0.2509097,0,0,0.16975883,0,0,0.10639993,0
17165,0,0.0050579896,0,0,0.05889556,0,1,0.9883875,1,1,0.31744683,0,0,0.115705475,0
17178,1,0.6741082,1,0,0.052305486,0,0,0.3461599,0,0,0.042183466,0,0,0.10205698,0
17180,0,0.0040436657,0,0,0.21603611,0,0,0.44291526,0,1,0.9085967,1,0,0.13526659,0
17189,0,0.012883708,0,1,0.8575911,1,0,0.16388373,0,0,0.16863686,0,1,0.47510543,1
17191,1,0.5879666,1,0,0.3555868,1,0,0.056270126,0,0,0.06298934,0,0,0.08851865,0
17193,1,0.63532937,1,0,0.0337258,0,0,0.35462418,0,0,0.06952768,0,0,0.08126267,0
17201,1,0.6775331,1,0,0.016671207,0,0,0.45736563,0,0,0.010001331,0,0,0.058684282,0
17204,1,0.73966604,1,0,0.05251225,0,0,0.20474973,0,0,0.032306425,0,0,0.081566714,0
17211,0,0.110000715,0,1,0.46706697,1,0,0.020419596,0,0,0.20242952,0,0,0.04035151,0
17217,0,0.006471263,0,0,0.8972132,1,0,0.10329815,0,1,0.1030877,0,0,0.43467236,1
17220,0,0.344144,1,1,0.4388864,1,0,0.23791341,0,0,0.06803236,0,0,0.19387041,0
17225,0,0.54136676,1,0,0.13681863,0,1,0.35658872,0,0,0.15076204,0,0,0.158156,0
17227,0,0.09734694,0,1,0.6600856,1,1,0.14405042,0,0,0.27540073,0,0,0.17484137,0
17238,1,0.74438184,1,0,0.0775555,0,0,0.16710746,0,0,0.045450177,0,0,0.091522135,0
17243,1,0.88098115,1,0,0.0304354,0,0,0.048287027,0,0,0.012790164,0,0,0.038837254,0
17246,1,0.91273147,1,0,0.021279505,0,0,0.030232202,0,0,0.0042069517,0,0,0.027372666,0
17248,0,0.11413569,0,0,0.02976041,0,1,0.87303996,1,1,0.24595727,0,0,0.11262387,0
17249,1,0.76130044,1,0,0.0109113455,0,0,0.3001402,0,0,0.03736179,0,0,0.05806104,0
17251,0,0.04284923,0,1,0.7850575,1,0,0.18259153,0,0,0.09268122,0,1,0.35476407,1
17253,0,0.42848805,1,0,0.05290911,0,1,0.6783522,0,0,0.020071605,0,0,0.09976992,0
17254,0,0.048172887,0,0,0.042354327,0,1,0.9384761,1,1,0.27634546,0,0,0.13056347,0
17269,0,0.059203196,0,0,0.017623285,0,1,0.95317334,1,0,0.16153392,0,1,0.101184815,0
17275,0,0.06662069,0,0,0.2675346,0,1,0.7701254,1,0,0.47723523,1,0,0.19502123,0
17276,0,0.0914888,0,1,0.5234044,1,0,0.37498802,0,1,0.5520717,1,0,0.264703,1
17288,0,0.0021909862,0,1,0.7113078,1,0,0.51824915,0,1,0.6799331,1,1,0.48988274,1
17289,1,0.77915347,1,0,0.054502297,0,0,0.14039458,0,0,0.030696278,0,0,0.07411643,0
17291,0,0.7364197,1,0,0.036442343,0,0,0.26956195,0,0,0.028726324,0,1,0.08455961,0
17306,0,0.21286137,0,1,0.3887352,1,0,0.35734016,0,0,0.31378064,0,0,0.19297238,0
17311,1,0.7080504,1,0,0.06843543,0,0,0.21924026,0,0,0.018343074,0,0,0.08922596,0
17316,0,0.103007354,0,1,0.6037674,1,0,0.10796366,0,0,0.31556553,0,0,0.15021689,0
17317,1,0.4483437,1,0,0.052640304,0,0,0.6899089,0,0,0.04111551,0,0,0.124265686,0
17324,1,0.2717116,0,0,0.608824,1,0,0.07365144,0,0,0.040583298,0,0,0.14000215,0
17325,0,0.20191377,0,0,0.084834345,0,0,0.3523804,0,0,0.62338334,1,1,0.12890135,0
17328,1,0.72116274,1,0,0.081165254,0,0,0.1890384,0,0,0.040981382,0,0,0.094513424,0
17331,1,0.49488595,1,0,0.32217264,0,0,0.24950056,0,0,0.08110281,0,0,0.17665683,0
17336,0,0.1040614,0,1,0.6339598,1,1,0.22173919,0,0,0.22264381,0,0,0.18927768,0
17351,0,0.0050091054,0,1,0.5006644,1,1,0.6439791,0,1,0.7602594,1,1,0.3276705,1
17354,1,0.6766653,1,0,0.10646958,0,0,0.14810447,0,0,0.06369486,0,0,0.09014007,0
17358,1,0.7463782,1,0,0.022615062,0,0,0.30856726,0,0,0.017432567,0,0,0.06981813,0
17360,0,0.0021957136,0,0,0.78910273,1,0,0.2831593,0,1,0.66196734,1,0,0.45877585,1
17370,1,0.5237772,1,0,0.13786054,0,0,0.2732571,0,0,0.13208097,0,0,0.10942855,0
17374,0,0.012978472,0,1,0.8545606,1,0,0.17132293,0,0,0.14357856,0,1,0.44226587,1
17375,1,0.79845893,1,0,0.025606906,0,0,0.18568674,0,0,0.02021008,0,0,0.061468534,0
17387,0,0.5761509,1,0,0.12839822,0,0,0.2558116,0,1,0.076896906,0,0,0.11320483,0
17394,0,0.51188713,1,0,0.084399074,0,1,0.43183815,0,1,0.17181367,0,0,0.13374028,0
17405,0,0.18232799,0,0,0.055071726,0,1,0.8583751,1,0,0.13798098,0,0,0.1414963,0
17411,1,0.68172944,1,0,0.08256267,0,0,0.24997634,0,0,0.03920743,0,0,0.10295029,0
17415,0,0.0198797,0,1,0.77296245,1,0,0.15491262,0,0,0.4023493,1,0,0.31503144,1
17416,0,0.0026817278,0,1,0.5019807,1,0,0.4713609,0,1,0.84951407,1,1,0.33596408,1
17421,0,0.06502802,0,0,0.13356571,0,1,0.92777884,1,1,0.20999435,0,0,0.195247,0
17424,1,0.85334724,1,0,0.007388543,0,0,0.17724794,0,0,0.014511672,0,0,0.04172878,0
17436,1,0.6102972,1,0,0.16990034,0,0,0.18802091,0,0,0.1304824,0,0,0.11884173,0
17442,1,0.6716441,1,0,0.025643706,0,0,0.44095588,0,0,0.020039944,0,0,0.07988293,0
17453,1,0.8834043,1,0,0.011962913,0,0,0.086736694,0,0,0.015022966,0,0,0.037957337,0
17456,0,0.5944609,1,0,0.092540756,0,0,0.27708566,0,1,0.070619956,0,0,0.10528518,0
17458,1,0.8662006,1,0,0.014868697,0,0,0.113254555,0,0,0.013423612,0,0,0.0451178,0
17459,1,0.61558795,1,0,0.07255712,0,0,0.36498898,0,0,0.017048681,0,0,0.10784213,0
17464,0,0.0069247205,0,0,0.25921535,0,0,0.2934299,0,1,0.91199195,1,0,0.122131415,0
17466,0,0.006106394,0,0,0.29071102,0,1,0.79770964,1,1,0.78371686,1,0,0.20521966,0
17471,0,0.049020305,0,1,0.5241995,1,0,0.09682259,0,0,0.5568498,1,0,0.12308126,0
17479,1,0.909708,1,0,0.008815433,0,0,0.06816954,0,0,0.00841007,0,0,0.031801283,0
17482,0,0.004229326,0,0,0.098162875,0,1,0.22630362,0,1,0.95693654,1,0,0.05850896,0
17484,0,0.00033027862,0,0,0.06904348,0,0,0.030173473,0,1,0.9892579,1,0,0.016383726,0
17491,1,0.3011775,1,0,0.027729498,0,0,0.8560888,1,0,0.04302495,0,0,0.11064167,0
17509,0,0.25640583,0,0,0.37957105,1,0,0.27960703,0,0,0.32281306,0,1,0.18299602,0
17517,0,0.009904215,0,1,0.865475,1,0,0.10824747,0,1,0.24312624,0,1,0.41400152,1
17519,0,0.18446417,0,0,0.104143634,0,0,0.78395253,1,1,0.28983873,0,0,0.18766558,0
17523,1,0.36643335,1,0,0.058325335,0,1,0.6122932,0,0,0.24223906,0,0,0.15014485,0
17525,1,0.70152915,1,0,0.12339925,0,0,0.16893147,0,0,0.051414303,0,0,0.11635934,0
17527,1,0.6984263,1,0,0.020002455,0,0,0.42058992,0,0,0.023012143,0,0,0.07643399,0
17528,1,0.6886353,1,0,0.09144274,0,0,0.225084,0,0,0.057463814,0,0,0.10811102,0
17531,0,0.008366295,0,1,0.5815946,1,0,0.68938583,0,0,0.5644422,1,0,0.4127063,1
17535,0,0.010910511,0,1,0.84330314,1,0,0.10126351,0,1,0.29502717,0,1,0.33707336,1
17538,0,0.18132171,0,1,0.6152883,1,0,0.32085624,0,0,0.27630338,0,0,0.2802848,1
17540,1,0.49759537,1,0,0.03151266,0,0,0.6278138,0,0,0.09398529,0,0,0.1148063,0
17542,1,0.80451787,1,0,0.008210198,0,0,0.28943127,0,0,0.024295662,0,0,0.05577867,0
17548,0,0.10522834,0,0,0.5146139,1,0,0.61338645,0,0,0.25257078,0,1,0.29880488,1
17549,0,0.0033051416,0,1,0.30763125,0,0,0.39417356,0,1,0.916689,1,0,0.18881959,0
17550,1,0.56849325,1,0,0.088023335,0,0,0.48680443,0,0,0.059201125,0,0,0.14857174,0
17554,0,0.029984418,0,0,0.08012267,0,0,0.9038077,1,0,0.48813307,1,1,0.12728179,0
17557,0,0.049383406,0,0,0.39317188,1,1,0.76483184,1,0,0.4855973,1,0,0.30318883,1
17558,0,0.00585249,0,0,0.39812925,1,0,0.20379677,0,1,0.88272715,1,0,0.18545023,0
17561,1,0.6439135,1,0,0.07665997,0,0,0.35673198,0,0,0.06183868,0,0,0.12652825,0
17576,1,0.8760635,1,0,0.010283341,0,0,0.116551414,0,0,0.012056932,0,0,0.040531076,0
17577,1,0.835277,1,0,0.044111446,0,0,0.076907314,0,0,0.009785835,0,0,0.052227434,0
17591,0,0.24616121,0,0,0.5879276,1,1,0.12539017,0,0,0.12576023,0,0,0.17313157,0
17617,0,0.6162683,1,0,0.0056810407,0,1,0.58241403,0,0,0.036871158,0,0,0.051671702,0
17618,0,0.69332314,1,0,0.13568757,0,1,0.15972638,0,0,0.036508262,0,1,0.118915536,0
17622,1,0.6761053,1,0,0.18744507,0,0,0.11509488,0,0,0.07630684,0,0,0.10623306,0
17626,0,0.08777401,0,1,0.5074503,1,0,0.25517163,0,1,0.49713606,1,0,0.17407207,0
17628,1,0.8517133,1,0,0.0022297686,0,0,0.32028008,0,0,0.005619176,0,0,0.031230384,0
17630,1,0.7927465,1,0,0.0016929826,0,0,0.48260447,0,0,0.0045439866,0,0,0.028261423,0
17634,0,0.011346069,0,0,0.40332824,1,1,0.7675515,1,1,0.6959369,1,0,0.2479386,0
17637,0,0.016033735,0,1,0.7690834,1,1,0.38212135,0,0,0.35288802,0,0,0.47935745,1
17644,0,0.055323925,0,0,0.012822083,0,1,0.98022276,1,0,0.037736133,0,0,0.08480884,0
17645,1,0.84765506,1,0,0.01667822,0,0,0.13389993,0,0,0.01464556,0,0,0.050792977,0
17648,0,0.77566606,1,1,0.062070437,0,0,0.13395214,0,0,0.020649377,0,0,0.0741508,0
17652,0,0.1038492,0,0,0.58641154,1,0,0.33805475,0,0,0.11055137,0,1,0.16517739,0
17653,0,0.005037246,0,1,0.66777635,1,0,0.66321814,0,0,0.5439925,1,0,0.43724048,1
17662,0,0.11295885,0,1,0.72685593,1,0,0.100562945,0,0,0.1153278,0,1,0.19661139,0
17669,0,0.0033567154,0,1,0.8381068,1,0,0.48724315,0,0,0.19757834,0,1,0.57514185,1
17670,0,0.00048597276,0,0,0.115531966,0,1,0.9387082,1,1,0.8872976,1,0,0.09118884,0
17671,1,0.61403126,1,0,0.18127474,0,0,0.14812799,0,0,0.1493964,0,0,0.12297261,0
17686,1,0.9216941,1,0,0.001826515,0,0,0.09845253,0,0,0.0054202355,0,0,0.019278143,0
17692,1,0.8566208,1,0,0.053133804,0,0,0.04429739,0,0,0.018776633,0,0,0.044171844,0
17703,1,0.8585202,1,0,0.014074143,0,0,0.11992237,0,0,0.0070513277,0,0,0.03837191,0
17704,0,0.4583859,1,0,0.0066286735,0,1,0.7491806,1,0,0.047039226,0,0,0.062340498,0
17712,0,0.30169696,1,1,0.54579806,1,0,0.11043219,0,0,0.06268203,0,0,0.12942672,0
17722,0,0.17210223,0,0,0.054689247,0,1,0.851557,1,0,0.1608593,0,0,0.14189294,0
17724,0,0.008160601,0,0,0.08569773,0,1,0.9787846,1,0,0.3448651,0,0,0.13794743,0
17734,1,0.84557825,1,0,0.019956557,0,0,0.122754104,0,0,0.022394264,0,0,0.05395998,0
17739,1,0.9003871,1,0,0.0046715527,0,0,0.07588095,0,0,0.016890278,0,0,0.026773212,0
17741,1,0.74375147,1,0,0.06379756,0,0,0.14138383,0,0,0.09108105,0,0,0.08428852,0
17744,0,0.008851294,0,0,0.37395668,1,0,0.19003737,0,1,0.8676074,1,0,0.16821621,0
17752,1,0.90937006,1,0,0.007642832,0,0,0.06873323,0,0,0.0031717494,0,0,0.025687123,0
17756,1,0.4913817,1,0,0.30448887,0,0,0.17840666,0,0,0.10398992,0,0,0.13147311,0
17759,0,0.048652664,0,0,0.7808494,1,0,0.13211699,0,1,0.17272268,0,1,0.29033473,1
17761,1,0.9422531,1,0,0.0008083482,0,0,0.08161962,0,0,0.0030815732,0,0,0.012813558,0
17762,1,0.75186074,1,0,0.017976165,0,0,0.3197496,0,0,0.038415562,0,0,0.075473316,0
17763,0,0.0028648935,0,1,0.88346195,1,0,0.25333658,0,0,0.39320847,0,1,0.64535123,1
17769,0,0.00053271244,0,1,0.86130965,1,0,0.27481145,0,1,0.6984335,1,1,0.67776644,1
17773,1,0.90256655,1,0,0.013436027,0,0,0.056714155,0,0,0.010987254,0,0,0.034900084,0
17781,0,0.00033947168,0,1,0.9603737,1,0,0.097046115,0,0,0.20749508,0,1,0.7466912,1
17785,0,0.01597047,0,0,0.100563206,0,1,0.85956234,1,1,0.69920224,1,0,0.12292325,0
17788,1,0.5592129,1,0,0.17101352,0,0,0.3114087,0,0,0.08848718,0,0,0.14694302,0
17795,0,0.0058627254,0,1,0.15585482,0,1,0.97408277,1,0,0.50019145,1,0,0.16008069,0
17802,0,0.0032359755,0,1,0.2730944,0,1,0.94673693,1,1,0.62846184,1,1,0.18338269,0
17803,1,0.5276676,1,0,0.1264443,0,0,0.44129685,0,0,0.16658823,0,0,0.17131627,0
17809,0,0.016288718,0,0,0.27622744,0,1,0.78813773,1,1,0.6802317,1,0,0.17422044,0
17817,1,0.59824276,1,0,0.032632288,0,0,0.54827416,0,0,0.052931372,0,0,0.11460683,0
17823,0,0.0021249733,0,1,0.5019807,1,1,0.8864122,1,1,0.441339,1,1,0.38519382,1
17826,0,0.016974771,0,0,0.11173741,0,1,0.97075,1,0,0.23276705,0,0,0.16956745,0
17830,0,0.22347352,0,1,0.5753307,1,0,0.26974154,0,0,0.110587224,0,1,0.2376763,0
17840,0,0.5197556,1,1,0.42057973,1,0,0.037220176,0,0,0.030398548,0,0,0.07596689,0
17843,0,0.428158,1,1,0.4278135,1,0,0.070178896,0,0,0.087407745,0,0,0.104750074,0
17850,1,0.91243035,1,0,0.0061043976,0,0,0.07247923,0,0,0.008434577,0,0,0.027900567,0
17851,0,0.0069444887,0,1,0.8390533,1,0,0.21671034,0,0,0.354585,0,0,0.4768535,1
17854,0,0.037024796,0,1,0.5254125,1,0,0.5999265,0,0,0.49670485,1,0,0.3116308,1
17856,0,0.6104745,1,0,0.11423915,0,0,0.27808204,0,0,0.17531268,0,1,0.14737567,0
17861,1,0.37754092,1,0,0.04410574,0,0,0.7725248,1,0,0.061494246,0,0,0.13109031,0
17864,1,0.06552749,0,0,0.32061744,0,0,0.49297148,0,0,0.62261575,1,0,0.16511269,0
17880,1,0.7063315,1,0,0.009883779,0,0,0.4303048,0,0,0.02665237,0,0,0.057120558,0
17887,1,0.2306109,0,0,0.27479264,0,0,0.6495478,0,0,0.24428435,0,0,0.21736515,0
17891,1,0.6462269,1,0,0.022681516,0,0,0.49301842,0,0,0.020289656,0,0,0.08114136,0
17895,1,0.7958712,1,0,0.019769795,0,0,0.09373399,0,0,0.09908714,0,0,0.050000343,0
17899,1,0.6589995,1,0,0.020750888,0,1,0.4866754,0,0,0.013788833,0,0,0.08170022,0
17909,0,0.36463895,1,0,0.0643294,0,1,0.6795523,0,0,0.08830624,0,0,0.12415479,0
17913,0,0.035306323,0,0,0.26908708,0,0,0.24387561,0,1,0.83777803,1,0,0.13097692,0
17914,0,0.0064213607,0,0,0.041898027,0,1,0.90090585,1,1,0.7533454,1,0,0.07811696,0
17918,1,0.8773909,1,0,0.0063535115,0,0,0.14585923,0,0,0.0055707465,0,0,0.03305913,0
17921,1,0.78264725,1,0,0.033734143,0,0,0.18403937,0,0,0.0178213,0,0,0.061502844,0
17926,1,0.9266072,1,0,0.0059316596,0,0,0.051551487,0,0,0.0051864763,0,0,0.022850173,0
17932,0,0.040765125,0,0,0.12126075,0,1,0.9490801,1,1,0.20148173,0,0,0.16972047,0
17933,1,0.7408102,1,0,0.07236573,0,0,0.18560171,0,0,0.04127868,0,0,0.09196144,0
17941,1,0.381445,1,0,0.53810394,1,0,0.10519201,0,0,0.07790329,0,0,0.15086044,0
17945,0,0.4894516,1,1,0.45281124,1,0,0.09135293,0,0,0.035262953,0,0,0.14020316,0
17949,0,0.06633891,0,1,0.41525394,1,0,0.80523777,1,0,0.32509255,0,0,0.2581019,1
17952,0,0.041772667,0,1,0.4673938,1,0,0.7213544,1,0,0.44763717,1,0,0.2427511,0
17953,0,0.04338702,0,0,0.11701798,0,1,0.94937754,1,0,0.1937,0,0,0.1780534,0
17954,0,0.02490625,0,0,0.1488416,0,1,0.955839,1,0,0.3156341,0,0,0.18264097,0
17966,0,0.29615903,0,1,0.54805773,1,0,0.08375882,0,0,0.12912008,0,0,0.13146935,0
17968,0,0.23191145,0,0,0.016699113,0,1,0.88904923,1,0,0.05369528,0,0,0.0907503,0
17986,0,0.16593479,0,0,0.5390529,1,0,0.07924162,0,1,0.22222665,0,0,0.09075667,0
17990,0,0.39212927,1,0,0.025388833,0,1,0.7913175,1,0,0.06591181,0,0,0.111937895,0
17995,0,0.010879197,0,1,0.8252325,1,1,0.32293645,0,0,0.19490816,0,1,0.48784927,1
17999,0,0.01884141,0,0,0.22595163,0,1,0.9598872,1,0,0.22252494,0,0,0.20746745,0
18013,0,0.2014765,0,0,0.23947637,0,0,0.4979147,0,1,0.51688266,1,0,0.20394114,0
18014,1,0.73937523,1,0,0.02726243,0,0,0.28966329,0,0,0.046794,0,0,0.08395472,0
18015,0,0.0071831634,0,0,0.7998127,1,0,0.286472,0,1,0.46852627,1,0,0.44949558,1
18021,0,0.43731794,1,0,0.23479974,0,0,0.24172121,0,1,0.3009461,0,0,0.14596233,0
18025,0,0.64094687,1,0,0.18045026,0,0,0.12589808,0,1,0.13561618,0,0,0.10437222,0
18029,0,0.0062306095,0,1,0.860788,1,0,0.19979845,0,0,0.3336405,0,1,0.4939556,1
18030,0,0.399456,1,0,0.4462905,1,0,0.23901677,0,0,0.15958709,0,1,0.2189291,0
18033,0,0.0028914914,0,1,0.36972532,1,1,0.9270029,1,1,0.5578138,1,0,0.21853943,0
18034,0,0.0005049232,0,1,0.8718853,1,0,0.58875674,0,0,0.29035854,0,1,0.67439085,1
18035,0,0.02365909,0,0,0.46261123,1,1,0.7761947,1,0,0.41880956,1,0,0.2704799,1
18041,1,0.65037596,1,0,0.03915327,0,0,0.38976198,0,0,0.079452984,0,0,0.107070304,0
18049,0,0.0034389878,0,0,0.069138244,0,0,0.8466166,1,1,0.85359776,1,0,0.07328596,0
18052,0,0.026189612,0,0,0.033141352,0,1,0.47828913,0,1,0.82483983,1,1,0.05759108,0
18060,1,0.7332418,1,0,0.15317872,0,0,0.06640338,0,0,0.061090827,0,0,0.07764745,0
18066,0,0.5127754,1,0,0.14397004,0,0,0.38422135,0,0,0.028219575,0,1,0.12101229,0
18070,0,0.17000243,0,1,0.58701086,1,0,0.21287265,0,0,0.23928566,0,0,0.19106616,0
18071,0,0.02860819,0,1,0.501631,1,1,0.7889616,1,0,0.25406498,0,0,0.25171205,1
18079,1,0.6925468,1,0,0.1500668,0,0,0.118734695,0,0,0.053283222,0,0,0.093378745,0
18080,0,0.10602548,0,1,0.6112665,1,0,0.39439785,0,0,0.16793825,0,0,0.24513489,0
18087,1,0.70890963,1,0,0.0432079,0,0,0.29362485,0,0,0.020024026,0,0,0.08547187,0
18100,0,0.14624602,0,1,0.71812284,1,0,0.06373742,0,0,0.072964594,0,0,0.1383524,0
18104,1,0.7672727,1,0,0.098613195,0,0,0.064676054,0,0,0.090633176,0,0,0.06605207,0
18109,1,0.51406,1,0,0.18030345,0,0,0.3487113,0,0,0.092148416,0,0,0.16536117,0
18114,1,0.8000067,1,0,0.012064504,0,0,0.24404325,0,0,0.027867284,0,0,0.05756701,0
18120,1,0.7948112,1,0,0.010109633,0,0,0.27568558,0,0,0.026952812,0,0,0.057012018,0
18123,0,0.451958,1,0,0.017430566,0,1,0.7472633,1,0,0.031003138,0,0,0.079124875,0
18128,1,0.8783585,1,0,0.016811606,0,0,0.07768761,0,0,0.015491679,0,0,0.04185524,0
18131,0,0.003365862,0,0,0.52568024,1,1,0.895559,1,1,0.45424825,1,0,0.3887695,1
18133,1,0.8406751,1,0,0.009306521,0,0,0.18980275,0,0,0.008964389,0,0,0.040892042,0
18135,1,0.80944365,1,0,0.014788103,0,0,0.21281418,0,0,0.015188178,0,0,0.052580543,0
18144,0,0.50906235,1,0,0.09452883,0,0,0.09035851,0,1,0.38690186,0,0,0.07048769,0
18148,1,0.8766123,1,0,0.007529019,0,0,0.1236563,0,0,0.003912437,0,0,0.027688177,0
18151,1,0.8319016,1,0,0.008051489,0,0,0.19827938,0,0,0.022439083,0,0,0.04548456,0
18157,0,0.04787953,0,0,0.41351962,1,1,0.66621107,0,1,0.5801973,1,0,0.2968608,1
18159,0,0.011667315,0,0,0.7231943,1,0,0.12804112,0,1,0.49763805,1,0,0.2104525,0
18161,1,0.6890699,1,0,0.20854804,0,0,0.081201,0,0,0.051600073,0,0,0.09339574,0
18162,0,0.009934121,0,1,0.7189249,1,0,0.4711653,0,0,0.5304873,1,1,0.46611777,1
18166,0,0.043211382,0,1,0.63578564,1,0,0.1517968,0,0,0.44246092,1,0,0.17260502,0
18167,1,0.7613925,1,0,0.02581415,0,0,0.2164459,0,0,0.058811612,0,0,0.07510327,0
18168,1,0.39971063,1,0,0.5364879,1,0,0.062208146,0,0,0.032858495,0,0,0.12278798,0
18174,1,0.40859035,1,0,0.039994773,0,0,0.7229849,1,0,0.085884094,0,0,0.12633216,0
18175,1,0.9564449,1,0,0.0063686413,0,0,0.013216029,0,0,0.004115382,0,0,0.014440882,0
18176,0,0.016886456,0,0,0.20824564,0,1,0.9586183,1,0,0.28088188,0,0,0.18046759,0
18177,1,0.6079774,1,0,0.09927224,0,0,0.38731608,0,0,0.071739934,0,0,0.14133415,0
18187,1,0.933246,1,0,0.004628415,0,0,0.0435292,0,0,0.00657574,0,0,0.020220187,0
18199,1,0.7925462,1,0,0.044667725,0,0,0.14023992,0,0,0.01491109,0,0,0.06968149,0
18202,0,0.07956487,0,0,0.086808056,0,1,0.93740344,1,0,0.094078906,0,0,0.15818988,0
18204,1,0.46103707,1,0,0.29668733,0,0,0.09013424,0,0,0.20326221,0,0,0.08616176,0
18207,1,0.8823696,1,0,0.016332641,0,0,0.070915274,0,0,0.018777888,0,0,0.04013276,0
18208,1,0.5409004,1,0,0.047147438,0,0,0.3516635,0,0,0.23987006,0,0,0.11259543,0
18214,1,0.8801179,1,0,0.011498899,0,0,0.099623986,0,0,0.01209172,0,0,0.03881004,0
18220,0,0.0038850266,0,0,0.0369198,0,1,0.99493366,1,0,0.17858088,0,0,0.10787136,0
18223,0,0.12436709,0,0,0.4250904,1,0,0.41535783,0,1,0.4450838,1,0,0.186068,0
18225,0,0.0008696159,0,1,0.90134317,1,0,0.36435676,0,1,0.2894718,0,1,0.6885252,1
18238,0,0.19396989,0,0,0.27983454,0,0,0.21376748,0,1,0.41310135,1,0,0.1146424,0
18240,0,0.13826102,0,0,0.08713843,0,1,0.8950666,1,0,0.12303828,0,0,0.16399147,0
18250,0,0.0017672342,0,0,0.24344833,0,1,0.660521,0,1,0.91572773,1,0,0.13028267,0
18255,0,0.016890675,0,1,0.85981125,1,0,0.06901748,0,0,0.11428425,0,0,0.29982236,1
18267,1,0.35688844,1,0,0.21854915,0,0,0.25851047,0,0,0.42722908,1,0,0.14305975,0
18268,1,0.90003365,1,0,0.005007815,0,0,0.1046907,0,0,0.009848113,0,0,0.029782673,0
18269,0,0.00714026,0,1,0.12931882,0,1,0.8559109,1,1,0.7861102,1,0,0.11428143,0
18272,1,0.7998904,1,0,0.004422523,0,1,0.35499504,0,0,0.013039678,0,0,0.040916033,0
18274,1,0.81587833,1,0,0.014054287,0,0,0.21971408,0,0,0.012494928,0,0,0.052679386,0
18282,0,0.17095976,0,1,0.6789723,1,0,0.15866677,0,0,0.08876067,0,1,0.21748178,0
18283,0,0.30228475,1,0,0.352052,1,0,0.27618742,0,1,0.43288848,1,0,0.19647655,0
18285,1,0.9111417,1,0,0.015297459,0,0,0.039002057,0,0,0.01499684,0,0,0.03357931,0
18296,0,0.046298195,0,1,0.82546395,1,0,0.028815003,0,0,0.03550843,0,0,0.17221448,0
18300,1,0.9238425,1,0,0.014972958,0,0,0.030583141,0,0,0.008190117,0,0,0.027740018,0
18311,1,0.7870938,1,0,0.015136997,0,0,0.2706349,0,0,0.007701224,0,0,0.051491264,0
18322,1,0.54830325,1,0,0.024657555,0,0,0.65956056,0,0,0.02948629,0,0,0.10067999,0
18330,1,0.3940436,1,0,0.09020379,0,0,0.1442902,0,0,0.52909726,1,0,0.08188241,0
18333,1,0.89856786,1,0,0.0025412587,0,0,0.14211014,0,0,0.005014453,0,0,0.022769552,0
18335,1,0.802601,1,0,0.07514783,0,0,0.06956061,0,0,0.05803057,0,0,0.066785514,0
18342,1,0.67958057,1,0,0.24668871,0,0,0.08796379,0,0,0.054128792,0,0,0.1020288,0
18344,0,0.0075780298,0,0,0.013776252,0,1,0.9684466,1,1,0.5145433,1,0,0.061703272,0
18345,0,0.28079262,0,0,0.10642067,0,0,0.7264113,1,1,0.11879043,0,0,0.15576978,0
18353,0,0.018864008,0,0,0.57982725,1,0,0.71720654,1,0,0.35295895,0,1,0.3151661,1
18363,0,0.032535367,0,1,0.21877341,0,0,0.4474455,0,1,0.810298,1,0,0.1602735,0
18370,1,0.32328627,1,0,0.010194311,0,1,0.8834489,1,0,0.024278164,0,0,0.07384018,0
18377,1,0.53205514,1,0,0.39053133,1,0,0.102025084,0,0,0.041081376,0,0,0.12870607,0
18379,1,0.8785479,1,0,0.011578039,0,0,0.08102179,0,0,0.024970392,0,0,0.0383704,0
18390,1,0.08788793,0,0,0.14303225,0,1,0.9095234,1,0,0.11083588,0,0,0.17425431,0
18394,1,0.9121328,1,0,0.004015931,0,0,0.06893117,0,0,0.013807533,0,0,0.024188234,0
18396,0,0.022550149,0,0,0.06242427,0,1,0.9611055,1,0,0.29594862,0,0,0.1341741,0
18403,0,0.72178006,1,1,0.14755681,0,0,0.11577905,0,0,0.032628078,0,1,0.08930394,0
18404,1,0.782484,1,0,0.04204081,0,0,0.06987227,0,0,0.111603305,0,0,0.053887557,0
18405,0,0.27833912,0,0,0.021357583,0,1,0.87164104,1,0,0.018354129,0,0,0.07985718,0
18413,0,0.16079162,0,0,0.63778394,1,0,0.13342391,0,1,0.19864987,0,0,0.17995527,0
18416,1,0.34113574,1,0,0.04056314,0,0,0.61099327,0,0,0.222221,0,0,0.10859518,0
18419,1,0.33268568,1,0,0.058666438,0,1,0.76191133,1,0,0.052019846,0,0,0.12285057,0
18425,0,0.053609923,0,1,0.79953104,1,0,0.102573246,0,0,0.10064732,0,0,0.24956413,0
18445,0,0.00568808,0,1,0.42342037,1,1,0.9333022,1,0,0.35676724,0,0,0.23827569,0
18446,1,0.84764975,1,0,0.036138963,0,0,0.070423014,0,0,0.009972619,0,0,0.051415373,0
18449,1,0.7397433,1,0,0.00713786,0,0,0.3764391,0,0,0.036415137,0,0,0.053661138,0
18454,0,0.387585,1,0,0.016053729,0,1,0.71083146,1,0,0.111028366,0,0,0.0875899,0
18455,0,0.00022167133,0,0,0.1400155,0,1,0.96524674,1,1,0.87829685,1,0,0.10476729,0
18457,0,0.0001675698,0,0,0.08786012,0,1,0.9762429,1,1,0.8878434,1,1,0.06921407,0
18458,0,0.70673215,1,0,0.06366088,0,1,0.26441836,0,0,0.07047016,0,0,0.11260701,0
18472,1,0.95875776,1,0,0.0025193838,0,0,0.022102315,0,0,0.0029347844,0,0,0.012798879,0
18475,0,0.47224018,1,0,0.26429614,0,1,0.3522576,0,0,0.10633942,0,0,0.19044925,0
18478,0,0.0050891065,0,1,0.27430993,0,1,0.44803172,0,1,0.90222275,1,0,0.14794642,0
18480,0,0.042424776,0,1,0.7869162,1,0,0.11119728,0,0,0.14360656,0,0,0.23985873,0
18481,0,0.0076496922,0,0,0.29458278,0,1,0.9422785,1,0,0.39297992,0,0,0.14997399,0
18482,0,0.0050214548,0,1,0.8448091,1,0,0.1730765,0,0,0.46475086,1,0,0.51363415,1
18491,1,0.21871598,0,0,0.6613403,1,0,0.077095814,0,0,0.06940547,0,0,0.15209086,0
18497,0,0.0059994366,0,1,0.34588027,0,0,0.85374975,1,1,0.7248375,1,0,0.21851753,0
18509,1,0.86431205,1,0,0.012173852,0,0,0.11336454,0,0,0.015396004,0,0,0.039470006,0
18514,1,0.86541045,1,0,0.011135782,0,0,0.13322674,0,0,0.009113942,0,0,0.040330987,0
18516,0,0.045526315,0,0,0.2983106,0,1,0.6158033,0,1,0.68612456,1,0,0.22451058,0
18522,1,0.45826006,1,0,0.39926526,1,0,0.16420582,0,0,0.030302946,0,0,0.1565281,0
18546,0,0.02573798,0,1,0.5211949,1,0,0.651865,0,1,0.57253164,1,0,0.31210184,1
18549,0,0.7144128,1,0,0.08479319,0,1,0.2141827,0,0,0.054065377,0,0,0.106379576,0
18550,0,0.19527148,0,1,0.6690725,1,0,0.050662313,0,0,0.06673762,0,1,0.107841425,0
18563,1,0.6859744,1,0,0.016106803,0,0,0.17036375,0,0,0.18384421,0,0,0.059777126,0
18569,0,0.0030885288,0,0,0.2734725,0,1,0.96414983,1,1,0.49216098,1,0,0.16517882,0
18570,0,0.02206295,0,0,0.68818986,1,0,0.35604462,0,1,0.54817444,1,0,0.38075632,1
18572,1,0.88451654,1,0,0.009702097,0,0,0.10239471,0,0,0.011030558,0,0,0.038543444,0
18573,0,0.20774546,0,0,0.5165504,1,0,0.46658486,0,1,0.19203037,0,0,0.25876665,1
18579,1,0.82133204,1,0,0.009273243,0,0,0.2415592,0,0,0.009776718,0,0,0.04520848,0
18584,0,0.68108803,1,0,0.15009956,0,0,0.09299466,0,1,0.10129781,0,0,0.08844469,0
18588,1,0.51069546,1,0,0.019108908,0,1,0.6421203,0,0,0.057439078,0,0,0.08410212,0
18591,0,0.016349435,0,0,0.80923676,1,0,0.18903153,0,1,0.35129073,0,0,0.420192,1
18596,0,0.006446954,0,0,0.5878873,1,1,0.7387862,1,1,0.5485454,1,0,0.39374977,1
18601,1,0.81712246,1,0,0.00786122,0,0,0.26196504,0,0,0.014424392,0,0,0.047388468,0
18602,0,0.0003723174,0,0,0.086827524,0,1,0.25714386,0,1,0.985501,1,0,0.035560697,0
18615,0,0.012058118,0,1,0.32671803,0,0,0.84711707,1,0,0.5817193,1,0,0.17994994,0
18619,0,0.009340183,0,1,0.17863826,0,0,0.8122962,1,1,0.70838386,1,1,0.21162787,0
18622,1,0.6264166,1,0,0.052467987,0,0,0.38991278,0,0,0.063276336,0,0,0.104398966,0
18630,1,0.70756805,1,0,0.2178678,0,0,0.06367872,0,0,0.040994152,0,0,0.09477658,0
18636,0,0.0038063054,0,0,0.31485453,0,1,0.95020735,1,1,0.495982,1,0,0.2457245,0
18645,0,0.010174833,0,0,0.17602347,0,1,0.9551935,1,1,0.5085239,1,0,0.16029191,0
18663,0,0.0010529436,0,0,0.9439412,1,0,0.08767188,0,1,0.20588936,0,0,0.6415402,1
18665,0,0.004343174,0,0,0.35978127,1,1,0.96169615,1,0,0.32828188,0,0,0.24874905,0
18666,1,0.37310317,1,0,0.0736587,0,0,0.71955097,1,0,0.022294119,0,0,0.11859286,0
18667,1,0.89690095,1,0,0.0058930796,0,0,0.1068243,0,0,0.009352576,0,0,0.032481752,0
18668,0,0.014022549,0,0,0.06923784,0,1,0.97123456,1,1,0.3593349,0,0,0.14149174,0
18678,0,0.005581423,0,1,0.31887186,0,1,0.9503926,1,0,0.453735,1,0,0.23646827,0
18682,1,0.8950787,1,0,0.00560558,0,0,0.10850894,0,0,0.0037414832,0,0,0.02491669,0
18683,0,0.056523412,0,0,0.3667966,1,0,0.59511316,0,1,0.5471875,1,0,0.282909,1
18684,1,0.74504924,1,0,0.02842437,0,0,0.29606432,0,0,0.03096618,0,0,0.08174797,0
18693,0,0.0015289853,0,0,0.10981133,0,0,0.18039414,0,1,0.974998,1,0,0.06001507,0
18699,1,0.7973084,1,0,0.022994922,0,0,0.20343217,0,0,0.012926136,0,0,0.058299094,0
18700,0,0.025046604,0,0,0.09270728,0,1,0.953939,1,0,0.18974571,0,0,0.19672711,0
18702,0,0.6477594,1,0,0.066279866,0,0,0.37204254,0,1,0.0618185,0,0,0.12333108,0
18708,0,0.065814145,0,1,0.5290919,1,0,0.5026923,0,0,0.40106937,1,0,0.22215174,0
18717,0,0.009983495,0,0,0.09028589,0,1,0.9636035,1,1,0.48179042,1,0,0.13887917,0
18725,0,0.15719631,0,0,0.039905444,0,0,0.18132034,0,1,0.722969,1,0,0.057339396,0
18733,1,0.57121456,1,0,0.16283,0,0,0.33548886,0,0,0.15199777,0,0,0.1663312,0
18734,0,0.0048585013,0,0,0.33717164,0,0,0.17918669,0,1,0.86712533,1,0,0.083743826,0
18735,0,0.6493591,1,0,0.012114096,0,0,0.22691104,0,1,0.16963544,0,0,0.057152368,0
18753,1,0.888779,1,0,0.0061223493,0,0,0.11771685,0,0,0.007081493,0,0,0.030607915,0
18754,0,0.16516271,0,1,0.583201,1,0,0.3543967,0,0,0.14032844,0,0,0.25850198,1
18761,1,0.44131142,1,0,0.33905184,0,0,0.3181104,0,0,0.16896486,0,0,0.1990088,0
18776,0,0.4653234,1,0,0.13720785,0,0,0.5059274,0,0,0.046946973,0,1,0.16471836,0
18799,0,0.05037506,0,0,0.018282507,0,1,0.9674352,1,1,0.108949274,0,0,0.09471321,0
18800,0,0.0011952798,0,1,0.910003,1,0,0.14431147,0,1,0.4776251,1,1,0.6367596,1
18802,1,0.806789,1,0,0.022440003,0,0,0.17824337,0,0,0.03778913,0,0,0.067169435,0
18805,0,0.044291414,0,0,0.44813928,1,1,0.6626589,0,1,0.5057224,1,0,0.32584712,1
18818,0,0.020198205,0,1,0.34855646,0,0,0.24106354,0,1,0.82433605,1,0,0.19382876,0
18821,1,0.80143124,1,0,0.04145653,0,0,0.14340901,0,0,0.021516709,0,0,0.07042225,0
18826,1,0.7151901,1,0,0.09242763,0,0,0.18143897,0,0,0.028160088,0,0,0.09958185,0
18829,0,0.20480676,0,1,0.6954894,1,0,0.017438065,0,0,0.019306926,0,0,0.06701064,0
18833,1,0.08756771,0,0,0.22218171,0,1,0.82899976,1,0,0.25015372,0,0,0.18000792,0
18841,0,0.00014108406,0,0,0.10046461,0,1,0.9745107,1,1,0.8936581,1,0,0.07521908,0
18856,0,0.0021424643,0,1,0.26417273,0,0,0.9124796,1,1,0.78004205,1,0,0.16829917,0
18858,1,0.9106852,1,0,0.015147614,0,0,0.04524724,0,0,0.004704142,0,0,0.029544286,0
18863,0,0.005676447,0,0,0.1314543,0,1,0.9124068,1,0,0.6847635,1,0,0.127335,0
18864,0,0.010397966,0,0,0.13127868,0,1,0.98438543,1,0,0.17183988,0,0,0.16641681,0
18876,0,0.0029528053,0,1,0.15459166,0,0,0.19094111,0,1,0.95907974,1,0,0.067109734,0
18880,0,0.09369728,0,1,0.62866795,1,0,0.19277227,0,0,0.3857745,0,0,0.21398659,0
18886,0,0.007492837,0,0,0.44202662,1,0,0.42387506,0,1,0.8360863,1,0,0.27325168,1
18889,0,0.43843874,1,1,0.44475192,1,0,0.082448654,0,0,0.13544697,0,0,0.10377938,0
18894,1,0.76118934,1,0,0.105818324,0,0,0.09506877,0,0,0.07820543,0,0,0.09130483,0
18895,0,0.010072233,0,0,0.30306053,0,0,0.32167545,0,1,0.8891331,1,0,0.14738779,0
18896,1,0.23910499,0,0,0.6396639,1,0,0.04680185,0,0,0.05107734,0,0,0.117159225,0
18897,1,0.75853664,1,0,0.079030745,0,0,0.13974331,0,0,0.044718243,0,0,0.08653779,0
18906,1,0.4006859,1,0,0.04601814,0,0,0.27432424,0,0,0.39955145,0,0,0.08019091,0
18912,0,0.033548657,0,0,0.027091106,0,1,0.9835238,1,0,0.04400242,0,1,0.10450878,0
18914,0,0.060956888,0,0,0.31125328,0,1,0.84656626,1,0,0.15672176,0,0,0.17564173,0
18918,0,0.030878732,0,1,0.79574883,1,0,0.16749245,0,1,0.2890833,0,0,0.36217797,1
18923,1,0.14072919,0,0,0.523121,1,0,0.5051019,0,0,0.14909342,0,0,0.270179,1
18925,1,0.81825155,1,0,0.009761606,0,0,0.19980334,0,0,0.031244049,0,0,0.05020257,0
18929,0,0.18443534,0,1,0.6769528,1,0,0.07925472,0,0,0.068490036,0,0,0.14898898,0
18932,1,0.9168839,1,0,0.005990384,0,0,0.06687242,0,0,0.006585521,0,0,0.025550772,0
18945,0,0.45909888,1,1,0.15041377,0,0,0.48855814,0,0,0.11206295,0,0,0.18383794,0
18949,0,0.6781646,1,0,0.004309412,0,0,0.12522091,0,1,0.20431137,0,0,0.02986743,0
18952,0,0.12771824,0,1,0.749656,1,0,0.04545686,0,0,0.04308913,0,0,0.12644573,0
18955,0,0.1430556,0,1,0.7270728,1,0,0.025747128,0,0,0.036460735,0,0,0.09383186,0
18959,1,0.550848,1,0,0.032925345,0,0,0.24868228,0,0,0.30575085,0,0,0.092714556,0
18961,1,0.7872759,1,0,0.09176795,0,0,0.067658186,0,0,0.058468528,0,0,0.06653743,0
18963,0,0.023650777,0,0,0.013963435,0,1,0.9548935,1,1,0.34219143,0,1,0.07607399,0
18969,1,0.821481,1,0,0.048300967,0,0,0.080838494,0,0,0.017981123,0,0,0.054004744,0
18971,1,0.86097,1,0,0.01967749,0,0,0.07805862,0,0,0.029105097,0,0,0.04389091,0
18972,1,0.22238111,0,0,0.46234906,1,1,0.39975068,0,0,0.22350387,0,0,0.21537799,0
18976,0,0.037347514,0,0,0.29308987,0,1,0.86477196,1,0,0.30360395,0,1,0.18865405,0
18979,1,0.6169629,1,0,0.043401625,0,0,0.34618875,0,0,0.11034267,0,0,0.09703387,0
18981,1,0.21353143,0,0,0.021491004,0,1,0.91532624,1,0,0.03541801,0,0,0.10237158,0
18982,1,0.32126695,1,0,0.36502254,1,0,0.30798233,0,0,0.2607241,0,0,0.20609815,0
18988,0,0.10423072,0,0,0.0054339482,0,0,0.8027634,1,1,0.31044093,0,0,0.04617159,0
18991,1,0.5305363,1,0,0.19998312,0,0,0.34446955,0,0,0.07862996,0,0,0.16339663,0
18992,1,0.8186653,1,0,0.00869534,0,0,0.13055259,0,0,0.05052316,0,0,0.039746057,0
18996,0,0.030543266,0,1,0.6368675,1,0,0.46650574,0,0,0.46213275,1,1,0.3780973,1
18999,1,0.6011823,1,0,0.031490464,0,0,0.5432913,0,0,0.019517364,0,0,0.09332097,0
19004,1,0.32336935,1,0,0.07474941,0,0,0.5535368,0,0,0.2564249,0,0,0.1342729,0
19007,0,0.0039289696,0,0,0.3053888,0,1,0.97656244,1,1,0.22154176,0,0,0.21122602,0
19008,1,0.8765848,1,0,0.0122815035,0,0,0.089640684,0,0,0.010914037,0,0,0.03545069,0
19010,0,0.017490027,0,1,0.664883,1,1,0.4052882,0,0,0.19277668,0,0,0.28251645,1
19012,1,0.22493584,0,0,0.274682,0,0,0.5522022,0,0,0.35193697,0,0,0.22963291,0
19017,0,0.43642482,1,0,0.17899986,0,0,0.50177896,0,1,0.068634495,0,0,0.17400396,0
19026,0,0.08958144,0,0,0.3115461,0,0,0.44522175,0,1,0.6281175,1,0,0.16953921,0
19027,1,0.6452172,1,0,0.08692695,0,0,0.33858514,0,0,0.046109274,0,0,0.12051312,0
19028,0,0.049418762,0,0,0.15589169,0,1,0.9014712,1,0,0.28835523,0,0,0.16562359,0
19029,0,0.0009490914,0,1,0.3912214,1,1,0.97287196,1,1,0.3949495,0,1,0.21643959,0
19033,0,0.35317278,1,1,0.41557646,1,0,0.31530976,0,0,0.11826216,0,0,0.19622913,0
19038,1,0.80677783,1,0,0.02284128,0,0,0.19325116,0,0,0.017419748,0,0,0.061668925,0
19048,1,0.56885576,1,0,0.18863004,0,0,0.26548356,0,0,0.10970444,0,0,0.15263797,0
19067,0,0.018451208,0,0,0.096782155,0,0,0.3486228,0,1,0.88609225,1,0,0.09257416,0
19068,0,0.028079394,0,0,0.051085025,0,1,0.96208745,1,0,0.22974977,0,1,0.12964927,0
19072,0,0.074951366,0,1,0.7799766,1,0,0.09099226,0,0,0.08108668,0,0,0.21990217,0
19076,0,0.1930801,0,1,0.6248751,1,0,0.2348708,0,0,0.20874782,0,0,0.24291638,0
19078,0,0.0032190064,0,1,0.88681203,1,0,0.27344173,0,0,0.13673174,0,1,0.5658734,1
19080,1,0.59934485,1,0,0.10462964,0,0,0.36502466,0,0,0.08048998,0,0,0.1337327,0
19087,1,0.92893517,1,0,0.001367512,0,0,0.10292093,0,0,0.0041467515,0,0,0.01797864,0
19089,1,0.35610673,1,0,0.17784907,0,0,0.614937,0,0,0.13723503,0,0,0.20040703,0
19097,0,0.023425726,0,1,0.425874,1,0,0.7105044,1,1,0.6225984,1,0,0.2224105,0
19102,0,0.030536443,0,1,0.53467214,1,0,0.46160167,0,1,0.64681816,1,0,0.31265497,1
19108,0,0.0033099896,0,0,0.18543376,0,1,0.9557784,1,1,0.6578404,1,0,0.14860071,0
19120,1,0.90828335,1,0,0.005411035,0,0,0.048172407,0,0,0.020313106,0,0,0.023258949,0
19122,1,0.6274571,1,0,0.011053604,0,0,0.36175507,0,0,0.1083391,0,0,0.064624645,0
19126,0,0.012263955,0,0,0.10242685,0,1,0.98035216,1,0,0.258975,0,0,0.15661882,0
19128,0,0.033943255,0,0,0.17172222,0,1,0.8301766,1,0,0.5800709,1,0,0.15380508,0
19129,0,0.08681094,0,1,0.43444312,1,0,0.20752059,0,0,0.56697327,1,0,0.14984033,0
19131,0,0.09656778,0,0,0.02030152,0,1,0.9373114,1,0,0.10256245,0,0,0.106220774,0
19134,0,0.026758073,0,0,0.13195996,0,1,0.9511727,1,0,0.32197368,0,0,0.18472041,0
19138,0,0.059091162,0,0,0.017875407,0,1,0.96870977,1,0,0.07970351,0,0,0.10440674,0
19141,0,0.002410348,0,0,0.085603446,0,0,0.06568259,0,1,0.9726044,1,0,0.034916498,0
19147,0,0.7105739,1,0,0.049095325,0,1,0.20134963,0,0,0.07796773,0,0,0.082685135,0
19150,0,0.5383437,1,0,0.025457576,0,0,0.33836424,0,1,0.18049447,0,0,0.07432196,0
19155,0,0.12023771,0,0,0.017875908,0,1,0.9145412,1,0,0.10888123,0,0,0.100707486,0
19164,0,0.12643875,0,1,0.57855695,1,1,0.33363828,0,0,0.38444254,0,0,0.26725596,1
19171,0,0.41142496,1,1,0.19552507,0,0,0.354716,0,0,0.17031492,0,0,0.14774667,0
19175,0,0.52348197,1,1,0.26555824,0,0,0.23261245,0,0,0.105016276,0,0,0.14697583,0
19176,0,0.051432118,0,1,0.73555714,1,0,0.08858176,0,1,0.25119635,0,0,0.18394743,0
19178,1,0.394653,1,0,0.5365452,1,0,0.07153731,0,0,0.08480161,0,0,0.112861514,0
19181,1,0.13729,0,0,0.02965496,0,0,0.91119206,1,0,0.09130546,0,0,0.10711886,0
19182,0,0.0020151436,0,0,0.8487386,1,0,0.47519317,0,1,0.282135,0,1,0.6516889,1
19183,1,0.9123053,1,0,0.0022072417,0,0,0.12301749,0,0,0.005735854,0,0,0.022721887,0
19186,1,0.8032189,1,0,0.043547608,0,0,0.13760589,0,0,0.016284762,0,0,0.065737315,0
19187,0,0.60151243,1,0,0.03955105,0,0,0.4597477,0,1,0.0903065,0,0,0.11304765,0
19200,1,0.78417236,1,0,0.0037639292,0,0,0.39895412,0,0,0.011229996,0,0,0.03758743,0
19214,0,0.08458301,0,1,0.39374954,1,0,0.70227027,1,0,0.35449997,0,0,0.2366132,0
19222,1,0.8815095,1,0,0.0054731844,0,0,0.1301925,0,0,0.0083515635,0,0,0.030434454,0
19223,1,0.8151039,1,0,0.08832128,0,0,0.060606916,0,0,0.014111802,0,0,0.0623484,0
19226,0,0.07331204,0,1,0.6632707,1,0,0.027314844,0,0,0.13378374,0,0,0.06644917,0
19229,1,0.058814883,0,0,0.18096094,0,0,0.114322275,0,0,0.7748165,1,0,0.059921943,0
19230,1,0.38784528,1,0,0.5500948,1,0,0.049089927,0,0,0.046126224,0,0,0.099363185,0
19233,1,0.3556545,1,0,0.050506346,0,0,0.7031254,1,0,0.110440165,0,0,0.12167794,0
19241,1,0.3700871,1,0,0.0972544,0,0,0.6711556,0,0,0.095536016,0,0,0.15465343,0
19243,0,0.0013892441,0,1,0.696296,1,1,0.7884988,1,0,0.48336297,1,0,0.49338338,1
19249,1,0.80402404,1,0,0.03311218,0,0,0.13347402,0,0,0.011889596,0,0,0.05540703,0
19253,1,0.557107,1,0,0.13228582,0,0,0.35423508,0,0,0.053627778,0,0,0.1262975,0
19255,1,0.4220262,1,0,0.27876958,0,0,0.39400014,0,0,0.0809282,0,0,0.20159738,0
19261,1,0.4105142,1,0,0.19136287,0,0,0.5231662,0,0,0.08620556,0,0,0.19582894,0
19262,0,0.07694449,0,1,0.74048084,1,0,0.13124809,0,0,0.16362217,0,0,0.253177,1
19263,0,0.0005676416,0,1,0.51248324,1,1,0.91602904,1,1,0.62747014,1,0,0.34724924,1
19272,0,0.5418919,1,0,0.24639608,0,0,0.15934844,0,1,0.24725632,0,0,0.14147486,0
19275,0,0.4752348,1,1,0.41460505,1,0,0.05824957,0,0,0.089198746,0,0,0.08368245,0
19276,0,0.12157217,0,0,0.31540135,0,1,0.7744339,1,1,0.3150363,0,0,0.25825614,1
19281,0,0.008804623,0,0,0.18825375,0,1,0.9435543,1,0,0.30779192,0,0,0.26335308,1
19287,1,0.40050334,1,0,0.2230166,0,0,0.41025355,0,0,0.065652706,0,0,0.18484104,0
19303,0,0.19969486,0,1,0.61744833,1,0,0.21596335,0,0,0.06365115,0,0,0.21973865,0
19306,1,0.76539904,1,0,0.20675302,0,0,0.02905741,0,0,0.025409125,0,0,0.05747087,0
19308,1,0.8249911,1,0,0.053905234,0,0,0.081671536,0,0,0.018513108,0,0,0.062836476,0
19313,1,0.85378885,1,0,0.04488226,0,0,0.059692193,0,0,0.023073899,0,0,0.052428495,0
19315,1,0.79508066,1,0,0.01916865,0,0,0.20182307,0,0,0.013078124,0,0,0.050595894,0
19318,0,0.021073187,0,1,0.8647792,1,0,0.05507129,0,0,0.069038376,0,0,0.25417408,1
19327,0,0.017184295,0,1,0.2981024,0,1,0.8395398,1,1,0.36259645,0,1,0.3280904,1
19328,0,0.024082147,0,1,0.8454783,1,0,0.0931437,0,0,0.117212996,0,0,0.32050893,1
19330,0,0.707032,1,0,0.06414435,0,1,0.22475976,0,0,0.09601357,0,0,0.108459406,0
19347,0,0.7661964,1,0,0.08921061,0,0,0.11883567,0,1,0.048041906,0,0,0.0880238,0
19352,1,0.71030366,1,0,0.07723505,0,0,0.22851181,0,0,0.053544965,0,0,0.113905996,0
19354,0,0.028239673,0,1,0.7988707,1,0,0.104530334,0,0,0.21975179,0,0,0.24622911,0
19355,0,0.58432645,1,0,0.08094937,0,0,0.36394107,0,0,0.01087596,0,1,0.09538999,0
19372,0,0.0113879405,0,1,0.82981926,1,0,0.14581,0,0,0.35594574,0,0,0.3683037,1
19381,0,0.18141103,0,0,0.09314215,0,1,0.8580558,1,0,0.054845233,0,0,0.1428916,0
19382,0,0.04762359,0,0,0.002711908,0,0,0.9036955,1,1,0.28701624,0,0,0.033615474,0
19383,0,0.01867162,0,1,0.82524323,1,0,0.07848449,0,0,0.21726982,0,0,0.266842,1
19386,1,0.6539231,1,0,0.0686162,0,0,0.30323687,0,0,0.07378264,0,0,0.11073571,0
19388,0,0.0045257304,0,1,0.279333,0,0,0.88765734,1,1,0.7312855,1,0,0.16602924,0
19389,0,0.24459466,0,0,0.031855408,0,0,0.6025542,0,1,0.34157926,0,0,0.08947723,0
19392,0,0.12498437,0,1,0.48609164,1,0,0.49443117,0,0,0.32562834,0,0,0.21862519,0
19403,0,0.10735999,0,0,0.0658006,0,1,0.92075306,1,0,0.14032346,0,0,0.16069885,0
19411,0,0.00051177765,0,0,0.47931802,1,0,0.1681893,0,1,0.9406746,1,0,0.22106144,0
19415,0,0.021547314,0,1,0.8375735,1,0,0.04910048,0,0,0.12864272,0,0,0.23188058,0
19420,1,0.56435525,1,0,0.009445373,0,0,0.7039303,1,0,0.01542062,0,0,0.063763455,0
19426,0,0.017221991,0,1,0.82033956,1,0,0.14691108,0,0,0.31635806,0,0,0.39443728,1
19428,0,0.045678344,0,0,0.13070053,0,1,0.7683861,1,0,0.6007017,1,0,0.17729804,0
19433,1,0.5512622,1,0,0.22628288,0,0,0.24747021,0,0,0.051240325,0,0,0.13421488,0
19434,0,0.026183514,0,0,0.24318784,0,0,0.8547508,1,0,0.5202807,1,1,0.21820703,0
19438,0,0.61208576,1,0,0.035087522,0,1,0.5159614,0,0,0.019082664,0,0,0.0959604,0
19439,0,0.004602384,0,1,0.28843594,0,1,0.7306144,1,1,0.8292278,1,1,0.2029936,0
19446,1,0.88902164,1,0,0.010517934,0,1,0.08772018,0,0,0.0072247083,0,0,0.032784812,0
19451,0,0.51806164,1,0,0.045916155,0,1,0.59782135,0,1,0.04714421,0,0,0.11054101,0
19453,0,0.015595406,0,0,0.076068126,0,1,0.9659566,1,0,0.33039942,0,0,0.13921794,0
19456,0,0.79664606,1,0,0.031506307,0,0,0.17414409,0,1,0.03717366,0,0,0.07472199,0
19463,0,0.007380895,0,1,0.6458269,1,1,0.7950443,1,0,0.21754098,0,0,0.36239317,1
19465,0,0.0030261802,0,0,0.3066969,0,1,0.8551957,1,1,0.73354995,1,0,0.1924533,0
19478,1,0.7260035,1,0,0.10422147,0,0,0.14962086,0,0,0.04656519,0,0,0.101283126,0
19480,0,0.07023407,0,1,0.7563324,1,0,0.16191994,0,0,0.15396062,0,0,0.30973297,1
19486,1,0.7753902,1,0,0.014432583,0,0,0.28535846,0,0,0.0078024957,0,0,0.050462738,0
19492,1,0.64610153,1,0,0.0760905,0,0,0.2879996,0,0,0.080413304,0,0,0.109531015,0
19497,1,0.31581783,1,0,0.06925836,0,0,0.63080597,0,0,0.23947656,0,0,0.13998513,0
19504,0,0.67190695,1,0,0.007442037,0,0,0.123391934,0,1,0.23399562,0,0,0.040462855,0
19506,0,0.09779495,0,0,0.096369095,0,1,0.9008773,1,0,0.2285006,0,1,0.19394505,0
19507,0,0.0092640035,0,0,0.30291665,0,0,0.5331167,0,1,0.84789616,1,0,0.14942402,0
19512,1,0.9365017,1,0,0.007191561,0,0,0.03373039,0,0,0.0046480144,0,0,0.021637851,0
19519,0,0.028848877,0,0,0.03276405,0,1,0.9769915,1,0,0.13429262,0,0,0.123632945,0
19522,1,0.899164,1,0,0.013130968,0,0,0.06347971,0,0,0.012021949,0,0,0.036018487,0
19528,0,0.025800154,0,0,0.03020114,0,1,0.97180355,1,0,0.1665989,0,0,0.10637805,0
19536,0,0.6507279,1,0,0.017125025,0,1,0.5074337,0,0,0.042093977,0,1,0.08523552,0
19539,0,0.03338342,0,0,0.0253186,0,1,0.9781008,1,0,0.08505841,0,0,0.11453273,0
19541,0,0.0046516117,0,1,0.76925874,1,0,0.5465868,0,0,0.4250265,1,1,0.58411664,1
19548,0,0.0025820632,0,0,0.10485214,0,0,0.3939332,0,1,0.9525521,1,0,0.06770553,0
19551,0,0.006643013,0,1,0.65654516,1,0,0.3056467,0,1,0.7370929,1,1,0.42109638,1
19554,1,0.025862487,0,0,0.46033704,1,0,0.1397536,0,0,0.6584526,1,0,0.13329527,0
19563,0,0.02780344,0,0,0.01924458,0,1,0.98569655,1,0,0.069434986,0,0,0.10728283,0
19568,1,0.9575652,1,0,0.003434673,0,0,0.019628244,0,0,0.0032981888,0,0,0.013400961,0
19569,0,0.001149114,0,0,0.1016328,0,1,0.5574551,0,1,0.9497758,1,0,0.07085547,0
19576,1,0.6270928,1,0,0.029336147,0,0,0.3004942,0,0,0.15566024,0,0,0.083587855,0
19590,0,0.04447591,0,1,0.6271574,1,0,0.5641891,0,0,0.31765175,0,0,0.39562362,1
19596,0,0.0045141964,0,0,0.13209444,0,0,0.22215804,0,1,0.94706285,1,0,0.06492434,0
19597,0,0.0025363897,0,0,0.118948296,0,0,0.11000733,0,1,0.96791685,1,0,0.049597766,0
19603,0,0.04572778,0,1,0.7187953,1,0,0.17106853,0,0,0.38546535,0,1,0.2796489,1
19604,0,0.065418184,0,0,0.015654776,0,1,0.9471228,1,0,0.13282584,0,0,0.09054133,0
19605,1,0.8529571,1,0,0.010368461,0,0,0.0471619,0,0,0.0724635,0,0,0.029438317,0
19615,0,0.047760013,0,0,0.7811062,1,1,0.173663,0,1,0.21971837,0,0,0.35609335,1
19623,0,0.076172315,0,1,0.70354205,1,0,0.20615292,0,0,0.24144626,0,0,0.26659775,1
19628,0,0.0032854148,0,1,0.34677625,0,1,0.9557383,1,0,0.48108312,1,0,0.2336709,0
19633,0,0.015885416,0,1,0.6441114,1,1,0.3166624,0,0,0.63585526,1,0,0.3171975,1
19634,1,0.5792169,1,0,0.33736807,0,0,0.086141944,0,0,0.074710675,0,0,0.112675115,0
19636,0,0.0032567624,0,0,0.3681555,1,1,0.93690825,1,1,0.56061983,1,0,0.24651176,0
19637,0,0.0003485747,0,1,0.94871026,1,0,0.17150928,0,0,0.27012986,0,1,0.7566724,1
19644,0,0.040022846,0,1,0.63317955,1,0,0.5980684,0,0,0.20369412,0,0,0.34404472,1
19650,0,0.009119163,0,1,0.7938904,1,0,0.43512872,0,0,0.29514086,0,0,0.5562179,1
19652,1,0.84030277,1,0,0.008855504,0,0,0.20010145,0,0,0.013280571,0,0,0.04381831,0
19653,0,0.43983462,1,0,0.12051803,0,0,0.216338,0,1,0.39622253,0,1,0.12011822,0
19654,0,0.00078143796,0,0,0.018724382,0,1,0.968082,1,1,0.8399287,1,0,0.044523638,0
19655,1,0.5329973,1,0,0.25069135,0,0,0.27447042,0,0,0.0811915,0,0,0.17235598,0
19659,0,0.0061673233,0,1,0.7880982,1,0,0.46323317,0,0,0.31454274,0,0,0.45290604,1
19665,0,0.2234919,0,1,0.6634093,1,0,0.053360958,0,0,0.06426516,0,0,0.10966331,0
19669,1,0.82310736,1,0,0.015677933,0,0,0.17764346,0,0,0.01060256,0,0,0.04625539,0
19678,0,0.00013197477,0,0,0.06372942,0,0,0.9786162,1,1,0.9032215,1,0,0.057259135,0
19681,0,0.35506946,1,1,0.43491077,1,0,0.05932277,0,0,0.10686436,0,0,0.082516514,0
19687,1,0.822948,1,0,0.036972087,0,0,0.108720824,0,0,0.021697287,0,0,0.061986543,0
19695,0,0.37223303,1,0,0.09135142,0,1,0.67064613,0,0,0.14042465,0,0,0.16426757,0
19696,1,0.6756607,1,0,0.2510524,0,0,0.034796286,0,0,0.026935922,0,0,0.059721984,0
19709,0,0.00050280715,0,0,0.50157034,1,0,0.1729942,0,1,0.93032587,1,0,0.2033955,0
19717,1,0.79358953,1,0,0.009733249,0,0,0.30037415,0,0,0.020410731,0,0,0.05633447,0
19726,0,0.0007059059,0,0,0.20967352,0,1,0.9435672,1,1,0.82764596,1,0,0.13869552,0
19730,0,0.019097468,0,1,0.8427096,1,0,0.038614057,0,0,0.10917738,0,0,0.19884583,0
19735,1,0.099972256,0,0,0.37601152,1,0,0.74404335,1,0,0.09582937,0,0,0.1966288,0
19743,0,0.0007730147,0,1,0.9443841,1,0,0.1187178,0,1,0.19857687,0,1,0.67802507,1
19747,1,0.7695997,1,0,0.035906654,0,0,0.20396589,0,0,0.03799924,0,0,0.07647762,0
19751,0,0.8381771,1,0,0.025476493,0,0,0.0366484,0,1,0.064045094,0,0,0.032237854,0
19755,0,0.008150472,0,0,0.17735504,0,1,0.94560814,1,1,0.4517765,1,0,0.23218137,0
19760,1,0.43619332,1,0,0.24659826,0,0,0.41769254,0,0,0.091525726,0,0,0.18167883,0
19765,1,0.48243824,1,0,0.2505921,0,0,0.22553664,0,0,0.25951597,0,0,0.15728337,0
19768,0,0.0013276386,0,1,0.29494926,0,0,0.8266826,1,1,0.78475785,1,1,0.27479506,1
19775,1,0.5616662,1,0,0.2437222,0,0,0.18212917,0,0,0.048114065,0,0,0.1334169,0
19776,0,0.49223766,1,0,0.019483993,0,1,0.541715,0,0,0.12383827,0,0,0.08265637,0
19782,1,0.5092832,1,0,0.2862787,0,0,0.22295268,0,0,0.029536493,0,0,0.148212,0
19784,0,0.04496337,0,1,0.49261507,1,0,0.36620137,0,0,0.6959639,1,0,0.2770041,1
19789,0,0.36258096,1,1,0.44532683,1,0,0.102053195,0,0,0.16688648,0,0,0.15514664,0
19818,0,0.06719464,0,0,0.019573672,0,1,0.9693449,1,0,0.051663265,0,0,0.10523363,0
19822,0,0.66764086,1,1,0.14531921,0,0,0.1797861,0,0,0.049690228,0,0,0.109886914,0
19824,0,0.00077921164,0,1,0.9397849,1,1,0.13661301,0,1,0.33252975,0,1,0.7043265,1
19826,1,0.6672826,1,0,0.018631887,0,0,0.43227926,0,0,0.031534057,0,0,0.06910891,0
19837,0,0.25682113,0,1,0.5412288,1,1,0.21503618,0,0,0.07527016,0,1,0.18196905,0
19846,1,0.74707097,1,0,0.014487871,0,0,0.3608114,0,0,0.016544376,0,0,0.06306493,0
19860,1,0.6807856,1,0,0.007240499,0,0,0.5369289,0,0,0.02182677,0,0,0.05642322,0
19865,0,0.059799537,0,0,0.08770849,0,1,0.9558173,1,0,0.06542475,0,1,0.15348618,0
19866,1,0.44681603,1,0,0.06260281,0,0,0.67739195,0,0,0.074217886,0,0,0.14558885,0
19873,0,0.014395624,0,1,0.61971384,1,0,0.5702325,0,1,0.6119869,1,0,0.38672072,1
19878,0,0.00072197994,0,1,0.8153112,1,0,0.32142445,0,1,0.7364613,1,1,0.6284721,1
19882,0,0.32867867,1,0,0.062371016,0,1,0.76509464,1,0,0.09277802,0,0,0.14420232,0
19883,0,0.17723121,0,0,0.17877273,0,1,0.44725645,0,1,0.5684151,1,0,0.16661589,0
19885,0,0.0009747457,0,1,0.9388682,1,0,0.1395602,0,0,0.18977292,0,0,0.6663472,1
19886,0,0.10903206,0,1,0.7102732,1,0,0.16425104,0,0,0.10711266,0,0,0.18926305,0
19888,0,0.057276994,0,1,0.7766201,1,0,0.08849034,0,0,0.14987113,0,0,0.24759267,0
19889,1,0.7621968,1,0,0.013605679,0,0,0.33687857,0,0,0.018154971,0,0,0.06127277,0
19897,0,0.49493992,1,0,0.08832576,0,0,0.5548587,0,0,0.061224323,0,1,0.1493632,0
19898,0,0.092274174,0,0,0.2497354,0,0,0.48965085,0,1,0.6433868,1,0,0.19098055,0
19902,0,0.0024510534,0,1,0.86143124,1,0,0.4381706,0,0,0.17969315,0,1,0.6014611,1
19905,1,0.86645854,1,0,0.0060543045,0,0,0.11319901,0,0,0.02606871,0,0,0.033247095,0
19910,1,0.9600221,1,0,0.0017987894,0,0,0.01339227,0,0,0.0068307673,0,0,0.009214166,0
19914,0,0.25475892,0,1,0.47242463,1,0,0.30832902,0,0,0.058982804,0,0,0.19601978,0
19919,1,0.7651705,1,0,0.027788935,0,0,0.24883565,0,0,0.023346154,0,0,0.07211737,0
19922,1,0.84767425,1,0,0.088003755,0,0,0.023795657,0,0,0.019534312,0,0,0.038071554,0
19924,1,0.44372496,1,0,0.31549218,0,0,0.08468897,0,0,0.23360485,0,0,0.09206998,0
19926,0,0.14516462,0,1,0.7312382,1,0,0.06675879,0,0,0.03340034,0,0,0.14261031,0
19930,1,0.9153599,1,0,0.022576319,0,0,0.029739086,0,0,0.00941967,0,0,0.030103832,0
19932,0,0.039228164,0,0,0.06394337,0,0,0.36453384,0,1,0.7906281,1,0,0.092161626,0
19934,0,0.009238855,0,1,0.8249313,1,0,0.30478722,0,0,0.19779819,0,0,0.48517367,1
19943,0,0.0013738136,0,1,0.326044,0,0,0.23753943,0,1,0.94628346,1,1,0.17393875,0
19946,1,0.37375054,1,0,0.35006955,1,0,0.39298746,0,0,0.13911416,0,0,0.21469903,0
19953,0,0.6792352,1,0,0.015748251,0,1,0.4176693,0,0,0.061563216,0,0,0.07946681,0
19965,1,0.2500703,0,0,0.055874664,0,1,0.80319047,1,0,0.10229508,0,0,0.1317171,0
19981,1,0.5761245,1,0,0.18986242,0,0,0.15121642,0,0,0.16674654,0,0,0.110920586,0
19985,1,0.13366744,0,0,0.21169734,0,1,0.74496895,1,0,0.3891381,0,0,0.22189136,0
19986,1,0.20724046,0,0,0.348486,0,0,0.40787473,0,0,0.3206322,0,0,0.20093694,0
19987,1,0.9188033,1,0,0.0029629653,0,0,0.09329612,0,0,0.0024752908,0,0,0.01939924,0
19989,0,0.83953106,1,0,0.0031567377,0,0,0.19198783,0,1,0.028217018,0,0,0.032509487,0
19996,1,0.7919154,1,0,0.009702519,0,0,0.2900666,0,0,0.01548212,0,0,0.050060317,0
20001,0,0.041470528,0,1,0.7334606,1,1,0.3430129,0,0,0.11063679,0,1,0.29069307,1
20002,0,0.013625858,0,1,0.2851232,0,0,0.5941036,0,1,0.82864934,1,0,0.16245438,0
20012,0,0.0010264522,0,1,0.44115767,1,0,0.27894506,0,1,0.929742,1,0,0.26376897,1
20020,0,0.041910328,0,0,0.56158984,1,0,0.57212424,0,1,0.4620109,1,0,0.29654172,1
20026,1,0.9107877,1,0,0.011336017,0,0,0.051173083,0,0,0.0075070276,0,0,0.027932355,0
20031,0,0.0024511933,0,0,0.27329385,0,1,0.7766907,1,1,0.86738145,1,0,0.1672178,0
20050,0,0.16363157,0,0,0.17229326,0,0,0.26810256,0,1,0.56194735,1,0,0.12867855,0
20056,0,0.0048916456,0,0,0.19807957,0,0,0.29124185,0,1,0.9378509,1,0,0.11518611,0
20064,0,0.094256446,0,0,0.2696852,0,0,0.34898895,0,1,0.7082195,1,0,0.18251985,0
20065,0,0.12864606,0,0,0.22517413,0,0,0.1883892,0,1,0.70373106,1,0,0.13341987,0
20074,1,0.7885211,1,0,0.033001162,0,0,0.18176675,0,0,0.03895934,0,0,0.074780434,0
20080,0,0.010613013,0,0,0.25930873,0,0,0.6042104,0,1,0.84992445,1,0,0.15642338,0
20081,0,0.0017251215,0,0,0.19292058,0,1,0.5525426,0,1,0.9421935,1,0,0.1046101,0
20084,0,0.007229368,0,1,0.8590417,1,0,0.24398023,0,0,0.13852353,0,0,0.44980708,1
20089,1,0.90179956,1,0,0.0015067719,0,0,0.17115021,0,0,0.004710516,0,0,0.021078793,0
20093,0,0.009842637,0,0,0.8685454,1,0,0.10481613,0,1,0.21716982,0,0,0.3725766,1
20094,1,0.71302646,1,0,0.052358326,0,0,0.26133028,0,0,0.05222597,0,0,0.09819565,0
20098,0,0.003767013,0,0,0.38424224,1,0,0.0876648,0,1,0.8824531,1,0,0.094518706,0
20100,0,0.0060798097,0,0,0.102037355,0,1,0.9606303,1,0,0.56166786,1,0,0.13625729,0
20101,1,0.81741893,1,0,0.0069538835,0,0,0.2641809,0,0,0.020822795,0,0,0.04827078,0
20106,0,0.0020280231,0,0,0.11595739,0,0,0.56048495,0,1,0.93000984,1,1,0.07977858,0
20115,1,0.6333162,1,0,0.09744254,0,0,0.29368168,0,0,0.03879869,0,0,0.11122822,0
20120,0,0.008058407,0,0,0.068504505,0,1,0.9763277,1,0,0.40494257,1,0,0.12093358,0
20123,0,0.3462827,1,0,0.011254977,0,0,0.017875733,0,1,0.5964171,1,0,0.01077077,0
20128,0,0.0004977956,0,0,0.06373255,0,0,0.072581045,0,1,0.98994327,1,0,0.022210525,0
20134,1,0.33317882,1,0,0.38504106,1,0,0.39952686,0,0,0.07958113,0,0,0.2003474,0
20139,0,0.016053367,0,0,0.29978082,0,0,0.28406835,0,1,0.87957686,1,0,0.14677349,0
20150,1,0.83649445,1,0,0.022088354,0,1,0.13622142,0,0,0.014746803,0,0,0.051097926,0
20153,0,0.18979697,0,0,0.19598308,0,0,0.103509404,0,1,0.6074544,1,0,0.07343043,0
20165,1,0.51477486,1,0,0.008054505,0,0,0.58515596,0,0,0.07843953,0,0,0.059140008,0
20175,0,0.16013862,0,0,0.2806688,0,0,0.08502967,0,1,0.5387,1,0,0.08301574,0
20184,0,0.016012609,0,0,0.25300676,0,0,0.40012914,0,1,0.8532349,1,0,0.13448378,0
20189,0,0.02605916,0,0,0.07926117,0,1,0.96325606,1,0,0.2581549,0,0,0.16132767,0
20193,0,0.60917175,1,0,0.1371147,0,0,0.34349203,0,1,0.0899143,0,0,0.16458815,0
20208,0,0.00021079078,0,0,0.12391355,0,1,0.9938268,1,1,0.6528812,1,1,0.11316248,0
20213,1,0.88066655,1,0,0.0063318675,0,0,0.13187966,0,0,0.014707275,0,0,0.03763956,0
20215,0,0.0026620075,0,1,0.8892333,1,0,0.27272668,0,0,0.20947087,0,1,0.6280158,1
20220,1,0.6314259,1,0,0.07230138,0,0,0.3856081,0,0,0.07552022,0,0,0.12965031,0
20225,0,0.00025410648,0,1,0.90701944,1,0,0.27513075,0,0,0.61546135,1,1,0.74412334,1
20245,0,0.022152582,0,0,0.050967857,0,1,0.98252696,1,0,0.09654037,0,0,0.14134549,0
20255,1,0.8554831,1,0,0.014254866,0,0,0.13053155,0,0,0.024276396,0,0,0.0508049,0
20256,1,0.74327946,1,0,0.03753542,0,0,0.27109796,0,0,0.03705335,0,0,0.08990326,0
20259,1,0.7341999,1,0,0.082072385,0,0,0.14661156,0,0,0.011252766,0,0,0.07711986,0
20271,1,0.16913077,0,0,0.5077639,1,0,0.4798019,0,0,0.21597777,0,0,0.28409642,1
20284,0,0.044361904,0,1,0.64479315,1,0,0.5379546,0,0,0.22137275,0,0,0.31256723,1
20298,1,0.47770888,1,0,0.020680169,0,0,0.729835,1,0,0.035916746,0,0,0.08994574,0
20299,0,0.019798452,0,0,0.18588041,0,1,0.29942024,0,1,0.885565,1,0,0.11054777,0
20302,1,0.26591894,0,0,0.36993358,1,0,0.421434,0,0,0.24689092,0,0,0.18999332,0
20307,0,0.005735231,0,1,0.2405893,0,0,0.031676993,0,1,0.8767081,1,0,0.034480333,0
20308,0,0.08331426,0,0,0.016457334,0,1,0.90825295,1,1,0.22732212,0,0,0.091302745,0
20314,1,0.30712205,1,0,0.184153,0,0,0.58278716,0,0,0.25149864,0,0,0.20147894,0
20315,0,0.0034838412,0,1,0.36699247,1,1,0.9267756,1,0,0.5635585,1,0,0.21574879,0
20316,0,0.0071666897,0,0,0.14210393,0,1,0.97787696,1,0,0.39237586,0,0,0.16010155,0
20324,0,0.0025825887,0,0,0.22663005,0,1,0.9763442,1,1,0.5136358,1,0,0.15922667,0
20325,0,0.002769647,0,0,0.066985205,0,0,0.06599954,0,1,0.9694006,1,0,0.02643217,0
20326,1,0.70786947,1,0,0.15964378,0,0,0.06740915,0,0,0.079507336,0,0,0.07826162,0
20327,0,0.08438616,0,1,0.662578,1,1,0.33675262,0,0,0.31773424,0,0,0.34294555,1
20333,0,0.15874921,0,1,0.6997828,1,0,0.11700465,0,0,0.0871301,0,0,0.20154129,0
20342,0,0.0050123525,0,1,0.7165516,1,0,0.6614549,0,1,0.38287076,0,0,0.47966084,1
20344,1,0.7245428,1,0,0.100339666,0,0,0.12298281,0,0,0.06214516,0,0,0.09284467,0
20348,0,0.12796418,0,1,0.678453,1,0,0.27405354,0,0,0.15566131,0,0,0.26662463,1
20356,1,0.8332434,1,0,0.024376212,0,0,0.12702788,0,0,0.0059531964,0,0,0.04742494,0
20358,0,0.001812482,0,0,0.08512084,0,1,0.95509654,1,1,0.7699629,1,0,0.09638032,0
20365,0,0.0054835374,0,0,0.25479013,0,1,0.9659615,1,0,0.48400578,1,0,0.18668206,0
20367,0,0.004114989,0,0,0.26191452,0,1,0.96304256,1,0,0.5328585,1,0,0.1829928,0
20377,0,0.088299826,0,1,0.718731,1,0,0.20507538,0,0,0.22493869,0,0,0.29685342,1
20381,0,0.33814502,1,0,0.06860905,0,0,0.15770626,0,1,0.5729446,1,0,0.08165035,0
20382,0,0.0016020943,0,1,0.58540446,1,1,0.86781806,1,0,0.5230879,1,1,0.38249034,1
20386,0,0.114609145,0,1,0.7041155,1,0,0.20512667,0,0,0.16998264,0,0,0.3028334,1
20389,0,0.44766137,1,1,0.3631014,1,0,0.10073603,0,0,0.19910626,0,0,0.11881221,0
20395,0,0.020092934,0,1,0.74640965,1,0,0.4083613,0,0,0.3188038,0,0,0.47738558,1
20396,0,0.25258583,0,0,0.09979848,0,0,0.35310993,0,1,0.57784677,1,0,0.13489835,0
20403,0,0.3725231,1,1,0.49230063,1,0,0.16357966,0,0,0.07257967,0,0,0.16259456,0
20410,0,0.024009094,0,0,0.44488016,1,1,0.86642957,1,0,0.22423673,0,1,0.23220569,0
20413,0,0.06813571,0,0,0.2846948,0,1,0.7410736,1,1,0.5012798,1,0,0.18735032,0
20419,0,0.28391016,0,1,0.57673925,1,0,0.0981958,0,0,0.09697863,0,0,0.14413798,0
20421,0,0.0014931074,0,1,0.9082169,1,0,0.27685586,0,1,0.16809654,0,1,0.6378405,1
20422,0,0.0030407452,0,0,0.17850739,0,0,0.39202377,0,1,0.93823826,1,0,0.09564835,0
20424,0,0.047643594,0,0,0.12648462,0,1,0.4202584,0,1,0.76950085,1,0,0.10172307,0
20429,1,0.42052755,1,0,0.23025912,0,0,0.36490205,0,0,0.041105397,0,0,0.12963998,0
20431,0,0.040269602,0,0,0.2896706,0,0,0.8184206,1,1,0.51908726,1,0,0.23391703,0
20436,0,0.0059732026,0,0,0.29174715,0,0,0.17411458,0,1,0.916659,1,0,0.116654225,0
20438,0,0.06413565,0,1,0.633276,1,0,0.24266057,0,1,0.484048,1,0,0.25337005,1
20444,0,0.043146644,0,1,0.42501354,1,0,0.8309566,1,0,0.31793585,0,0,0.27547574,1
20455,1,0.04652818,0,0,0.33093578,0,0,0.73013264,1,0,0.5593553,1,0,0.18830824,0
20460,1,0.83436763,1,0,0.019736076,0,0,0.11539153,0,0,0.025131151,0,0,0.0461777,0
20468,0,0.0723603,0,0,0.66896296,1,0,0.1989543,0,1,0.411047,1,0,0.26262888,1
20491,1,0.7348385,1,0,0.035041943,0,0,0.27005786,0,0,0.025746973,0,0,0.07934949,0
20492,0,0.1112493,0,1,0.7078499,1,0,0.06557691,0,0,0.1169288,0,0,0.13604924,0
20502,1,0.68481845,1,0,0.036155827,0,0,0.3984708,0,0,0.03136425,0,0,0.09698056,0
20508,0,0.001962232,0,0,0.19896899,0,0,0.9170329,1,1,0.80143195,1,0,0.13607539,0
20520,1,0.68800926,1,0,0.10724236,0,0,0.20134898,0,0,0.03959117,0,0,0.10922697,0
20521,0,0.005903066,0,0,0.515313,1,0,0.79537165,1,1,0.5620421,1,1,0.36736074,1
20532,1,0.19444272,0,0,0.08464878,0,0,0.8302239,1,0,0.095069304,0,0,0.1446638,0
20542,0,0.32824403,1,0,0.14028332,0,0,0.68331534,0,0,0.051036492,0,1,0.15533794,0
20562,0,0.0022269757,0,0,0.26655033,0,0,0.1519229,0,1,0.94379634,1,0,0.09441382,0
20573,0,0.08136141,0,0,0.2071848,0,1,0.8876219,1,0,0.16908874,0,0,0.21489917,0
20582,0,0.014613748,0,0,0.06681123,0,1,0.9865644,1,0,0.12277802,0,1,0.14237414,0
20590,0,0.0021804122,0,1,0.89522094,1,0,0.23477593,0,0,0.20762031,0,1,0.5867318,1
20591,1,0.69701356,1,0,0.08951101,0,0,0.20013933,0,0,0.10876726,0,0,0.11249297,0
20599,1,0.78786826,1,0,0.015562162,0,0,0.23725583,0,0,0.039232492,0,0,0.06335297,0
20601,1,0.75171864,1,0,0.04939722,0,0,0.2054109,0,0,0.02684438,0,0,0.08075348,0
20609,1,0.85160387,1,0,0.0061554946,0,0,0.07724061,0,0,0.05316732,0,0,0.028845755,0
20615,0,0.0047080354,0,1,0.2146311,0,1,0.9495649,1,0,0.5750139,1,0,0.17973669,0
20619,0,0.16346407,0,1,0.612247,1,0,0.05304707,0,0,0.16116618,0,0,0.09566182,0
20622,0,0.57610416,1,0,0.032209616,0,0,0.38023967,0,1,0.15885404,0,0,0.09577994,0
20634,0,0.010111054,0,0,0.14859666,0,1,0.96423817,1,0,0.26213336,0,1,0.22283033,0
20638,0,0.074746415,0,1,0.79450786,1,0,0.055290136,0,0,0.051423546,0,1,0.17188726,0
20642,0,0.020479318,0,0,0.08001605,0,1,0.9497615,1,1,0.34472606,0,0,0.12754697,0
20652,0,0.70395344,1,1,0.046232373,0,0,0.27564996,0,0,0.049920324,0,0,0.08807171,0
20662,0,0.0024115844,0,0,0.04940847,0,1,0.99256706,1,0,0.37428266,0,0,0.1046388,0
20665,0,0.18411952,0,1,0.32576334,0,0,0.17324589,0,0,0.542182,1,0,0.13072069,0
20673,0,0.6307221,1,0,0.12100365,0,1,0.28778023,0,0,0.056064073,0,1,0.12471345,0
20675,0,0.040226784,0,0,0.04627216,0,1,0.96476275,1,0,0.15178494,0,1,0.14181529,0
20676,1,0.79559124,1,0,0.0124536045,0,0,0.25530502,0,0,0.024291135,0,0,0.056077614,0
20681,0,0.052174352,0,0,0.53048205,1,0,0.365804,0,1,0.6178874,1,0,0.2865514,1
20682,0,0.38049635,1,0,0.047940496,0,1,0.74435484,1,0,0.09416005,0,0,0.13894619,0
20701,0,0.0014655859,0,0,0.84980965,1,0,0.22863792,0,1,0.63432574,1,0,0.6015151,1
20705,1,0.21575451,0,0,0.39272186,1,0,0.49287117,0,0,0.31534296,0,0,0.21298258,0
20714,1,0.3812992,1,0,0.28965107,0,0,0.13189918,0,0,0.36968672,0,0,0.11083936,0
20719,1,0.900367,1,0,0.0075758286,0,0,0.08815319,0,0,0.0052402136,0,0,0.029399322,0
20729,0,0.008890805,0,0,0.25135252,0,1,0.9444256,1,1,0.4673852,1,0,0.1787627,0
20732,0,0.0033785226,0,1,0.76704645,1,0,0.47890723,0,0,0.5340544,1,0,0.56361735,1
20734,0,0.0032361692,0,1,0.7651558,1,1,0.54430705,0,0,0.524342,1,0,0.5542155,1
20750,0,0.73964447,1,1,0.05584466,0,0,0.2035249,0,0,0.043659404,0,1,0.09288062,0
20756,0,0.00030653022,0,0,0.07953729,0,0,0.0660939,0,1,0.99063206,1,0,0.029433878,0
20763,0,0.23289987,0,1,0.60120964,1,0,0.19529808,0,0,0.12102216,0,1,0.20898424,0
20765,1,0.30924773,1,0,0.1133825,0,0,0.4998801,0,0,0.29883412,0,0,0.12691855,0
20766,1,0.39409897,1,0,0.437719,1,0,0.110445924,0,0,0.031284515,0,0,0.10414562,0
20769,0,0.016634358,0,1,0.64308995,1,0,0.5373438,0,0,0.3945987,0,0,0.2567169,1
20770,0,0.004044603,0,1,0.24579126,0,1,0.9584955,1,0,0.54417133,1,0,0.15452144,0
20771,1,0.900201,1,0,0.006087243,0,0,0.09417608,0,0,0.004863107,0,0,0.026692133,0
20774,1,0.4247128,1,0,0.009534546,0,1,0.81039685,1,0,0.032848716,0,0,0.07301247,0
20786,0,0.00678164,0,1,0.6795959,1,0,0.745989,1,0,0.2397593,0,0,0.4255526,1
20795,1,0.4649898,1,0,0.30148837,0,0,0.279897,0,0,0.09311231,0,0,0.19042723,0
20799,1,0.32077694,1,0,0.54233366,1,0,0.072938904,0,0,0.094656006,0,0,0.122880034,0
20800,0,0.002920903,0,0,0.28610706,0,0,0.19253114,0,1,0.939252,1,0,0.118199326,0
20810,1,0.7933077,1,0,0.06318893,0,0,0.10347059,0,0,0.025540961,0,0,0.06784333,0
20811,1,0.68900883,1,0,0.2474671,0,0,0.06910943,0,0,0.03409815,0,0,0.0935713,0
20818,1,0.6941887,1,0,0.041439056,0,0,0.14370939,0,0,0.19907236,0,0,0.07809711,0
20822,1,0.922822,1,0,0.0059720925,0,0,0.05007463,0,0,0.009738123,0,0,0.023974383,0
20829,0,0.2197458,0,0,0.284286,0,0,0.6145137,0,0,0.26195845,0,1,0.26350647,1
20831,1,0.7594139,1,0,0.01409241,0,0,0.18089963,0,0,0.09286217,0,0,0.055808883,0
20832,0,0.018335957,0,0,0.0381599,0,1,0.9852541,1,0,0.09896963,0,0,0.13071987,0
20833,0,0.649408,1,0,0.025650231,0,0,0.49774003,0,0,0.019652141,0,1,0.08582715,0
20839,0,0.77502275,1,0,0.025639668,0,0,0.209562,0,0,0.037287243,0,1,0.06776622,0
20845,1,0.7842736,1,0,0.011413555,0,0,0.31429395,0,0,0.01320435,0,0,0.05583048,0
20851,0,0.17109607,0,1,0.26548943,0,0,0.46890455,0,1,0.5050945,1,1,0.21565811,0
20858,0,0.02432221,0,0,0.26210618,0,0,0.10173968,0,1,0.8302136,1,0,0.079399236,0
20861,1,0.9057019,1,0,0.002848727,0,0,0.11517254,0,0,0.003988384,0,0,0.02131657,0
20866,0,0.019829495,0,0,0.26164934,0,0,0.7044223,1,1,0.70234334,1,0,0.14006492,0
20874,0,0.011781118,0,0,0.05964046,0,1,0.9378675,1,0,0.5690458,1,0,0.10281116,0
20876,1,0.6571305,1,0,0.07771432,0,0,0.14525154,0,0,0.197487,0,0,0.087667994,0
20877,0,0.015070477,0,0,0.04791953,0,1,0.9505212,1,0,0.47718793,1,0,0.10776162,0
20882,0,0.40770197,1,0,0.17335172,0,0,0.16224293,0,1,0.47267753,1,1,0.115979984,0
20894,0,0.22543132,0,0,0.044574767,0,1,0.8682282,1,0,0.047723208,0,0,0.11831169,0
20904,0,0.0005279849,0,0,0.19885162,0,0,0.14135922,0,1,0.977831,1,0,0.08249228,0
20912,1,0.57623816,1,0,0.010180771,0,0,0.3505739,0,0,0.13423973,0,0,0.05439553,0
20923,0,0.008994962,0,0,0.18314974,0,1,0.9626281,1,0,0.38787204,0,0,0.17275988,0
20924,0,0.0068610706,0,0,0.16308083,0,0,0.23409584,0,1,0.93956506,1,0,0.08848418,0
20930,0,0.0016381362,0,0,0.1260217,0,0,0.07516081,0,1,0.9715589,1,0,0.042201288,0
20932,0,0.007309449,0,0,0.40719157,1,1,0.7885774,1,1,0.6282494,1,0,0.26229998,1
20945,0,0.016764287,0,0,0.07744162,0,1,0.96720535,1,0,0.31665897,0,0,0.15289314,0
20947,0,0.0028877489,0,0,0.04768104,0,1,0.9656731,1,1,0.7023311,1,1,0.0876247,0
20949,0,0.002793048,0,1,0.9185376,1,0,0.11889366,0,0,0.12374174,0,1,0.5839237,1
20954,0,0.25452748,0,0,0.07028168,0,0,0.52593225,0,1,0.41697955,1,0,0.12323682,0
20955,1,0.89826655,1,0,0.030331986,0,0,0.029544177,0,0,0.018042773,0,0,0.03224903,0
20963,0,0.09184876,0,1,0.6908546,1,0,0.22844923,0,0,0.16770948,0,0,0.22514796,0
20966,0,0.034429993,0,0,0.027573906,0,1,0.9680282,1,0,0.15714708,0,0,0.111288115,0
20969,0,0.015988361,0,0,0.33597088,0,0,0.36625043,0,1,0.8607727,1,0,0.18537639,0
20972,0,0.014530949,0,1,0.22162075,0,0,0.74040705,1,0,0.6895078,1,0,0.15464276,0
20975,0,0.10709435,0,1,0.67731035,1,0,0.21800302,0,0,0.19982877,0,0,0.2325103,0
20981,1,0.8486983,1,0,0.0020622008,0,0,0.23852347,0,0,0.012891698,0,0,0.02598977,0
20992,0,0.15025592,0,0,0.02702097,0,1,0.93156236,1,0,0.06123148,0,0,0.11595498,0
20995,1,0.87088615,1,0,0.026979154,0,0,0.068383075,0,0,0.011942725,0,0,0.045985952,0
20996,0,0.008163951,0,0,0.18812348,0,0,0.20527023,0,1,0.9320547,1,0,0.09368013,0
20997,0,0.01276778,0,0,0.21767257,0,1,0.8688467,1,1,0.6963181,1,1,0.16831324,0
21001,0,0.65093595,1,1,0.20963286,0,0,0.094061084,0,0,0.09267158,0,0,0.09783875,0
21004,0,0.0017151289,0,1,0.82279944,1,0,0.5684552,0,1,0.36716932,0,0,0.5925598,1
21008,0,0.04033092,0,0,0.038647473,0,1,0.97320086,1,0,0.09562568,0,0,0.13592272,0
21012,0,0.27857944,0,0,0.5648242,1,1,0.21245764,0,1,0.14281674,0,0,0.21284725,0
21013,0,0.07824664,0,0,0.060877163,0,1,0.9432108,1,0,0.099544324,0,0,0.14072582,0
21018,0,0.2389118,0,0,0.23376326,0,0,0.48277625,0,1,0.4415114,1,0,0.19359381,0
21021,0,0.023670647,0,1,0.83267045,1,0,0.08640732,0,0,0.14478411,0,1,0.29039532,1
21023,0,0.044211812,0,0,0.40111393,1,0,0.21770361,0,1,0.6484391,1,0,0.11456319,0
21028,0,0.4528913,1,0,0.107792735,0,0,0.47752658,0,1,0.25148234,0,0,0.1624075,0
21037,0,0.011421779,0,0,0.43111056,1,0,0.16952312,0,1,0.7970258,1,0,0.12715074,0
21038,0,0.019689318,0,0,0.16566442,0,1,0.96429086,1,0,0.20296024,0,1,0.1727934,0
21041,0,0.010509889,0,1,0.55155104,1,1,0.6334564,0,0,0.615053,1,1,0.33832934,1
21042,0,0.009216021,0,1,0.4334343,1,0,0.92434025,1,0,0.24756107,0,0,0.28470865,1
21044,0,0.008179573,0,1,0.61529535,1,0,0.5937711,0,1,0.6475893,1,0,0.40163684,1
21050,0,0.012919487,0,0,0.24004133,0,1,0.90321475,1,1,0.636689,1,1,0.18705468,0
21053,0,0.010330687,0,0,0.42225,1,0,0.52296025,0,1,0.6930544,1,0,0.21898234,0
21055,0,0.0016008744,0,1,0.9227278,1,0,0.08585849,0,0,0.25337335,0,0,0.49722338,1
21056,0,0.016013782,0,0,0.57312953,1,0,0.36184725,0,1,0.6109143,1,0,0.25326043,1
21059,0,0.0067015234,0,1,0.19492623,0,1,0.9773094,1,0,0.2995738,0,1,0.16192801,0
21063,0,0.008577689,0,0,0.16125348,0,1,0.9805551,1,0,0.2140583,0,1,0.16425265,0
21065,0,0.007211416,0,1,0.5904012,1,1,0.8474066,1,0,0.25232756,0,0,0.35759196,1
21066,0,0.17876357,0,0,0.14296198,0,0,0.5668176,0,1,0.51169264,1,0,0.17590868,0
21067,0,0.038678143,0,0,0.6680641,1,0,0.51417726,0,1,0.30547228,0,1,0.40305838,1
21069,1,0.8169761,1,0,0.016025018,0,0,0.18233871,0,0,0.018656615,0,0,0.052454174,0
21077,0,0.017727189,0,0,0.4458249,1,0,0.33846292,0,1,0.7645521,1,0,0.18179153,0
21081,1,0.90005314,1,0,0.006451342,0,0,0.092048526,0,0,0.007584358,0,0,0.028608046,0
21084,0,0.10197189,0,1,0.30636552,0,0,0.27949494,0,0,0.65941364,1,0,0.16710085,0
21085,0,0.025444448,0,0,0.060766328,0,1,0.9622457,1,0,0.23710532,0,0,0.1579279,0
21086,0,0.005624574,0,0,0.1704323,0,0,0.18628235,0,1,0.9370741,1,0,0.0816933,0
21088,1,0.6486821,1,0,0.12162632,0,0,0.2578906,0,0,0.04844643,0,0,0.12590766,0
21090,0,0.0011123472,0,0,0.6085809,1,0,0.3462633,0,1,0.865323,1,0,0.40077582,1
21091,0,0.0033846581,0,0,0.58854485,1,0,0.3507301,0,1,0.8221627,1,0,0.39169422,1
21093,0,0.020208457,0,0,0.058708336,0,1,0.9553828,1,0,0.28726137,0,0,0.1465875,0
21109,0,0.7172304,1,1,0.22432733,0,0,0.03764993,0,0,0.030184623,0,0,0.0668727,0
21112,0,0.03628533,0,0,0.47127447,1,0,0.29154435,0,1,0.6843656,1,0,0.23342443,0
21113,0,0.05419444,0,0,0.030806772,0,1,0.967601,1,0,0.0634033,0,0,0.103709236,0
21117,0,0.039815664,0,1,0.7483034,1,0,0.29824325,0,0,0.21180427,0,0,0.35550374,1
21120,0,0.00565905,0,0,0.3276745,0,0,0.8491277,1,1,0.7323482,1,0,0.18628936,0
21124,0,0.0023512903,0,0,0.8003977,1,1,0.54861635,0,1,0.39362228,0,0,0.52013415,1
21125,1,0.6173501,1,0,0.16246346,0,0,0.12964183,0,0,0.1413007,0,0,0.09682676,0
21136,0,0.06878962,0,0,0.34624764,0,0,0.036353353,0,1,0.5035427,1,0,0.0431525,0
21139,0,0.03842125,0,0,0.2248359,0,0,0.5314923,0,1,0.69082993,1,0,0.1479941,0
21142,0,0.00091813935,0,1,0.7609163,1,1,0.82097083,1,0,0.22363591,0,0,0.5160786,1
21143,0,0.0012278284,0,1,0.7832647,1,0,0.7278193,1,0,0.29197204,0,0,0.5275806,1
21149,1,0.9071641,1,0,0.0034966017,0,0,0.10245236,0,0,0.009052145,0,0,0.025444187,0
21153,0,0.008092655,0,1,0.78670967,1,0,0.29384348,0,1,0.5536249,1,0,0.50772744,1
21159,0,0.04325473,0,0,0.11598386,0,0,0.91357696,1,1,0.37045395,0,0,0.18510418,0
21161,1,0.6645243,1,0,0.034111045,0,0,0.4211705,0,0,0.032196235,0,0,0.09072534,0
21164,1,0.48983395,1,0,0.19698684,0,0,0.36176404,0,0,0.03544755,0,0,0.15283118,0
21192,0,0.008694469,0,1,0.87273884,1,0,0.14636053,0,0,0.2194105,0,0,0.4842352,1
21196,0,0.10950897,0,1,0.7545585,1,0,0.06873933,0,0,0.06856588,0,0,0.15664415,0
21206,0,0.47077602,1,0,0.3694019,1,0,0.08666609,0,1,0.12712881,0,0,0.114490174,0
21216,0,0.0038116686,0,1,0.5488266,1,1,0.85917956,1,0,0.48246393,1,1,0.3113614,1
21217,0,0.25620022,0,0,0.017444732,0,0,0.5152136,0,1,0.37180585,0,0,0.06639834,0
21220,1,0.64150196,1,0,0.06795776,0,0,0.37140244,0,0,0.055272456,0,0,0.12106358,0
21223,0,0.15485452,0,1,0.36841908,1,0,0.67825514,0,0,0.20723079,0,0,0.23902063,0
21225,0,0.6242144,1,0,0.19375806,0,1,0.16101012,0,0,0.10949119,0,0,0.13185775,0
21227,0,0.01014086,0,0,0.71474344,1,0,0.13977961,0,1,0.6114693,1,0,0.29193377,1
21228,0,0.10540361,0,0,0.069128916,0,1,0.8900683,1,0,0.20865273,0,0,0.15093511,0
21233,0,0.11037026,0,0,0.53193927,1,0,0.32638627,0,1,0.47775677,1,0,0.24301186,0
21239,0,0.3826419,1,0,0.34100604,0,0,0.4350201,0,1,0.25731522,0,0,0.23826757,0
21245,1,0.8892762,1,0,0.014136834,0,0,0.07251374,0,0,0.013480248,0,0,0.039197557,0
21247,0,0.65148324,1,0,0.033139806,0,0,0.42533076,0,1,0.04151496,0,0,0.09238614,0
21251,0,0.0238227,0,1,0.7688265,1,0,0.20516773,0,1,0.42408776,1,1,0.37214696,1
21258,1,0.76056236,1,0,0.025140597,0,0,0.2596206,0,0,0.026618764,0,0,0.071340576,0
21264,1,0.67562544,1,0,0.028454522,0,0,0.43931982,0,0,0.03665745,0,0,0.0961819,0
21265,0,0.03490943,0,0,0.3549143,1,0,0.19682279,0,1,0.78380364,1,1,0.14167574,0
21273,0,0.059433516,0,0,0.107033476,0,1,0.6276654,0,1,0.6748333,1,0,0.13609488,0
21277,0,0.13180801,0,0,0.45230463,1,0,0.26445273,0,1,0.51761866,1,0,0.17029963,0
21279,0,0.044348873,0,1,0.43158725,1,0,0.12295659,0,1,0.6752673,1,0,0.12103639,0
21289,0,0.302168,1,0,0.3841982,1,0,0.31584597,0,1,0.18111028,0,0,0.16831441,0
21291,0,0.03344344,0,0,0.011210153,0,1,0.9844232,1,0,0.06046678,0,0,0.08350777,0
21299,0,0.38170862,1,0,0.22023503,0,0,0.33816433,0,1,0.4003197,1,0,0.18020055,0
21301,0,0.20778823,0,0,0.19928609,0,0,0.46484712,0,1,0.5453619,1,0,0.18244083,0
21319,0,0.0104415575,0,1,0.446976,1,0,0.81323355,1,0,0.27046227,0,1,0.39991328,1
21325,0,0.0026534079,0,0,0.2104952,0,1,0.93580663,1,0,0.7472692,1,1,0.15270835,0
21334,1,0.76877934,1,0,0.11738434,0,0,0.085036494,0,0,0.039886124,0,0,0.07597541,0
21337,0,0.0039793225,0,1,0.8985949,1,0,0.14634183,0,0,0.26900002,0,1,0.55936116,1
21348,0,0.032728344,0,1,0.752277,1,0,0.24542958,0,0,0.37258786,0,0,0.36339217,1
21355,1,0.89474267,1,0,0.008402553,0,0,0.08881597,0,0,0.012982254,0,0,0.034132276,0
21363,0,0.0033322668,0,0,0.49361157,1,0,0.26711348,0,1,0.85166717,1,0,0.19740608,0
21397,0,0.012838559,0,0,0.6668289,1,0,0.056464102,0,1,0.48196182,1,0,0.13797891,0
21403,0,0.013143036,0,0,0.13881625,0,0,0.21539743,0,1,0.9173841,1,0,0.086119816,0
21417,0,0.06855249,0,1,0.42533112,1,0,0.20842162,0,1,0.658492,1,0,0.15902628,0
21423,0,0.18647403,0,1,0.5676377,1,0,0.12246222,0,0,0.2249591,0,0,0.1580118,0
21426,0,0.002493355,0,0,0.3134956,0,0,0.17316774,0,1,0.93722147,1,0,0.12973994,0
21430,0,0.051529806,0,1,0.7596707,1,0,0.2255986,0,0,0.24282561,0,0,0.36796376,1
21434,1,0.888733,1,0,0.007819572,0,0,0.10592514,0,0,0.007877806,0,0,0.033097636,0
21443,1,0.8379668,1,0,0.015095489,0,0,0.1504102,0,0,0.014676606,0,0,0.04613327,0
21455,0,0.8943015,1,0,0.0049513276,0,0,0.07345272,0,1,0.016021509,0,0,0.023999646,0
21470,1,0.78156406,1,0,0.070164755,0,0,0.12006501,0,0,0.044129074,0,0,0.08684184,0
21480,1,0.7374612,1,0,0.08747051,0,0,0.1405633,0,0,0.02440259,0,0,0.079774246,0
21511,0,0.12507318,0,0,0.092569314,0,0,0.202357,0,1,0.7550303,1,0,0.117702916,0
21512,0,0.0992161,0,0,0.30282718,0,0,0.05444271,0,1,0.5741941,1,0,0.057109296,0
21515,0,0.008939898,0,1,0.37099507,1,0,0.25232142,0,0,0.85533106,1,0,0.12670757,0
21546,0,0.06119488,0,0,0.10445471,0,1,0.8371715,1,1,0.46917722,1,0,0.14864454,0
21547,1,0.8257108,1,0,0.04631319,0,0,0.08230488,0,0,0.0315605,0,0,0.05994082,0
21554,1,0.86813366,1,0,0.005314715,0,0,0.17461386,0,0,0.0069771893,0,0,0.032953978,0
21555,0,0.016338564,0,1,0.8273141,1,0,0.2192454,0,0,0.30426145,0,1,0.49156502,1
21565,0,0.01083153,0,1,0.55263925,1,0,0.67823714,0,0,0.49654844,1,1,0.46310806,1
21566,1,0.35329974,1,0,0.23173344,0,0,0.54153895,0,0,0.052538726,0,0,0.18607469,0
21573,0,0.003794333,0,1,0.22112913,0,1,0.97990143,1,0,0.35496294,0,0,0.14220819,0
21574,0,0.002452005,0,1,0.5155122,1,1,0.9035673,1,0,0.48849788,1,0,0.34730053,1
21576,1,0.8100488,1,0,0.055635944,0,0,0.103810385,0,0,0.037143078,0,0,0.07540893,0
21579,0,0.028709,0,1,0.33184844,0,0,0.82887745,1,0,0.37483343,0,1,0.32590955,1
21580,1,0.7658564,1,0,0.1485844,0,0,0.07355576,0,0,0.02217638,0,0,0.08250293,0
21583,1,0.33198863,1,0,0.4366367,1,0,0.26103082,0,0,0.11145727,0,0,0.18255699,0
21586,1,0.6355576,1,0,0.040023025,0,0,0.40049568,0,0,0.03230732,0,0,0.08370695,0
21591,0,0.047341276,0,0,0.055356815,0,0,0.26323688,0,1,0.84739506,1,0,0.07261795,0
21597,1,0.8482749,1,0,0.008970092,0,0,0.17247663,0,0,0.018544251,0,0,0.045481082,0
21600,0,0.31128737,1,1,0.54561615,1,0,0.10695345,0,0,0.07135112,0,0,0.13626401,0
21601,0,0.0002532749,0,1,0.8619389,1,1,0.6597411,0,0,0.34304953,0,1,0.689769,1
21606,0,0.013913228,0,1,0.8817981,1,0,0.049562614,0,0,0.076295316,0,0,0.31814563,1
21610,0,0.17585759,0,0,0.21121083,0,0,0.12342766,0,1,0.58381486,1,0,0.09827567,0
21619,0,0.0077640037,0,0,0.046863314,0,1,0.9791054,1,1,0.41238517,1,0,0.11307539,0
21621,0,0.0010251562,0,1,0.7744901,1,0,0.73831177,1,0,0.3225524,0,1,0.5915528,1
21622,1,0.79742926,1,0,0.03298944,0,0,0.14378482,0,0,0.04475074,0,0,0.06700583,0
21624,0,0.28233978,0,0,0.0903501,0,0,0.11543816,0,1,0.58114016,1,0,0.072661154,0
21626,0,0.5177442,1,0,0.214958,0,0,0.05581911,0,1,0.22652768,0,0,0.065146446,0
21629,0,0.18970586,0,0,0.04198068,0,1,0.9011498,1,0,0.07881725,0,1,0.13449836,0
21638,1,0.16921216,0,0,0.382928,1,0,0.66714525,0,0,0.13338944,0,0,0.26083174,1
21643,0,0.0040581017,0,0,0.2324679,0,1,0.94548076,1,0,0.20659757,0,1,0.3274744,1
21657,0,0.03660679,0,0,0.23397186,0,1,0.9328056,1,1,0.22667958,0,0,0.21084318,0
21661,1,0.20613995,0,0,0.18985547,0,0,0.78994465,1,0,0.098803535,0,0,0.2115685,0
21668,1,0.9090313,1,0,0.013080107,0,0,0.04355053,0,0,0.005927365,0,0,0.026779657,0
21669,0,0.006321657,0,1,0.15536554,0,0,0.20907608,0,1,0.93724686,1,1,0.084404565,0
21694,1,0.7228597,1,0,0.06903168,0,0,0.21215542,0,0,0.047559645,0,0,0.09941094,0
21698,0,0.016036144,0,0,0.21052617,0,0,0.4824132,0,1,0.811986,1,0,0.13474485,0
21701,1,0.64830405,1,0,0.03157326,0,0,0.45565814,0,0,0.033640895,0,0,0.096663006,0
21714,0,0.1959895,0,0,0.032120906,0,0,0.16563158,0,1,0.6951023,1,0,0.053422544,0
21715,0,0.069991715,0,1,0.55424917,1,0,0.27827677,0,0,0.46849683,1,0,0.18349074,0
21719,1,0.86322224,1,0,0.032457992,0,0,0.05394831,0,0,0.039329845,0,0,0.047909684,0
21727,1,0.7089338,1,0,0.037973832,0,0,0.3180614,0,0,0.023117332,0,0,0.08570452,0
21733,0,0.04803784,0,1,0.71975404,1,0,0.32384396,0,0,0.25214058,0,0,0.352574,1
21735,0,0.0042556818,0,0,0.22631525,0,1,0.95955354,1,1,0.55475384,1,0,0.16980822,0
21737,0,0.030495701,0,0,0.09298668,0,0,0.7474158,1,1,0.6339189,1,0,0.112134054,0
21764,0,0.00024878976,0,0,0.14672866,0,1,0.73102117,1,1,0.9659366,1,0,0.07994015,0
21774,0,0.002911954,0,1,0.9091581,1,0,0.16009556,0,0,0.05061539,0,0,0.5073799,1
21777,1,0.948664,1,0,0.0018050729,0,0,0.050984744,0,0,0.0016739451,0,0,0.013876875,0
21780,0,0.014254745,0,1,0.29983452,0,0,0.6327506,0,1,0.80407816,1,0,0.18496896,0
21792,0,0.09301574,0,1,0.5393405,1,0,0.36288103,0,0,0.5007433,1,1,0.22565633,0
21800,1,0.75730526,1,0,0.12063217,0,0,0.10010932,0,0,0.044906985,0,0,0.0893072,0
21801,1,0.883734,1,0,0.0062989867,0,0,0.07997437,0,0,0.026281018,0,0,0.030901648,0
21807,1,0.8747983,1,0,0.010243873,0,0,0.11334663,0,0,0.009922698,0,0,0.036728743,0
21812,0,0.0127486205,0,0,0.009762686,0,1,0.9894712,1,0,0.14617544,0,0,0.07898298,0
21814,1,0.8020874,1,0,0.032199085,0,0,0.15226336,0,0,0.010356367,0,0,0.057973117,0
21821,1,0.33420435,1,0,0.035645507,0,1,0.8175124,1,0,0.035734415,0,0,0.107288316,0
21823,1,0.09424244,0,0,0.4947911,1,0,0.6643842,0,0,0.1456308,0,0,0.28088334,1
21825,1,0.8564324,1,0,0.004526457,0,0,0.20792538,0,0,0.008324496,0,0,0.032692503,0
21830,1,0.74732304,1,0,0.017128598,0,0,0.22210631,0,0,0.071074374,0,0,0.063349195,0
21837,1,0.8599035,1,0,0.028672721,0,0,0.07377113,0,0,0.008303205,0,0,0.0468008,0
