NORM_target,NORM_prob,NORM_pred,STTC_target,STTC_prob,STTC_pred,CD_target,CD_prob,CD_pred,MI_target,MI_prob,MI_pred,HYP_target,HYP_prob,HYP_pred
1.0,0.9127346,1,0.0,0.0031838815,0,0.0,0.05735971,0,0.0,0.007250802,0,0.0,0.028966047,0
1.0,0.42693546,1,0.0,0.0068319417,0,0.0,0.81663805,1,0.0,0.042992696,0,0.0,0.0751553,0
1.0,0.72760427,1,0.0,0.016502827,0,0.0,0.30854073,0,0.0,0.061822407,0,0.0,0.09115324,0
1.0,0.93232054,1,0.0,0.002069947,0,0.0,0.027316337,0,0.0,0.009751545,0,0.0,0.020005755,0
1.0,0.8523531,1,0.0,0.013201032,0,0.0,0.0760134,0,0.0,0.025592554,0,0.0,0.045686506,0
0.0,0.5019356,1,0.0,0.008159995,0,0.0,0.0750737,0,1.0,0.49454582,1,0.0,0.042912994,0
0.0,0.39765754,1,0.0,0.0017524183,0,1.0,0.8883785,1,0.0,0.029696614,0,0.0,0.057468142,0
1.0,0.83291644,1,0.0,0.008716817,0,0.0,0.20953709,0,0.0,0.0054741474,0,0.0,0.06231696,0
1.0,0.9457334,1,0.0,0.0013587892,0,0.0,0.014442449,0,0.0,0.010288928,0,0.0,0.016090307,0
1.0,0.8798389,1,0.0,0.0009330631,0,0.0,0.11761684,0,0.0,0.022076065,0,0.0,0.03133854,0
1.0,0.9459206,1,0.0,0.0010949522,0,0.0,0.035319302,0,0.0,0.004006372,0,0.0,0.020138962,0
1.0,0.8787208,1,0.0,0.006099169,0,0.0,0.08178467,0,0.0,0.015950063,0,0.0,0.040288147,0
1.0,0.8232438,1,0.0,0.028612334,0,0.0,0.07820632,0,0.0,0.03609631,0,0.0,0.06256193,0
1.0,0.93036973,1,0.0,0.014026182,0,0.0,0.0058739753,0,0.0,0.003977418,0,0.0,0.023136377,0
0.0,0.78875303,1,1.0,0.10432092,0,0.0,0.0204029,0,0.0,0.02665114,0,0.0,0.047924303,0
1.0,0.81918687,1,0.0,0.02403373,0,0.0,0.030209444,0,0.0,0.09329296,0,0.0,0.042594247,0
1.0,0.8431167,1,0.0,0.009684319,0,0.0,0.02609262,0,0.0,0.078347206,0,0.0,0.03241458,0
1.0,0.81202894,1,0.0,0.00605145,0,0.0,0.043066975,0,0.0,0.11090527,0,0.0,0.033990618,0
1.0,0.9184165,1,0.0,0.0031386064,0,0.0,0.043978054,0,0.0,0.010038333,0,0.0,0.029896842,0
0.0,0.0320611,0,1.0,0.46972436,1,0.0,0.058314174,0,0.0,0.6655288,1,0.0,0.08953239,0
1.0,0.95467794,1,0.0,0.0016016528,0,0.0,0.012706589,0,0.0,0.0053258156,0,0.0,0.01707283,0
1.0,0.65296185,1,0.0,0.02507664,0,0.0,0.058787268,0,0.0,0.2788995,0,0.0,0.052290726,0
0.0,0.08823837,0,0.0,0.23204537,0,1.0,0.7629568,1,0.0,0.024369424,0,0.0,0.123803906,0
0.0,0.055301014,0,1.0,0.75733215,1,0.0,0.053441707,0,0.0,0.17951909,0,0.0,0.17933376,0
0.0,0.0006015217,0,1.0,0.46394253,1,1.0,0.9687802,1,1.0,0.34083888,0,1.0,0.17588764,0
0.0,0.1443162,0,1.0,0.5685897,1,0.0,0.25299942,0,0.0,0.068978086,0,0.0,0.18531558,0
0.0,0.005207364,0,0.0,0.11785169,0,1.0,0.9616732,1,0.0,0.65185124,1,0.0,0.12678982,0
0.0,0.24590652,0,0.0,0.009284345,0,0.0,0.044022914,0,1.0,0.7798412,1,0.0,0.026651444,0
0.0,0.001629713,0,0.0,0.0010577701,0,1.0,0.9997508,1,0.0,0.013137595,0,0.0,0.075533316,0
1.0,0.93541896,1,0.0,0.0044455784,0,0.0,0.015589215,0,0.0,0.010136027,0,0.0,0.023166345,0
1.0,0.9172964,1,0.0,0.0010400306,0,0.0,0.082841806,0,0.0,0.008915238,0,0.0,0.028194323,0
1.0,0.9622571,1,0.0,0.0005298001,0,0.0,0.016554372,0,0.0,0.00396288,0,0.0,0.013770586,0
0.0,0.5688133,1,0.0,0.0057300753,0,0.0,0.13255577,0,1.0,0.36070088,0,0.0,0.043668363,0
1.0,0.82936144,1,0.0,0.00788414,0,1.0,0.16787547,0,0.0,0.027935522,0,0.0,0.0606648,0
0.0,0.23484692,0,0.0,0.038362015,0,0.0,0.090231955,0,1.0,0.7541859,1,0.0,0.07282105,0
1.0,0.97009665,1,0.0,0.00057116244,0,0.0,0.0038644443,0,0.0,0.0057282527,0,0.0,0.0081362715,0
1.0,0.870501,1,0.0,0.0061493744,0,0.0,0.023141965,0,0.0,0.05633717,0,0.0,0.027466781,0
1.0,0.039023302,0,0.0,0.4058504,1,0.0,0.05138561,0,0.0,0.7250302,1,0.0,0.086443886,0
1.0,0.7745373,1,0.0,0.075044416,0,0.0,0.06458609,0,0.0,0.023494186,0,0.0,0.09149522,0
0.0,0.0016610427,0,1.0,0.8449528,1,0.0,0.20580046,0,1.0,0.7162188,1,1.0,0.48685753,1
0.0,0.0021666463,0,1.0,0.37190172,1,0.0,0.11640107,0,1.0,0.93282896,1,1.0,0.08917409,0
0.0,0.0009461305,0,1.0,0.40973574,1,0.0,0.10666596,0,0.0,0.9640715,1,1.0,0.21325628,0
0.0,0.01713282,0,1.0,0.83422667,1,0.0,0.16312726,0,0.0,0.2898354,0,0.0,0.22015989,0
1.0,0.74588656,1,0.0,0.07030234,0,0.0,0.02284361,0,0.0,0.08526988,0,0.0,0.04358291,0
0.0,0.0040350715,0,1.0,0.83997375,1,0.0,0.24000832,0,0.0,0.58523923,1,1.0,0.3804504,1
0.0,0.0006690698,0,1.0,0.92606807,1,1.0,0.44836223,1,0.0,0.27012002,0,1.0,0.5397684,1
1.0,0.841212,1,0.0,0.036895923,0,0.0,0.052768312,0,0.0,0.028644076,0,0.0,0.06161831,0
1.0,0.90268105,1,0.0,0.013292906,0,0.0,0.025391152,0,0.0,0.006677121,0,0.0,0.042754844,0
0.0,0.69923913,1,0.0,0.053085525,0,1.0,0.18167816,0,0.0,0.021525918,0,0.0,0.10564044,0
0.0,0.88527083,1,0.0,0.010492532,0,1.0,0.020033345,0,0.0,0.040716846,0,0.0,0.02929898,0
0.0,0.07011655,0,1.0,0.6002876,1,0.0,0.08627695,0,0.0,0.44373998,1,0.0,0.19780944,0
1.0,0.88603544,1,0.0,0.008199624,0,0.0,0.021451315,0,0.0,0.043542605,0,0.0,0.032853983,0
0.0,0.50046545,1,1.0,0.35090128,1,0.0,0.12980303,0,0.0,0.070636265,0,0.0,0.1731251,0
1.0,0.91040516,1,0.0,0.0018170808,0,0.0,0.09001408,0,0.0,0.0066040903,0,0.0,0.028996212,0
1.0,0.7303571,1,0.0,0.06670783,0,0.0,0.11318469,0,0.0,0.019447284,0,0.0,0.10711751,0
0.0,0.58647907,1,1.0,0.33464757,1,0.0,0.021814948,0,0.0,0.027346522,0,0.0,0.10285024,0
0.0,0.08993609,0,0.0,0.014517715,0,0.0,0.1457855,0,1.0,0.88124275,1,0.0,0.07247178,0
1.0,0.7256662,1,0.0,0.041429736,0,0.0,0.089673586,0,0.0,0.1647181,0,0.0,0.07885652,0
0.0,0.18603566,0,0.0,0.0041271714,0,1.0,0.9646348,1,0.0,0.027367685,0,0.0,0.08761496,0
0.0,0.00732341,0,1.0,0.8453736,1,0.0,0.28168315,0,0.0,0.32864824,0,1.0,0.3292134,1
1.0,0.7734053,1,0.0,0.073549226,0,0.0,0.030241368,0,0.0,0.07497947,0,0.0,0.05208078,0
1.0,0.9051861,1,0.0,0.0030652885,0,0.0,0.03166435,0,0.0,0.023954604,0,0.0,0.02689296,0
1.0,0.56703246,1,0.0,0.0040392918,0,1.0,0.547665,1,0.0,0.10885468,0,0.0,0.064665616,0
0.0,0.012750018,0,1.0,0.64300555,1,0.0,0.07212889,0,0.0,0.6832824,1,0.0,0.18926868,0
1.0,0.9431536,1,0.0,0.0020295805,0,0.0,0.02117584,0,0.0,0.0060735773,0,0.0,0.020779502,0
0.0,0.011535476,0,0.0,0.15270427,0,1.0,0.9581579,1,1.0,0.38993928,0,0.0,0.14471838,0
0.0,0.0054161646,0,0.0,0.0996793,0,0.0,0.13148825,0,1.0,0.96225965,1,0.0,0.04075712,0
0.0,0.00094023906,0,1.0,0.9383055,1,0.0,0.28165454,0,0.0,0.0983673,0,1.0,0.58982503,1
0.0,0.0071460363,0,0.0,0.6656496,1,0.0,0.27603072,0,1.0,0.7737361,1,0.0,0.3028428,1
0.0,0.03581721,0,1.0,0.6620143,1,1.0,0.15243429,0,0.0,0.51531065,1,0.0,0.18591742,0
0.0,0.0023061004,0,1.0,0.88364834,1,0.0,0.0888201,0,0.0,0.45202443,1,1.0,0.33321118,1
1.0,0.7744578,1,0.0,0.054820444,0,0.0,0.04281714,0,0.0,0.09407811,0,0.0,0.06289575,0
0.0,0.00019765826,0,1.0,0.89058584,1,0.0,0.10820386,0,1.0,0.835439,1,0.0,0.53216165,1
0.0,0.0019218241,0,1.0,0.4995341,1,1.0,0.96335363,1,0.0,0.065305725,0,0.0,0.21952176,0
1.0,0.85537684,1,0.0,0.021442393,0,0.0,0.011081991,0,0.0,0.05775695,0,0.0,0.030684736,0
0.0,0.01798792,0,1.0,0.5541104,1,0.0,0.54146576,1,0.0,0.5606938,1,1.0,0.22515067,0
0.0,0.002369927,0,1.0,0.40157074,1,1.0,0.19319288,0,1.0,0.9351112,1,0.0,0.16057238,0
1.0,0.8783043,1,0.0,0.016411567,0,0.0,0.033251338,0,0.0,0.02858829,0,0.0,0.04221858,0
1.0,0.891578,1,0.0,0.00088910304,0,0.0,0.14737916,0,0.0,0.01437851,0,0.0,0.031842463,0
0.0,0.0021272828,0,0.0,0.1638766,0,1.0,0.97789985,1,0.0,0.55505925,1,0.0,0.14323284,0
1.0,0.8326757,1,0.0,0.02569053,0,0.0,0.09494048,0,0.0,0.019507654,0,0.0,0.081039496,0
0.0,0.01928219,0,0.0,0.0030390818,0,1.0,0.9963566,1,0.0,0.04386928,0,0.0,0.100605495,0
1.0,0.40174326,1,0.0,0.4348216,1,0.0,0.012437067,0,0.0,0.05017642,0,0.0,0.059615124,0
0.0,0.5260268,1,0.0,0.31650856,0,1.0,0.029473023,0,0.0,0.04431816,0,0.0,0.088819735,0
0.0,0.020891763,0,0.0,0.3381136,1,1.0,0.83094585,1,1.0,0.57445335,1,0.0,0.26426098,1
1.0,0.7281329,1,0.0,0.013398672,0,0.0,0.14509751,0,0.0,0.12809007,0,0.0,0.0659422,0
0.0,0.02122318,0,1.0,0.37889513,1,1.0,0.73088545,1,0.0,0.6611708,1,0.0,0.25201973,1
1.0,0.88068175,1,0.0,0.021885946,0,0.0,0.026374754,0,0.0,0.021322086,0,0.0,0.04418548,0
1.0,0.9009095,1,0.0,0.0011132048,0,0.0,0.052384086,0,0.0,0.026011236,0,0.0,0.026422208,0
0.0,0.3158096,0,1.0,0.39129344,1,0.0,0.24975123,0,0.0,0.055520162,0,0.0,0.16040361,0
0.0,0.021556469,0,1.0,0.031978954,0,0.0,0.31161934,0,1.0,0.93721193,1,0.0,0.06847645,0
1.0,0.26430467,0,0.0,0.0026603332,0,1.0,0.9447656,1,0.0,0.036728945,0,0.0,0.07864708,0
1.0,0.8743046,1,0.0,0.011465554,0,0.0,0.08409381,0,0.0,0.008030904,0,0.0,0.047862336,0
1.0,0.7676431,1,0.0,0.017972833,0,0.0,0.03174965,0,0.0,0.15886413,0,0.0,0.042680483,0
0.0,0.08224398,0,1.0,0.2746191,0,0.0,0.08794057,0,0.0,0.7417295,1,0.0,0.11123783,0
1.0,0.85265315,1,0.0,0.014137081,0,0.0,0.036273994,0,0.0,0.05254395,0,0.0,0.043760244,0
1.0,0.9104432,1,0.0,0.0010029017,0,0.0,0.084422,0,0.0,0.011986134,0,0.0,0.022868657,0
0.0,0.011630489,0,0.0,0.36179388,1,0.0,0.03646899,0,1.0,0.84137154,1,0.0,0.056209754,0
1.0,0.6122174,1,0.0,0.035147797,0,0.0,0.035689823,0,0.0,0.2787978,0,0.0,0.04245138,0
1.0,0.91834676,1,0.0,0.0014261574,0,0.0,0.02858658,0,0.0,0.020918028,0,0.0,0.02120798,0
0.0,0.087545864,0,0.0,0.06960312,0,1.0,0.93922895,1,0.0,0.09574395,0,0.0,0.14849551,0
1.0,0.46756423,1,0.0,0.3841393,1,0.0,0.08650006,0,0.0,0.094443545,0,0.0,0.19025204,0
0.0,0.86023664,1,0.0,0.013840082,0,0.0,0.028115934,0,1.0,0.054602463,0,0.0,0.039142553,0
1.0,0.303511,0,0.0,0.37351155,1,0.0,0.029014464,0,0.0,0.15846321,0,0.0,0.058698095,0
0.0,0.17831066,0,0.0,0.104083166,0,1.0,0.8519258,1,0.0,0.06848806,0,0.0,0.14435585,0
0.0,0.0153456945,0,0.0,0.6577353,1,0.0,0.20554107,0,1.0,0.710057,1,0.0,0.31663722,1
1.0,0.68803644,1,0.0,0.113797225,0,0.0,0.081219435,0,0.0,0.094425544,0,0.0,0.079711236,0
0.0,0.012045259,0,1.0,0.32433718,1,0.0,0.053700328,0,1.0,0.8762526,1,0.0,0.070739746,0
0.0,0.72123086,1,1.0,0.04162712,0,0.0,0.21875134,0,0.0,0.020423593,0,0.0,0.11462854,0
1.0,0.7449521,1,0.0,0.099178985,0,0.0,0.046114452,0,0.0,0.08587395,0,0.0,0.067309394,0
1.0,0.47202685,1,0.0,0.12714775,0,0.0,0.05501409,0,0.0,0.39166647,0,0.0,0.06412544,0
1.0,0.9235702,1,0.0,0.008302926,0,0.0,0.019329188,0,0.0,0.0071554678,0,0.0,0.027248316,0
1.0,0.9084664,1,0.0,0.0022172083,0,0.0,0.111501485,0,0.0,0.003361877,0,0.0,0.032610383,0
1.0,0.94240427,1,0.0,0.005987668,0,0.0,0.012459413,0,0.0,0.0037958582,0,0.0,0.02422724,0
1.0,0.9147135,1,0.0,0.0021647338,0,1.0,0.041249674,0,0.0,0.017134514,0,0.0,0.024888663,0
1.0,0.9406838,1,0.0,0.0032137977,0,0.0,0.010472886,0,0.0,0.011832563,0,0.0,0.018069424,0
0.0,0.047031414,0,0.0,0.048298027,0,0.0,0.11741631,0,1.0,0.905941,1,1.0,0.039746694,0
0.0,0.10651112,0,0.0,0.07276547,0,0.0,0.28790942,0,1.0,0.7766618,1,0.0,0.07590441,0
1.0,0.8378184,1,0.0,0.0037383032,0,0.0,0.20706919,0,0.0,0.015791984,0,0.0,0.04076897,0
0.0,0.10616968,0,0.0,0.003052034,0,1.0,0.9779283,1,0.0,0.06495685,0,0.0,0.09445336,0
1.0,0.6294824,1,0.0,0.003419867,0,0.0,0.057913274,0,0.0,0.37078825,0,0.0,0.03030516,0
1.0,0.9263611,1,0.0,0.0017814,0,0.0,0.031561483,0,0.0,0.01402748,0,0.0,0.027749998,0
0.0,0.005539405,0,0.0,0.12307905,0,1.0,0.9776977,1,1.0,0.47182518,1,0.0,0.16791093,0
0.0,0.01751064,0,1.0,0.88331795,1,0.0,0.018436437,0,0.0,0.060561884,0,0.0,0.12046367,0
0.0,0.0035879554,0,0.0,0.40090728,1,0.0,0.15941374,0,1.0,0.92714924,1,0.0,0.1668017,0
0.0,0.003082124,0,0.0,0.095421776,0,1.0,0.9591784,1,1.0,0.7818251,1,0.0,0.14345734,0
0.0,0.04176035,0,1.0,0.813171,1,0.0,0.023403287,0,0.0,0.08613867,0,0.0,0.1373546,0
0.0,0.0021806716,0,1.0,0.8496351,1,0.0,0.4564086,1,0.0,0.4074148,0,1.0,0.38968834,1
0.0,0.27754876,0,0.0,0.5800026,1,1.0,0.088063635,0,1.0,0.08176609,0,0.0,0.18324645,0
1.0,0.86151814,1,0.0,0.012421966,0,0.0,0.047323074,0,0.0,0.040142946,0,0.0,0.048216075,0
1.0,0.5827652,1,0.0,0.0013538135,0,0.0,0.036345895,0,0.0,0.47552234,1,0.0,0.019127078,0
1.0,0.90175176,1,0.0,0.004400468,0,0.0,0.019635873,0,0.0,0.034250688,0,0.0,0.026216025,0
1.0,0.91810966,1,0.0,0.0025971825,0,0.0,0.028480766,0,0.0,0.017358389,0,0.0,0.02461832,0
0.0,0.0019782232,0,0.0,0.11402059,0,1.0,0.9916031,1,1.0,0.30123365,0,0.0,0.123651676,0
1.0,0.95546246,1,0.0,0.0013149212,0,0.0,0.014642752,0,0.0,0.003968719,0,0.0,0.016078226,0
0.0,0.051952645,0,1.0,0.5661135,1,0.0,0.46166468,1,0.0,0.31272987,0,0.0,0.13472924,0
1.0,0.92129254,1,0.0,0.0031869751,0,0.0,0.050095264,0,0.0,0.007201025,0,0.0,0.031753793,0
1.0,0.8665317,1,0.0,0.013686317,0,0.0,0.074861936,0,0.0,0.015424783,0,0.0,0.06063318,0
0.0,0.00027850398,0,1.0,0.12675264,0,1.0,0.994894,1,1.0,0.6065684,1,0.0,0.15483242,0
1.0,0.92702913,1,0.0,0.006224592,0,0.0,0.022298237,0,0.0,0.006785116,0,0.0,0.03042603,0
1.0,0.9297215,1,0.0,0.0040142434,0,0.0,0.018266484,0,0.0,0.0139765255,0,0.0,0.023986248,0
1.0,0.90987706,1,0.0,0.0065762415,0,0.0,0.009577872,0,0.0,0.03261608,0,0.0,0.020671815,0
1.0,0.8362953,1,0.0,0.042509966,0,0.0,0.038160086,0,0.0,0.028496338,0,0.0,0.052800808,0
0.0,0.22184,0,0.0,0.013660151,0,1.0,0.91845864,1,0.0,0.07435108,0,0.0,0.11957252,0
1.0,0.79925984,1,0.0,0.02090524,0,0.0,0.030740323,0,0.0,0.13017386,0,0.0,0.049032442,0
1.0,0.7958494,1,0.0,0.0022743207,0,0.0,0.047184072,0,0.0,0.13029112,0,0.0,0.031806663,0
0.0,0.007756902,0,0.0,0.1454567,0,1.0,0.7398362,1,1.0,0.8768001,1,0.0,0.10538012,0
1.0,0.036307696,0,0.0,0.37254614,1,0.0,0.41034535,1,0.0,0.6420967,1,0.0,0.117170244,0
1.0,0.80848247,1,0.0,0.0038971638,0,0.0,0.34617576,0,0.0,0.0041420655,0,0.0,0.056470312,0
1.0,0.8707089,1,0.0,0.014692729,0,0.0,0.038336184,0,0.0,0.03432798,0,0.0,0.039857037,0
1.0,0.0982576,0,0.0,0.0448671,0,0.0,0.9493956,1,0.0,0.10937722,0,0.0,0.16411312,0
0.0,0.12903738,0,1.0,0.7300015,1,0.0,0.02307621,0,0.0,0.036411893,0,0.0,0.12915255,0
1.0,0.023620345,0,0.0,0.49656755,1,0.0,0.28476188,0,0.0,0.75529295,1,0.0,0.31648776,1
1.0,0.80443686,1,0.0,0.01659938,0,0.0,0.107231885,0,0.0,0.044826627,0,0.0,0.09924669,0
0.0,0.06022533,0,0.0,0.10828437,0,1.0,0.5292843,1,1.0,0.819504,1,0.0,0.15939178,0
0.0,0.9537744,1,0.0,0.0017501776,0,0.0,0.016744483,0,0.0,0.00465686,0,1.0,0.019016419,0
1.0,0.017981905,0,0.0,0.35604724,1,1.0,0.9162365,1,0.0,0.08847603,0,0.0,0.1945909,0
1.0,0.85952413,1,0.0,0.0035985112,0,0.0,0.016391082,0,0.0,0.088334635,0,0.0,0.024712786,0
1.0,0.39448774,1,0.0,0.05321809,0,0.0,0.71345776,1,0.0,0.09837072,0,0.0,0.1379103,0
1.0,0.9609022,1,0.0,0.00031308708,0,0.0,0.025799392,0,0.0,0.003910802,0,0.0,0.012585174,0
0.0,0.8831098,1,1.0,0.015117852,0,0.0,0.031977966,0,0.0,0.021576121,0,0.0,0.036520686,0
0.0,0.0018141726,0,0.0,0.78617704,1,0.0,0.37941152,1,1.0,0.6972339,1,0.0,0.49182358,1
1.0,0.82580894,1,0.0,0.0066074505,0,0.0,0.019503992,0,0.0,0.1288832,0,0.0,0.025349567,0
1.0,0.6417343,1,0.0,0.13627082,0,0.0,0.07405438,0,0.0,0.12838906,0,0.0,0.09900954,0
1.0,0.8839728,1,0.0,0.01889556,0,0.0,0.034611486,0,0.0,0.0163227,0,0.0,0.04498606,0
0.0,0.8841857,1,0.0,0.001221773,0,0.0,0.05082202,0,0.0,0.039776094,0,1.0,0.03047247,0
1.0,0.93390155,1,0.0,0.0027992295,0,0.0,0.011113012,0,0.0,0.016358564,0,0.0,0.018602274,0
1.0,0.90192044,1,0.0,0.0025481754,0,0.0,0.013532391,0,0.0,0.04653806,0,0.0,0.0185164,0
0.0,0.00071432546,0,1.0,0.4287976,1,0.0,0.34300947,0,1.0,0.9540434,1,1.0,0.22033302,0
0.0,0.65461963,1,0.0,0.005946659,0,0.0,0.060874376,0,1.0,0.3272855,0,0.0,0.033928864,0
1.0,0.9191742,1,0.0,0.0034466248,0,0.0,0.037516315,0,0.0,0.011365079,0,0.0,0.030314062,0
1.0,0.7128957,1,0.0,0.09518197,0,0.0,0.08152979,0,0.0,0.11298424,0,0.0,0.08583759,0
1.0,0.8125133,1,0.0,0.032596428,0,0.0,0.066089734,0,0.0,0.062977575,0,0.0,0.059047505,0
0.0,0.6862835,1,1.0,0.20469299,0,0.0,0.024134671,0,0.0,0.03460493,0,0.0,0.076078095,0
0.0,0.8459183,1,0.0,0.0071309796,0,0.0,0.16744626,0,0.0,0.008487947,0,1.0,0.06453571,0
0.0,0.00012270208,0,0.0,0.203233,0,1.0,0.9713273,1,1.0,0.87998587,1,0.0,0.1324274,0
0.0,0.0066092005,0,1.0,0.8699098,1,0.0,0.28436226,0,0.0,0.1887537,0,0.0,0.3862057,1
0.0,0.057957154,0,0.0,0.0866722,0,0.0,0.21091218,0,1.0,0.8574404,1,0.0,0.0681507,0
0.0,0.69910836,1,0.0,0.021573689,0,1.0,0.34742516,0,0.0,0.051745318,0,0.0,0.08501331,0
0.0,0.009084321,0,1.0,0.016570373,0,1.0,0.9957552,1,0.0,0.084418,0,0.0,0.13636427,0
0.0,0.16313627,0,1.0,0.15648186,0,0.0,0.32050067,0,0.0,0.61176544,1,1.0,0.13282676,0
0.0,0.024463184,0,1.0,0.83127236,1,0.0,0.07056507,0,0.0,0.18804868,0,0.0,0.21267569,0
0.0,0.927555,1,0.0,0.0027201069,0,0.0,0.032532267,0,1.0,0.01002142,0,1.0,0.025442906,0
0.0,0.0018933772,0,1.0,0.9601264,1,0.0,0.048588432,0,0.0,0.042859744,0,0.0,0.384514,1
1.0,0.086972095,0,0.0,0.67131925,1,0.0,0.028322773,0,0.0,0.1551252,0,0.0,0.110748224,0
1.0,0.81526864,1,0.0,0.005282479,0,0.0,0.19183055,0,0.0,0.03723771,0,0.0,0.045530014,0
1.0,0.9501026,1,0.0,0.0018044973,0,0.0,0.01588804,0,0.0,0.004966819,0,0.0,0.017854022,0
0.0,0.017688569,0,1.0,0.16358897,0,0.0,0.13207158,0,1.0,0.9217339,1,1.0,0.070332184,0
1.0,0.5772397,1,0.0,0.26217058,0,0.0,0.022332635,0,0.0,0.040605456,0,0.0,0.09375888,0
1.0,0.72205806,1,0.0,0.026005885,0,0.0,0.06525899,0,0.0,0.16065544,0,0.0,0.048312716,0
1.0,0.90745044,1,0.0,0.0016090876,0,0.0,0.07721247,0,0.0,0.012965607,0,0.0,0.030073635,0
1.0,0.95426154,1,0.0,0.0028326374,0,0.0,0.011915808,0,0.0,0.0027750256,0,0.0,0.018470662,0
0.0,0.8071989,1,0.0,0.0436989,0,0.0,0.036884073,0,0.0,0.031526223,0,1.0,0.07772209,0
0.0,0.71921176,1,0.0,0.0064921286,0,0.0,0.51124114,1,0.0,0.012891455,0,1.0,0.0790293,0
0.0,0.21760911,0,0.0,0.035415933,0,0.0,0.121999875,0,1.0,0.7487227,1,1.0,0.052721452,0
0.0,0.016463233,0,0.0,0.018432973,0,1.0,0.9908189,1,0.0,0.112105414,0,0.0,0.13333349,0
0.0,0.37124148,1,0.0,0.004538408,0,1.0,0.43261585,1,1.0,0.39222166,0,0.0,0.06252706,0
1.0,0.5925263,1,0.0,0.046496194,0,0.0,0.014781616,0,0.0,0.3102395,0,0.0,0.034705028,0
1.0,0.8348728,1,0.0,0.008282679,0,0.0,0.036199097,0,0.0,0.07961304,0,0.0,0.03407259,0
1.0,0.92581123,1,0.0,0.0030786332,0,0.0,0.024128182,0,0.0,0.01605944,0,0.0,0.023747573,0
0.0,0.0049414635,0,1.0,0.8608164,1,0.0,0.14798084,0,0.0,0.48698562,1,0.0,0.42780554,1
1.0,0.9125169,1,0.0,0.0011351386,0,0.0,0.056358263,0,0.0,0.019030401,0,0.0,0.023792379,0
1.0,0.66081816,1,0.0,0.15230703,0,0.0,0.109196536,0,0.0,0.06882245,0,0.0,0.09710816,0
1.0,0.8699362,1,0.0,0.014270231,0,0.0,0.050105374,0,0.0,0.024494126,0,0.0,0.04654445,0
1.0,0.33107442,0,0.0,0.313583,0,0.0,0.3313291,0,0.0,0.051473178,0,0.0,0.1770705,0
1.0,0.7812927,1,0.0,0.0024273482,0,0.0,0.43381137,1,0.0,0.012829944,0,0.0,0.054077107,0
1.0,0.8977566,1,0.0,0.0032285461,0,0.0,0.050026305,0,0.0,0.021867713,0,0.0,0.028806042,0
1.0,0.64459634,1,0.0,0.008775405,0,0.0,0.17562903,0,0.0,0.19525427,0,0.0,0.05229603,0
1.0,0.9197134,1,0.0,0.00072853867,0,0.0,0.13960484,0,0.0,0.0034656457,0,0.0,0.02708243,0
0.0,0.03851391,0,1.0,0.061621826,0,0.0,0.052488558,0,0.0,0.9301985,1,0.0,0.044738058,0
0.0,0.031600975,0,0.0,0.08202938,0,0.0,0.042511165,0,1.0,0.9253007,1,0.0,0.034767974,0
1.0,0.92714584,1,0.0,0.0038948746,0,0.0,0.039508503,0,0.0,0.0041819857,0,0.0,0.028563133,0
0.0,0.89983267,1,0.0,0.022568129,0,0.0,0.009431049,0,0.0,0.015711715,0,1.0,0.028445704,0
1.0,0.9153444,1,0.0,0.006514125,0,0.0,0.010282977,0,0.0,0.024915121,0,0.0,0.022197606,0
0.0,0.04108701,0,0.0,0.18142208,0,0.0,0.06445792,0,1.0,0.8741215,1,0.0,0.07230634,0
0.0,0.016739013,0,0.0,0.8710914,1,0.0,0.1056485,0,1.0,0.064818814,0,0.0,0.1969141,0
1.0,0.94401,1,0.0,0.0022605204,0,0.0,0.020702979,0,0.0,0.004511801,0,0.0,0.018936047,0
0.0,0.53991026,1,0.0,0.026370224,0,0.0,0.16531438,0,1.0,0.33126754,0,0.0,0.07042973,0
1.0,0.91983616,1,0.0,0.0057923547,0,0.0,0.018017786,0,0.0,0.016144365,0,0.0,0.023910394,0
1.0,0.78659016,1,0.0,0.008239546,0,0.0,0.06754945,0,0.0,0.10885139,0,0.0,0.04508346,0
0.0,0.9346684,1,0.0,0.0035248785,0,0.0,0.02211504,0,0.0,0.0084526455,0,1.0,0.02663648,0
1.0,0.7885253,1,0.0,0.036656786,0,0.0,0.09958624,0,0.0,0.075321905,0,0.0,0.07855056,0
0.0,0.11523535,0,1.0,0.10724548,0,0.0,0.30486244,0,0.0,0.78451115,1,0.0,0.118053526,0
0.0,0.003472266,0,0.0,0.8007587,1,0.0,0.018130662,0,1.0,0.4623086,1,0.0,0.10305435,0
1.0,0.933395,1,0.0,0.0020250876,0,0.0,0.021815946,0,0.0,0.012945497,0,0.0,0.020176535,0
1.0,0.881371,1,0.0,0.021672074,0,0.0,0.026428698,0,0.0,0.020531183,0,0.0,0.045942083,0
1.0,0.575809,1,0.0,0.011065589,0,0.0,0.023131218,0,0.0,0.43614542,1,0.0,0.03044991,0
1.0,0.8505926,1,0.0,0.004097541,0,0.0,0.08118784,0,0.0,0.049034256,0,0.0,0.0430953,0
1.0,0.8885972,1,0.0,0.0154852,0,0.0,0.0392087,0,0.0,0.015673311,0,0.0,0.04692333,0
0.0,0.0031457131,0,0.0,0.12047974,0,0.0,0.053724263,0,1.0,0.9714087,1,0.0,0.032207772,0
1.0,0.5102758,1,0.0,0.0051448997,0,0.0,0.14966032,0,0.0,0.38386157,0,0.0,0.044892292,0
1.0,0.8801083,1,0.0,0.0043845465,0,0.0,0.08542525,0,0.0,0.020941867,0,0.0,0.040346205,0
0.0,0.00014497901,0,1.0,0.89371467,1,0.0,0.32206756,0,0.0,0.7349376,1,1.0,0.5874993,1
1.0,0.94785494,1,0.0,0.0026921723,0,0.0,0.0080780005,0,0.0,0.009764525,0,0.0,0.01526019,0
1.0,0.7412316,1,0.0,0.04577022,0,0.0,0.08456892,0,0.0,0.11815108,0,0.0,0.071016476,0
1.0,0.8713059,1,0.0,0.008736782,0,0.0,0.06792327,0,0.0,0.022197006,0,0.0,0.0397647,0
1.0,0.7170227,1,0.0,0.0018404146,0,0.0,0.3086054,0,0.0,0.07649568,0,0.0,0.043850187,0
0.0,0.64760286,1,0.0,0.0022897709,0,0.0,0.056096267,0,1.0,0.3408488,0,0.0,0.035460636,0
0.0,0.05701682,0,1.0,0.27666828,0,0.0,0.052941475,0,0.0,0.73202205,1,0.0,0.058037728,0
1.0,0.9684144,1,0.0,0.0008687666,0,0.0,0.012409412,0,0.0,0.0016196729,0,0.0,0.014535122,0
1.0,0.79980016,1,0.0,0.06414741,0,0.0,0.05231266,0,0.0,0.052502323,0,0.0,0.06756863,0
0.0,0.0064270217,0,1.0,0.8643721,1,1.0,0.1383151,0,0.0,0.32588056,0,0.0,0.24409574,1
0.0,0.00020499947,0,1.0,0.13371618,0,0.0,0.05371784,0,1.0,0.9931892,1,0.0,0.03999694,0
1.0,0.72008985,1,0.0,0.14387542,0,0.0,0.043807093,0,0.0,0.023508046,0,0.0,0.089448676,0
0.0,0.0028677217,0,0.0,0.04296346,0,0.0,0.29629344,0,1.0,0.9789265,1,0.0,0.049938273,0
1.0,0.82302505,1,0.0,0.005224498,0,0.0,0.08942266,0,0.0,0.072652355,0,0.0,0.04191595,0
0.0,0.12753603,0,0.0,0.1568416,0,0.0,0.05979211,0,1.0,0.7265092,1,1.0,0.15200901,0
1.0,0.9211252,1,0.0,0.0022147167,0,0.0,0.053242333,0,0.0,0.009948989,0,0.0,0.030236641,0
1.0,0.88203835,1,0.0,0.014190652,0,0.0,0.015656034,0,0.0,0.042805262,0,0.0,0.030254118,0
1.0,0.79243195,1,0.0,0.034112953,0,0.0,0.11284247,0,0.0,0.056228768,0,0.0,0.08708807,0
0.0,0.09840333,0,1.0,0.6906599,1,0.0,0.027530247,0,0.0,0.12998815,0,0.0,0.12971044,0
0.0,0.00043737923,0,1.0,0.13992923,0,1.0,0.3034807,0,1.0,0.98495746,1,0.0,0.06217935,0
0.0,0.0018723399,0,0.0,0.13141058,0,1.0,0.88952464,1,1.0,0.90235305,1,0.0,0.09813548,0
0.0,0.03943748,0,1.0,0.71634877,1,0.0,0.05601544,0,0.0,0.3099794,0,0.0,0.15202221,0
1.0,0.96008956,1,0.0,0.0020549118,0,0.0,0.0064972755,0,0.0,0.0048999526,0,0.0,0.013940475,0
0.0,0.016308574,0,1.0,0.6670203,1,0.0,0.0977125,0,1.0,0.6372996,1,0.0,0.2095607,0
0.0,0.0017036637,0,1.0,0.89854175,1,0.0,0.11820433,0,1.0,0.5283131,1,0.0,0.38863575,1
0.0,0.08609329,0,1.0,0.5171134,1,0.0,0.041498076,0,0.0,0.35650072,0,0.0,0.07479462,0
1.0,0.95503706,1,0.0,0.0021767044,0,0.0,0.011094759,0,0.0,0.0034402104,0,0.0,0.016121507,0
0.0,0.022547401,0,1.0,0.8765123,1,0.0,0.050627645,0,0.0,0.07082428,0,0.0,0.21408716,0
0.0,0.0006334559,0,1.0,0.92060065,1,0.0,0.2566337,0,0.0,0.43344033,1,1.0,0.5093798,1
0.0,0.0004070094,0,1.0,0.7956397,1,0.0,0.59843165,1,1.0,0.6908784,1,1.0,0.49632335,1
0.0,0.024573773,0,1.0,0.5703334,1,0.0,0.048250455,0,0.0,0.6242289,1,0.0,0.1515675,0
0.0,0.73180175,1,0.0,0.05637853,0,0.0,0.114918455,0,0.0,0.106905974,0,1.0,0.099626906,0
1.0,0.9298617,1,0.0,0.0015059774,0,0.0,0.01580183,0,0.0,0.019102426,0,0.0,0.017911203,0
0.0,0.7479696,1,0.0,0.021250544,0,1.0,0.21051818,0,0.0,0.032674685,0,0.0,0.059601698,0
0.0,0.09567717,0,1.0,0.76892185,1,0.0,0.038000178,0,0.0,0.069193475,0,0.0,0.15356195,0
0.0,0.024222076,0,0.0,0.059418906,0,1.0,0.97984374,1,0.0,0.11636665,0,0.0,0.157124,0
1.0,0.10181065,0,0.0,0.015973063,0,0.0,0.41532788,1,0.0,0.77488303,1,0.0,0.05883351,0
0.0,0.0053101396,0,1.0,0.8899107,1,0.0,0.037603527,0,0.0,0.2279634,0,0.0,0.20768562,0
0.0,0.005805187,0,1.0,0.90652096,1,0.0,0.042499386,0,0.0,0.14895414,0,0.0,0.21770225,0
0.0,0.01028617,0,1.0,0.8014573,1,0.0,0.050987937,0,0.0,0.35201365,0,0.0,0.117146015,0
1.0,0.9044956,1,0.0,0.015137857,0,0.0,0.014635234,0,0.0,0.016936757,0,0.0,0.029774968,0
1.0,0.91831344,1,0.0,0.0092224805,0,0.0,0.015725393,0,0.0,0.012944961,0,0.0,0.0274053,0
1.0,0.9110433,1,0.0,0.005538549,0,0.0,0.04879754,0,0.0,0.006317977,0,0.0,0.033967122,0
0.0,0.04797134,0,1.0,0.73198915,1,0.0,0.012910381,0,0.0,0.12982145,0,0.0,0.07211027,0
0.0,0.038434055,0,1.0,0.7573109,1,0.0,0.042628847,0,0.0,0.20635666,0,1.0,0.12959555,0
0.0,0.011607002,0,1.0,0.6079291,1,0.0,0.020214466,0,1.0,0.59775287,1,0.0,0.07645359,0
1.0,0.47078383,1,0.0,0.13459371,0,0.0,0.31449243,0,0.0,0.026977647,0,0.0,0.16767132,0
1.0,0.94793105,1,0.0,0.0035584827,0,0.0,0.013188633,0,0.0,0.004460983,0,0.0,0.0222138,0
0.0,0.0006549094,0,0.0,0.4670821,1,0.0,0.47429928,1,1.0,0.9362451,1,0.0,0.21216494,0
1.0,0.7514899,1,0.0,0.006202474,0,0.0,0.1349631,0,0.0,0.08254965,0,0.0,0.047006823,0
0.0,0.3008181,0,0.0,0.013089109,0,1.0,0.8253589,1,0.0,0.124053955,0,0.0,0.095315725,0
1.0,0.62107545,1,0.0,0.17709498,0,0.0,0.07435591,0,0.0,0.036012013,0,0.0,0.12072398,0
1.0,0.95788175,1,0.0,0.00058722496,0,0.0,0.019944888,0,0.0,0.0053016585,0,0.0,0.014099488,0
1.0,0.68971765,1,0.0,0.011781013,0,0.0,0.28502905,0,0.0,0.11651414,0,0.0,0.07318873,0
0.0,0.22151978,0,1.0,0.33040163,1,1.0,0.5151499,1,0.0,0.18169793,0,0.0,0.14895974,0
0.0,0.155206,0,0.0,0.12630154,0,1.0,0.70753133,1,0.0,0.47928363,1,0.0,0.24263328,1
1.0,0.73664105,1,0.0,0.031186482,0,0.0,0.26067597,0,0.0,0.03873615,0,0.0,0.10245788,0
0.0,0.3375205,0,0.0,0.033699352,0,1.0,0.39789093,1,0.0,0.47870418,1,0.0,0.10592755,0
0.0,0.08650297,0,1.0,0.604464,1,0.0,0.38223472,1,0.0,0.30432558,0,0.0,0.18165094,0
1.0,0.24966785,0,0.0,0.030217737,0,0.0,0.12099837,0,0.0,0.7277837,1,0.0,0.059550382,0
0.0,0.62701005,1,1.0,0.21383187,0,0.0,0.032449175,0,0.0,0.055250686,0,1.0,0.10408099,0
0.0,0.0008196423,0,1.0,0.7741368,1,0.0,0.16041699,0,1.0,0.87080956,1,1.0,0.42552087,1
0.0,0.0009827042,0,0.0,0.14307497,0,1.0,0.79300654,1,1.0,0.95992404,1,1.0,0.1338934,0
1.0,0.9361879,1,0.0,0.0027381124,0,0.0,0.03205741,0,0.0,0.004656805,0,0.0,0.025202986,0
0.0,0.019143958,0,0.0,0.063599505,0,1.0,0.95365167,1,1.0,0.5648841,1,0.0,0.16684526,0
1.0,0.880272,1,0.0,0.0014569812,0,0.0,0.02296419,0,0.0,0.06293472,0,0.0,0.019461732,0
1.0,0.8957274,1,0.0,0.0015948595,0,1.0,0.07640353,0,0.0,0.02095092,0,0.0,0.029491743,0
1.0,0.77656245,1,0.0,0.048477713,0,0.0,0.08158297,0,0.0,0.06481702,0,0.0,0.06331512,0
0.0,0.16164444,0,0.0,0.008260199,0,1.0,0.9670743,1,0.0,0.015966162,0,0.0,0.10366993,0
0.0,0.36626652,1,0.0,0.0047182417,0,1.0,0.9276186,1,0.0,0.010770746,0,0.0,0.094289996,0
1.0,0.903664,1,0.0,0.014449746,0,0.0,0.023596466,0,0.0,0.010374612,0,0.0,0.036862075,0
0.0,0.78342736,1,1.0,0.0887685,0,0.0,0.031145932,0,0.0,0.0078593725,0,0.0,0.067580394,0
1.0,0.83557934,1,0.0,0.019049635,0,0.0,0.07876675,0,0.0,0.034993563,0,0.0,0.053710844,0
1.0,0.5703885,1,0.0,0.27913716,0,0.0,0.12325765,0,0.0,0.04591278,0,0.0,0.1306831,0
0.0,0.06428356,0,1.0,0.72501695,1,0.0,0.17048909,0,0.0,0.042680416,0,0.0,0.12380876,0
0.0,0.4507737,1,1.0,0.36046025,1,0.0,0.14211881,0,0.0,0.037672345,0,0.0,0.15730204,0
0.0,1.709663e-05,0,0.0,0.037338592,0,1.0,0.9930403,1,0.0,0.9748692,1,1.0,0.057138667,0
1.0,0.9476896,1,0.0,0.0016917815,0,0.0,0.0148266675,0,0.0,0.007514688,0,0.0,0.01631031,0
0.0,0.27684334,0,0.0,0.019035526,0,0.0,0.74863595,1,0.0,0.18091086,0,1.0,0.1820593,0
0.0,0.8294712,1,0.0,0.0052654683,0,1.0,0.15274988,0,0.0,0.03284831,0,0.0,0.050118186,0
0.0,0.013302829,0,0.0,0.027565425,0,0.0,0.5172161,1,1.0,0.93766594,1,0.0,0.06873422,0
1.0,0.85214555,1,0.0,0.015099396,0,0.0,0.029141245,0,0.0,0.061610155,0,0.0,0.03777806,0
1.0,0.91793877,1,0.0,0.0074163056,0,0.0,0.013725514,0,0.0,0.019059554,0,0.0,0.025576033,0
0.0,0.016104922,0,0.0,0.063015744,0,1.0,0.98359364,1,0.0,0.20242204,0,0.0,0.18346685,0
1.0,0.9075009,1,0.0,0.016318683,0,0.0,0.019199353,0,0.0,0.0067743603,0,0.0,0.031466324,0
1.0,0.045949,0,0.0,0.06974279,0,0.0,0.41045374,1,0.0,0.8430367,1,0.0,0.07955181,0
0.0,0.34129438,0,0.0,0.060816575,0,0.0,0.15229025,0,0.0,0.63948315,1,1.0,0.1046953,0
1.0,0.86107427,1,0.0,0.0034925018,0,0.0,0.13543017,0,0.0,0.023877587,0,0.0,0.040010586,0
0.0,0.39100307,1,0.0,0.15257818,0,0.0,0.040024452,0,1.0,0.43934223,1,0.0,0.08487904,0
1.0,0.77657944,1,0.0,0.001649611,0,0.0,0.06248242,0,0.0,0.15930435,0,0.0,0.027395107,0
0.0,0.047240015,0,1.0,0.35638407,1,0.0,0.07770093,0,1.0,0.76594025,1,0.0,0.12665503,0
1.0,0.5507541,1,0.0,0.0025626314,0,1.0,0.8261632,1,0.0,0.012014503,0,0.0,0.0733121,0
1.0,0.7245995,1,0.0,0.0887336,0,0.0,0.07994222,0,0.0,0.100974485,0,0.0,0.10858631,0
0.0,0.2571862,0,1.0,0.3783946,1,0.0,0.08110649,0,0.0,0.30373776,0,0.0,0.14571218,0
1.0,0.9574593,1,0.0,0.003024243,0,0.0,0.00660715,0,0.0,0.0036234015,0,0.0,0.01543171,0
0.0,0.16062501,0,0.0,0.47996438,1,0.0,0.100376174,0,1.0,0.39771795,0,0.0,0.13932672,0
0.0,0.03575426,0,1.0,0.7956398,1,0.0,0.07776698,0,0.0,0.1923998,0,1.0,0.17110206,0
0.0,0.30390927,0,0.0,0.109877534,0,0.0,0.5822565,1,1.0,0.28953537,0,0.0,0.13343576,0
1.0,0.395937,1,0.0,0.30904752,0,0.0,0.08789838,0,0.0,0.23367086,0,0.0,0.08191087,0
1.0,0.9295766,1,0.0,0.0022554616,0,0.0,0.028115485,0,0.0,0.010833155,0,0.0,0.021025723,0
0.0,0.11134373,0,1.0,0.65358675,1,0.0,0.25113326,0,1.0,0.26892024,0,0.0,0.29512715,1
0.0,0.43579194,1,1.0,0.33933273,1,0.0,0.091273956,0,0.0,0.027336048,0,1.0,0.19267668,0
0.0,0.0014680875,0,0.0,0.20309786,0,0.0,0.13241059,0,1.0,0.9717549,1,0.0,0.08201837,0
0.0,0.74383986,1,0.0,0.035801034,0,1.0,0.10554287,0,1.0,0.07867193,0,0.0,0.08777404,0
0.0,0.023431573,0,0.0,0.029066714,0,1.0,0.9812449,1,0.0,0.2915362,0,0.0,0.15024313,0
0.0,0.24578366,0,0.0,0.018417515,0,0.0,0.032574266,0,1.0,0.7884104,1,0.0,0.028241316,0
1.0,0.6831807,1,0.0,0.1861908,0,0.0,0.010193253,0,0.0,0.015300009,0,0.0,0.053718496,0
1.0,0.94232297,1,0.0,0.0009496337,0,0.0,0.02220275,0,0.0,0.009782311,0,0.0,0.015664082,0
0.0,0.06811641,0,1.0,0.5299896,1,0.0,0.04551515,0,0.0,0.41336513,0,0.0,0.07826055,0
1.0,0.8413857,1,0.0,0.011633098,0,0.0,0.0323776,0,0.0,0.069159955,0,0.0,0.04387329,0
0.0,0.0057719327,0,0.0,0.08940189,0,1.0,0.9518655,1,0.0,0.7352038,1,0.0,0.17817481,0
0.0,0.69030154,1,1.0,0.090883225,0,0.0,0.027461475,0,0.0,0.14134489,0,0.0,0.05244705,0
0.0,0.72571826,1,0.0,0.07172936,0,0.0,0.018040199,0,1.0,0.11157385,0,0.0,0.041512523,0
1.0,0.9261006,1,0.0,0.0052863364,0,0.0,0.02077082,0,0.0,0.010479831,0,0.0,0.02704381,0
1.0,0.5014172,1,0.0,0.06269613,0,1.0,0.6088961,1,0.0,0.061598763,0,0.0,0.12539954,0
0.0,0.013464499,0,0.0,0.08488299,0,0.0,0.26235038,0,1.0,0.9420679,1,0.0,0.07876647,0
1.0,0.679352,1,0.0,0.018198388,0,0.0,0.41706994,1,0.0,0.06137226,0,0.0,0.09186934,0
1.0,0.68939364,1,0.0,0.14433089,0,0.0,0.062125653,0,0.0,0.04328853,0,0.0,0.1188267,0
1.0,0.94464564,1,0.0,0.002704194,0,0.0,0.025699383,0,0.0,0.0020733252,0,0.0,0.020802226,0
1.0,0.87721264,1,0.0,0.0020703746,0,0.0,0.109635726,0,0.0,0.023333155,0,0.0,0.031663008,0
1.0,0.91584706,1,0.0,0.015109163,0,0.0,0.013197896,0,0.0,0.006102078,0,0.0,0.031137833,0
0.0,0.0016821712,0,1.0,0.8947522,1,0.0,0.10617834,0,1.0,0.5265775,1,1.0,0.49268937,1
1.0,0.84023595,1,0.0,0.008952864,0,0.0,0.108967595,0,0.0,0.032361113,0,0.0,0.04730189,0
1.0,0.8249011,1,0.0,0.021260416,0,0.0,0.117156394,0,0.0,0.02799621,0,0.0,0.07712691,0
1.0,0.84152323,1,0.0,0.011010408,0,0.0,0.0755304,0,0.0,0.050385397,0,0.0,0.05329757,0
1.0,0.9205243,1,0.0,0.0029068496,0,0.0,0.017233642,0,0.0,0.022396833,0,0.0,0.020214863,0
1.0,0.9342157,1,0.0,0.0027696034,0,0.0,0.019039132,0,0.0,0.012157949,0,0.0,0.022172999,0
1.0,0.7873715,1,0.0,0.055002425,0,0.0,0.082293294,0,0.0,0.05421972,0,0.0,0.074869126,0
0.0,0.023041494,0,1.0,0.8394127,1,0.0,0.14910994,0,0.0,0.19496441,0,0.0,0.2540018,1
0.0,0.50871676,1,1.0,0.37531692,1,0.0,0.018342359,0,0.0,0.043020103,0,0.0,0.074693255,0
1.0,0.91610014,1,0.0,0.0024121087,0,0.0,0.05174755,0,0.0,0.011121006,0,0.0,0.029744856,0
1.0,0.7962686,1,0.0,0.0061373883,0,1.0,0.32996097,0,0.0,0.013044202,0,0.0,0.06675239,0
1.0,0.93640846,1,0.0,0.0043139895,0,1.0,0.010652722,0,0.0,0.012411026,0,0.0,0.020768095,0
1.0,0.7989006,1,0.0,0.012967707,0,0.0,0.114820555,0,0.0,0.06559306,0,0.0,0.059537034,0
1.0,0.89309317,1,0.0,0.006835984,0,0.0,0.059713908,0,0.0,0.013800692,0,0.0,0.04191913,0
1.0,0.9182169,1,0.0,0.010668126,0,0.0,0.010983203,0,0.0,0.015897505,0,0.0,0.02560524,0
1.0,0.85250074,1,0.0,0.03539219,0,0.0,0.02501208,0,0.0,0.021779032,0,0.0,0.05430773,0
0.0,0.0011174196,0,1.0,0.9122617,1,0.0,0.10354175,0,0.0,0.53917706,1,0.0,0.55005425,1
1.0,0.90233034,1,0.0,0.016176358,0,0.0,0.016316501,0,0.0,0.015297037,0,0.0,0.03599358,0
1.0,0.8849756,1,0.0,0.0012005154,0,0.0,0.19508514,0,0.0,0.008909207,0,0.0,0.035691768,0
1.0,0.4544144,1,0.0,0.36211568,1,0.0,0.08067839,0,0.0,0.07341153,0,0.0,0.14066173,0
0.0,0.87111825,1,1.0,0.026902521,0,0.0,0.02504843,0,0.0,0.021246951,0,0.0,0.041769627,0
1.0,0.907692,1,0.0,0.00918702,0,0.0,0.03201273,0,0.0,0.0117269745,0,0.0,0.035504762,0
1.0,0.14853929,0,0.0,0.010248336,0,0.0,0.91331375,1,0.0,0.18834662,0,0.0,0.099324845,0
1.0,0.85958576,1,0.0,0.0022511543,0,0.0,0.2035887,0,0.0,0.015924577,0,0.0,0.038602717,0
1.0,0.94638956,1,0.0,0.001519122,0,0.0,0.023575727,0,0.0,0.0055685095,0,0.0,0.019970648,0
1.0,0.7945926,1,0.0,0.010754053,0,0.0,0.1938792,0,0.0,0.042215638,0,0.0,0.060738705,0
1.0,0.8942265,1,0.0,0.0054599685,0,0.0,0.04828583,0,0.0,0.023887606,0,0.0,0.03788525,0
0.0,0.00074483093,0,1.0,0.6423624,1,0.0,0.08355782,0,1.0,0.92580175,1,0.0,0.20042548,0
1.0,0.86378473,1,0.0,0.019622913,0,0.0,0.01710191,0,0.0,0.050968397,0,0.0,0.032390945,0
1.0,0.94531316,1,0.0,0.0028209328,0,0.0,0.015094432,0,0.0,0.0056044264,0,0.0,0.020722793,0
0.0,0.07697086,0,1.0,0.7331002,1,0.0,0.04688908,0,0.0,0.11686199,0,0.0,0.094112046,0
1.0,0.50325066,1,0.0,0.009566792,0,1.0,0.81638783,1,0.0,0.012937793,0,0.0,0.094671205,0
1.0,0.8844184,1,0.0,0.016557213,0,0.0,0.03212975,0,0.0,0.020046065,0,0.0,0.04373186,0
0.0,0.035183236,0,0.0,0.106990725,0,0.0,0.84257776,1,1.0,0.64479315,1,0.0,0.15173544,0
1.0,0.8972655,1,0.0,0.0069122086,0,0.0,0.056311034,0,0.0,0.0090325335,0,0.0,0.040514074,0
1.0,0.6750668,1,0.0,0.17516997,0,0.0,0.043139093,0,0.0,0.016813435,0,0.0,0.09266585,0
0.0,0.111132875,0,1.0,0.7240758,1,0.0,0.060219657,0,0.0,0.09683036,0,0.0,0.21377426,0
0.0,0.35437655,0,0.0,0.1762186,0,0.0,0.2084115,0,0.0,0.37261266,0,1.0,0.14327392,0
1.0,0.9168835,1,0.0,0.0047253002,0,0.0,0.010832823,0,0.0,0.027407581,0,0.0,0.020353487,0
1.0,0.4920673,1,0.0,0.0025934735,0,0.0,0.045833252,0,0.0,0.554379,1,0.0,0.023369504,0
1.0,0.93181604,1,0.0,0.003416141,0,0.0,0.015575588,0,0.0,0.015033475,0,0.0,0.020635376,0
0.0,0.020285904,0,0.0,0.26707903,0,0.0,0.56782764,1,1.0,0.8178653,1,0.0,0.16327359,0
1.0,0.9079724,1,0.0,0.0031589638,0,0.0,0.06505461,0,0.0,0.008590987,0,0.0,0.031610064,0
1.0,0.95257676,1,0.0,0.0016507218,0,0.0,0.016918132,0,0.0,0.0041455645,0,0.0,0.019395536,0
1.0,0.8884223,1,0.0,0.011460259,0,0.0,0.028897416,0,0.0,0.029534081,0,0.0,0.033007674,0
1.0,0.9210299,1,0.0,0.0028286641,0,0.0,0.030129133,0,0.0,0.01795917,0,0.0,0.024808299,0
1.0,0.9230337,1,0.0,0.0011474163,0,0.0,0.013788846,0,0.0,0.030037852,0,0.0,0.016285144,0
1.0,0.85219795,1,0.0,0.0046893368,0,0.0,0.16158281,0,0.0,0.0112260785,0,0.0,0.039648496,0
0.0,0.010924032,0,0.0,0.015740737,0,1.0,0.995249,1,0.0,0.07230327,0,0.0,0.13395151,0
0.0,0.030074595,0,1.0,0.35852876,1,0.0,0.05307045,0,1.0,0.7995574,1,0.0,0.0915424,0
0.0,0.010284763,0,1.0,0.91246605,1,0.0,0.007199501,0,0.0,0.039841816,0,1.0,0.121836886,0
0.0,0.012866346,0,1.0,0.84838563,1,0.0,0.028384002,0,0.0,0.14542606,0,0.0,0.12936158,0
1.0,0.89948297,1,0.0,0.0013498777,0,0.0,0.03238582,0,0.0,0.03396718,0,0.0,0.025800643,0
0.0,0.022371002,0,0.0,0.1346129,0,0.0,0.50507045,1,1.0,0.87664413,1,0.0,0.13751414,0
0.0,0.029791722,0,0.0,0.24942142,0,1.0,0.78022385,1,1.0,0.68718654,1,0.0,0.2578835,1
1.0,0.9075765,1,0.0,0.003271384,0,1.0,0.051825956,0,0.0,0.014341506,0,0.0,0.029116383,0
0.0,0.0027876466,0,1.0,0.7616374,1,0.0,0.22388612,0,1.0,0.7902318,1,0.0,0.4788532,1
0.0,0.00715845,0,1.0,0.5816919,1,1.0,0.18977016,0,1.0,0.84302443,1,1.0,0.29340422,1
0.0,0.029333403,0,1.0,0.68555754,1,0.0,0.16790912,0,0.0,0.5271458,1,1.0,0.228508,0
0.0,0.092379585,0,1.0,0.69027454,1,0.0,0.030055605,0,0.0,0.13758303,0,0.0,0.09933754,0
1.0,0.6335135,1,0.0,0.0082205795,0,1.0,0.6739587,1,0.0,0.010605921,0,0.0,0.09221806,0
0.0,0.010920849,0,0.0,0.3662145,1,0.0,0.39359564,1,1.0,0.86614543,1,0.0,0.25340912,1
0.0,0.011064514,0,1.0,0.92566025,1,0.0,0.018794214,0,0.0,0.018694736,0,0.0,0.22819018,0
1.0,0.7128245,1,0.0,0.057242632,0,0.0,0.17218561,0,0.0,0.027018294,0,0.0,0.119687095,0
0.0,0.0105846515,0,1.0,0.8735528,1,0.0,0.10348841,0,0.0,0.25835454,0,0.0,0.39393884,1
0.0,0.06928437,0,0.0,0.10138838,0,0.0,0.07757722,0,1.0,0.8615801,1,0.0,0.04492789,0
0.0,0.1696001,0,1.0,0.6990436,1,0.0,0.015246359,0,0.0,0.052210905,0,0.0,0.10265459,0
1.0,0.92861384,1,0.0,0.0008446271,0,0.0,0.041575257,0,0.0,0.014357618,0,0.0,0.019825501,0
0.0,0.5672384,1,0.0,0.0033508518,0,1.0,0.7875464,1,0.0,0.014273271,0,0.0,0.06935589,0
0.0,0.02555735,0,1.0,0.867721,1,0.0,0.029308826,0,0.0,0.05505412,0,0.0,0.25919834,1
0.0,0.42171055,1,0.0,0.50350535,1,0.0,0.02708522,0,0.0,0.028529814,0,1.0,0.1285968,0
1.0,0.85686195,1,0.0,0.010691347,0,0.0,0.12556456,0,0.0,0.007980113,0,0.0,0.059496116,0
1.0,0.6379115,1,0.0,0.12317895,0,0.0,0.07630792,0,0.0,0.21629493,0,0.0,0.0877696,0
1.0,0.74963677,1,0.0,0.02397633,0,0.0,0.01845525,0,0.0,0.17967254,0,0.0,0.033621904,0
1.0,0.796752,1,0.0,0.08621808,0,0.0,0.028147092,0,0.0,0.019372934,0,0.0,0.06927833,0
0.0,0.027325165,0,0.0,0.32525113,1,1.0,0.7847078,1,0.0,0.56189185,1,0.0,0.23149125,1
0.0,0.0028491875,0,1.0,0.79212415,1,0.0,0.6617971,1,1.0,0.32604703,0,1.0,0.5334203,1
0.0,0.008188747,0,0.0,0.0667095,0,1.0,0.98150486,1,0.0,0.32526797,0,0.0,0.1355457,0
0.0,0.0021084023,0,1.0,0.15819062,0,1.0,0.9787773,1,0.0,0.48515844,1,0.0,0.16056907,0
1.0,0.049599655,0,0.0,0.13331011,0,1.0,0.92406994,1,0.0,0.21791744,0,1.0,0.15747733,0
1.0,0.80439335,1,0.0,0.04966821,0,0.0,0.045682717,0,0.0,0.06959656,0,0.0,0.05033622,0
1.0,0.9023045,1,0.0,0.009021887,0,0.0,0.024610959,0,0.0,0.022913557,0,0.0,0.031359248,0
1.0,0.9028878,1,0.0,0.0030873707,0,0.0,0.06145744,0,0.0,0.013167704,0,0.0,0.03222506,0
0.0,0.02080796,0,1.0,0.8333974,1,0.0,0.07060913,0,0.0,0.2022924,0,0.0,0.23522972,1
1.0,0.82693183,1,0.0,0.0038561495,0,0.0,0.10796364,0,0.0,0.05705468,0,0.0,0.046199888,0
1.0,0.92147917,1,0.0,0.008987505,0,0.0,0.021366647,0,0.0,0.0070342547,0,0.0,0.030564534,0
1.0,0.94469464,1,0.0,0.0012164998,0,0.0,0.01661223,0,0.0,0.009735433,0,0.0,0.017668828,0
1.0,0.93063664,1,0.0,0.002582918,0,0.0,0.03656872,0,0.0,0.007427262,0,0.0,0.029035846,0
0.0,0.031637795,0,0.0,0.283642,0,0.0,0.14857751,0,1.0,0.83780015,1,0.0,0.16589245,0
1.0,0.60411215,1,0.0,0.014933765,0,0.0,0.16809234,0,0.0,0.2719015,0,0.0,0.06075476,0
0.0,0.20005384,0,0.0,0.019569632,0,1.0,0.9295644,1,1.0,0.05264429,0,0.0,0.12939733,0
0.0,0.12949872,0,0.0,0.012816007,0,1.0,0.736916,1,1.0,0.5411857,1,0.0,0.08076964,0
0.0,0.79584205,1,0.0,0.0033052973,0,0.0,0.039850704,0,1.0,0.13303073,0,0.0,0.02568248,0
0.0,0.0013618805,0,0.0,0.081490666,0,1.0,0.9090638,1,1.0,0.92977095,1,0.0,0.08556747,0
1.0,0.8591659,1,0.0,0.0152809555,0,0.0,0.07699731,0,0.0,0.010822777,0,0.0,0.057771172,0
0.0,0.0101193,0,1.0,0.8729108,1,0.0,0.037028477,0,0.0,0.17854813,0,0.0,0.27075902,1
0.0,0.5279822,1,0.0,0.0013882278,0,0.0,0.06773636,0,1.0,0.4896346,1,0.0,0.024021666,0
0.0,0.9126535,1,0.0,0.0064873383,0,0.0,0.044810366,0,0.0,0.0071571684,0,1.0,0.041696742,0
0.0,0.46817082,1,0.0,0.21090119,0,0.0,0.12920511,0,1.0,0.31052247,0,1.0,0.17453311,0
0.0,0.063619,0,0.0,0.08592355,0,0.0,0.32775068,0,1.0,0.8082736,1,0.0,0.0736206,0
0.0,0.77705276,1,1.0,0.07635717,0,0.0,0.04650614,0,0.0,0.04272871,0,0.0,0.089151785,0
0.0,0.023873603,0,0.0,0.15184355,0,1.0,0.50383216,1,1.0,0.8750932,1,0.0,0.16598016,0
1.0,0.8973564,1,0.0,0.017390708,0,0.0,0.026612334,0,0.0,0.012424616,0,0.0,0.039792635,0
1.0,0.93969303,1,0.0,0.001284773,0,0.0,0.03625287,0,0.0,0.007377329,0,0.0,0.021882452,0
1.0,0.9188526,1,0.0,0.0034231772,0,0.0,0.033266895,0,0.0,0.014183763,0,0.0,0.026824133,0
0.0,0.31636712,0,0.0,0.00713952,0,1.0,0.17052785,0,1.0,0.59731346,1,0.0,0.038083974,0
0.0,0.14956489,0,0.0,0.20432934,0,0.0,0.17547181,0,1.0,0.66422987,1,0.0,0.089542165,0
1.0,0.9666595,1,0.0,0.0008088779,0,0.0,0.010468202,0,0.0,0.0027726803,0,0.0,0.01380787,0
1.0,0.8590462,1,0.0,0.04323542,0,1.0,0.01522893,0,0.0,0.013916512,0,0.0,0.04356079,0
0.0,0.5519152,1,0.0,0.0022001676,0,1.0,0.7683575,1,0.0,0.030082656,0,0.0,0.062603414,0
1.0,0.63125855,1,0.0,0.0015659962,0,0.0,0.054142512,0,0.0,0.36373487,0,0.0,0.022062976,0
1.0,0.8897984,1,0.0,0.010248095,0,0.0,0.024953118,0,0.0,0.030383812,0,0.0,0.033323973,0
0.0,0.9066874,1,0.0,0.011176282,0,0.0,0.029582545,0,0.0,0.010239339,0,1.0,0.040908195,0
1.0,0.8763989,1,0.0,0.00763837,0,0.0,0.08605645,0,0.0,0.013151797,0,0.0,0.046547372,0
1.0,0.59872186,1,0.0,0.19859236,0,0.0,0.057190012,0,0.0,0.16875109,0,0.0,0.108664826,0
0.0,0.76487994,1,0.0,0.02637917,0,1.0,0.22972,0,0.0,0.039203294,0,1.0,0.095182806,0
0.0,0.0014431807,0,1.0,0.9600084,1,0.0,0.02988847,0,1.0,0.05316751,0,0.0,0.2909034,1
0.0,0.033320416,0,1.0,0.39499718,1,0.0,0.5401358,1,1.0,0.55036175,1,0.0,0.118702486,0
0.0,0.3881386,1,0.0,0.13551964,0,0.0,0.11135546,0,1.0,0.4610325,1,0.0,0.081531875,0
0.0,0.2843329,0,0.0,0.11293988,0,1.0,0.70370275,1,0.0,0.17224112,0,0.0,0.15408136,0
1.0,0.5641244,1,0.0,0.0011610715,0,0.0,0.0932864,0,0.0,0.38872313,0,0.0,0.027903788,0
1.0,0.8394327,1,0.0,0.0054481197,0,0.0,0.045681868,0,0.0,0.071398415,0,0.0,0.039697703,0
0.0,0.03229263,0,0.0,0.65193427,1,1.0,0.50208914,1,0.0,0.114556156,0,0.0,0.17901538,0
1.0,0.20708293,0,0.0,0.07338522,0,0.0,0.106818,0,0.0,0.73442847,1,0.0,0.064141475,0
1.0,0.7881567,1,0.0,0.0027544154,0,1.0,0.43171147,1,0.0,0.009292657,0,0.0,0.054706544,0
0.0,0.067463756,0,0.0,0.3795929,1,1.0,0.80354106,1,1.0,0.111201726,0,0.0,0.24042174,1
1.0,0.9034433,1,0.0,0.0148222465,0,0.0,0.018096458,0,0.0,0.008284097,0,0.0,0.042421144,0
0.0,0.66411114,1,0.0,0.17880619,0,0.0,0.04712809,0,0.0,0.01288001,0,1.0,0.093713276,0
0.0,0.25298566,0,0.0,0.023280883,0,1.0,0.9126679,1,0.0,0.024115145,0,0.0,0.12819472,0
0.0,0.070939675,0,0.0,0.1703786,0,0.0,0.6867993,1,1.0,0.5775375,1,0.0,0.18493292,0
0.0,0.0002361644,0,1.0,0.34272417,1,1.0,0.7750989,1,1.0,0.94631344,1,1.0,0.19257227,0
0.0,0.55922705,1,1.0,0.31898248,0,0.0,0.032646727,0,0.0,0.023640813,0,1.0,0.11564632,0
0.0,0.00070514577,0,0.0,0.31552756,0,1.0,0.6828824,1,1.0,0.94104373,1,0.0,0.1506505,0
1.0,0.869838,1,0.0,0.02223951,0,0.0,0.021626135,0,0.0,0.041159257,0,0.0,0.03890255,0
0.0,0.002761869,0,1.0,0.88977253,1,0.0,0.09510452,0,0.0,0.40550628,0,1.0,0.35932752,1
0.0,0.004060022,0,1.0,0.8909636,1,0.0,0.0844023,0,0.0,0.30817583,0,1.0,0.3245992,1
1.0,0.8635983,1,0.0,0.007988149,0,1.0,0.0885615,0,0.0,0.030424654,0,0.0,0.051118217,0
0.0,0.43221965,1,0.0,0.011426211,0,0.0,0.046931423,0,1.0,0.60078055,1,0.0,0.03501416,0
1.0,0.65561825,1,0.0,0.010977657,0,0.0,0.0717538,0,0.0,0.27894476,0,0.0,0.040000383,0
1.0,0.91199607,1,0.0,0.0010845409,0,0.0,0.028737687,0,0.0,0.032559585,0,0.0,0.022504773,0
0.0,0.0046481797,0,1.0,0.87791115,1,0.0,0.28949222,0,0.0,0.21695673,0,1.0,0.48699173,1
1.0,0.032316823,0,0.0,0.22939858,0,0.0,0.24472114,0,0.0,0.85945976,1,0.0,0.14164059,0
0.0,0.04622883,0,0.0,0.16017945,0,0.0,0.1372545,0,1.0,0.87525266,1,0.0,0.08901468,0
1.0,0.95007956,1,0.0,0.0032692512,0,0.0,0.010270928,0,0.0,0.0051382557,0,0.0,0.018407045,0
0.0,0.002119707,0,1.0,0.68285006,1,0.0,0.19369464,0,1.0,0.86864716,1,1.0,0.42052022,1
0.0,0.014255985,0,0.0,0.53993416,1,0.0,0.16139996,0,1.0,0.81078196,1,0.0,0.23725043,1
0.0,0.014679509,0,0.0,0.25678688,0,0.0,0.098556995,0,1.0,0.9144183,1,0.0,0.104980364,0
1.0,0.8642038,1,0.0,0.015621555,0,0.0,0.05696775,0,0.0,0.023361837,0,0.0,0.04877268,0
1.0,0.3346697,0,0.0,0.4177284,1,0.0,0.034703016,0,0.0,0.093925394,0,0.0,0.0970904,0
0.0,0.8596265,1,0.0,0.023754412,0,1.0,0.051805668,0,0.0,0.02413086,0,1.0,0.054472554,0
1.0,0.86665934,1,0.0,0.010562348,0,0.0,0.034822553,0,0.0,0.044652734,0,0.0,0.03648981,0
1.0,0.90374714,1,0.0,0.0055088694,0,0.0,0.04605232,0,0.0,0.013506075,0,0.0,0.03781851,0
0.0,0.009420342,0,0.0,0.15616551,0,1.0,0.9767377,1,0.0,0.2866285,0,0.0,0.17738144,0
0.0,0.8804964,1,0.0,0.002602778,0,1.0,0.14473382,0,0.0,0.01025073,0,0.0,0.038918972,0
0.0,0.0016461938,0,0.0,0.3830819,1,0.0,0.7516126,1,1.0,0.8746106,1,0.0,0.23102255,1
0.0,0.24079831,0,0.0,0.006209249,0,0.0,0.053790193,0,1.0,0.7906982,1,0.0,0.026623545,0
1.0,0.88644826,1,0.0,0.0129587315,0,0.0,0.014465925,0,0.0,0.037212964,0,0.0,0.035035092,0
1.0,0.9401145,1,0.0,0.003452032,0,0.0,0.01796208,0,0.0,0.0057878722,0,0.0,0.023708249,0
0.0,0.008745512,0,0.0,0.117165774,0,1.0,0.9745567,1,0.0,0.3537228,0,0.0,0.16024508,0
1.0,0.55414903,1,0.0,0.20925502,0,0.0,0.034834944,0,0.0,0.1359412,0,0.0,0.055347126,0
1.0,0.8198144,1,0.0,0.045716282,0,0.0,0.048525784,0,0.0,0.015384247,0,0.0,0.073418245,0
1.0,0.7538723,1,0.0,0.0046684938,0,0.0,0.04094046,0,0.0,0.19467331,0,0.0,0.030886058,0
0.0,0.18055488,0,0.0,0.013927634,0,1.0,0.6082541,1,0.0,0.56104434,1,0.0,0.08486536,0
0.0,0.008832211,0,1.0,0.81286645,1,0.0,0.35341293,0,1.0,0.25937608,0,0.0,0.19689703,0
1.0,0.07108856,0,0.0,0.056948185,0,0.0,0.8864822,1,0.0,0.41635567,0,0.0,0.15817401,0
1.0,0.8020016,1,0.0,0.02898618,0,0.0,0.044136446,0,0.0,0.09440131,0,0.0,0.053220887,0
1.0,0.88421285,1,0.0,0.011097847,0,0.0,0.031449154,0,0.0,0.03216112,0,0.0,0.034716196,0
1.0,0.84414744,1,0.0,0.012680283,0,0.0,0.051571622,0,0.0,0.05828402,0,0.0,0.045162737,0
1.0,0.8358154,1,0.0,0.027220607,0,0.0,0.053778872,0,0.0,0.047007963,0,0.0,0.056038313,0
1.0,0.6283938,1,0.0,0.19428727,0,0.0,0.09253805,0,0.0,0.09689075,0,0.0,0.12544028,0
0.0,0.009872311,0,0.0,0.7206407,1,0.0,0.07675683,0,1.0,0.56865907,1,0.0,0.14956819,0
0.0,0.0030496453,0,1.0,0.90164614,1,0.0,0.0685638,0,0.0,0.375644,0,0.0,0.42835182,1
0.0,0.09905058,0,0.0,0.058728762,0,0.0,0.07495898,0,1.0,0.84595215,1,0.0,0.042166293,0
1.0,0.83058274,1,0.0,0.038249943,0,1.0,0.03845801,0,0.0,0.056891773,0,1.0,0.05228937,0
0.0,0.0412463,0,0.0,0.2826667,0,0.0,0.42254528,1,1.0,0.7315712,1,0.0,0.112262264,0
0.0,0.51900405,1,0.0,0.10156608,0,0.0,0.08967379,0,1.0,0.3830136,0,0.0,0.0840608,0
0.0,0.0041613407,0,0.0,0.76750296,1,0.0,0.23885025,0,1.0,0.73786545,1,0.0,0.40939394,1
0.0,0.14714219,0,0.0,0.10059921,0,1.0,0.86510116,1,0.0,0.043301575,0,0.0,0.14245225,0
1.0,0.82223445,1,0.0,0.0076610805,0,0.0,0.020942593,0,0.0,0.11863436,0,0.0,0.032743074,0
0.0,0.2688998,0,0.0,0.01868687,0,0.0,0.17109893,0,1.0,0.6791417,1,0.0,0.053400546,0
0.0,0.20808814,0,0.0,0.18495712,0,1.0,0.7669168,1,0.0,0.10688665,0,0.0,0.179269,0
1.0,0.6530059,1,0.0,0.18549252,0,0.0,0.017955378,0,0.0,0.045165893,0,0.0,0.051800936,0
0.0,0.05596974,0,1.0,0.75439894,1,0.0,0.015074589,0,0.0,0.10086916,0,0.0,0.08434874,0
1.0,0.8409812,1,0.0,0.0038536226,0,0.0,0.1946757,0,0.0,0.017809995,0,0.0,0.044518467,0
0.0,0.020524194,0,0.0,0.008077661,0,1.0,0.9903334,1,0.0,0.20663558,0,0.0,0.117624864,0
1.0,0.32261705,0,0.0,0.042787466,0,0.0,0.074154004,0,0.0,0.6454336,1,0.0,0.05056261,0
1.0,0.6391876,1,0.0,0.010648316,0,1.0,0.608891,1,0.0,0.025566319,0,0.0,0.09275987,0
0.0,0.0013266286,0,0.0,0.029288517,0,1.0,0.99860305,1,0.0,0.06973942,0,0.0,0.11950099,0
0.0,0.1501943,0,0.0,0.07659396,0,0.0,0.67594945,1,1.0,0.4716807,1,0.0,0.11249036,0
1.0,0.93343765,1,0.0,0.00681476,0,0.0,0.007879659,0,0.0,0.012671833,0,0.0,0.019480765,0
1.0,0.8067907,1,0.0,0.032067787,0,0.0,0.07465898,0,0.0,0.06334136,0,0.0,0.0717585,0
0.0,0.1869204,0,0.0,0.0070313606,0,0.0,0.060794078,0,1.0,0.8437247,1,0.0,0.03828649,0
0.0,0.8879861,1,0.0,0.012635326,0,0.0,0.03462099,0,0.0,0.02226798,0,1.0,0.039757233,0
1.0,0.902606,1,0.0,0.007232243,0,0.0,0.03978618,0,0.0,0.014334605,0,0.0,0.035815217,0
0.0,0.013622925,0,1.0,0.6834106,1,0.0,0.096008025,0,0.0,0.61741394,1,0.0,0.18567252,0
0.0,0.001452324,0,1.0,0.9317079,1,0.0,0.22444421,0,0.0,0.21888289,0,1.0,0.5347641,1
0.0,0.04179347,0,1.0,0.60350156,1,1.0,0.31990197,0,0.0,0.54219353,1,1.0,0.19207306,0
1.0,0.49115816,1,1.0,0.1487023,0,0.0,0.111603,0,0.0,0.31232485,0,0.0,0.08669904,0
1.0,0.82920504,1,0.0,0.003708449,0,0.0,0.041143928,0,0.0,0.09071757,0,0.0,0.02877082,0
0.0,0.4025781,1,0.0,0.02182274,0,0.0,0.11246122,0,1.0,0.57363635,1,0.0,0.054007072,0
0.0,0.062793784,0,0.0,0.0071279625,0,1.0,0.9863007,1,0.0,0.054011665,0,1.0,0.115883626,0
0.0,0.01872837,0,0.0,0.034098644,0,0.0,0.06652942,0,1.0,0.95928276,1,0.0,0.02661321,0
0.0,0.0054806178,0,1.0,0.5109886,1,0.0,0.12053828,0,0.0,0.8760166,1,0.0,0.17891859,0
1.0,0.9380576,1,0.0,0.002085602,0,0.0,0.019755874,0,0.0,0.0096104555,0,0.0,0.020099776,0
1.0,0.5853219,1,0.0,0.030853152,0,0.0,0.19600582,0,0.0,0.26327062,0,0.0,0.07318909,0
0.0,0.006409036,0,0.0,0.009611894,0,1.0,0.9973374,1,0.0,0.07491998,0,0.0,0.1142159,0
0.0,0.07767458,0,0.0,0.08055172,0,1.0,0.9344951,1,0.0,0.16807044,0,0.0,0.17208223,0
0.0,0.023518397,0,0.0,0.23174034,0,0.0,0.39335918,1,1.0,0.8030929,1,0.0,0.08736991,0
0.0,0.57065177,1,0.0,0.024878124,0,0.0,0.56654376,1,0.0,0.01657942,0,1.0,0.1264958,0
0.0,0.085912205,0,1.0,0.75282776,1,0.0,0.041502602,0,0.0,0.08387853,0,0.0,0.22504056,0
0.0,0.018555768,0,1.0,0.8195103,1,0.0,0.0898436,0,0.0,0.29449752,0,0.0,0.27524725,1
1.0,0.27771583,0,0.0,0.58588314,1,0.0,0.036229536,0,0.0,0.03894869,0,0.0,0.19055223,0
0.0,0.72670954,1,1.0,0.08853596,0,0.0,0.12721874,0,0.0,0.06309851,0,0.0,0.10431611,0
0.0,0.023709573,0,0.0,0.6500619,1,0.0,0.06884232,0,1.0,0.53654647,1,0.0,0.15495168,0
1.0,0.8667496,1,0.0,0.053233612,0,0.0,0.008711619,0,0.0,0.012420614,0,0.0,0.03667873,0
0.0,0.2865804,0,0.0,0.0023255853,0,1.0,0.9500921,1,0.0,0.01670038,0,1.0,0.072831705,0
0.0,0.07763025,0,0.0,0.36931923,1,0.0,0.02624471,0,0.0,0.553695,1,1.0,0.07051997,0
1.0,0.4151966,1,0.0,0.10416244,0,0.0,0.08744199,0,0.0,0.4261941,0,0.0,0.0659682,0
0.0,0.0049610985,0,0.0,0.0026585371,0,1.0,0.9989961,1,0.0,0.020978333,0,0.0,0.09936796,0
1.0,0.9455204,1,0.0,0.0026287057,0,0.0,0.013673398,0,0.0,0.0069538606,0,0.0,0.020804664,0
0.0,0.009304016,0,0.0,0.31720665,0,0.0,0.15564036,0,1.0,0.91355944,1,0.0,0.145567,0
0.0,0.0062663085,0,0.0,0.03978895,0,1.0,0.9942194,1,0.0,0.13823944,0,1.0,0.14761724,0
1.0,0.6660981,1,0.0,0.017748473,0,0.0,0.07621554,0,0.0,0.22725053,0,0.0,0.047772016,0
0.0,0.00076862914,0,1.0,0.86885625,1,0.0,0.51715034,1,1.0,0.43429708,1,1.0,0.4259412,1
0.0,0.0018944435,0,0.0,0.46455833,1,0.0,0.32761696,0,1.0,0.92614627,1,0.0,0.24314687,1
0.0,0.0022848002,0,1.0,0.12349153,0,1.0,0.96824586,1,1.0,0.73910826,1,0.0,0.14024302,0
0.0,0.04263737,0,0.0,0.003542717,0,1.0,0.92493397,1,0.0,0.5487064,1,0.0,0.07099807,0
0.0,0.008398824,0,1.0,0.1762142,0,0.0,0.13119575,0,1.0,0.93902403,1,0.0,0.062169094,0
0.0,0.004209733,0,1.0,0.70779866,1,0.0,0.5008023,1,1.0,0.6214642,1,1.0,0.30974376,1
1.0,0.8023934,1,0.0,0.010344722,0,0.0,0.11541945,0,0.0,0.06586909,0,0.0,0.072195634,0
0.0,0.0029741416,0,1.0,0.7209827,1,1.0,0.81351906,1,0.0,0.08485736,0,0.0,0.21212159,0
0.0,0.02098545,0,1.0,0.865649,1,0.0,0.053330436,0,0.0,0.102781795,0,0.0,0.23800796,1
1.0,0.38640967,1,0.0,0.44621453,1,0.0,0.10472378,0,0.0,0.06480728,0,0.0,0.13217379,0
1.0,0.91972524,1,0.0,0.0054329666,0,0.0,0.017986016,0,0.0,0.018710786,0,0.0,0.02415186,0
1.0,0.26081797,0,0.0,0.11252711,0,0.0,0.101934865,0,0.0,0.64498305,1,0.0,0.079897754,0
0.0,0.00087415945,0,1.0,0.92393875,1,0.0,0.18483457,0,1.0,0.4737606,1,1.0,0.53018516,1
0.0,0.0011015885,0,1.0,0.5423835,1,0.0,0.1531891,0,1.0,0.93727267,1,0.0,0.23360907,1
0.0,0.013788392,0,0.0,0.053101275,0,1.0,0.98747766,1,0.0,0.11727713,0,0.0,0.14446393,0
0.0,0.00093055103,0,1.0,0.9664387,1,0.0,0.025557742,0,0.0,0.09490566,0,0.0,0.40258473,1
0.0,0.004621051,0,0.0,0.11827321,0,1.0,0.95268893,1,0.0,0.7592618,1,0.0,0.17664224,0
0.0,0.027967904,0,1.0,0.82633007,1,0.0,0.128895,0,0.0,0.1391732,0,0.0,0.22568887,0
1.0,0.61874765,1,0.0,0.1750519,0,0.0,0.07045535,0,0.0,0.13854785,0,0.0,0.08709379,0
0.0,0.020029018,0,1.0,0.7599059,1,0.0,0.32424754,0,0.0,0.15878786,0,0.0,0.22127804,0
1.0,0.778254,1,0.0,0.002787261,0,0.0,0.42105535,1,0.0,0.018949103,0,0.0,0.050227668,0
0.0,0.0018028514,0,1.0,0.89216053,1,0.0,0.33483902,0,0.0,0.13512722,0,0.0,0.22021303,0
1.0,0.9214118,1,0.0,0.0060867895,0,0.0,0.01819019,0,0.0,0.011558558,0,0.0,0.023265623,0
1.0,0.29908296,0,0.0,0.50875145,1,0.0,0.022264844,0,0.0,0.10683024,0,0.0,0.07644999,0
0.0,0.100603,0,0.0,0.64999795,1,1.0,0.113263324,0,0.0,0.29629788,0,0.0,0.27477604,1
1.0,0.7008544,1,0.0,0.026873365,0,0.0,0.027437849,0,0.0,0.19642355,0,0.0,0.032234613,0
0.0,0.79604566,1,0.0,0.05069614,0,0.0,0.06276768,0,1.0,0.07954905,0,0.0,0.072222106,0
1.0,0.5414759,1,0.0,0.07644782,0,0.0,0.08277866,0,0.0,0.36162394,0,0.0,0.072517104,0
1.0,0.6344506,1,0.0,0.009347577,0,0.0,0.5228022,1,0.0,0.061901018,0,0.0,0.077607736,0
0.0,0.00175871,0,0.0,0.0004906214,0,1.0,0.9998252,1,0.0,0.011484707,0,0.0,0.065487884,0
1.0,0.89260536,1,0.0,0.004034602,0,0.0,0.028657323,0,0.0,0.03535942,0,0.0,0.024080034,0
0.0,0.0805481,0,1.0,0.7395824,1,0.0,0.03059216,0,0.0,0.12692492,0,0.0,0.12514164,0
1.0,0.9509275,1,0.0,0.0005042987,0,0.0,0.046264898,0,0.0,0.0028610714,0,0.0,0.01699238,0
1.0,0.015461892,0,0.0,0.88307196,1,0.0,0.0332505,0,0.0,0.077384695,0,0.0,0.12104568,0
1.0,0.7800751,1,0.0,0.0111711025,0,0.0,0.08709971,0,0.0,0.095859446,0,0.0,0.06471237,0
1.0,0.10601392,0,1.0,0.033754893,0,0.0,0.4964201,1,0.0,0.77840024,1,0.0,0.11830641,0
0.0,0.05641681,0,1.0,0.26638597,0,1.0,0.61199856,1,0.0,0.60441154,1,1.0,0.12750517,0
1.0,0.7799165,1,0.0,0.016835993,0,0.0,0.24257965,0,0.0,0.021914832,0,0.0,0.07495814,0
0.0,0.017216424,0,0.0,0.16372001,0,1.0,0.95797527,1,1.0,0.22517441,0,0.0,0.1558048,0
0.0,0.09458427,0,1.0,0.7527808,1,0.0,0.033779547,0,0.0,0.064843096,0,0.0,0.1647352,0
1.0,0.48432255,1,0.0,0.001916002,0,0.0,0.039105106,0,0.0,0.5789878,1,0.0,0.019091755,0
0.0,0.00027649882,0,1.0,0.9256922,1,0.0,0.11301651,0,0.0,0.69120395,1,1.0,0.688165,1
1.0,0.48668614,1,0.0,0.39232716,1,0.0,0.06541183,0,0.0,0.06632454,0,0.0,0.15493286,0
1.0,0.7105524,1,0.0,0.0054340796,0,1.0,0.4773947,1,0.0,0.035229504,0,0.0,0.06990607,0
0.0,0.017208533,0,1.0,0.7709696,1,0.0,0.033099785,0,0.0,0.29215306,0,0.0,0.086027764,0
1.0,0.92859894,1,0.0,0.001408684,0,0.0,0.04475894,0,0.0,0.01093232,0,0.0,0.023697425,0
0.0,0.18572734,0,0.0,0.035626385,0,0.0,0.07699438,0,1.0,0.7535385,1,0.0,0.0364054,0
1.0,0.5259677,1,0.0,0.01024896,0,0.0,0.07392667,0,0.0,0.46316054,1,0.0,0.06252467,0
0.0,0.027160991,0,0.0,0.052297592,0,1.0,0.26835564,0,1.0,0.9089733,1,0.0,0.052870397,0
0.0,0.031573232,0,0.0,0.08547362,0,0.0,0.12206407,0,1.0,0.90215075,1,0.0,0.042578604,0
0.0,0.0009787654,0,1.0,0.85329115,1,1.0,0.3024816,0,1.0,0.66234726,1,1.0,0.6650342,1
0.0,0.9149212,1,0.0,0.001666023,0,1.0,0.069558606,0,0.0,0.011540267,0,0.0,0.030057095,0
1.0,0.15850444,0,0.0,0.6187533,1,0.0,0.10266451,0,0.0,0.23224007,0,0.0,0.16602921,0
1.0,0.8572583,1,0.0,0.0049096225,0,0.0,0.031249344,0,0.0,0.06878538,0,0.0,0.03213112,0
0.0,0.56376934,1,0.0,0.05574931,0,0.0,0.3206015,0,1.0,0.17061305,0,0.0,0.08910752,0
0.0,0.0033733838,0,0.0,0.0118597625,0,1.0,0.998478,1,0.0,0.045368828,0,0.0,0.114482045,0
1.0,0.9045325,1,0.0,0.008414526,0,0.0,0.030866325,0,0.0,0.01353197,0,0.0,0.033976957,0
0.0,0.0015515367,0,0.0,0.046947595,0,1.0,0.98318416,1,1.0,0.79337996,1,0.0,0.10901108,0
0.0,0.050711423,0,0.0,0.13709858,0,0.0,0.06880797,0,1.0,0.85959333,1,0.0,0.04304997,0
0.0,0.45559022,1,0.0,0.08121868,0,0.0,0.1372138,0,1.0,0.4291314,0,0.0,0.09824391,0
1.0,0.900847,1,0.0,0.0062478073,0,0.0,0.027469117,0,0.0,0.022986872,0,0.0,0.036331028,0
1.0,0.8819563,1,0.0,0.0060473075,0,0.0,0.10117198,0,0.0,0.009546352,0,0.0,0.049906813,0
0.0,0.047183,0,0.0,0.21142548,0,0.0,0.8095492,1,1.0,0.46225277,1,0.0,0.12392538,0
0.0,0.04649326,0,1.0,0.8141129,1,0.0,0.017532121,0,0.0,0.07265906,0,0.0,0.11120994,0
1.0,0.76066965,1,0.0,0.09875122,0,0.0,0.029228974,0,0.0,0.06833398,0,0.0,0.05821896,0
0.0,0.11135101,0,1.0,0.45249522,1,0.0,0.13652566,0,0.0,0.5379628,1,1.0,0.12124482,0
1.0,0.9009962,1,0.0,0.0026298661,0,0.0,0.09349198,0,0.0,0.007135252,0,0.0,0.032877427,0
0.0,0.3550506,0,1.0,0.444153,1,0.0,0.11078728,0,0.0,0.024582284,0,0.0,0.15604363,0
1.0,0.7378792,1,0.0,0.05204496,0,0.0,0.15191387,0,0.0,0.061506726,0,0.0,0.0802262,0
1.0,0.89573866,1,0.0,0.0037495007,0,0.0,0.06940859,0,0.0,0.014659625,0,0.0,0.034636866,0
1.0,0.67262644,1,0.0,0.008860524,0,0.0,0.4914921,1,0.0,0.047565714,0,0.0,0.07919329,0
1.0,0.80217785,1,0.0,0.0756899,0,0.0,0.053104427,0,0.0,0.010498013,0,0.0,0.07317053,0
0.0,0.88481575,1,0.0,0.01993423,0,1.0,0.018686397,0,0.0,0.028687187,0,0.0,0.03317734,0
0.0,0.0004688301,0,0.0,0.013890578,0,1.0,0.98754954,1,0.0,0.9170047,1,1.0,0.082169086,0
0.0,0.0023017358,0,0.0,0.41056022,1,1.0,0.43850726,1,1.0,0.91587776,1,1.0,0.20836094,0
0.0,0.000522546,0,1.0,0.27216327,0,0.0,0.47614196,1,1.0,0.97026193,1,0.0,0.15330766,0
0.0,0.37419927,1,0.0,0.029314043,0,0.0,0.06601925,0,1.0,0.5908796,1,0.0,0.040917408,0
1.0,0.8606624,1,0.0,0.0075766896,0,0.0,0.13985375,0,0.0,0.011332736,0,0.0,0.056065675,0
1.0,0.8992102,1,0.0,0.0068945694,0,0.0,0.063178204,0,0.0,0.009367348,0,0.0,0.052022938,0
1.0,0.7121776,1,0.0,0.0033997516,0,0.0,0.040714517,0,0.0,0.26538533,0,0.0,0.032130063,0
0.0,0.0059465156,0,1.0,0.7005797,1,0.0,0.5719087,1,0.0,0.46121344,1,0.0,0.51702017,1
0.0,0.3665523,1,0.0,0.0022137277,0,0.0,0.16906397,0,1.0,0.5727398,1,0.0,0.03748172,0
1.0,0.61187524,1,0.0,0.20735826,0,0.0,0.10794944,0,0.0,0.062241923,0,0.0,0.1294145,0
0.0,0.0007760441,0,0.0,0.18115391,0,0.0,0.65269613,1,1.0,0.9671504,1,0.0,0.12007331,0
1.0,0.9370694,1,0.0,0.0021873012,0,0.0,0.022265768,0,0.0,0.009432137,0,0.0,0.020827252,0
1.0,0.942152,1,0.0,0.00064260676,0,0.0,0.038410094,0,0.0,0.007765209,0,0.0,0.019186668,0
0.0,0.013440427,0,1.0,0.3877082,1,0.0,0.016302165,0,0.0,0.78437907,1,0.0,0.041699734,0
0.0,0.14597732,0,0.0,0.21842776,0,1.0,0.3805524,1,1.0,0.5904281,1,0.0,0.117170155,0
0.0,0.00043783183,0,1.0,0.18681367,0,0.0,0.4315378,1,1.0,0.9778307,1,0.0,0.08078984,0
1.0,0.9566301,1,0.0,0.0018873897,0,0.0,0.009338145,0,0.0,0.005110031,0,0.0,0.015591271,0
1.0,0.56134427,1,0.0,0.0060427664,0,0.0,0.041209687,0,0.0,0.4802546,1,0.0,0.03139972,0
1.0,0.91868174,1,0.0,0.0013587802,0,0.0,0.07545453,0,0.0,0.010000221,0,0.0,0.027637409,0
1.0,0.66555804,1,0.0,0.0040151435,0,0.0,0.125569,0,0.0,0.23293303,0,0.0,0.04463892,0
0.0,0.7235471,1,1.0,0.100999676,0,0.0,0.1465412,0,0.0,0.055531118,0,0.0,0.1175526,0
1.0,0.8248069,1,0.0,0.0009684339,0,0.0,0.023170706,0,0.0,0.1290389,0,0.0,0.018045986,0
1.0,0.9345181,1,0.0,0.0018454549,0,0.0,0.027686646,0,0.0,0.010369771,0,0.0,0.02152092,0
0.0,0.034610122,0,1.0,0.042620838,0,1.0,0.9771781,1,0.0,0.15474111,0,0.0,0.19116712,0
0.0,0.58690095,1,0.0,0.07593438,0,0.0,0.30240726,0,1.0,0.18467334,0,0.0,0.1166413,0
0.0,0.4855765,1,0.0,0.081446506,0,0.0,0.4749362,1,1.0,0.20982876,0,0.0,0.13112639,0
1.0,0.90479386,1,0.0,0.017100772,0,0.0,0.01618858,0,0.0,0.006957503,0,0.0,0.035581924,0
1.0,0.57078815,1,0.0,0.03315709,0,0.0,0.14448045,0,0.0,0.33780816,0,0.0,0.09062673,0
1.0,0.43137226,1,0.0,0.08161558,0,1.0,0.35661724,0,0.0,0.37681097,0,0.0,0.1483449,0
1.0,0.39627734,1,0.0,0.47139245,1,0.0,0.018802185,0,0.0,0.024432953,0,0.0,0.070996605,0
1.0,0.92955405,1,0.0,0.0030189997,0,0.0,0.010850377,0,0.0,0.018534824,0,0.0,0.018017618,0
1.0,0.5619629,1,0.0,0.03590783,0,0.0,0.39220494,1,0.0,0.18876646,0,0.0,0.10747671,0
0.0,0.7343035,1,0.0,0.0907269,0,0.0,0.0791897,0,1.0,0.055420943,0,0.0,0.08264558,0
1.0,0.9658083,1,0.0,0.0007172081,0,0.0,0.011895328,0,0.0,0.002630644,0,0.0,0.011982994,0
0.0,0.003391509,0,0.0,0.009964448,0,1.0,0.9987224,1,0.0,0.032510333,0,1.0,0.110702865,0
0.0,0.06953098,0,0.0,0.009873555,0,0.0,0.1439712,0,1.0,0.90751916,1,0.0,0.03238484,0
0.0,0.009856694,0,1.0,0.5953967,1,0.0,0.2792252,0,1.0,0.8121189,1,1.0,0.3798881,1
1.0,0.92424524,1,0.0,0.003773565,0,0.0,0.028016107,0,0.0,0.011916611,0,0.0,0.028294927,0
1.0,0.6033738,1,0.0,0.19126552,0,0.0,0.15890358,0,0.0,0.0563939,0,0.0,0.13095869,0
0.0,0.062164333,0,0.0,0.016237682,0,1.0,0.9813231,1,1.0,0.04086142,0,0.0,0.13304386,0
0.0,0.7044673,1,0.0,0.009219692,0,0.0,0.41251013,1,0.0,0.06048922,0,1.0,0.078294486,0
1.0,0.8408938,1,0.0,0.012819971,0,0.0,0.09995037,0,0.0,0.025019292,0,0.0,0.055648968,0
1.0,0.89676195,1,0.0,0.010744976,0,0.0,0.055929285,0,0.0,0.0047420976,0,0.0,0.046824053,0
1.0,0.93849534,1,0.0,0.0018150139,0,0.0,0.021264832,0,0.0,0.010178844,0,0.0,0.01938347,0
0.0,0.6205515,1,1.0,0.2944078,0,0.0,0.007017199,0,0.0,0.026280614,0,0.0,0.043690894,0
1.0,0.87419033,1,0.0,0.021941267,0,0.0,0.03452074,0,0.0,0.02240869,0,0.0,0.0496827,0
0.0,0.00069330964,0,0.0,0.14736725,0,1.0,0.86391556,1,1.0,0.9542183,1,0.0,0.14163375,0
0.0,0.74298394,1,1.0,0.04383944,0,0.0,0.14864816,0,0.0,0.007415583,0,1.0,0.11058256,0
0.0,0.7489536,1,1.0,0.1880205,0,0.0,0.0033770553,0,0.0,0.005993281,0,0.0,0.033276994,0
0.0,0.058175813,0,1.0,0.33691466,1,0.0,0.09270546,0,0.0,0.7493536,1,0.0,0.10150248,0
0.0,0.00041518832,0,1.0,0.86844784,1,0.0,0.21238096,0,1.0,0.7846036,1,0.0,0.50300395,1
0.0,0.0029673805,0,0.0,0.9313651,1,0.0,0.065982364,0,0.0,0.18905498,0,1.0,0.41885397,1
1.0,0.89411145,1,0.0,0.0049287393,0,0.0,0.076756015,0,0.0,0.008649499,0,0.0,0.036316257,0
1.0,0.94226557,1,0.0,0.002159999,0,0.0,0.025204768,0,0.0,0.004702006,0,0.0,0.023317374,0
1.0,0.8493376,1,0.0,0.005098137,0,0.0,0.04088738,0,0.0,0.06934141,0,0.0,0.035004362,0
1.0,0.8130659,1,0.0,0.04471967,0,0.0,0.05181479,0,0.0,0.0641292,0,0.0,0.06403831,0
1.0,0.9441727,1,0.0,0.005394833,0,0.0,0.008055039,0,0.0,0.006147582,0,0.0,0.019003196,0
1.0,0.099413335,0,0.0,0.015871273,0,0.0,0.36782318,0,0.0,0.81594926,1,0.0,0.063923776,0
1.0,0.87034607,1,0.0,0.01830182,0,0.0,0.05672318,0,0.0,0.01643438,0,0.0,0.054201223,0
0.0,0.0012454938,0,0.0,0.07388012,0,1.0,0.9810378,1,0.0,0.798305,1,1.0,0.11390607,0
0.0,0.6745292,1,0.0,0.083565176,0,1.0,0.23294318,0,0.0,0.030282168,0,0.0,0.10171875,0
1.0,0.73319507,1,0.0,0.026713777,0,0.0,0.257758,0,0.0,0.051849566,0,0.0,0.0904071,0
1.0,0.8899885,1,0.0,0.00625736,0,0.0,0.030648733,0,0.0,0.036145084,0,0.0,0.030840898,0
1.0,0.7431911,1,0.0,0.14761557,0,0.0,0.023327498,0,0.0,0.024550393,0,0.0,0.07336333,0
1.0,0.800923,1,0.0,0.005751534,0,0.0,0.27216697,0,0.0,0.024380628,0,0.0,0.054883543,0
1.0,0.36702043,1,0.0,0.47252825,1,0.0,0.04953287,0,0.0,0.033506706,0,0.0,0.09619365,0
1.0,0.8797802,1,0.0,0.004893278,0,0.0,0.102069154,0,0.0,0.012622684,0,0.0,0.040824845,0
0.0,0.11345497,0,0.0,0.04237759,0,1.0,0.23405913,0,1.0,0.7993462,1,0.0,0.07028548,0
1.0,0.6392073,1,0.0,0.054613676,0,0.0,0.25317347,0,0.0,0.15430081,0,0.0,0.10572606,0
1.0,0.86205596,1,0.0,0.015275654,0,0.0,0.065450184,0,0.0,0.021370817,0,0.0,0.055287413,0
1.0,0.80112356,1,0.0,0.057635974,0,0.0,0.042160377,0,0.0,0.06448292,0,0.0,0.066497415,0
0.0,0.005005143,0,0.0,0.017946115,0,1.0,0.9962548,1,1.0,0.19692251,0,0.0,0.12748986,0
1.0,0.8416245,1,0.0,0.009475839,0,0.0,0.08952456,0,0.0,0.039558154,0,0.0,0.04577011,0
1.0,0.41605136,1,0.0,0.014649564,0,0.0,0.076642856,0,0.0,0.56094676,1,0.0,0.040737,0
0.0,0.082533926,0,0.0,0.12517166,0,1.0,0.9016677,1,0.0,0.23212068,0,0.0,0.20763594,0
0.0,0.0857922,0,1.0,0.6250213,1,0.0,0.36776966,0,0.0,0.119529374,0,1.0,0.26720718,1
1.0,0.7274764,1,0.0,0.089100376,0,0.0,0.052758433,0,0.0,0.11084648,0,0.0,0.07633108,0
0.0,0.014459006,0,1.0,0.4358696,1,1.0,0.2141524,0,1.0,0.80151534,1,0.0,0.13039136,0
1.0,0.86412436,1,0.0,0.003056195,0,0.0,0.14605975,0,0.0,0.017572222,0,0.0,0.037075758,0
0.0,0.045597978,0,1.0,0.7080937,1,0.0,0.037151262,0,0.0,0.22382008,0,0.0,0.13430455,0
0.0,0.29033,0,1.0,0.48647746,1,0.0,0.22168827,0,0.0,0.1662378,0,1.0,0.19874413,0
1.0,0.8746251,1,0.0,0.007570528,0,0.0,0.061474647,0,0.0,0.025633253,0,0.0,0.038800273,0
0.0,0.031357724,0,0.0,0.0977387,0,1.0,0.9604043,1,0.0,0.21399713,0,0.0,0.21897748,0
0.0,0.006858722,0,0.0,0.011112986,0,1.0,0.9971365,1,0.0,0.033408407,0,0.0,0.13555539,0
0.0,0.8564455,1,0.0,0.022321707,0,0.0,0.045116145,0,0.0,0.025315128,0,1.0,0.057322565,0
0.0,0.0033464164,0,1.0,0.7926775,1,0.0,0.4578004,1,1.0,0.5767928,1,0.0,0.4485018,1
1.0,0.9257467,1,0.0,0.004020005,0,0.0,0.02006475,0,0.0,0.013839165,0,0.0,0.022375891,0
1.0,0.8764445,1,0.0,0.0070761703,0,0.0,0.08743745,0,0.0,0.012878378,0,0.0,0.044958174,0
0.0,0.48603442,1,1.0,0.2755431,0,0.0,0.04858612,0,0.0,0.15587856,0,0.0,0.0672302,0
0.0,0.82195485,1,1.0,0.059707735,0,0.0,0.035355233,0,0.0,0.025756078,0,0.0,0.057127234,0
1.0,0.95205307,1,0.0,0.00093203504,0,0.0,0.026096491,0,0.0,0.004301099,0,0.0,0.018578462,0
0.0,0.0029121132,0,1.0,0.92957205,1,0.0,0.17402598,0,0.0,0.18460095,0,0.0,0.48620096,1
1.0,0.7342877,1,0.0,0.004759668,0,0.0,0.06611742,0,0.0,0.1845457,0,0.0,0.033447824,0
1.0,0.7983762,1,0.0,0.0071702767,0,0.0,0.055839427,0,0.0,0.10800051,0,0.0,0.036660675,0
0.0,0.04863695,0,1.0,0.6512463,1,0.0,0.037763614,0,1.0,0.27042046,0,0.0,0.08139066,0
0.0,0.017729064,0,0.0,0.29743093,0,0.0,0.8342567,1,1.0,0.514269,1,0.0,0.122905396,0
1.0,0.9548914,1,0.0,0.0009821366,0,0.0,0.025311729,0,0.0,0.003092272,0,0.0,0.018264718,0
0.0,0.0026622885,0,0.0,0.7791598,1,0.0,0.6280631,1,1.0,0.40974516,0,0.0,0.3354448,1
1.0,0.35824051,0,0.0,0.18800658,0,0.0,0.05619635,0,0.0,0.4183725,0,0.0,0.073721446,0
0.0,0.010370339,0,1.0,0.43478635,1,0.0,0.4098222,1,1.0,0.8292826,1,1.0,0.26604873,1
0.0,0.09216308,0,0.0,0.38585806,1,0.0,0.5845527,1,1.0,0.41133052,0,0.0,0.20814668,0
0.0,0.20650423,0,0.0,0.32786444,1,0.0,0.04832214,0,1.0,0.4209933,0,0.0,0.07087259,0
1.0,0.90075344,1,0.0,0.014067661,0,0.0,0.013752949,0,0.0,0.02656554,0,0.0,0.031284116,0
1.0,0.9194411,1,0.0,0.009380078,0,0.0,0.018321188,0,0.0,0.009523381,0,0.0,0.029607315,0
0.0,0.024362631,0,0.0,0.3030004,0,1.0,0.8208211,1,1.0,0.45140553,1,0.0,0.12102123,0
1.0,0.7580561,1,0.0,0.0056233713,0,0.0,0.4358938,1,0.0,0.012850802,0,0.0,0.06024387,0
1.0,0.7459217,1,0.0,0.12991051,0,0.0,0.0127227865,0,0.0,0.041001156,0,0.0,0.03855145,0
0.0,0.8401532,1,1.0,0.04560676,0,0.0,0.030700129,0,0.0,0.02110993,0,0.0,0.05664524,0
0.0,0.7138265,1,0.0,0.008426107,0,0.0,0.040286355,0,1.0,0.25346637,0,0.0,0.034367837,0
0.0,0.14696902,0,0.0,0.0072673205,0,1.0,0.95115244,1,0.0,0.1203816,0,0.0,0.11228416,0
1.0,0.4939767,1,0.0,0.011307792,0,0.0,0.8051802,1,0.0,0.021325972,0,0.0,0.110091805,0
0.0,0.044176817,0,1.0,0.63842535,1,0.0,0.12615296,0,0.0,0.4846747,1,0.0,0.14377075,0
0.0,0.6882794,1,0.0,0.06848443,0,0.0,0.14091066,0,1.0,0.12116034,0,0.0,0.099104054,0
1.0,0.9260458,1,0.0,0.002208517,0,0.0,0.013639697,0,0.0,0.021081746,0,0.0,0.019030819,0
0.0,0.0061583277,0,1.0,0.42531076,1,1.0,0.8368655,1,1.0,0.525109,1,0.0,0.16998032,0
0.0,0.36321232,1,1.0,0.5191997,1,0.0,0.0111414865,0,0.0,0.03125629,0,0.0,0.06440307,0
0.0,0.00028063715,0,1.0,0.4334652,1,0.0,0.17940173,0,1.0,0.9751771,1,1.0,0.20120287,0
1.0,0.90946573,1,0.0,0.004440858,0,0.0,0.018543135,0,0.0,0.027162861,0,0.0,0.023743981,0
0.0,0.004422838,0,1.0,0.08084243,0,0.0,0.19139662,0,1.0,0.9712497,1,0.0,0.05847453,0
0.0,0.0028242667,0,1.0,0.32309034,1,1.0,0.94718313,1,0.0,0.45891187,1,0.0,0.14898057,0
0.0,0.0323077,0,1.0,0.7757154,1,0.0,0.08041214,0,1.0,0.2805435,0,1.0,0.23621732,1
0.0,0.014374329,0,0.0,0.19740765,0,1.0,0.8015789,1,1.0,0.7569988,1,0.0,0.17732441,0
1.0,0.27086574,0,0.0,0.4692391,1,1.0,0.11811128,0,0.0,0.014957053,0,0.0,0.1351587,0
0.0,0.150942,0,0.0,0.011243495,0,1.0,0.959349,1,0.0,0.05980966,0,0.0,0.12436379,0
0.0,0.87620485,1,0.0,0.01008177,0,0.0,0.050818756,0,0.0,0.025863094,0,1.0,0.037004765,0
1.0,0.89756715,1,0.0,0.01732789,0,0.0,0.016993066,0,0.0,0.017249137,0,0.0,0.036047645,0
0.0,0.0025666312,0,0.0,0.25205246,0,1.0,0.9430864,1,1.0,0.66809297,1,0.0,0.15570652,0
0.0,0.87143433,1,0.0,0.045776866,0,0.0,0.010051886,0,0.0,0.005385855,0,1.0,0.039191436,0
0.0,0.5128,1,0.0,0.30861595,0,0.0,0.044001717,0,0.0,0.13426422,0,1.0,0.07558939,0
1.0,0.8820469,1,0.0,0.027151626,0,0.0,0.017088009,0,0.0,0.019881567,0,0.0,0.04184823,0
1.0,0.790662,1,0.0,0.02150213,0,0.0,0.21376635,0,0.0,0.015680442,0,0.0,0.08498243,0
0.0,0.6441053,1,0.0,0.08120806,0,1.0,0.23634519,0,0.0,0.06952937,0,1.0,0.13881774,0
1.0,0.888869,1,0.0,0.019174231,0,0.0,0.028175117,0,0.0,0.012726482,0,0.0,0.043403927,0
1.0,0.80617625,1,0.0,0.03765755,0,0.0,0.13439406,0,0.0,0.01755979,0,0.0,0.086039595,0
0.0,0.754424,1,0.0,0.081124194,0,1.0,0.09824725,0,0.0,0.024047438,0,0.0,0.09289171,0
0.0,0.00026607778,0,0.0,0.118874304,0,0.0,0.07926603,0,1.0,0.992466,1,0.0,0.04649632,0
0.0,0.0642564,0,0.0,0.16934514,0,0.0,0.062979005,0,1.0,0.833607,1,0.0,0.06525016,0
0.0,0.011499826,0,0.0,0.00527745,0,1.0,0.99751496,1,0.0,0.037660368,0,0.0,0.10793994,0
1.0,0.40141374,1,0.0,0.046904977,0,0.0,0.7311027,1,0.0,0.028455056,0,0.0,0.15696394,0
0.0,0.4830667,1,0.0,0.0019202636,0,1.0,0.6558553,1,0.0,0.11347443,0,0.0,0.05827237,0
0.0,0.14382349,0,1.0,0.35549703,1,0.0,0.07552795,0,0.0,0.5368844,1,0.0,0.1193229,0
0.0,0.00042045416,0,1.0,0.6153866,1,1.0,0.95745,1,0.0,0.22542672,0,0.0,0.22731537,0
0.0,0.5533966,1,0.0,0.113357365,0,0.0,0.12741284,0,1.0,0.36920246,0,1.0,0.14711678,0
0.0,0.0065723234,0,1.0,0.6509966,1,0.0,0.41907582,1,1.0,0.72647864,1,1.0,0.32887673,1
1.0,0.53919625,1,0.0,0.30408913,0,0.0,0.057039086,0,0.0,0.021488491,0,0.0,0.13069111,0
1.0,0.86602175,1,0.0,0.009874851,0,0.0,0.016435029,0,0.0,0.06173222,0,0.0,0.026969166,0
0.0,0.020506794,0,0.0,0.24541432,0,0.0,0.042736124,0,1.0,0.87498736,1,0.0,0.060133364,0
1.0,0.48999578,1,0.0,0.06782596,0,0.0,0.084395595,0,0.0,0.4285069,0,0.0,0.069725536,0
0.0,0.0017772694,0,1.0,0.943133,1,0.0,0.05597688,0,0.0,0.19384788,0,0.0,0.3720502,1
0.0,0.001018272,0,0.0,0.13498919,0,0.0,0.14572842,0,1.0,0.979855,1,0.0,0.044941302,0
1.0,0.10551519,0,0.0,0.0040351446,0,0.0,0.07543478,0,0.0,0.89995354,1,0.0,0.023057384,0
0.0,0.00065881736,0,1.0,0.5833119,1,0.0,0.1510514,0,1.0,0.9455515,1,1.0,0.28825626,1
0.0,0.1984069,0,0.0,0.0038642595,0,0.0,0.09509334,0,1.0,0.8065563,1,1.0,0.026804088,0
0.0,0.015326614,0,1.0,0.819174,1,0.0,0.03429987,0,0.0,0.22249064,0,0.0,0.1453044,0
0.0,0.003306787,0,0.0,0.17249826,0,0.0,0.32832104,0,1.0,0.94798476,1,0.0,0.06985775,0
0.0,0.14678143,0,1.0,0.42581394,1,1.0,0.43466336,1,1.0,0.25936064,0,0.0,0.16089848,0
1.0,0.797424,1,0.0,0.0022746648,0,0.0,0.08182605,0,0.0,0.114063755,0,0.0,0.03346736,0
0.0,0.23922671,0,0.0,0.021519218,0,0.0,0.069222465,0,1.0,0.7533902,1,0.0,0.036457,0
1.0,0.10126683,0,0.0,0.21466424,0,0.0,0.77895,1,0.0,0.31862092,0,0.0,0.14444268,0
0.0,0.4076819,1,1.0,0.4523337,1,0.0,0.13810527,0,0.0,0.1115397,0,0.0,0.23212792,1
1.0,0.8073589,1,0.0,0.020543633,0,0.0,0.12038632,0,0.0,0.043407626,0,0.0,0.06977004,0
0.0,0.08674748,0,0.0,0.09040089,0,0.0,0.217174,0,1.0,0.827097,1,1.0,0.08795731,0
0.0,0.031950716,0,0.0,0.06444569,0,0.0,0.10089558,0,1.0,0.91947424,1,0.0,0.0372296,0
1.0,0.8845089,1,0.0,0.0039682817,0,0.0,0.11091573,0,0.0,0.009281978,0,0.0,0.040629584,0
0.0,0.00040839062,0,0.0,0.03633012,0,0.0,0.2329968,0,1.0,0.99353266,1,0.0,0.027313905,0
0.0,0.00051161594,0,1.0,0.8033377,1,0.0,0.19531976,0,1.0,0.8559031,1,1.0,0.58851963,1
0.0,0.0004003366,0,1.0,0.7515175,1,1.0,0.27850756,0,1.0,0.89137304,1,0.0,0.4878113,1
1.0,0.6806185,1,0.0,0.008646859,0,0.0,0.04431473,0,0.0,0.26836202,0,0.0,0.035282187,0
0.0,0.29866207,0,0.0,0.08796777,0,0.0,0.04564335,0,1.0,0.59831333,1,0.0,0.048406452,0
0.0,0.004706384,0,1.0,0.23977467,0,1.0,0.95233893,1,0.0,0.4723976,1,0.0,0.13255928,0
0.0,0.00055836287,0,1.0,0.91902786,1,0.0,0.19909096,0,0.0,0.5492262,1,0.0,0.53076786,1
0.0,0.0020339969,0,1.0,0.8844247,1,0.0,0.08265127,0,0.0,0.4915454,1,0.0,0.32965878,1
1.0,0.9486384,1,0.0,0.0016747852,0,0.0,0.012100671,0,0.0,0.00919095,0,0.0,0.01609637,0
1.0,0.30720615,0,0.0,0.0066556493,0,0.0,0.42128557,1,0.0,0.50611275,1,0.0,0.06613637,0
0.0,0.12071394,0,1.0,0.68660414,1,0.0,0.037577894,0,0.0,0.11377631,0,0.0,0.1573431,0
0.0,0.011168533,0,1.0,0.75502175,1,1.0,0.5210433,1,0.0,0.33801523,0,0.0,0.30278337,1
1.0,0.86839896,1,0.0,0.02258814,0,0.0,0.03742501,0,0.0,0.025528338,0,0.0,0.050390445,0
0.0,0.0010353043,0,0.0,0.042279996,0,1.0,0.9746977,1,0.0,0.8513098,1,0.0,0.06654974,0
0.0,0.01599053,0,0.0,0.6795408,1,1.0,0.67123437,1,0.0,0.25496364,0,0.0,0.30448446,1
1.0,0.91772693,1,0.0,0.0032273848,0,0.0,0.062809385,0,0.0,0.006755514,0,0.0,0.038485933,0
0.0,0.07688611,0,0.0,0.0052885506,0,0.0,0.046672802,0,1.0,0.93147165,1,0.0,0.01871815,0
1.0,0.8796554,1,0.0,0.016685704,0,0.0,0.011909444,0,0.0,0.042278066,0,0.0,0.02979135,0
1.0,0.9075155,1,0.0,0.0064380816,0,0.0,0.017926618,0,0.0,0.02558762,0,0.0,0.02661016,0
1.0,0.8260135,1,0.0,0.0020487616,0,0.0,0.08015582,0,0.0,0.07495648,0,0.0,0.0372982,0
1.0,0.821379,1,0.0,0.029866492,0,0.0,0.04089798,0,0.0,0.07222694,0,0.0,0.04880611,0
1.0,0.78064024,1,0.0,0.01774661,0,0.0,0.028037274,0,0.0,0.15722638,0,0.0,0.042084653,0
0.0,0.016020095,0,1.0,0.887494,1,0.0,0.05788236,0,0.0,0.054016367,0,1.0,0.18016666,0
1.0,0.90582824,1,0.0,0.0061119967,0,0.0,0.014846949,0,0.0,0.029553965,0,0.0,0.023306802,0
1.0,0.89382565,1,0.0,0.01368214,0,0.0,0.029742366,0,0.0,0.013935921,0,0.0,0.03426523,0
1.0,0.65482545,1,0.0,0.203786,0,0.0,0.05165391,0,0.0,0.033531316,0,0.0,0.10921954,0
1.0,0.44109625,1,0.0,0.009773921,0,0.0,0.026901273,0,0.0,0.6018362,1,0.0,0.024702888,0
0.0,0.7705011,1,0.0,0.08853765,0,0.0,0.031062704,0,0.0,0.013943189,0,1.0,0.07834681,0
1.0,0.7064148,1,0.0,0.13741705,0,0.0,0.015754825,0,0.0,0.066520594,0,0.0,0.045399666,0
0.0,0.008783749,0,1.0,0.76042444,1,0.0,0.31084087,0,0.0,0.53739315,1,0.0,0.29617414,1
1.0,0.9154356,1,0.0,0.005539056,0,0.0,0.017015805,0,0.0,0.01988924,0,0.0,0.024797479,0
1.0,0.6122797,1,0.0,0.0013343628,0,1.0,0.78706443,1,0.0,0.011357505,0,0.0,0.053368893,0
0.0,0.01431321,0,1.0,0.82655907,1,0.0,0.08849382,0,0.0,0.31729114,0,0.0,0.17499459,0
1.0,0.1611931,0,0.0,0.0024633785,0,0.0,0.06452886,0,0.0,0.8495232,1,0.0,0.021393282,0
0.0,0.00020280569,0,1.0,0.7915962,1,0.0,0.13660097,0,1.0,0.91769993,1,0.0,0.430791,1
1.0,0.9261821,1,0.0,0.0071872114,0,0.0,0.011011728,0,0.0,0.014468106,0,0.0,0.021527654,0
0.0,0.006998226,0,1.0,0.40546438,1,0.0,0.09866614,0,1.0,0.8987081,1,1.0,0.13491316,0
1.0,0.9041583,1,0.0,0.0035237398,0,0.0,0.050828487,0,0.0,0.017994395,0,0.0,0.035353657,0
0.0,0.044688568,0,1.0,0.8274271,1,0.0,0.05831356,0,0.0,0.096946426,0,0.0,0.1935028,0
1.0,0.7988318,1,0.0,0.061248027,0,0.0,0.06561652,0,0.0,0.04647769,0,0.0,0.06439534,0
1.0,0.70003235,1,0.0,0.0034429072,0,0.0,0.05447204,0,0.0,0.27634788,0,0.0,0.029989917,0
1.0,0.9586641,1,0.0,0.0016903155,0,0.0,0.022265468,0,0.0,0.0011990932,0,0.0,0.021862874,0
1.0,0.92788035,1,0.0,0.004940737,0,0.0,0.021323912,0,0.0,0.009509416,0,0.0,0.028844822,0
0.0,0.0018017465,0,1.0,0.7904069,1,1.0,0.7580483,1,0.0,0.26408544,0,1.0,0.3035284,1
0.0,0.0010299064,0,1.0,0.5540047,1,1.0,0.88372076,1,0.0,0.47090068,1,1.0,0.19898732,0
1.0,0.5213785,1,0.0,0.31070575,0,0.0,0.045569472,0,0.0,0.11512385,0,0.0,0.07799312,0
1.0,0.9464103,1,0.0,0.0031572971,0,0.0,0.0134653095,0,0.0,0.0060062087,0,0.0,0.01969503,0
0.0,0.0015382065,0,0.0,0.048853315,0,1.0,0.99529254,1,1.0,0.45167235,1,1.0,0.13597971,0
0.0,0.0008362015,0,0.0,0.13050224,0,1.0,0.9479678,1,1.0,0.8988345,1,0.0,0.11717342,0
0.0,0.79700875,1,0.0,0.024124393,0,0.0,0.07374104,0,0.0,0.08027545,0,1.0,0.054649808,0
0.0,0.3361106,0,0.0,0.26727572,0,0.0,0.50870055,1,0.0,0.26749298,0,1.0,0.19810821,0
0.0,0.00028496614,0,1.0,0.5035191,1,0.0,0.5536895,1,1.0,0.94240946,1,0.0,0.30514225,1
0.0,0.0018744601,0,1.0,0.87619346,1,1.0,0.41319993,1,1.0,0.3203044,0,1.0,0.3058195,1
0.0,0.40414175,1,0.0,0.2470153,0,0.0,0.07059337,0,1.0,0.2562799,0,0.0,0.07304806,0
0.0,0.80445296,1,0.0,0.0048482963,0,0.0,0.04912709,0,1.0,0.11602462,0,0.0,0.037763424,0
0.0,0.00019156131,0,0.0,0.4233201,1,0.0,0.36638132,0,1.0,0.9726254,1,0.0,0.18817616,0
0.0,0.019975338,0,1.0,0.78442955,1,0.0,0.01898427,0,0.0,0.17807682,0,0.0,0.08885874,0
0.0,0.0062766117,0,0.0,0.06844794,0,1.0,0.98735726,1,0.0,0.37806547,0,1.0,0.15212527,0
1.0,0.93501335,1,0.0,0.0027479082,0,0.0,0.02076945,0,0.0,0.010497464,0,0.0,0.021594917,0
1.0,0.71944046,1,0.0,0.024617638,0,0.0,0.28709525,0,0.0,0.017823821,0,0.0,0.090151235,0
1.0,0.9240852,1,0.0,0.0068789185,0,0.0,0.018940635,0,0.0,0.010254824,0,0.0,0.029572265,0
0.0,0.010417493,0,0.0,0.09582172,0,1.0,0.9664196,1,0.0,0.48428082,1,0.0,0.16037673,0
0.0,0.5515218,1,0.0,0.058164332,0,0.0,0.46756306,1,0.0,0.028605549,0,1.0,0.15209222,0
0.0,0.011648086,0,0.0,0.6825552,1,1.0,0.5688515,1,1.0,0.36488232,0,0.0,0.1995995,0
1.0,0.8107324,1,0.0,0.044000596,0,0.0,0.0778842,0,0.0,0.036321998,0,0.0,0.072214596,0
0.0,0.00091050315,0,1.0,0.58806145,1,0.0,0.61048025,1,1.0,0.8382395,1,1.0,0.37370852,1
0.0,0.7193304,1,0.0,0.035140086,0,1.0,0.13702558,0,0.0,0.096432745,0,0.0,0.06853277,0
1.0,0.80677843,1,0.0,0.018751409,0,0.0,0.051303543,0,0.0,0.08996147,0,0.0,0.044256963,0
1.0,0.8593663,1,0.0,0.03737679,0,0.0,0.021670703,0,0.0,0.017420081,0,0.0,0.048771553,0
0.0,0.0037465063,0,1.0,0.8615982,1,0.0,0.064090855,0,1.0,0.4656847,1,1.0,0.33065435,1
0.0,0.0128162,0,0.0,0.041369304,0,1.0,0.97093797,1,0.0,0.5001628,1,0.0,0.119489715,0
0.0,0.001501393,0,1.0,0.9093004,1,1.0,0.30159575,0,0.0,0.41519743,0,1.0,0.5159036,1
0.0,0.005140545,0,1.0,0.25573722,0,0.0,0.59080005,1,1.0,0.900306,1,1.0,0.16535205,0
0.0,0.5045383,1,0.0,0.30248564,0,1.0,0.15412109,0,1.0,0.16033037,0,0.0,0.1748031,0
1.0,0.87113756,1,0.0,0.00586314,0,0.0,0.085079536,0,0.0,0.022972558,0,0.0,0.047758214,0
0.0,0.007150926,0,1.0,0.8349163,1,0.0,0.29084486,0,1.0,0.32689065,0,0.0,0.22743215,0
0.0,0.015147877,0,0.0,0.009647689,0,1.0,0.99543273,1,0.0,0.06248266,0,1.0,0.12646192,0
1.0,0.86568695,1,0.0,0.025647622,0,0.0,0.038875878,0,0.0,0.018521193,0,0.0,0.04509458,0
0.0,0.9153422,1,0.0,0.0061125816,0,0.0,0.029781587,0,1.0,0.009643752,0,0.0,0.02972444,0
1.0,0.88941866,1,0.0,0.008593412,0,0.0,0.064561345,0,0.0,0.00972545,0,0.0,0.04249728,0
0.0,0.14006664,0,0.0,0.6970022,1,0.0,0.07114349,0,0.0,0.053278014,0,1.0,0.2736141,1
0.0,0.00473529,0,1.0,0.00970266,0,1.0,0.99783665,1,0.0,0.042650055,0,1.0,0.14072172,0
0.0,0.00086396,0,1.0,0.1959092,0,1.0,0.9924096,1,0.0,0.21235237,0,0.0,0.1710456,0
1.0,0.047657836,0,0.0,0.76641995,1,0.0,0.1721158,0,0.0,0.05691503,0,0.0,0.15159194,0
0.0,0.023390615,0,1.0,0.8527547,1,0.0,0.021669723,0,0.0,0.07334829,0,0.0,0.14267758,0
0.0,0.00079697603,0,1.0,0.2848963,0,1.0,0.9878969,1,0.0,0.24309912,0,1.0,0.20473656,0
0.0,0.019205566,0,0.0,0.0456883,0,1.0,0.9834631,1,0.0,0.1279988,0,0.0,0.19225906,0
0.0,0.23854816,0,1.0,0.50315714,1,0.0,0.082098395,0,0.0,0.19060059,0,0.0,0.10603278,0
0.0,0.3977429,1,0.0,0.051433362,0,0.0,0.7009429,1,1.0,0.07050735,0,0.0,0.15265816,0
0.0,0.21010995,0,1.0,0.23888442,0,0.0,0.027580949,0,0.0,0.45778102,1,0.0,0.04999418,0
0.0,0.064364836,0,1.0,0.68716204,1,0.0,0.114017315,0,1.0,0.3157167,0,0.0,0.12336039,0
0.0,0.007917975,0,1.0,0.91354036,1,0.0,0.03577667,0,0.0,0.08152024,0,0.0,0.4174166,1
0.0,0.0078514675,0,0.0,0.09071155,0,1.0,0.9812974,1,1.0,0.37696078,0,0.0,0.15474887,0
0.0,0.0017117359,0,1.0,0.411445,1,1.0,0.84299165,1,0.0,0.7674198,1,1.0,0.29107168,1
0.0,0.12545879,0,0.0,0.46866402,1,1.0,0.53630596,1,0.0,0.14286587,0,0.0,0.17847052,0
1.0,0.8525023,1,0.0,0.0035682535,0,0.0,0.009978472,0,0.0,0.116369754,0,0.0,0.022230335,0
0.0,0.91191673,1,0.0,0.0052794376,0,0.0,0.02730875,0,0.0,0.01881463,0,1.0,0.030458117,0
0.0,0.22910357,0,1.0,0.70460105,1,0.0,0.023285806,0,0.0,0.011294164,0,0.0,0.11389866,0
1.0,0.80706376,1,0.0,0.0034088565,0,0.0,0.079609685,0,0.0,0.09357527,0,0.0,0.036046676,0
0.0,0.7967724,1,0.0,0.021826291,0,0.0,0.10679558,0,0.0,0.061360095,0,1.0,0.07151181,0
0.0,0.0029715397,0,0.0,0.45939907,1,1.0,0.93937486,1,1.0,0.1482072,0,0.0,0.12830503,0
1.0,0.1427919,0,0.0,0.3184517,0,0.0,0.07704224,0,0.0,0.52807033,1,0.0,0.115053795,0
0.0,0.017114403,0,0.0,0.03277204,0,1.0,0.98431337,1,1.0,0.31173962,0,0.0,0.1496426,0
1.0,0.7037786,1,0.0,0.0035795083,0,0.0,0.18326807,0,0.0,0.1326788,0,0.0,0.052153226,0
0.0,0.36655346,1,1.0,0.40351772,1,0.0,0.100551,0,0.0,0.1047943,0,0.0,0.10531519,0
1.0,0.93861175,1,0.0,0.0013572915,0,0.0,0.045216706,0,0.0,0.0045725317,0,0.0,0.025592847,0
0.0,0.0003489258,0,1.0,0.49409044,1,1.0,0.9093159,1,0.0,0.70714736,1,0.0,0.25188777,1
1.0,0.6734259,1,0.0,0.17732799,0,0.0,0.033552885,0,0.0,0.05351907,0,0.0,0.067108475,0
1.0,0.9275236,1,0.0,0.0013603262,0,0.0,0.058969475,0,0.0,0.0067475364,0,0.0,0.02345217,0
0.0,0.73294866,1,0.0,0.028654011,0,0.0,0.026568092,0,1.0,0.16801149,0,0.0,0.04198141,0
1.0,0.8435054,1,0.0,0.0028004423,0,0.0,0.14035234,0,0.0,0.037221234,0,0.0,0.045956697,0
1.0,0.89912474,1,0.0,0.003402975,0,0.0,0.020646775,0,0.0,0.037065204,0,0.0,0.022615567,0
0.0,0.009841387,0,0.0,0.82810044,1,1.0,0.1822506,0,1.0,0.43903086,1,0.0,0.2940273,1
0.0,0.7657003,1,0.0,0.03973052,0,1.0,0.19293311,0,0.0,0.031561516,0,0.0,0.10665854,0
0.0,0.65264004,1,0.0,0.11695973,0,0.0,0.02476291,0,1.0,0.14299616,0,0.0,0.054102927,0
1.0,0.38417646,1,0.0,0.40334177,1,0.0,0.03242041,0,0.0,0.101831414,0,0.0,0.1328363,0
1.0,0.90059286,1,0.0,0.015702656,0,0.0,0.02492939,0,0.0,0.011644299,0,0.0,0.041220408,0
0.0,0.0004928502,0,1.0,0.9665002,1,0.0,0.08605049,0,0.0,0.17031331,0,1.0,0.6515579,1
0.0,0.013555401,0,1.0,0.88582116,1,0.0,0.081986964,0,0.0,0.10026539,0,0.0,0.31447807,1
0.0,0.010422159,0,0.0,0.63191,1,1.0,0.26747,0,1.0,0.73852426,1,0.0,0.22454566,0
1.0,0.8912961,1,0.0,0.0068872334,0,0.0,0.071018755,0,0.0,0.007922441,0,0.0,0.040465966,0
1.0,0.93482894,1,0.0,0.006650787,0,0.0,0.008460207,0,0.0,0.010924651,0,0.0,0.020096904,0
0.0,0.0016801953,0,1.0,0.53145546,1,0.0,0.08592605,0,1.0,0.9210347,1,1.0,0.163256,0
0.0,0.005893563,0,1.0,0.89365023,1,0.0,0.030664872,0,0.0,0.17749943,0,0.0,0.19974999,0
0.0,0.07640028,0,0.0,0.083342746,0,1.0,0.9464215,1,0.0,0.09340874,0,1.0,0.19424617,0
1.0,0.85742545,1,0.0,0.028595733,0,0.0,0.022273883,0,0.0,0.042177424,0,0.0,0.040842596,0
1.0,0.86418533,1,0.0,0.024131507,0,0.0,0.027857076,0,0.0,0.038913865,0,0.0,0.04605428,0
0.0,0.041797154,0,0.0,0.069911,0,0.0,0.07948383,0,1.0,0.9090964,1,0.0,0.04055313,0
0.0,0.00035549773,0,1.0,0.9670187,1,0.0,0.06165799,0,0.0,0.24838611,0,1.0,0.63698864,1
1.0,0.79275966,1,0.0,0.03801129,0,1.0,0.09459578,0,0.0,0.055822875,0,0.0,0.07220021,0
1.0,0.90161896,1,0.0,0.0050302534,0,0.0,0.03697594,0,0.0,0.021765485,0,0.0,0.031142961,0
0.0,0.002124111,0,0.0,0.038247604,0,1.0,0.9899733,1,1.0,0.668064,1,0.0,0.12268426,0
0.0,0.22221172,0,0.0,0.009686958,0,1.0,0.829017,1,1.0,0.23789074,0,0.0,0.09150424,0
0.0,0.3780445,1,0.0,0.40631938,1,0.0,0.024028486,0,0.0,0.0784147,0,1.0,0.08734063,0
0.0,0.10670925,0,0.0,0.018967386,0,0.0,0.41710582,1,1.0,0.8128566,1,0.0,0.08772631,0
0.0,0.00017414652,0,1.0,0.56079155,1,1.0,0.47140768,1,1.0,0.94952637,1,1.0,0.35179585,1
1.0,0.73268706,1,0.0,0.022314169,0,0.0,0.021209417,0,0.0,0.20562753,0,0.0,0.03557321,0
0.0,0.006841081,0,0.0,0.12359245,0,0.0,0.36993384,0,1.0,0.94473106,1,0.0,0.07866222,0
0.0,0.08676724,0,1.0,0.47456595,1,0.0,0.53296566,1,1.0,0.40397304,0,0.0,0.20355543,0
0.0,0.2663043,0,0.0,0.012866467,0,1.0,0.8899651,1,1.0,0.09335945,0,0.0,0.11532643,0
0.0,0.005414675,0,1.0,0.8895057,1,0.0,0.09525649,0,0.0,0.32720935,0,0.0,0.38227084,1
0.0,0.5960675,1,1.0,0.0154930325,0,0.0,0.43015203,1,0.0,0.12446192,0,0.0,0.08695074,0
0.0,0.0015308959,0,0.0,0.008737435,0,1.0,0.3111387,0,1.0,0.9893484,1,0.0,0.023206023,0
0.0,0.0030194146,0,1.0,0.8999091,1,0.0,0.2236973,0,0.0,0.42024332,0,1.0,0.5638419,1
0.0,0.040374674,0,0.0,0.22417805,0,1.0,0.10562568,0,0.0,0.8224297,1,0.0,0.058973815,0
1.0,0.72076803,1,0.0,0.062007897,0,0.0,0.074581444,0,0.0,0.15466788,0,0.0,0.07378385,0
1.0,0.95236325,1,0.0,0.00065856404,0,0.0,0.024039721,0,0.0,0.006537326,0,0.0,0.015660597,0
0.0,0.10974402,0,1.0,0.7014906,1,0.0,0.26921564,0,0.0,0.2817413,0,1.0,0.34576967,1
0.0,0.036449213,0,0.0,0.0042907638,0,1.0,0.993905,1,0.0,0.031184483,0,0.0,0.10541011,0
1.0,0.4872028,1,0.0,0.29476365,0,0.0,0.11511686,0,0.0,0.20858948,0,0.0,0.10225766,0
0.0,0.0007685522,0,0.0,0.6099505,1,0.0,0.24221894,0,1.0,0.929029,1,0.0,0.26296756,1
0.0,0.22089207,0,0.0,0.56286174,1,0.0,0.13877176,0,0.0,0.11036764,0,1.0,0.15335442,0
0.0,0.09973665,0,1.0,0.5498448,1,0.0,0.07358206,0,0.0,0.3729652,0,0.0,0.12355317,0
1.0,0.5246917,1,0.0,0.12644675,0,0.0,0.174002,0,0.0,0.31448486,0,0.0,0.11877205,0
1.0,0.9329465,1,0.0,0.0008567317,0,0.0,0.05013712,0,0.0,0.00898101,0,0.0,0.022540485,0
1.0,0.74065393,1,0.0,0.019875176,0,0.0,0.30550838,0,0.0,0.007718559,0,0.0,0.093902916,0
1.0,0.87005025,1,0.0,0.007937007,0,0.0,0.10749418,0,0.0,0.0093088215,0,0.0,0.055869907,0
0.0,0.15170147,0,1.0,0.57547635,1,0.0,0.074917234,0,0.0,0.22655308,0,0.0,0.1261304,0
0.0,0.01517541,0,0.0,0.72471863,1,0.0,0.3313109,0,1.0,0.6061334,1,0.0,0.34216043,1
0.0,0.07069969,0,0.0,0.43370986,1,1.0,0.7162924,1,0.0,0.21052949,0,0.0,0.1834564,0
0.0,0.00073729013,0,1.0,0.9412349,1,0.0,0.06810255,0,0.0,0.3488296,0,0.0,0.3600175,1
0.0,0.08308234,0,0.0,0.013702297,0,1.0,0.9767452,1,0.0,0.04994025,0,0.0,0.12674886,0
1.0,0.48182258,1,0.0,0.018269213,0,0.0,0.023758214,0,0.0,0.49897856,1,0.0,0.026038159,0
1.0,0.7485167,1,0.0,0.0004558644,0,0.0,0.27450177,0,0.0,0.070210144,0,0.0,0.030586801,0
0.0,0.0005215222,0,0.0,0.05585596,0,1.0,0.98942286,1,1.0,0.82807314,1,0.0,0.13692212,0
1.0,0.8146203,1,0.0,0.045834593,0,0.0,0.04497472,0,0.0,0.065589786,0,0.0,0.05280746,0
0.0,0.0399133,0,1.0,0.7444617,1,0.0,0.24078731,0,0.0,0.373924,0,1.0,0.31078222,1
0.0,0.012052905,0,0.0,0.11081373,0,1.0,0.9818023,1,0.0,0.118138775,0,0.0,0.1504201,0
1.0,0.12414462,0,0.0,0.22608946,0,0.0,0.795619,1,0.0,0.07746429,0,0.0,0.20783927,0
0.0,0.029743165,0,1.0,0.63511395,1,0.0,0.1910265,0,1.0,0.55920297,1,0.0,0.15373854,0
0.0,0.3417964,0,1.0,0.47614875,1,0.0,0.07122395,0,0.0,0.060942136,0,0.0,0.13118213,0
0.0,0.0023627665,0,1.0,0.8952974,1,1.0,0.3418065,0,0.0,0.16699667,0,1.0,0.35509282,1
1.0,0.8099157,1,0.0,0.092043065,0,0.0,0.017012807,0,0.0,0.018028395,0,0.0,0.05213211,0
0.0,0.0009218995,0,0.0,0.74105424,1,0.0,0.1599125,0,1.0,0.87436056,1,1.0,0.26691666,1
1.0,0.86652493,1,0.0,0.014195083,0,0.0,0.041601684,0,0.0,0.037011404,0,0.0,0.039608717,0
0.0,0.8696444,1,0.0,0.019166507,0,0.0,0.0489743,0,0.0,0.018099377,0,1.0,0.05305357,0
1.0,0.90504307,1,0.0,0.0029383656,0,0.0,0.019658973,0,0.0,0.0342046,0,0.0,0.023991484,0
0.0,0.78521925,1,1.0,0.04530804,0,0.0,0.095818296,0,0.0,0.049256504,0,0.0,0.07565667,0
0.0,0.009550464,0,1.0,0.85307896,1,0.0,0.05051623,0,0.0,0.26546246,0,0.0,0.21284032,0
0.0,0.02985947,0,1.0,0.49276486,1,1.0,0.6451748,1,0.0,0.27604318,0,0.0,0.11994049,0
1.0,0.7785732,1,0.0,0.041589495,0,1.0,0.06788692,0,0.0,0.08848647,0,0.0,0.0694255,0
1.0,0.9565759,1,0.0,0.0031269065,0,0.0,0.00989371,0,0.0,0.0023579574,0,0.0,0.018777581,0
0.0,0.73198867,1,1.0,0.045991085,0,0.0,0.12712032,0,0.0,0.106556766,0,0.0,0.075101346,0
1.0,0.6194739,1,0.0,0.2578289,0,0.0,0.032480117,0,0.0,0.027735325,0,0.0,0.095526226,0
1.0,0.94119424,1,0.0,0.003694132,0,0.0,0.008533665,0,0.0,0.012968946,0,0.0,0.016782414,0
0.0,0.0055645816,0,1.0,0.113511756,0,1.0,0.98403823,1,1.0,0.14252123,0,1.0,0.26052395,1
0.0,0.0072241267,0,1.0,0.85853904,1,0.0,0.03832192,0,0.0,0.28607306,0,1.0,0.19755405,0
0.0,0.0052069123,0,0.0,0.9199282,1,0.0,0.03618101,0,1.0,0.08553132,0,1.0,0.25601476,1
0.0,0.43954873,1,0.0,0.13558616,0,1.0,0.4080777,1,0.0,0.056879416,0,1.0,0.19216762,0
1.0,0.8817735,1,0.0,0.003189977,0,0.0,0.09739746,0,0.0,0.019049617,0,0.0,0.04676063,0
1.0,0.69866246,1,0.0,0.046679366,0,0.0,0.029954484,0,0.0,0.20996094,0,0.0,0.046984397,0
1.0,0.88749987,1,0.0,0.012288452,0,0.0,0.038170345,0,0.0,0.021496408,0,0.0,0.045775104,0
1.0,0.87902653,1,0.0,0.008300633,0,0.0,0.021668343,0,0.0,0.042798173,0,0.0,0.02805819,0
0.0,0.28054598,0,0.0,0.0020977445,0,0.0,0.17659205,0,1.0,0.6548378,1,0.0,0.039582822,0
1.0,0.52351755,1,0.0,0.28853175,0,0.0,0.28412843,0,0.0,0.22331466,0,0.0,0.20973687,0
1.0,0.9013438,1,0.0,0.017203746,0,0.0,0.018811792,0,0.0,0.011933776,0,0.0,0.034510955,0
0.0,0.005301178,0,1.0,0.57203573,1,0.0,0.4499378,1,1.0,0.78720915,1,0.0,0.3365986,1
0.0,0.8439579,1,0.0,0.004277717,0,0.0,0.0750681,0,0.0,0.058865216,0,1.0,0.043492105,0
1.0,0.94099194,1,0.0,0.003989441,0,0.0,0.017683625,0,0.0,0.0045418344,0,0.0,0.023793964,0
1.0,0.93023074,1,0.0,0.003550238,0,0.0,0.016247693,0,0.0,0.014095843,0,0.0,0.020873265,0
0.0,0.1678578,0,0.0,0.029668381,0,1.0,0.91819745,1,0.0,0.014752346,0,1.0,0.123035766,0
0.0,0.0032492513,0,0.0,0.03848979,0,1.0,0.9970661,1,1.0,0.05893952,0,0.0,0.12843403,0
0.0,0.0013752674,0,1.0,0.9472718,1,0.0,0.03604847,0,0.0,0.16193803,0,1.0,0.33550835,1
0.0,0.64800084,1,0.0,0.036240976,0,1.0,0.40071884,1,0.0,0.037222363,0,0.0,0.11801048,0
0.0,0.012648861,0,0.0,0.029730767,0,1.0,0.9906607,1,0.0,0.07715539,0,1.0,0.18916714,0
0.0,0.041039243,0,1.0,0.5832683,1,0.0,0.09195535,0,0.0,0.5407229,1,0.0,0.13080782,0
1.0,0.7050764,1,0.0,0.1333637,0,0.0,0.056777373,0,0.0,0.13042504,0,0.0,0.07665044,0
0.0,0.025458958,0,0.0,0.5439933,1,1.0,0.65218765,1,1.0,0.5031504,1,0.0,0.24763983,1
1.0,0.9398831,1,0.0,0.0016219359,0,0.0,0.019275725,0,0.0,0.011082994,0,0.0,0.01935103,0
0.0,0.05222434,0,1.0,0.74760044,1,0.0,0.16836019,0,0.0,0.18041587,0,0.0,0.19134904,0
1.0,0.9482774,1,0.0,0.0011078882,0,0.0,0.02449813,0,0.0,0.0068680667,0,0.0,0.020197399,0
0.0,0.020924836,0,1.0,0.20291123,0,0.0,0.2824409,0,0.0,0.8703248,1,0.0,0.08114966,0
1.0,0.9098793,1,0.0,0.0021759486,0,0.0,0.02845725,0,0.0,0.026006898,0,0.0,0.023799779,0
0.0,0.00050226995,0,1.0,0.9169185,1,0.0,0.058798626,0,1.0,0.61558086,1,1.0,0.47987002,1
0.0,0.059832018,0,0.0,0.05643226,0,1.0,0.93859625,1,0.0,0.007369536,0,0.0,0.12512971,0
1.0,0.58233696,1,0.0,0.07770807,0,0.0,0.19735533,0,0.0,0.172375,0,0.0,0.081971355,0
1.0,0.85646623,1,0.0,0.042301048,0,0.0,0.02003793,0,0.0,0.019379023,0,0.0,0.048424125,0
0.0,0.031212274,0,1.0,0.7721364,1,0.0,0.14927898,0,0.0,0.32365903,0,0.0,0.30643073,1
0.0,0.30428013,0,0.0,0.33508775,1,1.0,0.18187863,0,0.0,0.32641992,0,0.0,0.19713648,0
1.0,0.82795024,1,0.0,0.04416017,0,0.0,0.0477458,0,0.0,0.035943702,0,0.0,0.05740842,0
0.0,0.40709123,1,1.0,0.42951137,1,0.0,0.07600821,0,0.0,0.053708293,0,0.0,0.1684476,0
0.0,0.0012916803,0,0.0,0.09795405,0,0.0,0.21169929,0,1.0,0.98033065,1,1.0,0.04387025,0
0.0,0.3675172,1,1.0,0.5202542,1,0.0,0.02609634,0,0.0,0.030614307,0,0.0,0.12202631,0
0.0,0.04729967,0,0.0,0.64418894,1,1.0,0.4481598,1,1.0,0.28439534,0,0.0,0.1913894,0
1.0,0.7903998,1,0.0,0.06229561,0,0.0,0.071600445,0,0.0,0.016062913,0,0.0,0.07486137,0
1.0,0.74043024,1,0.0,0.03312795,0,0.0,0.14797603,0,0.0,0.08649455,0,0.0,0.08048934,0
1.0,0.27103475,0,0.0,0.009664871,0,0.0,0.92582667,1,0.0,0.0076409625,0,0.0,0.096230075,0
0.0,0.9010961,1,0.0,0.006893303,0,0.0,0.017374216,0,0.0,0.032918036,0,1.0,0.028996643,0
0.0,0.03010841,0,1.0,0.48445803,1,0.0,0.06406169,0,0.0,0.69727015,1,0.0,0.13516231,0
1.0,0.91404223,1,0.0,0.0018561956,0,0.0,0.08538301,0,0.0,0.005560886,0,0.0,0.029254692,0
0.0,0.0071221036,0,0.0,0.28138295,0,1.0,0.9324936,1,1.0,0.5113628,1,1.0,0.20350243,0
1.0,0.75113565,1,0.0,0.12026239,0,0.0,0.044908404,0,0.0,0.02285028,0,0.0,0.09117523,0
0.0,0.00085973414,0,0.0,0.14652415,0,1.0,0.96303415,1,1.0,0.8108946,1,0.0,0.096174374,0
1.0,0.95144856,1,0.0,0.0035444414,0,0.0,0.016211456,0,0.0,0.002049723,0,0.0,0.023088187,0
0.0,0.046807732,0,1.0,0.63581777,1,0.0,0.030476794,0,1.0,0.33014348,0,0.0,0.087760545,0
1.0,0.88567996,1,0.0,0.009554614,0,0.0,0.017789153,0,0.0,0.043337114,0,0.0,0.030631002,0
1.0,0.25377953,0,0.0,0.00092784595,0,0.0,0.03936859,0,0.0,0.8017793,1,0.0,0.014315126,0
0.0,0.024977747,0,0.0,0.6312096,1,1.0,0.65014815,1,1.0,0.27110767,0,0.0,0.22691622,0
0.0,0.5375078,1,0.0,0.19500628,0,0.0,0.14763372,0,1.0,0.15488325,0,0.0,0.11871684,0
1.0,0.93241274,1,0.0,0.0020496137,0,0.0,0.048345078,0,0.0,0.0052321884,0,0.0,0.030459555,0
0.0,0.54455733,1,0.0,0.3040442,0,0.0,0.12560946,0,1.0,0.1041597,0,0.0,0.17589393,0
0.0,0.01840932,0,0.0,0.8439598,1,1.0,0.13669015,0,0.0,0.19174916,0,0.0,0.21806906,0
1.0,0.7354668,1,0.0,0.14879663,0,0.0,0.036626738,0,0.0,0.032593135,0,0.0,0.075459264,0
1.0,0.93488675,1,0.0,0.0014435222,0,0.0,0.03558343,0,0.0,0.0082794605,0,0.0,0.021500703,0
0.0,0.0029544777,0,1.0,0.11452327,0,1.0,0.31131423,0,1.0,0.95874745,1,0.0,0.045844242,0
0.0,0.023372138,0,0.0,0.03433307,0,1.0,0.98529774,1,0.0,0.14594448,0,0.0,0.16365173,0
0.0,0.00016643206,0,0.0,0.07731891,0,1.0,0.89373565,1,1.0,0.980028,1,0.0,0.06342872,0
1.0,0.7223585,1,0.0,0.0031616616,0,0.0,0.32204026,0,0.0,0.081414744,0,0.0,0.050988015,0
0.0,0.00026119954,0,0.0,0.080095455,0,1.0,0.7697438,1,1.0,0.9839266,1,0.0,0.05688296,0
1.0,0.770803,1,0.0,0.006874343,0,0.0,0.061769396,0,0.0,0.14308242,0,0.0,0.038377307,0
0.0,0.014304056,0,1.0,0.81657434,1,0.0,0.26303387,0,1.0,0.09288564,0,1.0,0.39961812,1
1.0,0.90094846,1,0.0,0.005281507,0,0.0,0.06663064,0,0.0,0.00786628,0,0.0,0.042357277,0
1.0,0.8630124,1,0.0,0.009642182,0,0.0,0.026150772,0,0.0,0.061598096,0,0.0,0.038405515,0
1.0,0.89463425,1,0.0,0.011272241,0,0.0,0.044088863,0,0.0,0.011837917,0,0.0,0.048686597,0
0.0,0.04385998,0,1.0,0.6634828,1,0.0,0.019852363,0,0.0,0.25693008,0,0.0,0.08924015,0
0.0,0.030686608,0,1.0,0.5034588,1,0.0,0.26127484,0,1.0,0.6410844,1,0.0,0.13952354,0
1.0,0.79000026,1,0.0,0.013381626,0,0.0,0.20591076,0,0.0,0.026537422,0,0.0,0.07436493,0
1.0,0.94977224,1,0.0,0.0033645108,0,0.0,0.012909713,0,0.0,0.0038774973,0,0.0,0.022190291,0
0.0,0.0151577685,0,1.0,0.881969,1,0.0,0.048335843,0,0.0,0.09420521,0,0.0,0.2123359,0
1.0,0.7913745,1,0.0,0.08290883,0,0.0,0.049568854,0,0.0,0.029555881,0,0.0,0.083544746,0
1.0,0.8626901,1,0.0,0.0041241194,0,0.0,0.11204047,0,0.0,0.027334629,0,0.0,0.037105765,0
0.0,0.010399659,0,1.0,0.82620883,1,0.0,0.2860149,0,1.0,0.37513462,0,1.0,0.2732603,1
0.0,0.041823804,0,0.0,0.12356587,0,1.0,0.40782928,1,1.0,0.8167529,1,0.0,0.080408014,0
1.0,0.88933426,1,0.0,0.0054827654,0,0.0,0.031136272,0,0.0,0.032196663,0,0.0,0.032113183,0
0.0,0.0025083525,0,1.0,0.8961942,1,0.0,0.22709285,0,0.0,0.3057366,0,0.0,0.32188085,1
0.0,0.36092353,1,0.0,0.008851115,0,0.0,0.09942708,0,1.0,0.6199626,1,0.0,0.038435902,0
1.0,0.9430869,1,0.0,0.002532401,0,0.0,0.02868289,0,0.0,0.0030951973,0,0.0,0.0243283,0
0.0,0.018540543,0,0.0,0.08408935,0,0.0,0.05914582,0,1.0,0.94040054,1,0.0,0.035551295,0
0.0,0.0039027152,0,0.0,0.5554851,1,1.0,0.4777031,1,0.0,0.7873937,1,0.0,0.4670176,1
0.0,0.026150238,0,1.0,0.8547817,1,0.0,0.057086125,0,0.0,0.0904412,0,0.0,0.19241565,0
1.0,0.7565999,1,0.0,0.0144786015,0,0.0,0.28662062,0,0.0,0.019428072,0,0.0,0.07013115,0
0.0,0.0021099097,0,0.0,0.41763258,1,0.0,0.09427845,0,1.0,0.93932825,1,0.0,0.13722362,0
0.0,0.03562047,0,1.0,0.8022674,1,0.0,0.06953507,0,0.0,0.1796337,0,0.0,0.17642911,0
1.0,0.91782814,1,0.0,0.0024021582,0,0.0,0.022584911,0,0.0,0.02132557,0,0.0,0.023241686,0
0.0,0.24882165,0,1.0,0.51659775,1,0.0,0.16986382,0,0.0,0.20781204,0,0.0,0.13688995,0
0.0,9.935186e-05,0,1.0,0.9809229,1,1.0,0.14756979,0,0.0,0.07032659,0,1.0,0.67301595,1
0.0,0.52918696,1,0.0,0.16202377,0,0.0,0.10976626,0,1.0,0.22457732,0,0.0,0.08302313,0
0.0,0.0129455775,0,0.0,0.07163753,0,1.0,0.9452666,1,1.0,0.60356236,1,0.0,0.1154827,0
0.0,0.21495126,0,0.0,0.015553472,0,0.0,0.048070602,0,1.0,0.80954957,1,0.0,0.03363073,0
1.0,0.8146036,1,0.0,0.002078982,0,0.0,0.08355892,0,0.0,0.07787773,0,0.0,0.034228094,0
0.0,0.053955816,0,1.0,0.2715157,0,0.0,0.1271873,0,0.0,0.8205367,1,0.0,0.12819423,0
0.0,0.004203687,0,0.0,0.13060209,0,1.0,0.9808837,1,1.0,0.46899626,1,0.0,0.16498056,0
1.0,0.66161984,1,0.0,0.014783088,0,0.0,0.5519872,1,0.0,0.009433393,0,0.0,0.08320753,0
0.0,0.01123979,0,1.0,0.73576576,1,0.0,0.07664607,0,0.0,0.5615005,1,0.0,0.21096578,0
1.0,0.93274206,1,0.0,0.0010419303,0,0.0,0.05347556,0,0.0,0.0067956,0,0.0,0.022594701,0
0.0,8.094131e-05,0,0.0,0.07725495,0,0.0,0.02665584,0,1.0,0.997207,1,0.0,0.020786773,0
0.0,0.0076165805,0,0.0,0.035394635,0,1.0,0.9932058,1,0.0,0.19523129,0,0.0,0.1482767,0
1.0,0.93087363,1,0.0,0.0012382588,0,0.0,0.053556796,0,0.0,0.007446787,0,0.0,0.02524203,0
1.0,0.5935406,1,0.0,0.2439471,0,0.0,0.07646739,0,0.0,0.09848892,0,0.0,0.10901811,0
1.0,0.94721746,1,0.0,0.0010460295,0,0.0,0.026010245,0,0.0,0.0056135515,0,0.0,0.017244635,0
1.0,0.8072413,1,0.0,0.0030870803,0,0.0,0.05427125,0,0.0,0.10262239,0,0.0,0.030581485,0
1.0,0.342615,0,0.0,0.034542307,0,0.0,0.77730435,1,0.0,0.104266755,0,0.0,0.12588571,0
1.0,0.5601616,1,0.0,0.34249604,1,0.0,0.036234792,0,0.0,0.03732801,0,0.0,0.11599849,0
1.0,0.92781836,1,0.0,0.004605804,0,0.0,0.016782595,0,0.0,0.0146677615,0,0.0,0.024692716,0
0.0,0.0005285711,0,1.0,0.966733,1,0.0,0.08958347,0,0.0,0.13153115,0,0.0,0.5361679,1
0.0,0.016856432,0,1.0,0.43090796,1,1.0,0.85483956,1,0.0,0.31672895,0,1.0,0.20622864,0
0.0,0.39154795,1,1.0,0.12642574,0,0.0,0.11638346,0,1.0,0.50129247,1,0.0,0.09304215,0
1.0,0.6904764,1,0.0,0.002848349,0,0.0,0.037181526,0,0.0,0.3096205,0,0.0,0.03223989,0
0.0,0.019102152,0,1.0,0.89040655,1,0.0,0.021178184,0,0.0,0.04294637,0,0.0,0.14870326,0
0.0,0.02360991,0,1.0,0.8223773,1,0.0,0.04331514,0,0.0,0.12882218,0,1.0,0.1239284,0
0.0,0.0039260425,0,0.0,0.0035667042,0,1.0,0.9989793,1,0.0,0.023964139,0,0.0,0.104140766,0
0.0,0.019372959,0,0.0,0.046503987,0,1.0,0.9837159,1,0.0,0.21082371,0,0.0,0.16217546,0
1.0,0.8207166,1,0.0,0.01388933,0,0.0,0.038270906,0,0.0,0.09326779,0,0.0,0.049019415,0
1.0,0.82954055,1,0.0,0.01861315,0,0.0,0.070097774,0,0.0,0.047745746,0,0.0,0.061330147,0
1.0,0.72377795,1,0.0,0.08617543,0,0.0,0.12300486,0,0.0,0.10548425,0,0.0,0.10317761,0
1.0,0.8982519,1,0.0,0.002171999,0,0.0,0.098109886,0,0.0,0.016576877,0,0.0,0.0343847,0
0.0,0.018405838,0,1.0,0.76035297,1,0.0,0.4341943,1,0.0,0.20764422,0,0.0,0.20202479,0
0.0,0.00022616876,0,1.0,0.97440606,1,0.0,0.06223047,0,0.0,0.17931013,0,1.0,0.56283885,1
0.0,0.075329974,0,0.0,0.7597463,1,0.0,0.03627858,0,0.0,0.08352511,0,1.0,0.22155042,0
1.0,0.86646426,1,0.0,0.0015469549,0,0.0,0.21531166,0,0.0,0.014334699,0,0.0,0.037698243,0
0.0,0.00070577406,0,1.0,0.93405104,1,0.0,0.072668046,0,0.0,0.4597598,1,0.0,0.40781814,1
0.0,0.40960073,1,1.0,0.06316134,0,0.0,0.66742873,1,0.0,0.037479915,0,0.0,0.13554357,0
0.0,0.75528044,1,0.0,0.020032955,0,0.0,0.13328858,0,0.0,0.10097235,0,1.0,0.096376464,0
1.0,0.5570232,1,0.0,0.1687297,0,0.0,0.045821615,0,0.0,0.21238919,0,0.0,0.072754614,0
0.0,0.0022412755,0,0.0,0.66102725,1,1.0,0.6148296,1,1.0,0.707359,1,0.0,0.43477076,1
0.0,0.31701046,0,0.0,0.030851422,0,0.0,0.03961194,0,1.0,0.68802464,1,0.0,0.034795918,0
1.0,0.843458,1,0.0,0.03518368,0,0.0,0.030591749,0,0.0,0.04349176,0,0.0,0.044926275,0
1.0,0.1240372,0,0.0,0.053674858,0,0.0,0.91972524,1,0.0,0.024413401,0,0.0,0.13935128,0
1.0,0.17367734,0,0.0,0.04661253,0,0.0,0.124946676,0,0.0,0.77347547,1,0.0,0.054869276,0
1.0,0.23788573,0,0.0,0.021466043,0,0.0,0.68898094,1,0.0,0.3409001,0,0.0,0.092285655,0
0.0,0.33335245,0,0.0,0.007924712,0,0.0,0.20423982,0,1.0,0.6108653,1,0.0,0.055569783,0
1.0,0.9224724,1,0.0,0.01139814,0,0.0,0.017924411,0,0.0,0.0058160373,0,0.0,0.031979743,0
1.0,0.82152146,1,0.0,0.01206591,0,1.0,0.18929596,0,0.0,0.0146792885,0,0.0,0.066135004,0
1.0,0.85542935,1,0.0,0.009293061,0,0.0,0.1074393,0,0.0,0.018991701,0,0.0,0.053544108,0
1.0,0.67958575,1,0.0,0.18464363,0,0.0,0.046351314,0,0.0,0.039848235,0,0.0,0.092175506,0
1.0,0.4558922,1,0.0,0.373667,1,0.0,0.08315969,0,0.0,0.023620252,0,0.0,0.12377576,0
0.0,0.0014060677,0,0.0,0.001061445,0,1.0,0.9997849,1,0.0,0.0075142398,0,0.0,0.07882073,0
1.0,0.33772254,0,0.0,0.38876173,1,0.0,0.0630276,0,0.0,0.13062608,0,0.0,0.2147919,0
1.0,0.8287877,1,0.0,0.031659476,0,0.0,0.04488923,0,0.0,0.047881644,0,0.0,0.046209134,0
0.0,0.0008776272,0,1.0,0.25908107,0,1.0,0.9913811,1,0.0,0.08225288,0,0.0,0.14148694,0
0.0,0.7404124,1,1.0,0.033690125,0,0.0,0.2255195,0,0.0,0.03732189,0,0.0,0.08819415,0
0.0,0.000809194,0,1.0,0.7599475,1,1.0,0.91191196,1,0.0,0.060173277,0,1.0,0.2688262,1
1.0,0.51216453,1,0.0,0.3315608,1,0.0,0.008998206,0,0.0,0.0659247,0,0.0,0.0383228,0
1.0,0.89617753,1,0.0,0.006791543,0,0.0,0.054513983,0,0.0,0.0152673,0,0.0,0.044328053,0
0.0,0.049994566,0,0.0,0.028096031,0,1.0,0.9601676,1,0.0,0.26854667,0,0.0,0.13518731,0
1.0,0.72201186,1,0.0,0.054515637,0,0.0,0.1837796,0,0.0,0.08944437,0,0.0,0.106838,0
0.0,0.13917165,0,0.0,0.022052037,0,1.0,0.89861715,1,0.0,0.2458093,0,0.0,0.12065884,0
0.0,0.8984091,1,0.0,0.006433636,0,0.0,0.026397195,0,0.0,0.0293871,0,1.0,0.03348687,0
0.0,0.023873003,0,1.0,0.51836693,1,1.0,0.71961176,1,0.0,0.37555143,0,0.0,0.18220718,0
1.0,0.9124187,1,0.0,0.0031941603,0,0.0,0.05130996,0,0.0,0.011731469,0,0.0,0.030111324,0
1.0,0.8522848,1,0.0,0.0054010595,0,0.0,0.05070921,0,0.0,0.053140637,0,0.0,0.04967054,0
1.0,0.6356006,1,0.0,0.019005137,0,1.0,0.5590713,1,0.0,0.01115862,0,0.0,0.104731,0
0.0,0.555423,1,0.0,0.018754452,0,1.0,0.6484612,1,0.0,0.015257174,0,0.0,0.117538475,0
0.0,0.0028671245,0,1.0,0.64049435,1,0.0,0.23400176,0,0.0,0.7962806,1,0.0,0.18440199,0
1.0,0.90070444,1,0.0,0.0040091523,0,0.0,0.028073786,0,0.0,0.02744324,0,0.0,0.030985666,0
1.0,0.8184371,1,0.0,0.050333507,0,0.0,0.042219825,0,0.0,0.048436586,0,0.0,0.063348845,0
1.0,0.92455393,1,0.0,0.0054179016,0,0.0,0.017016692,0,0.0,0.016555024,0,0.0,0.024168825,0
0.0,0.000559081,0,1.0,0.18280922,0,1.0,0.9095599,1,0.0,0.9166822,1,1.0,0.112066984,0
1.0,0.81799567,1,0.0,0.015817812,0,0.0,0.03603614,0,0.0,0.08651007,0,0.0,0.043757994,0
1.0,0.8896736,1,0.0,0.018953722,0,0.0,0.023459904,0,0.0,0.016967015,0,0.0,0.03336447,0
0.0,0.001470553,0,1.0,0.9366597,1,0.0,0.061935965,0,0.0,0.29756162,0,1.0,0.4551538,1
1.0,0.36738303,1,0.0,0.014323668,0,0.0,0.042504907,0,0.0,0.66160464,1,0.0,0.034766078,0
0.0,0.55009717,1,0.0,0.14684002,0,0.0,0.26468062,0,1.0,0.13403356,0,0.0,0.11374143,0
0.0,0.010399488,0,1.0,0.768137,1,0.0,0.09301978,0,1.0,0.5616257,1,0.0,0.27854437,1
0.0,0.08101307,0,1.0,0.4378951,1,0.0,0.63713783,1,0.0,0.078780815,0,0.0,0.19153889,0
0.0,0.008619992,0,1.0,0.7030256,1,0.0,0.1922776,0,0.0,0.7000315,1,1.0,0.22916426,0
0.0,0.013457579,0,0.0,0.015411964,0,1.0,0.13767461,0,1.0,0.9663359,1,0.0,0.02925415,0
0.0,0.286917,0,1.0,0.33170864,1,1.0,0.48857316,1,0.0,0.11765272,0,0.0,0.2312331,1
1.0,0.7562146,1,0.0,0.0008395499,0,0.0,0.053701118,0,0.0,0.18376428,0,0.0,0.023480495,0
0.0,0.33264902,0,1.0,0.19936018,0,0.0,0.18647355,0,0.0,0.4817453,1,0.0,0.10789871,0
1.0,0.61107737,1,0.0,0.10276467,0,0.0,0.2916721,0,0.0,0.04222425,0,0.0,0.13094927,0
1.0,0.62759566,1,0.0,0.17995389,0,0.0,0.024253372,0,0.0,0.115904585,0,0.0,0.068702534,0
1.0,0.8079926,1,0.0,0.024451384,0,0.0,0.13585721,0,0.0,0.014954634,0,0.0,0.07427454,0
0.0,0.030807724,0,1.0,0.83238816,1,0.0,0.008597378,0,0.0,0.06866919,0,0.0,0.10769882,0
0.0,0.12256226,0,1.0,0.116027944,0,0.0,0.31637004,0,1.0,0.73515904,1,0.0,0.15925491,0
1.0,0.84537303,1,0.0,0.009854481,0,0.0,0.027410764,0,0.0,0.071772695,0,0.0,0.03690573,0
0.0,0.6432231,1,1.0,0.13841233,0,1.0,0.13780138,0,0.0,0.015916852,0,1.0,0.11426502,0
1.0,0.14659153,0,0.0,0.27426052,0,0.0,0.25273898,0,0.0,0.45941424,1,0.0,0.10658162,0
0.0,1.8969742e-05,0,0.0,0.060613,0,1.0,0.9211189,1,1.0,0.99376196,1,0.0,0.06103877,0
0.0,0.03672091,0,0.0,0.3159747,0,1.0,0.8251056,1,0.0,0.10871349,0,0.0,0.34619012,1
1.0,0.82332844,1,0.0,0.0024216508,0,0.0,0.17062345,0,0.0,0.036976833,0,0.0,0.04074654,0
0.0,0.7612253,1,0.0,0.008088728,0,0.0,0.028590247,0,1.0,0.20733927,0,0.0,0.037068404,0
0.0,0.0075919097,0,1.0,0.862202,1,1.0,0.26304525,0,1.0,0.3520905,0,1.0,0.5098834,1
1.0,0.14727448,0,0.0,0.23817359,0,0.0,0.6642941,1,0.0,0.041744106,0,0.0,0.16203764,0
1.0,0.9316618,1,0.0,0.0047852425,0,0.0,0.02225952,0,0.0,0.006745664,0,0.0,0.028547583,0
0.0,0.5126791,1,0.0,0.040805,0,1.0,0.5974141,1,0.0,0.06320006,0,0.0,0.1528201,0
0.0,8.1064056e-05,0,0.0,0.054622095,0,1.0,0.96800506,1,1.0,0.9774464,1,0.0,0.06751715,0
1.0,0.02987544,0,0.0,0.08712462,0,0.0,0.049099132,0,0.0,0.9247195,1,0.0,0.035116155,0
0.0,0.00024605286,0,0.0,0.049891993,0,1.0,0.92591196,1,1.0,0.9760717,1,0.0,0.06407131,0
0.0,0.0011442635,0,1.0,0.4057257,1,1.0,0.7284601,1,1.0,0.889345,1,0.0,0.25776112,1
0.0,0.0048236977,0,1.0,0.89935666,1,0.0,0.050892223,0,0.0,0.21863149,0,0.0,0.23046188,1
0.0,0.000571314,0,1.0,0.22867459,0,1.0,0.74928766,1,1.0,0.9548494,1,1.0,0.16142966,0
0.0,0.0074175796,0,0.0,0.12438533,0,1.0,0.9656601,1,1.0,0.4952168,1,0.0,0.14503741,0
1.0,0.9230878,1,0.0,0.0010717895,0,0.0,0.06837879,0,0.0,0.009281671,0,0.0,0.023885338,0
0.0,0.00093367405,0,1.0,0.7505982,1,0.0,0.08843333,0,1.0,0.8715915,1,0.0,0.30359745,1
1.0,0.86999786,1,0.0,0.008237181,0,0.0,0.087027416,0,0.0,0.01793624,0,0.0,0.048683606,0
0.0,0.010050486,0,0.0,0.020043883,0,0.0,0.18269537,0,1.0,0.96693915,1,0.0,0.0319866,0
0.0,0.36242315,1,0.0,0.06342135,0,1.0,0.74764216,1,0.0,0.059951242,0,1.0,0.17115128,0
0.0,0.023286793,0,1.0,0.8106033,1,0.0,0.1124991,0,0.0,0.28015298,0,0.0,0.21076146,0
1.0,0.8027838,1,0.0,0.016203769,0,0.0,0.20099291,0,0.0,0.016601583,0,0.0,0.080332175,0
1.0,0.8944283,1,0.0,0.015084993,0,0.0,0.018477013,0,0.0,0.02534598,0,0.0,0.030950349,0
1.0,0.77422553,1,0.0,0.030389188,0,0.0,0.17964396,0,0.0,0.031795602,0,0.0,0.08098704,0
0.0,0.011712836,0,0.0,0.007699894,0,1.0,0.99644583,1,0.0,0.08165818,0,0.0,0.12280445,0
0.0,0.00050500385,0,1.0,0.91660964,1,1.0,0.366916,0,1.0,0.4741436,1,0.0,0.60619855,1
1.0,0.9229291,1,0.0,0.0044006873,0,0.0,0.026026735,0,0.0,0.01130227,0,0.0,0.026839063,0
1.0,0.8079007,1,0.0,0.014226364,0,0.0,0.19774413,0,0.0,0.019100424,0,0.0,0.07248916,0
0.0,0.0025988668,0,0.0,0.03355397,0,0.0,0.093166426,0,1.0,0.9878991,1,0.0,0.03662362,0
1.0,0.90312445,1,0.0,0.0070888293,0,0.0,0.011079645,0,0.0,0.03564337,0,0.0,0.023153864,0
1.0,0.9371849,1,0.0,0.008134356,0,0.0,0.008474987,0,0.0,0.0060939565,0,0.0,0.02054633,0
0.0,0.6168159,1,1.0,0.0061142505,0,0.0,0.17102325,0,0.0,0.22898702,0,1.0,0.053064015,0
0.0,0.004051957,0,1.0,0.6989775,1,0.0,0.431865,1,1.0,0.72131115,1,1.0,0.3821604,1
1.0,0.8363515,1,0.0,0.010142224,0,0.0,0.12494154,0,0.0,0.027772328,0,0.0,0.054567706,0
1.0,0.49755427,1,0.0,0.022866458,0,0.0,0.0471052,0,0.0,0.48041067,1,0.0,0.04151907,0
0.0,0.014769468,0,0.0,0.015460286,0,1.0,0.9904034,1,1.0,0.25906044,0,0.0,0.13803431,0
1.0,0.8712584,1,0.0,0.013055729,0,0.0,0.059824727,0,0.0,0.020083407,0,0.0,0.049207162,0
0.0,0.42819864,1,0.0,0.02812572,0,0.0,0.15874693,0,1.0,0.534196,1,0.0,0.103995964,0
0.0,0.00083305885,0,1.0,0.38185188,1,1.0,0.9773087,1,0.0,0.23580377,0,0.0,0.15433908,0
1.0,0.3238373,0,0.0,0.00067257456,0,0.0,0.17057613,0,0.0,0.61552924,1,0.0,0.025664821,0
0.0,0.0012206848,0,0.0,0.06538205,0,0.0,0.06097974,0,1.0,0.9883161,1,0.0,0.024533996,0
0.0,0.001645506,0,0.0,0.06835888,0,0.0,0.084747754,0,1.0,0.9848562,1,0.0,0.027222266,0
0.0,0.049257383,0,0.0,0.5598643,1,0.0,0.6293637,1,1.0,0.15555088,0,0.0,0.2245895,0
0.0,0.06065096,0,0.0,0.647718,1,0.0,0.08396432,0,1.0,0.38648054,0,0.0,0.1868767,0
0.0,0.0012427198,0,0.0,0.09273381,0,1.0,0.20376655,0,1.0,0.98590255,1,0.0,0.068321094,0
0.0,0.46818656,1,0.0,0.051367927,0,0.0,0.04009149,0,1.0,0.4753277,1,0.0,0.0479438,0
1.0,0.92971826,1,0.0,0.001159967,0,0.0,0.07133404,0,0.0,0.0041076466,0,0.0,0.024382498,0
1.0,0.9033342,1,0.0,0.010243543,0,0.0,0.033885542,0,0.0,0.009798217,0,0.0,0.039891742,0
0.0,0.85840595,1,0.0,0.016346805,0,0.0,0.0336094,0,1.0,0.05211113,0,0.0,0.045742877,0
1.0,0.6883038,1,0.0,0.014246252,0,0.0,0.09289958,0,0.0,0.2229615,0,0.0,0.06086939,0
0.0,0.0105566885,0,0.0,0.039005794,0,1.0,0.9914527,1,0.0,0.08267103,0,0.0,0.1507676,0
0.0,0.6504936,1,1.0,0.11733656,0,0.0,0.22205716,0,0.0,0.11570033,0,0.0,0.12743261,0
0.0,0.05616512,0,0.0,0.12611149,0,1.0,0.93846935,1,0.0,0.18611449,0,1.0,0.23526877,1
0.0,0.22626731,0,0.0,0.039001558,0,0.0,0.09428745,0,1.0,0.7735303,1,0.0,0.05919968,0
0.0,0.003199614,0,0.0,0.024095552,0,1.0,0.99726164,1,0.0,0.086284034,0,0.0,0.15892993,0
0.0,0.7926979,1,0.0,0.007241144,0,0.0,0.04553705,0,1.0,0.12851132,0,0.0,0.044358447,0
1.0,0.91766894,1,0.0,0.0026899904,0,0.0,0.051064402,0,0.0,0.008177221,0,0.0,0.028284991,0
1.0,0.9072416,1,0.0,0.003220327,0,0.0,0.029566709,0,0.0,0.022383347,0,0.0,0.02680882,0
0.0,0.00041459562,0,0.0,0.12304096,0,1.0,0.98353565,1,1.0,0.8058762,1,0.0,0.1159275,0
1.0,0.86632985,1,0.0,0.0065140077,0,0.0,0.12751652,0,0.0,0.010786404,0,0.0,0.050655395,0
1.0,0.9526856,1,0.0,0.0024090493,0,0.0,0.011515333,0,0.0,0.004541143,0,0.0,0.018189484,0
1.0,0.92652345,1,0.0,0.003846008,0,0.0,0.02210779,0,0.0,0.0112821525,0,0.0,0.024338895,0
1.0,0.9080733,1,0.0,0.011188767,0,0.0,0.02230654,0,0.0,0.011870553,0,0.0,0.03326595,0
0.0,0.055650905,0,1.0,0.7455801,1,0.0,0.207977,0,0.0,0.19725633,0,0.0,0.23611705,1
1.0,0.9172875,1,0.0,0.0036910586,0,0.0,0.019352062,0,0.0,0.020099415,0,0.0,0.022871302,0
1.0,0.8995728,1,0.0,0.001100828,0,0.0,0.029264139,0,0.0,0.040299892,0,0.0,0.019001648,0
1.0,0.8802475,1,0.0,0.013333249,0,0.0,0.01301845,0,0.0,0.045854174,0,0.0,0.025700685,0
0.0,0.02479958,0,0.0,0.19778003,0,1.0,0.15977754,0,1.0,0.9062261,1,0.0,0.12323742,0
0.0,5.6612862e-05,0,1.0,0.8717712,1,0.0,0.08361043,0,1.0,0.9250093,1,0.0,0.59322965,1
0.0,0.3336824,0,1.0,0.5483533,1,0.0,0.05517099,0,0.0,0.049357437,0,0.0,0.1898351,0
0.0,0.42597067,1,0.0,0.02850948,0,0.0,0.10413829,0,1.0,0.52452916,1,0.0,0.0530696,0
0.0,0.20788224,0,0.0,0.26592278,0,0.0,0.1400541,0,1.0,0.5635677,1,0.0,0.18861166,0
1.0,0.74705607,1,0.0,0.009018489,0,0.0,0.12338101,0,0.0,0.11849581,0,0.0,0.050086007,0
0.0,0.34441683,0,1.0,0.5180247,1,1.0,0.12032507,0,0.0,0.061211813,0,1.0,0.20122169,0
0.0,0.0011150185,0,1.0,0.18276466,0,1.0,0.98877305,1,1.0,0.39832836,0,0.0,0.15070005,0
1.0,0.94215894,1,0.0,0.0033306913,0,0.0,0.019435009,0,0.0,0.0045292727,0,0.0,0.023735382,0
1.0,0.44721812,1,0.0,0.34643278,1,0.0,0.042566832,0,0.0,0.098300174,0,0.0,0.103795655,0
1.0,0.48235252,1,0.0,0.24650185,0,0.0,0.029586991,0,0.0,0.17519428,0,0.0,0.05259825,0
1.0,0.7945173,1,0.0,0.046545107,0,0.0,0.05432595,0,0.0,0.09082828,0,0.0,0.0711211,0
0.0,0.65922487,1,0.0,0.14596964,0,1.0,0.1886124,0,0.0,0.033011965,0,0.0,0.114812486,0
1.0,0.95016956,1,0.0,0.0012378437,0,0.0,0.019266961,0,0.0,0.0061809197,0,0.0,0.01767805,0
0.0,0.0013472454,0,1.0,0.3822654,1,0.0,0.57514906,1,1.0,0.9231788,1,1.0,0.18655285,0
0.0,0.036898505,0,1.0,0.773105,1,0.0,0.22739865,0,0.0,0.28150046,0,0.0,0.21028322,0
0.0,0.047212847,0,1.0,0.7267455,1,0.0,0.016686933,0,0.0,0.16222335,0,0.0,0.10888026,0
1.0,0.92126083,1,0.0,0.006769065,0,0.0,0.02368603,0,0.0,0.008424354,0,0.0,0.032240547,0
0.0,0.5983614,1,0.0,0.024034739,0,0.0,0.058773473,0,1.0,0.36888137,0,0.0,0.05318789,0
1.0,0.5933258,1,0.0,0.008271997,0,1.0,0.72139704,1,0.0,0.015358793,0,0.0,0.08435278,0
1.0,0.893615,1,0.0,0.0062844353,0,0.0,0.02319828,0,0.0,0.032420076,0,0.0,0.034732644,0
1.0,0.93179744,1,0.0,0.006244232,0,0.0,0.012384263,0,0.0,0.009886896,0,0.0,0.026957672,0
0.0,0.029280243,0,0.0,0.0646518,0,1.0,0.8020533,1,1.0,0.7974301,1,0.0,0.15135159,0
0.0,0.5060747,1,0.0,0.027939348,0,1.0,0.68407947,1,0.0,0.04797218,0,0.0,0.11927215,0
1.0,0.78086853,1,0.0,0.07040722,0,0.0,0.08966995,0,0.0,0.031161582,0,0.0,0.07881882,0
1.0,0.36553252,1,0.0,0.30821905,0,0.0,0.3141231,0,0.0,0.16466288,0,0.0,0.14844118,0
1.0,0.24018997,0,0.0,0.23019177,0,0.0,0.16185364,0,0.0,0.50040174,1,0.0,0.09993214,0
0.0,0.16231035,0,1.0,0.13969226,0,0.0,0.2624961,0,1.0,0.7260716,1,0.0,0.16495998,0
0.0,0.16373716,0,1.0,0.597263,1,0.0,0.012906481,0,0.0,0.08499306,0,0.0,0.06324017,0
0.0,0.29791307,0,0.0,0.009925256,0,0.0,0.3346005,0,1.0,0.5628444,1,1.0,0.07064491,0
1.0,0.7456146,1,0.0,0.0128634395,0,0.0,0.34487352,0,0.0,0.021977354,0,0.0,0.081910595,0
1.0,0.8359081,1,0.0,0.053791672,0,0.0,0.025840819,0,0.0,0.017015599,0,0.0,0.057380315,0
0.0,0.002858708,0,0.0,0.78112185,1,0.0,0.2607994,0,1.0,0.73178846,1,0.0,0.51208705,1
0.0,0.3676206,1,0.0,0.017367875,0,0.0,0.15145293,0,1.0,0.600591,1,0.0,0.05832064,0
0.0,0.005370805,0,1.0,0.75309575,1,0.0,0.32197258,0,0.0,0.67764175,1,1.0,0.44609222,1
0.0,0.29046693,0,1.0,0.2973452,0,0.0,0.39253375,1,0.0,0.03561473,0,0.0,0.13922717,0
1.0,0.5898147,1,0.0,0.0033885143,0,1.0,0.77353007,1,0.0,0.012189207,0,0.0,0.0738787,0
1.0,0.7650937,1,0.0,0.06910865,0,0.0,0.08358982,0,0.0,0.09502734,0,0.0,0.09531459,0
1.0,0.8076232,1,0.0,0.05066137,0,0.0,0.0530386,0,0.0,0.066482194,0,0.0,0.072719775,0
0.0,0.00034330704,0,1.0,0.2235855,0,1.0,0.91713274,1,1.0,0.90777117,1,0.0,0.12341854,0
1.0,0.91540986,1,0.0,0.0042229746,0,0.0,0.04236753,0,0.0,0.008339611,0,0.0,0.029134167,0
0.0,0.6691147,1,1.0,0.08288797,0,1.0,0.18337263,0,0.0,0.14627723,0,0.0,0.11744579,0
0.0,0.08351195,0,0.0,0.5119326,1,0.0,0.6023914,1,0.0,0.26724255,0,1.0,0.23248748,1
1.0,0.053614978,0,0.0,0.022800008,0,0.0,0.98025274,1,0.0,0.044297148,0,0.0,0.12914836,0
1.0,0.8327772,1,0.0,0.01952038,0,0.0,0.029939411,0,0.0,0.075965375,0,0.0,0.045605544,0
1.0,0.9280853,1,0.0,0.0030191634,0,0.0,0.030649412,0,0.0,0.010773987,0,0.0,0.026358265,0
1.0,0.8502837,1,0.0,0.0039610057,0,1.0,0.20892979,0,0.0,0.012705565,0,0.0,0.05124939,0
0.0,0.35921744,0,0.0,0.39388174,1,0.0,0.08576806,0,1.0,0.25249213,0,0.0,0.11762913,0
0.0,0.24578248,0,0.0,0.16855267,0,0.0,0.7499876,1,0.0,0.12685566,0,1.0,0.22290723,0
0.0,0.4066555,1,0.0,0.034985274,0,0.0,0.045131575,0,1.0,0.5467923,1,0.0,0.04123825,0
0.0,0.017243778,0,1.0,0.7965905,1,0.0,0.07337127,0,0.0,0.3627732,0,0.0,0.22862877,0
0.0,0.6152807,1,0.0,0.007860354,0,0.0,0.13989434,0,1.0,0.29161194,0,0.0,0.05160323,0
0.0,0.0844575,0,0.0,0.07935148,0,1.0,0.86764807,1,1.0,0.43304735,1,0.0,0.19252612,0
1.0,0.809112,1,0.0,0.013751339,0,0.0,0.12919238,0,0.0,0.053873837,0,0.0,0.060517132,0
1.0,0.79795706,1,0.0,0.00844223,0,0.0,0.23540504,0,0.0,0.026253812,0,0.0,0.060792703,0
0.0,0.054619342,0,0.0,0.08578548,0,0.0,0.07267674,0,1.0,0.89825916,1,0.0,0.051966976,0
0.0,0.00018560425,0,0.0,0.1492052,0,0.0,0.11293756,0,1.0,0.99343807,1,0.0,0.0782307,0
1.0,0.5065918,1,0.0,0.2914181,0,0.0,0.07579404,0,0.0,0.06289484,0,0.0,0.13082969,0
0.0,0.057251133,0,0.0,0.240584,0,1.0,0.4225329,1,1.0,0.73664427,1,0.0,0.14519401,0
0.0,0.002444896,0,0.0,0.0033298654,0,1.0,0.99930835,1,0.0,0.024569415,0,0.0,0.11268904,0
1.0,0.6906321,1,0.0,0.04921815,0,1.0,0.2972834,0,0.0,0.02542931,0,0.0,0.09202532,0
1.0,0.8433013,1,0.0,0.042557776,0,0.0,0.039140616,0,0.0,0.0132247815,0,0.0,0.057863917,0
0.0,0.007504051,0,0.0,0.26751122,0,1.0,0.8477983,1,1.0,0.69249976,1,0.0,0.11746929,0
0.0,0.009941462,0,0.0,0.1347252,0,0.0,0.3115628,0,1.0,0.93618137,1,0.0,0.08643957,0
0.0,0.0090495795,0,0.0,0.080555394,0,1.0,0.98825675,1,0.0,0.078473836,0,1.0,0.12920573,0
0.0,0.031505827,0,0.0,0.21604098,0,1.0,0.91237843,1,0.0,0.27838773,0,0.0,0.14353374,0
0.0,0.03311247,0,0.0,0.04033249,0,0.0,0.17719112,0,1.0,0.928149,1,0.0,0.056829665,0
1.0,0.22865741,0,0.0,0.03793437,0,0.0,0.09211414,0,0.0,0.7332375,1,0.0,0.053788796,0
0.0,0.0015799986,0,0.0,0.13756453,0,0.0,0.036213547,0,1.0,0.98125803,1,0.0,0.039126933,0
1.0,0.64355576,1,0.0,0.1961178,0,0.0,0.077794835,0,0.0,0.053131986,0,0.0,0.10079736,0
1.0,0.80330676,1,0.0,0.003496276,0,0.0,0.2508046,0,0.0,0.033514168,0,0.0,0.0510642,0
0.0,0.42978522,1,0.0,0.10030141,0,1.0,0.37906468,1,1.0,0.2974929,0,0.0,0.13456237,0
0.0,0.00033597718,0,0.0,0.8373558,1,1.0,0.254093,0,1.0,0.83049816,1,0.0,0.5153628,1
0.0,0.010196939,0,0.0,0.05304431,0,0.0,0.23659125,0,1.0,0.9507668,1,0.0,0.04020424,0
1.0,0.40111417,1,0.0,0.47533983,1,0.0,0.06362858,0,0.0,0.016496018,0,0.0,0.14841448,0
0.0,0.00011732811,0,0.0,0.15679859,0,1.0,0.95691085,1,1.0,0.93825567,1,0.0,0.09855374,0
0.0,0.3523764,0,0.0,0.055141196,0,1.0,0.6840598,1,1.0,0.15912549,0,0.0,0.12046556,0
0.0,0.0003822214,0,1.0,0.9512284,1,0.0,0.052193854,0,0.0,0.3795168,0,1.0,0.47330916,1
1.0,0.64701265,1,0.0,0.2086805,0,0.0,0.071557075,0,0.0,0.014863572,0,0.0,0.10848798,0
0.0,0.0038000727,0,0.0,0.5372672,1,1.0,0.9146097,1,1.0,0.09046372,0,0.0,0.15846197,0
1.0,0.6012104,1,0.0,0.009401806,0,1.0,0.5021371,1,0.0,0.10220243,0,0.0,0.094984666,0
1.0,0.895822,1,0.0,0.020799702,0,0.0,0.018047871,0,0.0,0.013154384,0,0.0,0.03338529,0
0.0,0.006269326,0,1.0,0.6721774,1,1.0,0.8225207,1,0.0,0.08874875,0,0.0,0.23538566,1
0.0,0.06300134,0,0.0,0.30973613,0,0.0,0.31137732,0,1.0,0.68066907,1,0.0,0.16846736,0
0.0,0.9076688,1,0.0,0.013889767,0,0.0,0.017531252,0,0.0,0.014479459,0,1.0,0.032330822,0
1.0,0.63648486,1,0.0,0.12205749,0,0.0,0.10095624,0,0.0,0.20710939,0,0.0,0.09010128,0
0.0,0.33625308,0,0.0,0.037803676,0,0.0,0.10175409,0,1.0,0.6114149,1,0.0,0.05244468,0
1.0,0.75613964,1,0.0,0.03763747,0,0.0,0.20906638,0,0.0,0.03576063,0,0.0,0.09652494,0
0.0,0.08728969,0,1.0,0.6996202,1,0.0,0.042158965,0,0.0,0.18032657,0,1.0,0.15854377,0
0.0,0.1324813,0,0.0,0.004792924,0,0.0,0.08393213,0,1.0,0.86502653,1,0.0,0.023572324,0
1.0,0.9439843,1,0.0,0.005851966,0,0.0,0.008373616,0,0.0,0.005612527,0,0.0,0.021753982,0
1.0,0.4542338,1,0.0,0.017705522,0,0.0,0.04845162,0,0.0,0.56758404,1,0.0,0.045175128,0
0.0,0.4054162,1,1.0,0.20127301,0,0.0,0.27963287,0,0.0,0.17504165,0,0.0,0.09525458,0
1.0,0.7034295,1,0.0,0.10866755,0,0.0,0.13120902,0,0.0,0.13345093,0,0.0,0.1075062,0
1.0,0.55675143,1,0.0,0.04675675,0,0.0,0.5340637,1,0.0,0.094687186,0,0.0,0.12833196,0
0.0,0.7644293,1,0.0,0.019849509,0,1.0,0.055683292,0,0.0,0.14179337,0,0.0,0.05840399,0
1.0,0.8738033,1,0.0,0.01116669,0,0.0,0.026856653,0,0.0,0.040923003,0,0.0,0.03150669,0
1.0,0.24304983,0,0.0,0.16248065,0,0.0,0.17760737,0,0.0,0.53061956,1,0.0,0.08594092,0
0.0,0.030544512,0,0.0,0.20387642,0,0.0,0.53157675,1,1.0,0.8103966,1,0.0,0.20976384,0
1.0,0.8544509,1,0.0,0.05097346,0,0.0,0.012537008,0,0.0,0.022445442,0,0.0,0.04276067,0
1.0,0.9145496,1,0.0,0.003022774,0,0.0,0.020012502,0,0.0,0.024355074,0,0.0,0.020032136,0
1.0,0.548173,1,0.0,0.0191889,0,0.0,0.12302858,0,0.0,0.3847876,0,0.0,0.060173247,0
1.0,0.8961305,1,0.0,0.011947554,0,0.0,0.033387925,0,0.0,0.013556416,0,0.0,0.03718375,0
0.0,0.08752229,0,1.0,0.55891407,1,0.0,0.4689074,1,0.0,0.085764274,0,0.0,0.19565438,0
1.0,0.3317759,0,0.0,0.097089015,0,0.0,0.08383072,0,0.0,0.52204293,1,0.0,0.064488746,0
0.0,0.022896025,0,0.0,0.38032728,1,0.0,0.3142712,0,1.0,0.8252127,1,0.0,0.2012466,0
1.0,0.9459563,1,0.0,0.0016873257,0,0.0,0.023951614,0,0.0,0.0050061783,0,0.0,0.020802772,0
1.0,0.7598619,1,0.0,0.020981412,0,0.0,0.075167015,0,0.0,0.13003452,0,0.0,0.05801181,0
0.0,0.0056021255,0,1.0,0.49773294,1,0.0,0.29199263,0,1.0,0.83382356,1,0.0,0.14669329,0
0.0,0.0305604,0,1.0,0.4876752,1,0.0,0.3044205,0,1.0,0.7383285,1,0.0,0.35334376,1
0.0,0.0039523556,0,0.0,0.034213863,0,1.0,0.99620616,1,0.0,0.118105896,0,0.0,0.12796581,0
0.0,0.18990861,0,1.0,0.59236026,1,0.0,0.09097142,0,0.0,0.101492934,0,0.0,0.11356831,0
0.0,0.03025954,0,0.0,0.08694192,0,1.0,0.36794618,0,0.0,0.8778974,1,0.0,0.075572446,0
1.0,0.77556115,1,0.0,0.0026956697,0,0.0,0.17864038,0,0.0,0.071264036,0,0.0,0.043581735,0
0.0,0.17344387,0,1.0,0.66791785,1,0.0,0.030995814,0,0.0,0.06433221,0,1.0,0.1811185,0
0.0,0.43732724,1,1.0,0.25685072,0,0.0,0.075414814,0,0.0,0.2341336,0,0.0,0.078516155,0
1.0,0.80920833,1,0.0,0.0044380273,0,0.0,0.2646229,0,0.0,0.019140815,0,0.0,0.04628527,0
1.0,0.47297558,1,0.0,0.22515565,0,0.0,0.3371398,0,0.0,0.1661495,0,0.0,0.18232489,0
0.0,0.0019028744,0,0.0,0.1425609,0,0.0,0.34301585,0,1.0,0.9747093,1,0.0,0.12571631,0
1.0,0.8465432,1,0.0,0.007828408,0,0.0,0.13352364,0,0.0,0.018542152,0,0.0,0.053964384,0
1.0,0.45347106,1,0.0,0.11940505,0,0.0,0.1228746,0,0.0,0.37392586,0,0.0,0.0767475,0
0.0,0.12208917,0,0.0,0.019031933,0,0.0,0.17731814,0,1.0,0.832951,1,0.0,0.045170356,0
0.0,0.008972653,0,0.0,0.064172976,0,1.0,0.9550971,1,1.0,0.6832402,1,0.0,0.14274372,0
0.0,0.0014556207,0,1.0,0.9437699,1,0.0,0.040150788,0,0.0,0.2227104,0,1.0,0.37469363,1
0.0,0.0029571715,0,1.0,0.92884016,1,0.0,0.05064673,0,0.0,0.15675981,0,1.0,0.47296897,1
1.0,0.76866096,1,0.0,0.10222959,0,0.0,0.017415684,0,0.0,0.020961653,0,0.0,0.06732004,0
0.0,0.0026235736,0,1.0,0.82412654,1,1.0,0.6695165,1,0.0,0.25200483,0,1.0,0.3994705,1
0.0,0.86893654,1,0.0,0.0061798915,0,0.0,0.11793278,0,0.0,0.015669318,0,1.0,0.047477946,0
1.0,0.8913424,1,0.0,0.014069454,0,0.0,0.040409517,0,0.0,0.007506218,0,0.0,0.051091973,0
1.0,0.9130136,1,0.0,0.0032174569,0,0.0,0.043464676,0,0.0,0.014354069,0,0.0,0.029770952,0
0.0,0.048575055,0,0.0,0.009240941,0,1.0,0.977696,1,0.0,0.11870054,0,0.0,0.0949905,0
1.0,0.7568283,1,0.0,0.090951405,0,0.0,0.020861791,0,0.0,0.05489172,0,0.0,0.04683968,0
0.0,0.47844496,1,0.0,0.013039163,0,1.0,0.7725734,1,1.0,0.041267186,0,0.0,0.11740366,0
1.0,0.028078405,0,0.0,0.8500619,1,0.0,0.030197548,0,0.0,0.079397514,0,0.0,0.25570908,1
1.0,0.92313826,1,0.0,0.003239338,0,0.0,0.04040238,0,0.0,0.007651357,0,0.0,0.02724848,0
0.0,0.08595338,0,0.0,0.07319559,0,0.0,0.23724182,0,1.0,0.8419263,1,1.0,0.12184796,0
1.0,0.9376437,1,0.0,0.0014556816,0,0.0,0.020664364,0,0.0,0.013564076,0,0.0,0.016793968,0
1.0,0.7348677,1,0.0,0.014046446,0,0.0,0.18816699,0,0.0,0.081177615,0,0.0,0.05851112,0
0.0,0.0017716922,0,1.0,0.94295895,1,0.0,0.13636008,0,1.0,0.15494218,0,0.0,0.51259506,1
0.0,0.015771113,0,1.0,0.83768034,1,1.0,0.14544174,0,0.0,0.24625999,0,0.0,0.1683027,0
0.0,0.022993486,0,1.0,0.8479534,1,0.0,0.06403066,0,0.0,0.12719049,0,0.0,0.23657703,1
0.0,0.12619139,0,0.0,0.4827244,1,1.0,0.5195541,1,0.0,0.31602907,0,0.0,0.2794562,1
0.0,0.00091913634,0,0.0,0.06267957,0,1.0,0.66185874,1,1.0,0.97839034,1,0.0,0.057012793,0
0.0,0.030768726,0,0.0,0.17336588,0,0.0,0.040803563,0,1.0,0.87823784,1,0.0,0.039827667,0
1.0,0.66520923,1,0.0,0.0029193496,0,0.0,0.1235507,0,0.0,0.23481852,0,0.0,0.042037465,0
0.0,0.0014118312,0,0.0,0.10439549,0,0.0,0.041845478,0,1.0,0.9849664,1,0.0,0.031875875,0
0.0,0.0027361966,0,0.0,0.072310194,0,0.0,0.051008534,0,1.0,0.9797355,1,0.0,0.022704655,0
1.0,0.89632607,1,0.0,0.0072280914,0,0.0,0.028408868,0,0.0,0.026007565,0,0.0,0.036578193,0
1.0,0.4602788,1,0.0,0.27103305,0,1.0,0.18326364,0,0.0,0.031392757,0,0.0,0.18464316,0
1.0,0.8511487,1,0.0,0.030649722,0,0.0,0.037885994,0,0.0,0.034552947,0,0.0,0.051182367,0
0.0,0.0007844013,0,0.0,0.016140806,0,1.0,0.9989214,1,1.0,0.2757196,0,0.0,0.10736513,0
0.0,0.16205241,0,0.0,0.02300039,0,1.0,0.91629624,1,0.0,0.14734645,0,0.0,0.12964927,0
0.0,0.0074032135,0,0.0,0.13593724,0,0.0,0.19309475,0,1.0,0.9528994,1,0.0,0.07388028,0
0.0,0.02779891,0,0.0,0.2135924,0,0.0,0.14522845,0,1.0,0.8447862,1,0.0,0.07003795,0
1.0,0.7604659,1,0.0,0.00995442,0,0.0,0.1902678,0,0.0,0.076431245,0,0.0,0.062240474,0
1.0,0.79315656,1,0.0,0.058950704,0,0.0,0.08596727,0,0.0,0.048102655,0,0.0,0.085092954,0
0.0,0.0009900555,0,1.0,0.945546,1,0.0,0.047417954,0,0.0,0.27444857,0,0.0,0.4999603,1
1.0,0.8792865,1,0.0,0.017604,0,0.0,0.022489375,0,0.0,0.03391023,0,0.0,0.03088015,0
1.0,0.8557813,1,0.0,0.040630523,0,0.0,0.020554727,0,0.0,0.025941549,0,0.0,0.041658223,0
1.0,0.8059975,1,0.0,0.008283498,0,0.0,0.05026517,0,0.0,0.09696801,0,0.0,0.03685395,0
1.0,0.8523571,1,0.0,0.032985993,0,1.0,0.024491882,0,0.0,0.045424756,0,0.0,0.04053113,0
0.0,0.14302598,0,0.0,0.11169622,0,0.0,0.1748688,0,1.0,0.71335256,1,0.0,0.07778191,0
0.0,0.008543338,0,0.0,0.07394302,0,0.0,0.20296557,0,1.0,0.9626192,1,0.0,0.07241267,0
1.0,0.9308813,1,0.0,0.0062499307,0,0.0,0.019153299,0,0.0,0.005523274,0,0.0,0.027306516,0
1.0,0.8530966,1,0.0,0.019773424,0,0.0,0.029535046,0,0.0,0.052512065,0,0.0,0.035248037,0
0.0,0.0009517188,0,1.0,0.7694263,1,1.0,0.41648635,1,0.0,0.76308763,1,1.0,0.39612967,1
0.0,0.6168126,1,1.0,0.031968202,0,0.0,0.035183057,0,0.0,0.35084352,0,0.0,0.047810536,0
0.0,0.093854144,0,1.0,0.6728323,1,0.0,0.25110018,0,0.0,0.38532236,0,0.0,0.22827804,0
1.0,0.9454486,1,0.0,0.0024691196,0,0.0,0.0178923,0,0.0,0.0052999137,0,0.0,0.02082945,0
0.0,0.8303207,1,0.0,0.010631129,0,0.0,0.12531155,0,1.0,0.036874603,0,0.0,0.0521728,0
0.0,0.0069534983,0,0.0,0.7636207,1,0.0,0.65330774,1,1.0,0.20638356,0,0.0,0.28033724,1
0.0,0.4010324,1,0.0,0.25060856,0,1.0,0.27863094,0,0.0,0.2593813,0,0.0,0.13474393,0
1.0,0.84690785,1,0.0,0.036779154,0,0.0,0.03444043,0,0.0,0.033902343,0,0.0,0.053445086,0
0.0,0.47673395,1,0.0,0.20747994,0,1.0,0.1622139,0,0.0,0.01658967,0,0.0,0.110309176,0
0.0,0.00075481087,0,1.0,0.8571139,1,0.0,0.20646572,0,1.0,0.7596261,1,0.0,0.5601305,1
0.0,0.0022687323,0,1.0,0.88806945,1,0.0,0.14404814,0,1.0,0.5118837,1,1.0,0.5639295,1
0.0,0.2600622,0,1.0,0.6759544,1,0.0,0.0070167608,0,0.0,0.02130659,0,0.0,0.06472116,0
0.0,0.023059253,0,1.0,0.23366459,0,1.0,0.94006646,1,0.0,0.236074,0,0.0,0.2048952,0
1.0,0.9398915,1,0.0,0.0027471085,0,0.0,0.034941174,0,0.0,0.0032016204,0,0.0,0.03180033,0
1.0,0.9375588,1,0.0,0.0014558017,0,0.0,0.022596603,0,0.0,0.011486581,0,0.0,0.01912646,0
1.0,0.85495675,1,0.0,0.025554307,0,0.0,0.046552446,0,0.0,0.021882858,0,0.0,0.055037767,0
0.0,0.094995916,0,1.0,0.25242987,0,0.0,0.15414597,0,0.0,0.7179738,1,1.0,0.09396387,0
0.0,0.04109828,0,1.0,0.7677249,1,0.0,0.100311674,0,0.0,0.25831273,0,1.0,0.15864636,0
1.0,0.45899278,1,0.0,0.27485213,0,1.0,0.07483989,0,0.0,0.23708758,0,0.0,0.090420686,0
0.0,0.014595212,0,1.0,0.8775341,1,0.0,0.10007927,0,0.0,0.1353795,0,0.0,0.30664396,1
0.0,0.23768717,0,0.0,0.24273677,0,0.0,0.1525926,0,1.0,0.53773844,1,0.0,0.12538867,0
0.0,0.25837764,0,0.0,0.17825381,0,1.0,0.10149446,0,1.0,0.5432699,1,0.0,0.14053763,0
0.0,0.0005044932,0,0.0,0.20623563,0,1.0,0.96584576,1,1.0,0.7892585,1,0.0,0.12642276,0
1.0,0.81947017,1,0.0,0.033424146,0,0.0,0.036162812,0,0.0,0.07309925,0,0.0,0.06026917,0
0.0,0.10262584,0,1.0,0.57611567,1,0.0,0.0055155214,0,0.0,0.10927732,0,0.0,0.047692236,0
1.0,0.81972504,1,0.0,0.0030602615,0,0.0,0.028206993,0,0.0,0.11906824,0,0.0,0.025099382,0
1.0,0.8031483,1,0.0,0.03855577,0,0.0,0.027027365,0,0.0,0.09875963,0,0.0,0.049348608,0
0.0,0.50961876,1,1.0,0.45339966,1,0.0,0.016408041,0,0.0,0.03435585,0,0.0,0.09820176,0
1.0,0.25449705,0,0.0,0.044816907,0,0.0,0.20993057,0,0.0,0.66912717,1,0.0,0.078336895,0
1.0,0.914536,1,0.0,0.012745351,0,0.0,0.015680103,0,0.0,0.009098577,0,0.0,0.035443906,0
1.0,0.66500854,1,0.0,0.074290395,0,0.0,0.12325187,0,0.0,0.16864584,0,0.0,0.07755762,0
0.0,0.06310236,0,0.0,0.20594966,0,0.0,0.85577434,1,1.0,0.2702103,0,0.0,0.14993839,0
0.0,0.014273586,0,1.0,0.7476442,1,0.0,0.45955577,1,0.0,0.14029819,0,0.0,0.22610669,0
0.0,0.4070255,1,1.0,0.24175619,0,0.0,0.091707386,0,0.0,0.3419108,0,0.0,0.09794782,0
1.0,0.04905201,0,0.0,0.36676666,1,0.0,0.59356695,1,0.0,0.009898662,0,0.0,0.15071967,0
0.0,0.0013689531,0,1.0,0.6260169,1,1.0,0.46688652,1,1.0,0.8575522,1,0.0,0.3498724,1
0.0,0.00884504,0,0.0,0.35877213,1,0.0,0.4676643,1,1.0,0.8729166,1,0.0,0.2678004,1
0.0,0.005210668,0,1.0,0.14702348,0,1.0,0.96704024,1,1.0,0.5657119,1,1.0,0.17609295,0
0.0,0.0039851232,0,1.0,0.64668083,1,0.0,0.6328766,1,1.0,0.6552876,1,0.0,0.42730308,1
1.0,0.8834942,1,0.0,0.0057691038,0,0.0,0.096828654,0,0.0,0.006920984,0,0.0,0.040942837,0
0.0,0.525358,1,0.0,0.019973617,0,1.0,0.6893632,1,0.0,0.030198824,0,0.0,0.10895162,0
1.0,0.91261077,1,0.0,0.008436101,0,0.0,0.030915545,0,0.0,0.009171612,0,0.0,0.035148475,0
1.0,0.8635352,1,0.0,0.006078461,0,0.0,0.07808002,0,0.0,0.038143508,0,0.0,0.038843323,0
0.0,0.59237397,1,0.0,0.12632471,0,0.0,0.14067931,0,0.0,0.010486087,0,1.0,0.09560124,0
0.0,0.14123246,0,0.0,0.017979767,0,1.0,0.94665027,1,0.0,0.103776984,0,0.0,0.1425252,0
1.0,0.9490064,1,0.0,0.0017064672,0,0.0,0.016356591,0,0.0,0.0058249584,0,0.0,0.017638786,0
1.0,0.9370864,1,0.0,0.004334602,0,0.0,0.029631656,0,0.0,0.0027365438,0,0.0,0.027946556,0
0.0,0.54724205,1,0.0,0.050126787,0,0.0,0.13595015,0,1.0,0.33064672,0,0.0,0.08952432,0
1.0,0.9132305,1,0.0,0.0041468935,0,0.0,0.023167435,0,0.0,0.020948583,0,0.0,0.02507428,0
1.0,0.9635929,1,0.0,0.0010412897,0,0.0,0.008982215,0,0.0,0.0037090005,0,0.0,0.012269929,0
1.0,0.75009525,1,0.0,0.03526447,0,1.0,0.20520914,0,0.0,0.045510538,0,0.0,0.09961234,0
0.0,0.8121202,1,0.0,0.006131626,0,0.0,0.02737755,0,1.0,0.12802269,0,0.0,0.029458638,0
0.0,0.004791109,0,0.0,0.33265194,1,0.0,0.83588624,1,1.0,0.74153167,1,1.0,0.21962954,0
0.0,0.034948096,0,1.0,0.10683809,0,0.0,0.436293,1,1.0,0.79619616,1,0.0,0.06846453,0
1.0,0.7095579,1,0.0,0.006068873,0,0.0,0.08301807,0,0.0,0.17104903,0,0.0,0.03596176,0
0.0,0.000921611,0,0.0,0.11763365,0,1.0,0.9493735,1,1.0,0.89700514,1,0.0,0.10245497,0
0.0,0.0011678471,0,0.0,0.1037602,0,1.0,0.9382326,1,1.0,0.89894176,1,0.0,0.08808838,0
0.0,0.0006201418,0,1.0,0.112940334,0,1.0,0.9542672,1,1.0,0.90920734,1,0.0,0.09587917,0
1.0,0.6189624,1,0.0,0.082747504,0,0.0,0.3117011,0,0.0,0.028438436,0,0.0,0.10508402,0
0.0,0.094860025,0,1.0,0.32584774,1,0.0,0.75623417,1,0.0,0.1648474,0,0.0,0.19369154,0
1.0,0.67489594,1,0.0,0.08210841,0,0.0,0.14087108,0,0.0,0.17826697,0,0.0,0.12896761,0
1.0,0.9589804,1,0.0,0.0014004229,0,0.0,0.008010842,0,0.0,0.0062186928,0,0.0,0.013740956,0
1.0,0.93361884,1,0.0,0.0075618415,0,0.0,0.022169985,0,0.0,0.0031586348,0,0.0,0.03163169,0
0.0,0.028672662,0,1.0,0.8126215,1,0.0,0.08620828,0,0.0,0.24886926,0,1.0,0.32103032,1
0.0,0.4826202,1,0.0,0.051112875,0,1.0,0.56067824,1,0.0,0.14402245,0,1.0,0.11703537,0
0.0,0.088198476,0,0.0,0.004353572,0,0.0,0.09180502,0,1.0,0.898441,1,0.0,0.019737229,0
0.0,0.04178656,0,0.0,0.035222,0,1.0,0.29111147,0,1.0,0.89322716,1,0.0,0.055069417,0
1.0,0.90400463,1,0.0,0.0081892535,0,0.0,0.014203132,0,0.0,0.029079856,0,0.0,0.027202114,0
1.0,0.738628,1,0.0,0.073785685,0,0.0,0.1270484,0,0.0,0.027986102,0,0.0,0.0920753,0
0.0,0.028454231,0,0.0,0.005509177,0,1.0,0.99515164,1,0.0,0.013060763,0,0.0,0.09852797,0
0.0,0.11875403,0,1.0,0.64010763,1,0.0,0.1733175,0,0.0,0.2288296,0,1.0,0.12846231,0
0.0,0.00092195044,0,1.0,0.58834517,1,1.0,0.9339499,1,0.0,0.27884868,0,0.0,0.17736866,0
0.0,0.044197157,0,0.0,0.005165655,0,1.0,0.992577,1,0.0,0.024694629,0,0.0,0.105272815,0
1.0,0.9415712,1,0.0,0.003452009,0,0.0,0.013604464,0,0.0,0.0071545867,0,0.0,0.019526057,0
1.0,0.7721301,1,0.0,0.034220774,0,0.0,0.2036287,0,0.0,0.023952598,0,0.0,0.092906095,0
1.0,0.87080145,1,0.0,0.00053937087,0,0.0,0.16040681,0,0.0,0.023172643,0,0.0,0.025407193,0
0.0,0.00043500998,0,1.0,0.5926292,1,1.0,0.81145954,1,1.0,0.7543669,1,1.0,0.38231426,1
0.0,0.002983389,0,0.0,0.3651866,1,1.0,0.8793547,1,1.0,0.52828693,1,0.0,0.10385223,0
0.0,0.009602208,0,0.0,0.07006564,0,0.0,0.08211689,0,1.0,0.96607256,1,0.0,0.045083404,0
1.0,0.753642,1,0.0,0.023188753,0,0.0,0.09160132,0,0.0,0.11884612,0,0.0,0.06052924,0
0.0,0.019840851,0,1.0,0.7847426,1,0.0,0.19911885,0,0.0,0.46533546,1,1.0,0.4393221,1
1.0,0.79641277,1,0.0,0.031014847,0,0.0,0.056593876,0,0.0,0.08952907,0,0.0,0.05952995,0
1.0,0.89151263,1,0.0,0.004886173,0,0.0,0.05276905,0,0.0,0.026352582,0,0.0,0.032812703,0
1.0,0.26863328,0,0.0,0.044096462,0,1.0,0.81704503,1,0.0,0.02227932,0,0.0,0.15834542,0
1.0,0.7669707,1,0.0,0.0028736154,0,0.0,0.037214767,0,0.0,0.18608965,0,0.0,0.026783695,0
0.0,0.267893,0,0.0,0.0011116904,0,1.0,0.8446771,1,0.0,0.13548566,0,0.0,0.051556904,0
0.0,0.44547108,1,1.0,0.17676139,0,0.0,0.11407802,0,0.0,0.36459127,0,0.0,0.12196477,0
1.0,0.9550797,1,0.0,0.0013731904,0,0.0,0.011570795,0,0.0,0.0061490773,0,0.0,0.016199848,0
1.0,0.42406517,1,0.0,0.0808321,0,0.0,0.49897084,1,0.0,0.26014692,0,0.0,0.12928532,0
1.0,0.91878873,1,0.0,0.0018123016,0,0.0,0.0371979,0,0.0,0.015905935,0,0.0,0.023734862,0
1.0,0.34754238,0,0.0,0.13516623,0,0.0,0.67647415,1,0.0,0.12839895,0,0.0,0.18051466,0
1.0,0.7603142,1,0.0,0.12937623,0,0.0,0.014741449,0,0.0,0.024375372,0,0.0,0.055677865,0
1.0,0.5636908,1,0.0,0.14150336,0,0.0,0.26451436,0,0.0,0.14077228,0,0.0,0.11858458,0
0.0,0.5136809,1,1.0,0.31047103,0,1.0,0.12746096,0,0.0,0.07667379,0,0.0,0.121051006,0
0.0,0.0077679018,0,1.0,0.64587754,1,0.0,0.28161678,0,0.0,0.7747309,1,1.0,0.38071078,1
1.0,0.82435644,1,0.0,0.007261953,0,0.0,0.1966651,0,0.0,0.022563607,0,0.0,0.06241104,0
1.0,0.5513149,1,0.0,0.2342199,0,0.0,0.04196405,0,0.0,0.08222936,0,0.0,0.06230333,0
1.0,0.58204955,1,0.0,0.09456935,0,0.0,0.3787209,1,0.0,0.087928526,0,0.0,0.124398105,0
1.0,0.80412,1,0.0,0.011087949,0,0.0,0.19470897,0,0.0,0.02787693,0,0.0,0.06615796,0
0.0,0.0008651838,0,0.0,0.08463866,0,1.0,0.9830068,1,1.0,0.78930205,1,0.0,0.09802039,0
0.0,0.09774517,0,0.0,0.29829973,0,1.0,0.5120703,1,1.0,0.4030186,0,0.0,0.18110877,0
0.0,0.0022985952,0,1.0,0.413833,1,1.0,0.9593775,1,0.0,0.25402033,0,1.0,0.21741551,0
1.0,0.6227948,1,0.0,0.14739548,0,0.0,0.18191272,0,0.0,0.047345214,0,0.0,0.1599085,0
0.0,0.4891874,1,1.0,0.2064627,0,0.0,0.27581748,0,0.0,0.118021265,0,0.0,0.15039241,0
1.0,0.8714558,1,0.0,0.010796258,0,0.0,0.063458554,0,0.0,0.023774665,0,0.0,0.052425504,0
0.0,0.00084741233,0,1.0,0.92583966,1,1.0,0.20158221,0,0.0,0.46910527,1,0.0,0.5559774,1
0.0,0.43483838,1,1.0,0.17905097,0,0.0,0.431024,1,0.0,0.076714516,0,0.0,0.1415972,0
0.0,0.07524068,0,1.0,0.5315099,1,0.0,0.043780886,0,0.0,0.40947983,0,0.0,0.106639005,0
1.0,0.9014722,1,0.0,0.0019113626,0,0.0,0.011403423,0,0.0,0.052266534,0,0.0,0.015943322,0
1.0,0.85311526,1,0.0,0.045061912,0,0.0,0.032532096,0,0.0,0.0117174685,0,0.0,0.04798049,0
1.0,0.84003043,1,0.0,0.054671526,0,1.0,0.028695341,0,0.0,0.015207019,0,0.0,0.056347545,0
1.0,0.8768184,1,0.0,0.0028967725,0,0.0,0.09726463,0,0.0,0.025152188,0,0.0,0.036707696,0
1.0,0.79175895,1,0.0,0.026246447,0,0.0,0.14447695,0,0.0,0.02171985,0,0.0,0.10226478,0
0.0,9.7781485e-05,0,0.0,0.08321166,0,0.0,0.959843,1,1.0,0.9691915,1,0.0,0.07175396,0
0.0,0.3261176,0,0.0,0.0014796306,0,0.0,0.7416715,1,0.0,0.17727551,0,1.0,0.052775346,0
0.0,0.0076697604,0,1.0,0.7297777,1,0.0,0.046391528,0,1.0,0.6103155,1,1.0,0.1533622,0
1.0,0.916804,1,0.0,0.018280579,0,0.0,0.008034012,0,0.0,0.008448287,0,0.0,0.027614037,0
1.0,0.86446077,1,0.0,0.007445046,0,0.0,0.08089898,0,0.0,0.031737413,0,0.0,0.04565184,0
0.0,0.025509112,0,0.0,0.16705084,0,0.0,0.51618165,1,1.0,0.8012594,1,0.0,0.08540911,0
0.0,0.005176544,0,1.0,0.8640123,1,0.0,0.30207086,0,0.0,0.32833087,0,0.0,0.5572051,1
0.0,0.040208746,0,1.0,0.7260191,1,0.0,0.08443777,0,0.0,0.33755532,0,0.0,0.19984838,0
0.0,0.016509151,0,0.0,0.27780616,0,1.0,0.5099177,1,1.0,0.80330735,1,0.0,0.11085397,0
1.0,0.7660016,1,0.0,0.0021726484,0,0.0,0.24408151,0,0.0,0.053889077,0,0.0,0.043348532,0
0.0,0.01319088,0,0.0,0.2777628,0,0.0,0.16188501,0,1.0,0.9031875,1,0.0,0.11206298,0
0.0,0.00085922267,0,0.0,0.84347683,1,1.0,0.57189596,1,0.0,0.48700142,1,0.0,0.45385495,1
0.0,0.0018628874,0,1.0,0.5329452,1,0.0,0.07014659,0,1.0,0.91789,1,0.0,0.15145257,0
0.0,0.37610036,1,1.0,0.120409,0,0.0,0.13883057,0,0.0,0.5345895,1,1.0,0.1073444,0
1.0,0.35682982,0,0.0,0.46871483,1,0.0,0.05495566,0,0.0,0.021423686,0,0.0,0.17265515,0
1.0,0.8286007,1,0.0,0.03512801,0,0.0,0.05534948,0,0.0,0.03140652,0,0.0,0.07112859,0
1.0,0.3505673,0,0.0,0.27267563,0,0.0,0.3289186,0,0.0,0.08018951,0,0.0,0.19045302,0
0.0,0.00023739703,0,0.0,0.069965884,0,1.0,0.9865165,1,1.0,0.8977905,1,0.0,0.12559995,0
1.0,0.87311673,1,0.0,0.008397537,0,0.0,0.027285904,0,0.0,0.04546641,0,0.0,0.031329032,0
1.0,0.77366745,1,0.0,0.026985314,0,0.0,0.06476249,0,0.0,0.09629556,0,0.0,0.08409388,0
0.0,0.00028838063,0,1.0,0.5066989,1,0.0,0.13091949,0,1.0,0.97020537,1,0.0,0.20588443,0
1.0,0.69517565,1,0.0,0.024036359,0,0.0,0.35417202,0,0.0,0.044462185,0,0.0,0.08652183,0
1.0,0.9247231,1,0.0,0.006802726,0,0.0,0.019101558,0,0.0,0.00870907,0,0.0,0.029881455,0
1.0,0.78995186,1,0.0,0.0011954654,0,0.0,0.039292667,0,0.0,0.16716972,0,0.0,0.02021443,0
0.0,0.47093782,1,0.0,0.21379669,0,0.0,0.1590405,0,1.0,0.16652906,0,0.0,0.086402334,0
0.0,0.42668375,1,1.0,0.08686563,0,0.0,0.032011144,0,0.0,0.46409583,1,0.0,0.04329091,0
1.0,0.59152275,1,0.0,0.25534946,0,0.0,0.020906834,0,0.0,0.031796858,0,0.0,0.064252205,0
1.0,0.896849,1,0.0,0.0072975536,0,0.0,0.03476672,0,0.0,0.020007182,0,0.0,0.032133672,0
0.0,0.10019779,0,0.0,0.013393618,0,0.0,0.10607487,0,1.0,0.8877852,1,0.0,0.039505802,0
0.0,0.048180968,0,0.0,0.31244883,0,1.0,0.63623315,1,0.0,0.5642075,1,0.0,0.2349822,1
1.0,0.89717984,1,0.0,0.007060371,0,0.0,0.045872003,0,0.0,0.015381488,0,0.0,0.036665034,0
0.0,0.108234875,0,0.0,0.0051836283,0,0.0,0.24699861,0,1.0,0.84347004,1,0.0,0.041376263,0
0.0,0.025208715,0,1.0,0.77583146,1,0.0,0.27882254,0,0.0,0.46546394,1,1.0,0.45330682,1
0.0,0.55320805,1,1.0,0.21780217,0,0.0,0.03534699,0,0.0,0.15382503,0,0.0,0.068806686,0
0.0,0.009613574,0,0.0,0.026789414,0,1.0,0.9928619,1,0.0,0.21136883,0,0.0,0.15143299,0
0.0,0.4223017,1,0.0,0.031889882,0,0.0,0.029919792,0,1.0,0.61173576,1,0.0,0.04443143,0
0.0,0.005432707,0,1.0,0.35125118,1,1.0,0.57392424,1,1.0,0.8767378,1,1.0,0.17203614,0
0.0,0.059681457,0,0.0,0.040089913,0,1.0,0.85066146,1,1.0,0.6058652,1,0.0,0.12721412,0
0.0,0.00020350904,0,1.0,0.96020037,1,0.0,0.09846644,0,0.0,0.43868843,1,1.0,0.6814483,1
1.0,0.9275482,1,0.0,0.008941896,0,0.0,0.015545801,0,0.0,0.0067989547,0,0.0,0.02670751,0
0.0,0.5849033,1,0.0,0.012091377,0,0.0,0.044963893,0,1.0,0.41006476,0,0.0,0.035672415,0
1.0,0.4759568,1,0.0,0.10796496,0,0.0,0.5005445,1,0.0,0.14116776,0,0.0,0.21572895,0
1.0,0.74721915,1,0.0,0.059809208,0,0.0,0.07310444,0,0.0,0.12508385,0,0.0,0.08065484,0
0.0,0.004702729,0,0.0,0.72592324,1,1.0,0.45323092,1,1.0,0.31030706,0,0.0,0.12158944,0
0.0,0.926313,1,0.0,0.0043406445,0,0.0,0.02921283,0,0.0,0.007891487,0,1.0,0.03241739,0
1.0,0.7107928,1,0.0,0.04338522,0,0.0,0.0271606,0,0.0,0.15677695,0,0.0,0.03908513,0
0.0,0.0057218852,0,1.0,0.923292,1,1.0,0.046988476,0,0.0,0.08688156,0,1.0,0.3477123,1
1.0,0.8331902,1,0.0,0.039313525,0,0.0,0.029759115,0,0.0,0.052597623,0,0.0,0.04382547,0
0.0,0.0018192017,0,1.0,0.922361,1,0.0,0.12879878,0,0.0,0.36314282,0,1.0,0.5055514,1
0.0,0.2203982,0,0.0,0.10979905,0,0.0,0.025013423,0,1.0,0.6368892,1,0.0,0.048932906,0
1.0,0.6131682,1,0.0,0.018338868,0,0.0,0.089712925,0,0.0,0.30906385,0,0.0,0.06902163,0
0.0,0.005355289,0,0.0,0.048205234,0,1.0,0.99032307,1,1.0,0.17157674,0,0.0,0.20671783,0
1.0,0.94471383,1,0.0,0.002598292,0,0.0,0.017747086,0,0.0,0.004782407,0,0.0,0.019604033,0
1.0,0.74856716,1,0.0,0.003040411,0,0.0,0.2815482,0,0.0,0.06518265,0,0.0,0.04417367,0
1.0,0.8900496,1,0.0,0.010447246,0,0.0,0.019559365,0,0.0,0.033019844,0,0.0,0.028221797,0
0.0,0.0040817903,0,1.0,0.74528664,1,0.0,0.26354647,0,0.0,0.7459941,1,1.0,0.3515273,1
1.0,0.89306015,1,0.0,0.020213457,0,0.0,0.014262909,0,0.0,0.017445892,0,0.0,0.036759395,0
1.0,0.9242665,1,0.0,0.0022126283,0,0.0,0.047828145,0,0.0,0.0076583875,0,0.0,0.030349962,0
1.0,0.66988885,1,0.0,0.014748834,0,0.0,0.15531988,0,0.0,0.20949721,0,0.0,0.06934183,0
0.0,0.060982384,0,1.0,0.76160944,1,0.0,0.064694144,0,1.0,0.18222448,0,0.0,0.1642268,0
0.0,0.1371331,0,0.0,0.019727828,0,0.0,0.6465871,1,1.0,0.5910391,1,0.0,0.08376911,0
1.0,0.47633597,1,0.0,0.059409484,0,0.0,0.5337633,1,0.0,0.019425727,0,0.0,0.13576876,0
0.0,0.011775002,0,0.0,0.25814146,0,1.0,0.89947265,1,1.0,0.56954294,1,0.0,0.19334267,0
0.0,0.00492334,0,1.0,0.59930915,1,1.0,0.6983522,1,0.0,0.5976617,1,0.0,0.3038962,1
1.0,0.8461177,1,0.0,0.017931025,0,0.0,0.018175034,0,0.0,0.07154486,0,0.0,0.030717673,0
1.0,0.52555555,1,0.0,0.11351928,0,0.0,0.044869047,0,0.0,0.28842983,0,0.0,0.09318989,0
1.0,0.900005,1,0.0,0.007274673,0,0.0,0.037895393,0,0.0,0.015421208,0,0.0,0.033914708,0
0.0,0.009754023,0,0.0,0.017394759,0,1.0,0.99482155,1,0.0,0.11107315,0,0.0,0.1321754,0
1.0,0.78502554,1,0.0,0.06610371,0,0.0,0.106577665,0,0.0,0.011456462,0,0.0,0.08864987,0
0.0,0.32097834,0,1.0,0.55956614,1,0.0,0.018787155,0,0.0,0.0108468775,0,0.0,0.074022785,0
0.0,0.0057461285,0,0.0,0.87964696,1,0.0,0.07592617,0,1.0,0.33673838,0,0.0,0.393497,1
0.0,0.096783206,0,0.0,0.09254514,0,0.0,0.32694447,0,1.0,0.7853336,1,0.0,0.09144099,0
0.0,0.00087317254,0,0.0,0.029980417,0,1.0,0.9892301,1,1.0,0.81472176,1,0.0,0.10217607,0
0.0,0.6811831,1,0.0,0.056657255,0,0.0,0.122211196,0,1.0,0.17806116,0,0.0,0.13167796,0
1.0,0.8241262,1,0.0,0.021485854,0,0.0,0.065034285,0,0.0,0.06050589,0,0.0,0.06032502,0
0.0,0.20140654,0,0.0,0.04558081,0,0.0,0.044818603,0,1.0,0.7941586,1,0.0,0.040115185,0
0.0,0.009096841,0,0.0,0.13241582,0,0.0,0.2179954,0,1.0,0.9485458,1,0.0,0.079284064,0
0.0,0.023097074,0,1.0,0.06577909,0,0.0,0.058003146,0,1.0,0.9458556,1,0.0,0.047161117,0
0.0,0.003206119,0,1.0,0.48215994,1,1.0,0.85863954,1,1.0,0.590523,1,0.0,0.28046235,1
0.0,0.18193774,0,1.0,0.35125536,1,1.0,0.5033268,1,0.0,0.36217695,0,0.0,0.17656985,0
1.0,0.9047882,1,0.0,0.0029412196,0,0.0,0.0429592,0,0.0,0.021376338,0,0.0,0.028704444,0
0.0,0.001470866,0,1.0,0.94957197,1,0.0,0.07523826,0,0.0,0.15045692,0,1.0,0.51421446,1
1.0,0.95399624,1,0.0,0.0005355914,0,0.0,0.017280877,0,0.0,0.008138912,0,0.0,0.013031727,0
0.0,0.40467802,1,0.0,0.05397888,0,0.0,0.101980425,0,1.0,0.4883527,1,0.0,0.07438321,0
0.0,0.026377128,0,0.0,0.5036432,1,1.0,0.45609337,1,1.0,0.579259,1,0.0,0.1654657,0
0.0,0.0016341887,0,0.0,0.0019869069,0,1.0,0.9996518,1,0.0,0.011487777,0,0.0,0.0878017,0
0.0,0.006190405,0,0.0,0.276388,0,1.0,0.94758457,1,0.0,0.21097149,0,0.0,0.34457195,1
1.0,0.7012857,1,0.0,0.046612162,0,0.0,0.2310153,0,0.0,0.043290127,0,0.0,0.12637076,0
1.0,0.31048688,0,0.0,0.41197363,1,0.0,0.023162613,0,0.0,0.1246938,0,0.0,0.05768859,0
1.0,0.9103872,1,0.0,0.005738133,0,0.0,0.024384405,0,0.0,0.017750518,0,0.0,0.03341237,0
0.0,0.0037324068,0,1.0,0.717328,1,0.0,0.34762084,0,1.0,0.74254274,1,1.0,0.39808008,1
1.0,0.956045,1,0.0,0.0035102637,0,0.0,0.005552086,0,0.0,0.004478397,0,0.0,0.014355963,0
0.0,0.00055485393,0,0.0,0.091399245,0,1.0,0.97185564,1,0.0,0.90175426,1,0.0,0.09977884,0
0.0,0.006173107,0,0.0,0.025924824,0,1.0,0.99603385,1,0.0,0.07355163,0,0.0,0.12994139,0
1.0,0.8286453,1,0.0,0.06778254,0,0.0,0.01749324,0,0.0,0.027647553,0,0.0,0.048760373,0
0.0,0.42018077,1,0.0,0.011924367,0,0.0,0.085546464,0,1.0,0.5817241,1,0.0,0.047651827,0
0.0,0.0018181215,0,0.0,0.055862952,0,1.0,0.9889761,1,1.0,0.6190707,1,0.0,0.10803493,0
1.0,0.7634119,1,0.0,0.009532713,0,0.0,0.043113407,0,0.0,0.16079795,0,0.0,0.036646195,0
1.0,0.47282544,1,0.0,0.07443432,0,0.0,0.079698734,0,0.0,0.41786757,0,0.0,0.092075266,0
0.0,0.03913027,0,1.0,0.63224596,1,0.0,0.51000005,1,0.0,0.20881899,0,0.0,0.15952808,0
1.0,0.8543286,1,0.0,0.0059922333,0,0.0,0.043750193,0,0.0,0.06447722,0,0.0,0.03164677,0
0.0,0.0005216179,0,0.0,0.06925456,0,0.0,0.931936,1,1.0,0.95721817,1,0.0,0.08322004,0
1.0,0.83149904,1,0.0,0.013889199,0,0.0,0.074492924,0,0.0,0.05218703,0,0.0,0.04981952,0
1.0,0.22936836,0,0.0,0.29459503,0,0.0,0.07246805,0,0.0,0.47776666,1,0.0,0.09009557,0
1.0,0.959208,1,0.0,0.0034801995,0,0.0,0.00553955,0,0.0,0.003006436,0,0.0,0.01431076,0
1.0,0.8686249,1,0.0,0.00431553,0,1.0,0.13752031,0,0.0,0.010866274,0,0.0,0.04666385,0
1.0,0.8893962,1,0.0,0.0045662913,0,0.0,0.100576736,0,0.0,0.007895692,0,0.0,0.04503257,0
1.0,0.7401556,1,0.0,0.018979436,0,0.0,0.31808335,0,0.0,0.024217092,0,0.0,0.079313,0
0.0,0.05721941,0,1.0,0.7334581,1,0.0,0.19233876,0,0.0,0.2797358,0,0.0,0.17373799,0
1.0,0.8172304,1,0.0,0.019564321,0,0.0,0.11941789,0,0.0,0.029702563,0,0.0,0.06364194,0
1.0,0.38407907,1,0.0,0.49757388,1,0.0,0.024408348,0,0.0,0.046546463,0,0.0,0.11175883,0
0.0,0.057073735,0,1.0,0.75744444,1,0.0,0.022608234,0,0.0,0.123496406,0,0.0,0.1238049,0
0.0,0.025128504,0,1.0,0.7158229,1,0.0,0.4567352,1,0.0,0.1834353,0,0.0,0.18524745,0
0.0,0.0012610735,0,1.0,0.91793764,1,0.0,0.34804672,0,0.0,0.298392,0,1.0,0.43845555,1
0.0,0.34331864,0,1.0,0.009677754,0,0.0,0.02414903,0,0.0,0.7130757,1,0.0,0.02230369,0
1.0,0.9120609,1,0.0,0.0063346946,0,0.0,0.045801837,0,0.0,0.007297667,0,0.0,0.038223073,0
0.0,0.0006281389,0,1.0,0.9282695,1,0.0,0.3075262,0,0.0,0.3281108,0,1.0,0.6248445,1
0.0,0.005904214,0,0.0,0.00835711,0,1.0,0.99780935,1,0.0,0.06737937,0,0.0,0.11666311,0
0.0,0.026556842,0,1.0,0.8181176,1,0.0,0.12255804,0,0.0,0.21588974,0,0.0,0.25678477,1
1.0,0.8861956,1,0.0,0.0022221718,0,0.0,0.05645582,0,0.0,0.02915224,0,0.0,0.028443873,0
0.0,0.00618024,0,1.0,0.3517356,1,0.0,0.20102979,0,1.0,0.9244944,1,1.0,0.27723965,1
0.0,0.0016944226,0,0.0,0.15207745,0,1.0,0.99341846,1,1.0,0.07478,0,0.0,0.12445628,0
0.0,0.07197411,0,0.0,0.0261835,0,1.0,0.97269934,1,0.0,0.034750864,0,0.0,0.13339593,0
1.0,0.8846088,1,0.0,0.01469148,0,0.0,0.017504793,0,0.0,0.03901316,0,0.0,0.030092446,0
0.0,0.0064750626,0,0.0,0.106766805,0,1.0,0.7308482,1,1.0,0.9189554,1,0.0,0.1798498,0
0.0,0.0015449139,0,1.0,0.37123156,1,0.0,0.10693386,0,0.0,0.941258,1,0.0,0.082020074,0
0.0,0.00093400374,0,1.0,0.8801364,1,0.0,0.1071117,0,0.0,0.7050581,1,1.0,0.51537097,1
0.0,0.8685949,1,1.0,0.032914817,0,0.0,0.015947856,0,0.0,0.025284821,0,0.0,0.040421683,0
0.0,0.0070042065,0,0.0,0.4582834,1,0.0,0.07176966,0,1.0,0.87473154,1,0.0,0.12999253,0
0.0,0.001969985,0,1.0,0.8046648,1,0.0,0.32176805,0,1.0,0.658218,1,1.0,0.4715841,1
0.0,0.44823152,1,1.0,0.31514737,0,0.0,0.06921754,0,0.0,0.19741428,0,0.0,0.10480435,0
1.0,0.8873972,1,0.0,0.016413469,0,0.0,0.023323676,0,0.0,0.024279514,0,0.0,0.03939594,0
1.0,0.824951,1,0.0,0.0004630964,0,0.0,0.032524735,0,0.0,0.12595776,0,0.0,0.01583499,0
0.0,0.6807718,1,0.0,0.008361426,0,1.0,0.50228345,1,0.0,0.03633364,0,0.0,0.08259699,0
1.0,0.95056653,1,0.0,0.00472775,0,0.0,0.006043007,0,0.0,0.005283599,0,0.0,0.017202334,0
1.0,0.1811604,0,0.0,0.021107346,0,0.0,0.7217126,1,0.0,0.4052221,0,0.0,0.09275637,0
0.0,0.23197609,0,0.0,0.020748243,0,0.0,0.08692855,0,1.0,0.7549335,1,0.0,0.042266857,0
0.0,0.026560048,0,1.0,0.8054804,1,0.0,0.06409738,0,0.0,0.19379301,0,0.0,0.11267905,0
1.0,0.92539483,1,0.0,0.0036922619,0,0.0,0.023932066,0,0.0,0.012628778,0,0.0,0.025427237,0
1.0,0.948859,1,0.0,0.0015862016,0,0.0,0.014534575,0,0.0,0.0073236176,0,0.0,0.015816446,0
0.0,0.68105876,1,0.0,0.0661686,0,0.0,0.14616534,0,1.0,0.15640938,0,0.0,0.093680955,0
0.0,0.038781624,0,0.0,0.014911813,0,1.0,0.9763425,1,0.0,0.25200653,0,1.0,0.14957432,0
0.0,0.005908749,0,0.0,0.17448883,0,1.0,0.9571761,1,1.0,0.53243077,1,0.0,0.13844043,0
1.0,0.9495092,1,0.0,0.0037097812,0,0.0,0.008499204,0,0.0,0.0055153905,0,0.0,0.018271504,0
1.0,0.9230313,1,0.0,0.005020295,0,0.0,0.026899297,0,0.0,0.008138712,0,0.0,0.027019076,0
1.0,0.73928326,1,0.0,0.00046483846,0,0.0,0.05430905,0,0.0,0.20215344,0,0.0,0.019555872,0
0.0,0.00061855925,0,1.0,0.5818179,1,0.0,0.12132241,0,1.0,0.9458055,1,0.0,0.2340877,1
1.0,0.7863051,1,0.0,0.01698914,0,0.0,0.17081852,0,0.0,0.03984881,0,0.0,0.06753839,0
1.0,0.6548183,1,0.0,0.00185101,0,1.0,0.46976307,1,0.0,0.07735616,0,0.0,0.052508604,0
0.0,0.036863178,0,1.0,0.21217327,0,1.0,0.8449966,1,1.0,0.4735507,1,1.0,0.29409707,1
0.0,0.7648922,1,0.0,0.015169311,0,0.0,0.25354588,0,0.0,0.041963857,0,1.0,0.08102752,0
0.0,0.026174316,0,0.0,0.18942136,0,1.0,0.8633094,1,0.0,0.5690997,1,0.0,0.28349438,1
0.0,0.0002422825,0,1.0,0.9421905,1,0.0,0.1607436,0,1.0,0.5724947,1,1.0,0.6201115,1
0.0,0.00034707534,0,0.0,0.13391334,0,1.0,0.97255784,1,1.0,0.87687564,1,0.0,0.11941079,0
0.0,0.009478238,0,0.0,0.0012511583,0,1.0,0.9988495,1,0.0,0.019408891,0,0.0,0.08573157,0
0.0,0.010445968,0,1.0,0.82376903,1,0.0,0.11126082,0,0.0,0.40959612,0,0.0,0.31333068,1
0.0,0.050610796,0,1.0,0.7785138,1,0.0,0.051982056,0,0.0,0.15266593,0,0.0,0.21816327,0
0.0,0.017288174,0,0.0,0.12589554,0,1.0,0.977105,1,1.0,0.10857454,0,0.0,0.20411502,0
1.0,0.7707444,1,0.0,0.0015461029,0,0.0,0.08099745,0,0.0,0.1320272,0,0.0,0.029340906,0
0.0,0.006350463,0,1.0,0.7932282,1,0.0,0.26501113,0,0.0,0.6421137,1,0.0,0.417021,1
0.0,0.13699293,0,0.0,0.010005311,0,0.0,0.23093793,0,1.0,0.8142833,1,0.0,0.048963986,0
1.0,0.807997,1,0.0,0.01428836,0,0.0,0.022889419,0,0.0,0.11143399,0,0.0,0.030141056,0
1.0,0.5792701,1,0.0,0.34707448,1,0.0,0.036553383,0,0.0,0.029148597,0,0.0,0.105801746,0
1.0,0.9112472,1,0.0,0.0057116426,0,0.0,0.048435006,0,0.0,0.006384938,0,0.0,0.04008336,0
1.0,0.589065,1,0.0,0.014814672,0,0.0,0.6054222,1,0.0,0.045431573,0,0.0,0.086741194,0
0.0,0.00028255,0,0.0,0.08178619,0,0.0,0.7337449,1,1.0,0.98533845,1,0.0,0.06058582,0
0.0,0.0022068217,0,0.0,0.109345056,0,1.0,0.7951857,1,1.0,0.9298171,1,0.0,0.07663279,0
0.0,0.0027356409,0,0.0,0.92757994,1,0.0,0.08771225,0,0.0,0.21517476,0,1.0,0.3362071,1
1.0,0.9178348,1,0.0,0.014860689,0,0.0,0.008726052,0,0.0,0.011238582,0,0.0,0.023751995,0
1.0,0.91495496,1,0.0,0.005649937,0,0.0,0.043434434,0,0.0,0.007359462,0,0.0,0.0374753,0
1.0,0.46840495,1,0.0,0.0035724572,0,1.0,0.45106277,1,0.0,0.25707275,0,0.0,0.05711045,0
0.0,0.0029255466,0,1.0,0.9006349,1,0.0,0.2092369,0,0.0,0.33587736,0,1.0,0.47425053,1
0.0,0.001314694,0,1.0,0.8168489,1,0.0,0.027644167,0,0.0,0.67893875,1,1.0,0.19946338,0
0.0,0.05524352,0,0.0,0.011535276,0,0.0,0.14784211,0,1.0,0.9183907,1,0.0,0.038230162,0
1.0,0.89045674,1,0.0,0.0051300135,0,0.0,0.062072907,0,0.0,0.0164534,0,0.0,0.03418466,0
0.0,0.022348298,0,1.0,0.77331364,1,0.0,0.22386298,0,0.0,0.29884118,0,0.0,0.20613845,0
0.0,0.022458488,0,1.0,0.08329267,0,1.0,0.96332884,1,0.0,0.10913002,0,0.0,0.29271686,1
1.0,0.94694567,1,0.0,0.00071962003,0,0.0,0.013471812,0,0.0,0.011734278,0,0.0,0.014151849,0
1.0,0.80800456,1,0.0,0.01657648,0,0.0,0.18656851,0,0.0,0.010398643,0,0.0,0.059836343,0
0.0,0.00018239234,0,1.0,0.11977249,0,1.0,0.9846859,1,1.0,0.86047673,1,0.0,0.09869067,0
1.0,0.9057402,1,0.0,0.0062869852,0,0.0,0.041589033,0,0.0,0.010293187,0,0.0,0.0325458,0
0.0,0.0038718786,0,0.0,0.028056378,0,0.0,0.77133346,1,1.0,0.9426806,1,0.0,0.057867084,0
1.0,0.9034238,1,0.0,0.0018511597,0,0.0,0.078242645,0,0.0,0.015098474,0,0.0,0.031077972,0
0.0,0.0022869916,0,1.0,0.60509187,1,1.0,0.6535554,1,1.0,0.73378974,1,1.0,0.4258717,1
1.0,0.88479793,1,0.0,0.0028693364,0,0.0,0.12381372,0,0.0,0.011923614,0,0.0,0.038060155,0
1.0,0.65539324,1,0.0,0.016104098,0,0.0,0.18965483,0,0.0,0.19431701,0,0.0,0.08156717,0
0.0,0.5699026,1,0.0,0.015187102,0,1.0,0.26005584,0,1.0,0.25602043,0,0.0,0.068312295,0
0.0,0.0025197805,0,0.0,0.7076527,1,0.0,0.019613728,0,1.0,0.6921135,1,0.0,0.094647825,0
0.0,0.0018580961,0,0.0,0.088982604,0,1.0,0.6277508,1,1.0,0.9700688,1,0.0,0.090494506,0
1.0,0.6921905,1,0.0,0.013514522,0,0.0,0.15946369,0,0.0,0.17269628,0,0.0,0.078156464,0
1.0,0.4991724,1,0.0,0.054860238,0,0.0,0.5230934,1,0.0,0.18308629,0,0.0,0.12693796,0
1.0,0.875042,1,0.0,0.00069977617,0,0.0,0.041270062,0,0.0,0.051398225,0,0.0,0.022517502,0
0.0,0.31847653,0,1.0,0.53553796,1,0.0,0.036537416,0,0.0,0.079267226,0,0.0,0.116838634,0
0.0,0.54605204,1,0.0,0.019103613,0,1.0,0.24738674,0,0.0,0.32693136,0,0.0,0.08363402,0
0.0,0.10435895,0,0.0,0.03455764,0,1.0,0.95061296,1,0.0,0.086297244,0,0.0,0.14271916,0
0.0,0.42402694,1,0.0,0.029494153,0,0.0,0.06494658,0,1.0,0.5119154,1,0.0,0.043375097,0
1.0,0.36114872,1,0.0,0.49258268,1,0.0,0.03426162,0,0.0,0.03746253,0,0.0,0.15931742,0
0.0,0.002549475,0,1.0,0.9508944,1,0.0,0.013981942,0,0.0,0.043558337,0,0.0,0.18126248,0
1.0,0.5744368,1,0.0,0.12868862,0,0.0,0.22247428,0,0.0,0.113970645,0,0.0,0.1059941,0
1.0,0.87501794,1,0.0,0.017084878,0,0.0,0.029215634,0,0.0,0.0315591,0,0.0,0.036953367,0
0.0,0.008339173,0,0.0,0.23302263,0,0.0,0.18053111,0,1.0,0.9257205,1,0.0,0.09002725,0
1.0,0.3362421,0,0.0,0.29501888,0,0.0,0.25323555,0,0.0,0.2615926,0,0.0,0.13054577,0
0.0,0.057223212,0,0.0,0.58864707,1,0.0,0.50448835,1,1.0,0.39425945,0,0.0,0.21936968,0
0.0,0.032293376,0,0.0,0.24488516,0,0.0,0.75938994,1,1.0,0.6786052,1,0.0,0.17031743,0
1.0,0.86797065,1,0.0,0.02356736,0,0.0,0.034588367,0,0.0,0.028674375,0,0.0,0.04935139,0
0.0,0.0009371427,0,1.0,0.93443435,1,0.0,0.07506767,0,0.0,0.3591462,0,0.0,0.38213953,1
1.0,0.93402267,1,0.0,0.0033955309,0,0.0,0.022431891,0,0.0,0.007632965,0,0.0,0.024424931,0
0.0,0.07438399,0,1.0,0.7501163,1,1.0,0.17324993,0,0.0,0.13659601,0,0.0,0.31342468,1
1.0,0.9307786,1,0.0,0.005117367,0,0.0,0.017942391,0,0.0,0.010366709,0,0.0,0.025392946,0
0.0,0.011347716,0,1.0,0.5327519,1,0.0,0.4823696,1,1.0,0.68738407,1,1.0,0.17388268,0
1.0,0.87982106,1,0.0,0.015420961,0,0.0,0.04262056,0,0.0,0.01568187,0,0.0,0.043066207,0
1.0,0.5566361,1,0.0,0.020127352,0,0.0,0.4494292,1,0.0,0.18127464,0,0.0,0.10625598,0
1.0,0.6566631,1,0.0,0.041017186,0,0.0,0.11263124,0,0.0,0.24749428,0,0.0,0.09727772,0
0.0,0.0037607981,0,1.0,0.91309,1,0.0,0.043201964,0,0.0,0.16130494,0,0.0,0.19618407,0
0.0,0.50858355,1,0.0,0.013424736,0,1.0,0.70245475,1,0.0,0.0611278,0,0.0,0.100348555,0
0.0,0.17871387,0,0.0,0.10123571,0,0.0,0.124502115,0,1.0,0.6919048,1,0.0,0.068061076,0
0.0,0.0036085546,0,0.0,0.11783114,0,1.0,0.8756517,1,0.0,0.88496315,1,0.0,0.1029848,0
0.0,0.26816323,0,1.0,0.5374006,1,0.0,0.015530484,0,0.0,0.06297851,0,0.0,0.095614865,0
0.0,0.81057614,1,0.0,0.002127378,0,0.0,0.029065385,0,1.0,0.13877863,0,0.0,0.025817009,0
0.0,0.11422501,0,1.0,0.54799706,1,1.0,0.39074972,1,0.0,0.08699268,0,0.0,0.15021043,0
0.0,0.003997644,0,0.0,0.07322827,0,1.0,0.9814958,1,0.0,0.6059198,1,1.0,0.13628426,0
0.0,0.0080456715,0,1.0,0.9131877,1,0.0,0.08113944,0,0.0,0.105467245,0,0.0,0.30866924,1
1.0,0.88138527,1,0.0,0.0047707306,0,0.0,0.078632325,0,0.0,0.016305437,0,0.0,0.035475913,0
0.0,0.01222775,0,0.0,0.74638206,1,0.0,0.24220407,0,1.0,0.5644571,1,0.0,0.23668835,1
0.0,0.22503963,0,1.0,0.4704625,1,0.0,0.1790672,0,0.0,0.36700386,0,1.0,0.20737313,0
1.0,0.87298644,1,0.0,0.011978563,0,0.0,0.017710207,0,0.0,0.05182204,0,0.0,0.03619508,0
1.0,0.93130225,1,0.0,0.0035410074,0,0.0,0.027774576,0,0.0,0.006242037,0,0.0,0.02673045,0
0.0,0.004110468,0,1.0,0.4362944,1,0.0,0.7166044,1,1.0,0.7863862,1,0.0,0.22196478,0
1.0,0.9154462,1,0.0,0.00061306014,0,0.0,0.025964059,0,0.0,0.029220741,0,0.0,0.017203012,0
1.0,0.6892008,1,0.0,0.011008524,0,0.0,0.03720297,0,0.0,0.24315809,0,0.0,0.033156335,0
0.0,0.00029638517,0,0.0,0.08114991,0,1.0,0.99522674,1,1.0,0.6823779,1,0.0,0.10392941,0
1.0,0.7282959,1,0.0,0.021888651,0,0.0,0.18689372,0,0.0,0.08202957,0,0.0,0.07969567,0
0.0,0.43640816,1,1.0,0.15295638,0,0.0,0.48063257,1,0.0,0.054245055,0,0.0,0.16357154,0
0.0,0.00068569096,0,1.0,0.94933724,1,0.0,0.063802436,0,0.0,0.32918972,0,1.0,0.45687437,1
0.0,0.0035355133,0,0.0,0.010068863,0,1.0,0.99833065,1,0.0,0.06636796,0,0.0,0.1153624,0
0.0,0.03713336,0,0.0,0.06858157,0,1.0,0.42665088,1,1.0,0.85568434,1,0.0,0.07366616,0
0.0,0.010746922,0,0.0,0.6312659,1,0.0,0.14917807,0,1.0,0.7173996,1,0.0,0.15316376,0
0.0,0.0035919552,0,1.0,0.9133766,1,0.0,0.068508625,0,0.0,0.21721257,0,0.0,0.27787375,1
0.0,0.42335537,1,1.0,0.28171608,0,0.0,0.020895038,0,0.0,0.17828801,0,0.0,0.0643392,0
0.0,0.005783613,0,0.0,0.0243322,0,1.0,0.99554956,1,0.0,0.087541275,0,0.0,0.11902479,0
0.0,0.542933,1,0.0,0.32537144,1,0.0,0.13369536,0,0.0,0.07105778,0,1.0,0.18808775,0
0.0,0.06655029,0,0.0,0.04427997,0,0.0,0.09972336,0,1.0,0.8960121,1,0.0,0.04503544,0
1.0,0.79486734,1,0.0,0.06463956,0,0.0,0.06320588,0,0.0,0.02168854,0,0.0,0.08570104,0
1.0,0.87040305,1,1.0,0.02309765,0,0.0,0.04442894,0,0.0,0.015848372,0,0.0,0.055963468,0
1.0,0.34426665,0,0.0,0.030550571,0,0.0,0.10753505,0,0.0,0.62521434,1,0.0,0.061669752,0
1.0,0.68754566,1,0.0,0.16324332,0,0.0,0.057269998,0,0.0,0.03784137,0,0.0,0.09722556,0
0.0,0.004466683,0,0.0,0.08410865,0,1.0,0.5735854,1,1.0,0.949463,1,0.0,0.07525916,0
0.0,0.0020639473,0,0.0,0.16123666,0,1.0,0.7344742,1,1.0,0.9315587,1,0.0,0.0968061,0
1.0,0.8700953,1,0.0,0.013264977,0,0.0,0.047177233,0,0.0,0.03127632,0,0.0,0.04888158,0
0.0,0.023801126,0,0.0,0.7511293,1,0.0,0.1370715,0,1.0,0.42983806,0,0.0,0.20797825,0
0.0,0.86652184,1,0.0,0.009770857,0,1.0,0.09710925,0,0.0,0.016246902,0,0.0,0.059148088,0
0.0,0.22608599,0,0.0,0.2413789,0,0.0,0.20425868,0,1.0,0.50606513,1,0.0,0.17809764,0
0.0,0.11055206,0,1.0,0.7040819,1,0.0,0.03309742,0,0.0,0.10913108,0,0.0,0.117903255,0
1.0,0.6538324,1,0.0,0.105824254,0,1.0,0.20257604,0,0.0,0.07166141,0,0.0,0.11845779,0
1.0,0.9522385,1,0.0,0.0011957166,0,0.0,0.030108314,0,0.0,0.0030258147,0,0.0,0.020310264,0
1.0,0.25902137,0,0.0,0.006145625,0,1.0,0.90308845,1,0.0,0.09446326,0,0.0,0.089508876,0
1.0,0.63612086,1,0.0,0.021699732,0,0.0,0.237346,0,0.0,0.19393578,0,0.0,0.07692391,0
0.0,0.5255771,1,0.0,0.16538176,0,1.0,0.18822108,0,0.0,0.13405353,0,0.0,0.19107284,0
1.0,0.68470776,1,0.0,0.10339302,0,0.0,0.14369513,0,0.0,0.07611429,0,0.0,0.10294624,0
0.0,0.70272225,1,0.0,0.20933025,0,0.0,0.020725165,0,0.0,0.021816744,0,1.0,0.0683082,0
0.0,0.012256581,0,0.0,0.3616301,1,1.0,0.8699263,1,0.0,0.40960515,0,0.0,0.13394809,0
0.0,0.12167947,0,0.0,0.23757204,0,1.0,0.6054746,1,0.0,0.4083576,0,0.0,0.12529956,0
0.0,0.7294526,1,1.0,0.077873416,0,0.0,0.12568495,0,0.0,0.06268489,0,0.0,0.08913589,0
0.0,0.66454536,1,1.0,0.15880747,0,0.0,0.03239187,0,0.0,0.076245226,0,0.0,0.0758062,0
0.0,0.00046600442,0,1.0,0.6380706,1,0.0,0.11206892,0,1.0,0.94393384,1,1.0,0.2909654,1
1.0,0.91192466,1,0.0,0.004144488,0,0.0,0.015759304,0,0.0,0.028426604,0,0.0,0.023658039,0
0.0,0.1626689,0,0.0,0.00847306,0,1.0,0.79027486,1,0.0,0.40708277,0,0.0,0.08662841,0
0.0,0.031377833,0,1.0,0.8460613,1,0.0,0.065273486,0,0.0,0.07108766,0,1.0,0.19270416,0
0.0,0.0036909834,0,1.0,0.8867878,1,0.0,0.34187096,0,0.0,0.18993063,0,1.0,0.5709976,1
0.0,0.03201555,0,1.0,0.6072636,1,0.0,0.042851157,0,0.0,0.48704895,1,0.0,0.10493604,0
0.0,0.0148920445,0,1.0,0.71694404,1,0.0,0.11349824,0,0.0,0.6057835,1,0.0,0.31593964,1
0.0,0.20952973,0,0.0,0.008189079,0,0.0,0.2820715,0,0.0,0.71726155,1,1.0,0.07790203,0
1.0,0.8374818,1,0.0,0.024196664,0,0.0,0.06795538,0,0.0,0.015055988,0,0.0,0.06693346,0
1.0,0.6704146,1,0.0,0.07455184,0,0.0,0.108944535,0,0.0,0.19049922,0,0.0,0.077248946,0
0.0,0.35781267,0,0.0,0.031968478,0,1.0,0.074340306,0,0.0,0.5964454,1,0.0,0.042812325,0
0.0,0.17709643,0,0.0,0.079268895,0,1.0,0.30370244,0,1.0,0.63851196,1,0.0,0.081344604,0
0.0,0.028745873,0,0.0,0.18453683,0,0.0,0.15964189,0,1.0,0.87201804,1,0.0,0.06805817,0
0.0,0.057202615,0,1.0,0.05573219,0,0.0,0.106630415,0,1.0,0.8881125,1,0.0,0.041692723,0
0.0,0.56815135,1,0.0,0.028465288,0,0.0,0.055608958,0,1.0,0.4269265,0,0.0,0.06760934,0
0.0,0.49238744,1,0.0,0.002086836,0,0.0,0.12950324,0,1.0,0.43825898,1,0.0,0.036858827,0
0.0,0.078703836,0,0.0,0.046001267,0,0.0,0.11300042,0,1.0,0.8725282,1,0.0,0.046831533,0
0.0,0.05987584,0,0.0,0.09618536,0,1.0,0.16223525,0,1.0,0.8553556,1,0.0,0.057820015,0
1.0,0.8353062,1,0.0,0.020293945,0,0.0,0.060082808,0,0.0,0.049900196,0,0.0,0.04810381,0
0.0,0.035339333,0,0.0,0.070270754,0,1.0,0.24479398,0,1.0,0.9004775,1,0.0,0.06516945,0
1.0,0.8655044,1,0.0,0.012660324,0,0.0,0.02130117,0,0.0,0.052865416,0,0.0,0.040459357,0
1.0,0.81497765,1,0.0,0.033114586,0,0.0,0.07169522,0,0.0,0.037737176,0,0.0,0.05865479,0
0.0,0.09099086,0,1.0,0.7390989,1,0.0,0.11353742,0,0.0,0.2020271,0,0.0,0.22305565,0
0.0,0.00544353,0,0.0,0.2873547,0,1.0,0.9521023,1,0.0,0.42556068,0,0.0,0.16099618,0
1.0,0.92590535,1,0.0,0.008825751,0,0.0,0.021527618,0,0.0,0.005286923,0,0.0,0.03196659,0
0.0,0.82566404,1,0.0,0.015774438,0,0.0,0.052558534,0,1.0,0.06469482,0,0.0,0.04377812,0
1.0,0.909,1,0.0,0.018877875,0,0.0,0.011262701,0,0.0,0.0068677575,0,0.0,0.030614553,0
0.0,0.014264711,0,1.0,0.85362786,1,0.0,0.22188324,0,0.0,0.21243675,0,0.0,0.42228672,1
1.0,0.93717515,1,0.0,0.0011665085,0,0.0,0.0201634,0,0.0,0.015933994,0,0.0,0.017447151,0
1.0,0.85257256,1,0.0,0.0064266897,0,0.0,0.056163758,0,0.0,0.056580864,0,0.0,0.04184433,0
1.0,0.84692925,1,0.0,0.022226732,0,0.0,0.04927326,0,0.0,0.039698713,0,0.0,0.051740523,0
0.0,0.48738366,1,0.0,0.0069106314,0,1.0,0.5454936,1,0.0,0.18394323,0,0.0,0.08171525,0
1.0,0.9446481,1,0.0,0.0036076787,0,0.0,0.01340509,0,0.0,0.006074044,0,0.0,0.023628604,0
1.0,0.7131472,1,0.0,0.07370097,0,0.0,0.17640601,0,0.0,0.03357837,0,0.0,0.12163182,0
0.0,0.10651412,0,0.0,0.055435512,0,1.0,0.93701905,1,0.0,0.029039958,0,1.0,0.1493072,0
1.0,0.92427784,1,0.0,0.0010971752,0,0.0,0.034418594,0,0.0,0.020644171,0,0.0,0.020622635,0
0.0,0.78069395,1,1.0,0.06435138,0,0.0,0.0450151,0,0.0,0.024077604,0,0.0,0.07376974,0
0.0,0.04372546,0,1.0,0.6174624,1,0.0,0.14901064,0,0.0,0.49873424,1,0.0,0.142361,0
0.0,0.47634777,1,1.0,0.19149195,0,0.0,0.15756416,0,1.0,0.19243021,0,0.0,0.1594375,0
1.0,0.9149186,1,0.0,0.003280065,0,0.0,0.045644276,0,0.0,0.010592935,0,0.0,0.027991436,0
1.0,0.8888863,1,0.0,0.0025270225,0,0.0,0.109426394,0,0.0,0.012802325,0,0.0,0.035974856,0
1.0,0.16623026,0,0.0,0.0046201055,0,1.0,0.81682736,1,0.0,0.35967982,0,0.0,0.07590669,0
0.0,0.009716076,0,1.0,0.01858663,0,1.0,0.9943363,1,0.0,0.08417268,0,1.0,0.15559635,0
0.0,0.46560034,1,0.0,0.16411608,0,1.0,0.45116255,1,0.0,0.06060134,0,0.0,0.1471615,0
0.0,0.92258555,1,0.0,0.0021274246,0,0.0,0.04666071,0,0.0,0.010627112,0,1.0,0.030617088,0
1.0,0.87911826,1,0.0,0.005731461,0,0.0,0.046765883,0,0.0,0.03254064,0,0.0,0.04718304,0
0.0,0.013194152,0,0.0,0.075632,0,1.0,0.9803329,1,1.0,0.23630257,0,0.0,0.15610364,0
1.0,0.8600614,1,0.0,0.015221372,0,0.0,0.06155771,0,0.0,0.029977074,0,0.0,0.05263432,0
1.0,0.81619847,1,0.0,0.0054371087,0,0.0,0.031569142,0,0.0,0.11613601,0,0.0,0.028956212,0
1.0,0.9143329,1,0.0,0.0114632305,0,0.0,0.0152255045,0,0.0,0.012888525,0,0.0,0.031551994,0
0.0,0.0014324349,0,0.0,0.22706755,0,0.0,0.07937901,0,1.0,0.97572607,1,0.0,0.098079704,0
1.0,0.66695124,1,0.0,0.039699085,0,0.0,0.12702863,0,0.0,0.21381742,0,0.0,0.078419186,0
1.0,0.8652414,1,0.0,0.014614029,0,0.0,0.038931254,0,0.0,0.03441161,0,0.0,0.041078996,0
1.0,0.7769565,1,0.0,0.058259778,0,0.0,0.09161451,0,0.0,0.041375402,0,0.0,0.08102156,0
1.0,0.8827262,1,0.0,0.008618387,0,0.0,0.024573864,0,0.0,0.039342746,0,0.0,0.03822205,0
0.0,0.1845661,0,0.0,0.023797076,0,0.0,0.3941006,1,1.0,0.6865007,1,0.0,0.07779762,0
0.0,0.013369601,0,1.0,0.894951,1,0.0,0.04433775,0,0.0,0.06674571,0,0.0,0.2545496,1
1.0,0.6184427,1,0.0,0.20478009,0,0.0,0.07387918,0,0.0,0.019996667,0,0.0,0.117549196,0
0.0,0.041198052,0,1.0,0.7770791,1,0.0,0.06737891,0,0.0,0.22316186,0,0.0,0.21778758,0
0.0,0.039794005,0,1.0,0.2951516,0,1.0,0.84608376,1,0.0,0.18653807,0,0.0,0.17713998,0
1.0,0.8216949,1,0.0,0.017908813,0,0.0,0.12342548,0,0.0,0.0208933,0,0.0,0.061305232,0
0.0,0.0144139975,0,0.0,0.652373,1,0.0,0.6886687,1,1.0,0.1505115,0,1.0,0.17105237,0
0.0,0.0055652284,0,0.0,0.9024779,1,0.0,0.07931981,0,1.0,0.19446488,0,1.0,0.27738848,1
0.0,0.012695694,0,1.0,0.27342075,0,1.0,0.81858206,1,0.0,0.7075912,1,0.0,0.17514542,0
0.0,0.5352486,1,0.0,0.090418845,0,1.0,0.33314297,0,0.0,0.09147704,0,0.0,0.21946675,0
1.0,0.5845824,1,0.0,0.22728974,0,1.0,0.08136318,0,0.0,0.052901503,0,0.0,0.123632446,0
1.0,0.8294968,1,0.0,0.03115978,0,0.0,0.05286977,0,0.0,0.012047676,0,0.0,0.07202928,0
0.0,0.0010834561,0,0.0,0.13863239,0,0.0,0.22758678,0,1.0,0.9781859,1,0.0,0.059464734,0
0.0,0.0053472514,0,0.0,0.009227771,0,1.0,0.9973464,1,0.0,0.08129721,0,0.0,0.112300254,0
0.0,0.6564745,1,0.0,0.03161092,0,1.0,0.44843975,1,0.0,0.034933344,0,0.0,0.11455758,0
0.0,0.12517668,0,0.0,0.018843535,0,0.0,0.04310362,0,1.0,0.86896867,1,0.0,0.03234775,0
1.0,0.90086144,1,0.0,0.00575857,0,0.0,0.046424687,0,0.0,0.016222889,0,0.0,0.03872906,0
1.0,0.40707037,1,0.0,0.42407903,1,0.0,0.030931711,0,0.0,0.052539274,0,0.0,0.06915557,0
0.0,0.0012011131,0,0.0,0.06405395,0,1.0,0.9747351,1,0.0,0.8429372,1,0.0,0.099188894,0
1.0,0.8775008,1,0.0,0.0039713853,0,0.0,0.06211272,0,0.0,0.039967045,0,0.0,0.03440575,0
1.0,0.28530473,0,0.0,0.55888885,1,0.0,0.040353287,0,0.0,0.12509064,0,0.0,0.11002103,0
0.0,0.79909605,1,0.0,0.0021081294,0,1.0,0.40276158,1,0.0,0.014657566,0,0.0,0.04812076,0
0.0,0.6172932,1,0.0,0.06255629,0,1.0,0.42382374,1,0.0,0.08871563,0,1.0,0.1261178,0
0.0,0.60010713,1,0.0,0.015691457,0,0.0,0.25745454,0,1.0,0.21949571,0,0.0,0.08133459,0
0.0,0.010258988,0,1.0,0.8698682,1,0.0,0.020345142,0,0.0,0.13775156,0,0.0,0.13621652,0
1.0,0.92037594,1,0.0,0.0012679265,0,0.0,0.0438633,0,0.0,0.017038113,0,0.0,0.024314621,0
0.0,0.17010415,0,1.0,0.063601926,0,0.0,0.26564735,0,0.0,0.71988213,1,0.0,0.08279777,0
0.0,0.0037769363,0,1.0,0.9163494,1,1.0,0.1928293,0,0.0,0.15358774,0,1.0,0.44442946,1
1.0,0.9271699,1,0.0,0.007937757,0,0.0,0.014061386,0,0.0,0.009525567,0,0.0,0.026808571,0
0.0,0.11168318,0,0.0,0.6532279,1,0.0,0.12931256,0,0.0,0.2214929,0,1.0,0.21196868,0
0.0,0.00032171523,0,1.0,0.06455697,0,0.0,0.034474455,0,1.0,0.9940667,1,0.0,0.016271766,0
1.0,0.76327705,1,0.0,0.089660056,0,0.0,0.045356177,0,0.0,0.019402629,0,0.0,0.08716378,0
0.0,0.25016898,0,0.0,0.0038431883,0,0.0,0.061106376,0,1.0,0.7770741,1,0.0,0.023227023,0
0.0,0.0003129003,0,1.0,0.055198215,0,0.0,0.04407306,0,1.0,0.9943504,1,0.0,0.015175794,0
1.0,0.6993788,1,0.0,0.073607765,0,0.0,0.020562716,0,0.0,0.14031547,0,0.0,0.042675886,0
1.0,0.7280824,1,0.0,0.014192453,0,0.0,0.040207036,0,0.0,0.20259762,0,0.0,0.04247956,0
0.0,0.09532849,0,0.0,0.15437192,0,1.0,0.90561074,1,0.0,0.14388043,0,0.0,0.22735238,0
0.0,0.01022629,0,0.0,0.07743348,0,1.0,0.98711836,1,1.0,0.17685027,0,0.0,0.18997489,0
1.0,0.757932,1,0.0,0.014693268,0,0.0,0.123320386,0,0.0,0.11625421,0,0.0,0.07017452,0
1.0,0.6762727,1,0.0,0.020464621,0,0.0,0.11295462,0,0.0,0.23425233,0,0.0,0.06652881,0
0.0,0.023920283,0,1.0,0.5123128,1,1.0,0.6689437,1,0.0,0.42475453,0,0.0,0.16676696,0
0.0,0.0060648047,0,1.0,0.8094152,1,0.0,0.21315315,0,0.0,0.5968374,1,1.0,0.4211063,1
1.0,0.89736706,1,0.0,0.0066379015,0,0.0,0.039043427,0,0.0,0.022294722,0,0.0,0.03377055,0
1.0,0.9379295,1,0.0,0.008317112,0,0.0,0.0062757223,0,0.0,0.007365902,0,0.0,0.018097281,0
1.0,0.8483453,1,0.0,0.01554839,0,0.0,0.04762827,0,0.0,0.04673695,0,0.0,0.04765803,0
0.0,0.025850477,0,0.0,0.04094291,0,1.0,0.9849279,1,0.0,0.04822298,0,0.0,0.14592518,0
1.0,0.90604824,1,0.0,0.0035314737,0,0.0,0.019038431,0,0.0,0.032317754,0,0.0,0.022963982,0
0.0,0.0039747423,0,1.0,0.7623935,1,0.0,0.059456587,0,0.0,0.69225127,1,1.0,0.26610133,1
0.0,0.38347238,1,0.0,0.10112121,0,1.0,0.59950614,1,0.0,0.035087287,0,0.0,0.13815136,0
0.0,0.07145228,0,1.0,0.4703958,1,0.0,0.26516622,0,1.0,0.43437904,1,0.0,0.098613925,0
1.0,0.46823803,1,1.0,0.18419097,0,0.0,0.17448862,0,0.0,0.30531275,0,0.0,0.11449971,0
0.0,0.049427148,0,0.0,0.006455674,0,1.0,0.8140626,1,1.0,0.7251335,1,0.0,0.06340464,0
0.0,0.0049426826,0,1.0,0.9353354,1,0.0,0.035175007,0,0.0,0.05477262,0,0.0,0.4093241,1
1.0,0.572915,1,0.0,0.009704389,0,1.0,0.53657657,1,0.0,0.10615817,0,0.0,0.08595624,0
0.0,0.014142392,0,1.0,0.059310142,0,0.0,0.18788594,0,1.0,0.9492436,1,0.0,0.04890828,0
0.0,0.018631103,0,0.0,0.050484996,0,0.0,0.4759278,1,1.0,0.9169113,1,0.0,0.0846713,0
1.0,0.9140679,1,0.0,0.00411729,0,0.0,0.043299224,0,0.0,0.010481824,0,0.0,0.02996862,0
1.0,0.8238795,1,0.0,0.016298424,0,0.0,0.06315436,0,0.0,0.06501385,0,0.0,0.059365258,0
1.0,0.7703042,1,0.0,0.008663572,0,0.0,0.23923536,0,0.0,0.048694637,0,0.0,0.05580698,0
1.0,0.21766636,0,0.0,0.00700902,0,0.0,0.30733156,0,0.0,0.67408365,1,0.0,0.047824584,0
0.0,0.04851341,0,0.0,0.018226752,0,1.0,0.5731639,1,1.0,0.7613874,1,0.0,0.04879101,0
0.0,0.0020511623,0,1.0,0.87451583,1,0.0,0.3007859,0,0.0,0.48109633,1,0.0,0.37910074,1
0.0,0.0054979497,0,1.0,0.9173234,1,0.0,0.03819944,0,0.0,0.11338691,0,0.0,0.19862288,0
0.0,0.0010303952,0,1.0,0.6443779,1,1.0,0.22311075,0,1.0,0.9142826,1,1.0,0.3540511,1
0.0,0.7870402,1,1.0,0.039707996,0,0.0,0.019516379,0,0.0,0.10950728,0,0.0,0.03785665,0
1.0,0.8327399,1,0.0,0.034616377,0,0.0,0.054114923,0,0.0,0.03226711,0,0.0,0.05521431,0
0.0,0.03925269,0,0.0,0.05514055,0,0.0,0.13960174,0,1.0,0.90704834,1,0.0,0.04555563,0
0.0,0.0047591054,0,0.0,0.004821128,0,1.0,0.99863297,1,0.0,0.026576333,0,0.0,0.11039157,0
1.0,0.82385314,1,0.0,0.03886356,0,0.0,0.076508865,0,0.0,0.018782195,0,0.0,0.07244182,0
0.0,0.002142195,0,0.0,0.17275696,0,0.0,0.3569174,0,1.0,0.9606631,1,0.0,0.09749848,0
1.0,0.84593874,1,0.0,0.01811744,0,0.0,0.022242352,0,0.0,0.06878929,0,0.0,0.035781626,0
0.0,0.022953736,0,1.0,0.3640935,1,1.0,0.63703585,1,1.0,0.72754216,1,0.0,0.20271519,0
0.0,0.002254952,0,0.0,0.0020263582,0,1.0,0.9995763,1,0.0,0.017281111,0,0.0,0.08747258,0
0.0,0.00044998561,0,0.0,0.23496312,0,0.0,0.36570942,0,1.0,0.97821736,1,0.0,0.12142926,0
1.0,0.8730997,1,0.0,0.00071548193,0,0.0,0.07033781,0,0.0,0.042204592,0,0.0,0.021914287,0
1.0,0.7749523,1,0.0,0.0026994685,0,0.0,0.307114,0,0.0,0.04155741,0,0.0,0.049094778,0
0.0,0.012609432,0,0.0,0.052775476,0,1.0,0.9904883,1,0.0,0.058279216,0,0.0,0.16468321,0
1.0,0.69596064,1,0.0,0.08053135,0,0.0,0.04351357,0,0.0,0.14371602,0,0.0,0.0592877,0
0.0,0.014876418,0,0.0,0.26573226,0,0.0,0.64419496,1,1.0,0.8163597,1,1.0,0.23618521,1
1.0,0.80037826,1,0.0,0.10122623,0,0.0,0.014380281,0,0.0,0.0101949945,0,0.0,0.055296954,0
1.0,0.83455783,1,0.0,0.0041078804,0,0.0,0.041873384,0,0.0,0.08064437,0,0.0,0.028972074,0
0.0,0.004028204,0,0.0,0.07722908,0,1.0,0.9925487,1,0.0,0.17258617,0,0.0,0.13690457,0
1.0,0.4764109,1,0.0,0.014145875,0,0.0,0.18258645,0,0.0,0.42928576,0,0.0,0.06945836,0
0.0,0.004112565,0,1.0,0.63788825,1,0.0,0.42851654,1,0.0,0.7285116,1,1.0,0.2045151,0
0.0,0.035790525,0,1.0,0.795698,1,0.0,0.036807567,0,0.0,0.16174403,0,0.0,0.138092,0
0.0,0.022845186,0,0.0,0.10823161,0,1.0,0.7195865,1,1.0,0.80714554,1,0.0,0.11563875,0
0.0,0.00019105586,0,1.0,0.94669,1,0.0,0.07492715,0,1.0,0.62476695,1,1.0,0.6507013,1
0.0,0.0081957625,0,0.0,0.11356287,0,0.0,0.076557726,0,1.0,0.9573668,1,0.0,0.04321236,0
0.0,0.0012302698,0,0.0,0.5840411,1,0.0,0.3549864,0,1.0,0.8951729,1,0.0,0.21717013,0
0.0,0.4577295,1,0.0,0.019176949,0,0.0,0.029534444,0,1.0,0.5411113,1,0.0,0.029459393,0
1.0,0.855052,1,0.0,0.008888532,0,0.0,0.075050324,0,0.0,0.034746338,0,0.0,0.046368264,0
0.0,0.005829124,0,1.0,0.18866053,0,1.0,0.7871818,1,1.0,0.8359771,1,0.0,0.09652795,0
0.0,0.008500397,0,1.0,0.41040847,1,0.0,0.6527675,1,1.0,0.7951733,1,0.0,0.24329615,1
0.0,0.45614392,1,0.0,0.021970227,0,0.0,0.072924934,0,1.0,0.4887782,1,0.0,0.0516733,0
1.0,0.6159974,1,0.0,0.04022033,0,0.0,0.52207214,1,0.0,0.029787734,0,0.0,0.11828943,0
0.0,0.009192981,0,0.0,0.8672306,1,0.0,0.059470434,0,1.0,0.22421438,0,0.0,0.13326968,0
0.0,0.47463983,1,0.0,0.0028914225,0,1.0,0.60770184,1,1.0,0.16034123,0,0.0,0.061170682,0
0.0,0.0032035718,0,0.0,0.0030971032,0,1.0,0.99927276,1,0.0,0.026795017,0,0.0,0.09310842,0
0.0,0.09179521,0,0.0,0.37687814,1,1.0,0.70822734,1,1.0,0.21035394,0,0.0,0.17174695,0
1.0,0.8643799,1,0.0,0.02527327,0,0.0,0.025023619,0,0.0,0.035932884,0,0.0,0.042346235,0
0.0,0.60081434,1,1.0,0.20654598,0,0.0,0.0673569,0,0.0,0.077772304,0,0.0,0.09105192,0
0.0,0.44623762,1,0.0,0.12599437,0,1.0,0.07533692,0,0.0,0.34735316,0,0.0,0.058088116,0
1.0,0.9174484,1,0.0,0.0015081937,0,0.0,0.01975193,0,0.0,0.030089466,0,0.0,0.01872652,0
0.0,0.0043389117,0,1.0,0.26954415,0,1.0,0.6838642,1,1.0,0.87962526,1,0.0,0.19361976,0
1.0,0.8268498,1,0.0,0.053152196,0,0.0,0.022613928,0,0.0,0.048286274,0,0.0,0.0489101,0
1.0,0.8479921,1,0.0,0.011296043,0,0.0,0.09354136,0,0.0,0.03039651,0,0.0,0.046400946,0
0.0,0.25072888,0,0.0,0.01206654,0,1.0,0.9173256,1,0.0,0.061738685,0,0.0,0.11799367,0
0.0,0.023248496,0,0.0,0.19628909,0,1.0,0.95386714,1,0.0,0.04725172,0,0.0,0.1503717,0
0.0,0.0048808823,0,0.0,0.008012786,0,1.0,0.9981968,1,0.0,0.038974464,0,0.0,0.11980066,0
0.0,0.046197575,0,1.0,0.6457784,1,0.0,0.021208715,0,0.0,0.28533745,0,0.0,0.0799677,0
0.0,0.79583985,1,0.0,0.047136277,0,1.0,0.07227222,0,0.0,0.06020197,0,0.0,0.08180352,0
1.0,0.6580061,1,0.0,0.09638581,0,0.0,0.23027806,0,0.0,0.04926767,0,0.0,0.1085496,0
0.0,0.68251216,1,0.0,0.09602909,0,0.0,0.17051916,0,1.0,0.07115183,0,0.0,0.13968256,0
1.0,0.9340597,1,0.0,0.0038632443,0,0.0,0.018115545,0,0.0,0.009267155,0,0.0,0.02467121,0
0.0,0.77652925,1,0.0,0.020376315,0,0.0,0.04979798,0,1.0,0.12969987,0,0.0,0.049333654,0
0.0,0.018122328,0,0.0,0.13145716,0,0.0,0.27421513,0,1.0,0.89859855,1,0.0,0.06355306,0
0.0,0.021210792,0,0.0,0.04076538,0,0.0,0.3209956,0,1.0,0.9248772,1,0.0,0.053167645,0
0.0,0.3690652,1,0.0,0.020834688,0,1.0,0.6456553,1,1.0,0.25191897,0,0.0,0.12431482,0
1.0,0.9183326,1,0.0,0.008961639,0,0.0,0.016133053,0,0.0,0.012975571,0,0.0,0.02635003,0
0.0,0.8960589,1,0.0,0.003938891,0,1.0,0.072608314,0,0.0,0.013897365,0,0.0,0.033740953,0
0.0,0.020359602,0,1.0,0.4624144,1,0.0,0.6448293,1,1.0,0.6483447,1,0.0,0.20947956,0
0.0,0.19972387,0,0.0,0.53198963,1,0.0,0.2104621,0,1.0,0.23666158,0,0.0,0.1380108,0
0.0,0.011798679,0,0.0,0.024735972,0,1.0,0.9938069,1,0.0,0.08314153,0,0.0,0.13705784,0
0.0,0.8389353,1,0.0,0.0068812543,0,1.0,0.033373736,0,0.0,0.08957662,0,0.0,0.041969597,0
0.0,0.039354056,0,1.0,0.7417126,1,1.0,0.31722304,0,0.0,0.21562031,0,0.0,0.23635586,1
0.0,0.41439098,1,0.0,0.025142124,0,0.0,0.33384833,0,1.0,0.38636398,0,0.0,0.108130194,0
1.0,0.8863933,1,0.0,0.014778692,0,0.0,0.030464772,0,0.0,0.023290195,0,0.0,0.044173133,0
0.0,0.13096684,0,1.0,0.5256964,1,0.0,0.012661766,0,0.0,0.17359675,0,0.0,0.05823923,0
1.0,0.709864,1,0.0,0.010717459,0,0.0,0.11548499,0,0.0,0.17575401,0,0.0,0.049485926,0
1.0,0.79012686,1,0.0,0.0017212917,0,0.0,0.44735196,1,0.0,0.011312186,0,0.0,0.043808997,0
0.0,0.016421922,0,1.0,0.8286826,1,0.0,0.0055079213,0,0.0,0.08847855,0,0.0,0.056527685,0
1.0,0.7700499,1,0.0,0.012984312,0,0.0,0.10008802,0,0.0,0.109351486,0,0.0,0.06105837,0
0.0,0.5468054,1,1.0,0.31760678,0,0.0,0.030407285,0,0.0,0.03989582,0,0.0,0.07903588,0
0.0,0.016560849,0,1.0,0.6703087,1,0.0,0.027633583,0,0.0,0.50988334,1,0.0,0.13216227,0
1.0,0.1843548,0,0.0,0.65594935,1,0.0,0.07176981,0,0.0,0.044696026,0,0.0,0.14638343,0
1.0,0.4711007,1,0.0,0.11165032,0,0.0,0.07907163,0,0.0,0.38907254,0,0.0,0.07216436,0
0.0,0.008567472,0,1.0,0.60010666,1,1.0,0.3747735,1,0.0,0.78895426,1,1.0,0.377758,1
0.0,0.005776762,0,1.0,0.63316774,1,0.0,0.784343,1,0.0,0.25615928,0,0.0,0.1741941,0
1.0,0.92838794,1,0.0,0.0014934251,0,0.0,0.018354587,0,0.0,0.018192405,0,0.0,0.017162282,0
1.0,0.81560856,1,0.0,0.0054033445,0,0.0,0.25035912,0,0.0,0.019382417,0,0.0,0.056065194,0
1.0,0.804268,1,0.0,0.0731465,0,0.0,0.02528371,0,0.0,0.022953687,0,0.0,0.058643557,0
1.0,0.666269,1,0.0,0.082057714,0,0.0,0.101601526,0,0.0,0.15633675,0,0.0,0.07512688,0
1.0,0.48789698,1,0.0,0.014211799,0,0.0,0.4935769,1,0.0,0.23947579,0,0.0,0.08996178,0
0.0,0.0003622532,0,0.0,0.1792613,0,1.0,0.9896387,1,0.0,0.57515603,1,0.0,0.106296495,0
1.0,0.7364336,1,0.0,0.041329555,0,0.0,0.23166254,0,0.0,0.021917332,0,0.0,0.08770339,0
0.0,0.012970509,0,0.0,0.27752513,0,0.0,0.3571924,0,1.0,0.88978374,1,0.0,0.1516127,0
1.0,0.8565132,1,0.0,0.019460019,0,0.0,0.038488068,0,0.0,0.041473143,0,0.0,0.046362583,0
0.0,0.011200511,0,1.0,0.9025966,1,0.0,0.047967643,0,0.0,0.07501503,0,0.0,0.21923178,0
0.0,0.53451914,1,0.0,0.018495467,0,1.0,0.54990333,1,0.0,0.13342737,0,0.0,0.093186684,0
1.0,0.34673667,0,0.0,0.04809867,0,0.0,0.09055512,0,0.0,0.601355,1,0.0,0.061281573,0
0.0,0.7859746,1,0.0,0.00068824884,0,0.0,0.039971583,0,1.0,0.16092521,0,0.0,0.019311616,0
0.0,0.006418182,0,0.0,0.007664536,0,1.0,0.9978351,1,0.0,0.056663077,0,0.0,0.11862828,0
1.0,0.8976614,1,0.0,0.0019704443,0,0.0,0.014018013,0,0.0,0.052569628,0,0.0,0.017581,0
0.0,0.0009962602,0,0.0,0.15953551,0,0.0,0.1322364,0,1.0,0.98321575,1,0.0,0.09347236,0
0.0,0.00061768526,0,0.0,0.4309891,1,0.0,0.18410346,0,1.0,0.9641207,1,0.0,0.18221323,0
1.0,0.45884585,1,0.0,0.013855652,0,0.0,0.3582312,0,0.0,0.35995117,0,0.0,0.08120431,0
0.0,0.0039106216,0,1.0,0.23399912,0,0.0,0.8626799,1,1.0,0.8365396,1,0.0,0.15279984,0
0.0,0.00040320182,0,0.0,0.30972046,0,0.0,0.16413262,0,1.0,0.9812701,1,0.0,0.15316375,0
0.0,0.37563038,1,0.0,0.026634803,0,0.0,0.049192343,0,1.0,0.59769547,1,0.0,0.044097796,0
0.0,0.016149743,0,1.0,0.5518051,1,1.0,0.7413738,1,0.0,0.28247827,0,0.0,0.1830168,0
0.0,0.0321734,0,0.0,0.25406194,0,0.0,0.558691,1,1.0,0.6717118,1,0.0,0.10577443,0
1.0,0.2875548,0,0.0,0.38711226,1,0.0,0.29481092,0,0.0,0.12210373,0,0.0,0.23818949,1
1.0,0.85796326,1,0.0,0.026107037,0,0.0,0.025629062,0,0.0,0.044186104,0,0.0,0.040045563,0
0.0,0.021040656,0,1.0,0.87432283,1,0.0,0.03980472,0,0.0,0.05704854,0,0.0,0.36730438,1
1.0,0.84886795,1,0.0,0.018915094,0,0.0,0.05057837,0,0.0,0.023223221,0,0.0,0.07479916,0
1.0,0.9353714,1,0.0,0.0024055315,0,1.0,0.02599879,0,0.0,0.009125077,0,0.0,0.02452992,0
1.0,0.71748996,1,0.0,0.10727565,0,0.0,0.020452108,0,0.0,0.106984235,0,0.0,0.047872994,0
0.0,0.015129947,0,0.0,0.2709867,0,0.0,0.52418417,1,1.0,0.83022565,1,0.0,0.12750606,0
0.0,0.024867315,0,1.0,0.47742265,1,0.0,0.27998203,0,0.0,0.62190336,1,0.0,0.10417678,0
0.0,0.00040917392,0,1.0,0.65178484,1,0.0,0.11905898,0,1.0,0.94443655,1,1.0,0.28029275,1
0.0,0.16246611,0,1.0,0.72406965,1,0.0,0.011642888,0,0.0,0.026403194,0,0.0,0.06932461,0
0.0,0.0013993623,0,0.0,0.1633886,0,0.0,0.7757573,1,1.0,0.9298182,1,0.0,0.07587425,0
0.0,0.017816342,0,0.0,0.041389238,0,0.0,0.40171206,1,1.0,0.9258683,1,0.0,0.06435192,0
1.0,0.5846133,1,0.0,0.00313292,0,0.0,0.047824908,0,0.0,0.42532092,0,0.0,0.027438339,0
0.0,0.49927995,1,0.0,0.005235577,0,0.0,0.10458873,0,1.0,0.46452278,1,0.0,0.042767446,0
0.0,0.6573161,1,0.0,0.0114184525,0,1.0,0.19479473,0,0.0,0.18176922,0,1.0,0.057449024,0
1.0,0.90040123,1,0.0,0.008548852,0,0.0,0.031310108,0,0.0,0.020492613,0,0.0,0.036051787,0
1.0,0.93033767,1,0.0,0.0016035982,0,0.0,0.04128214,0,0.0,0.008764655,0,0.0,0.022789018,0
0.0,0.0017534329,0,0.0,0.24867819,0,1.0,0.9814153,1,1.0,0.42880914,0,1.0,0.19093125,0
0.0,0.62013674,1,0.0,0.048752554,0,1.0,0.43130997,1,0.0,0.042031407,0,0.0,0.11008313,0
0.0,0.7848718,1,0.0,0.0070167105,0,1.0,0.2627768,0,0.0,0.0384562,0,0.0,0.057174694,0
1.0,0.83041096,1,0.0,0.040810965,0,0.0,0.049070254,0,0.0,0.03944439,0,0.0,0.061197694,0
1.0,0.93415403,1,0.0,0.0029465463,0,0.0,0.02659765,0,0.0,0.0067651644,0,0.0,0.025395116,0
0.0,9.636101e-05,0,0.0,0.18875669,0,1.0,0.9279403,1,1.0,0.9581184,1,0.0,0.124383464,0
0.0,0.04613039,0,0.0,0.07369923,0,1.0,0.9657358,1,1.0,0.04056312,0,0.0,0.17445374,0
0.0,0.028748365,0,0.0,0.22629216,0,1.0,0.8813046,1,1.0,0.4497314,1,0.0,0.16208643,0
1.0,0.8768821,1,0.0,0.022093376,0,0.0,0.027268462,0,0.0,0.026657956,0,0.0,0.046658166,0
0.0,0.0011260681,0,0.0,0.000926068,0,1.0,0.99983263,1,0.0,0.009767873,0,0.0,0.06801633,0
1.0,0.8834078,1,0.0,0.00069333316,0,0.0,0.024260774,0,0.0,0.059036747,0,0.0,0.016066637,0
0.0,0.00819879,0,0.0,0.12773213,0,0.0,0.63477504,1,1.0,0.8959886,1,0.0,0.08341445,0
0.0,0.675751,1,0.0,0.029618599,0,1.0,0.40895015,1,0.0,0.034296364,0,0.0,0.09908696,0
1.0,0.5105623,1,0.0,0.0077942903,0,0.0,0.47467697,1,0.0,0.18235168,0,0.0,0.07432757,0
1.0,0.22541296,0,0.0,0.6214407,1,0.0,0.0771739,0,0.0,0.050010774,0,0.0,0.10944766,0
0.0,0.0077455514,0,0.0,0.15360674,0,1.0,0.93336236,1,1.0,0.667962,1,0.0,0.15076186,0
0.0,0.63220453,1,1.0,0.18704322,0,0.0,0.10568298,0,0.0,0.023560528,0,0.0,0.122683585,0
0.0,0.30243796,0,0.0,0.034846846,0,1.0,0.47281435,1,0.0,0.5202818,1,0.0,0.14557457,0
1.0,0.63132066,1,0.0,0.07703741,0,0.0,0.24120566,0,0.0,0.14293136,0,0.0,0.09838886,0
1.0,0.86427623,1,0.0,0.020635692,0,0.0,0.050756447,0,0.0,0.020223182,0,0.0,0.05580583,0
0.0,0.0016546493,0,1.0,0.007325541,0,1.0,0.99929845,1,1.0,0.032931,0,0.0,0.10784762,0
1.0,0.21235107,0,0.0,0.35320085,1,0.0,0.10799994,0,0.0,0.37630165,0,0.0,0.11588562,0
0.0,0.24050848,0,0.0,0.014264511,0,1.0,0.9353685,1,0.0,0.020468807,0,0.0,0.119803414,0
1.0,0.8503337,1,0.0,0.022762818,0,0.0,0.059532654,0,0.0,0.025048047,0,0.0,0.06701298,0
0.0,0.01537273,0,0.0,0.62048966,1,0.0,0.16330254,0,1.0,0.69337434,1,0.0,0.17490457,0
1.0,0.8988459,1,0.0,0.013573771,0,0.0,0.019101193,0,0.0,0.022963122,0,0.0,0.03294227,0
1.0,0.50963104,1,0.0,0.053365547,0,0.0,0.5280388,1,0.0,0.017835679,0,0.0,0.11226597,0
1.0,0.6207578,1,0.0,0.08089726,0,0.0,0.34620318,0,0.0,0.06750511,0,0.0,0.119552515,0
1.0,0.92642707,1,0.0,0.0015397063,0,0.0,0.058110766,0,0.0,0.006876365,0,0.0,0.027032267,0
0.0,0.58811253,1,1.0,0.16516744,0,0.0,0.11488281,0,0.0,0.09972137,0,0.0,0.16497068,0
1.0,0.8264112,1,0.0,0.007295046,0,0.0,0.2128138,0,0.0,0.014941484,0,0.0,0.055422068,0
0.0,0.010453523,0,1.0,0.63586384,1,0.0,0.07770957,0,0.0,0.7054479,1,0.0,0.15027036,0
1.0,0.8803293,1,0.0,0.022124026,0,0.0,0.023438983,0,0.0,0.023918752,0,0.0,0.039766245,0
0.0,0.29765072,0,1.0,0.5591439,1,0.0,0.05287342,0,0.0,0.08173178,0,0.0,0.14479867,0
0.0,0.007442231,0,1.0,0.9077515,1,0.0,0.04616655,0,0.0,0.14088891,0,0.0,0.36881965,1
0.0,0.00057522435,0,0.0,0.0661838,0,0.0,0.12843867,0,1.0,0.99028087,1,0.0,0.026375048,0
0.0,0.0014058347,0,1.0,0.95859444,1,0.0,0.09253485,0,0.0,0.07832786,0,0.0,0.43278947,1
0.0,0.006766129,0,0.0,0.03071838,0,1.0,0.99333596,1,0.0,0.15007359,0,0.0,0.1181458,0
1.0,0.9271651,1,0.0,0.0038588904,0,0.0,0.012199591,0,0.0,0.019380687,0,0.0,0.022483103,0
0.0,0.003292291,0,0.0,0.0046246187,0,1.0,0.9989073,1,0.0,0.049306545,0,0.0,0.08969913,0
1.0,0.8811554,1,0.0,0.0076200203,0,0.0,0.018050745,0,0.0,0.0470182,0,0.0,0.027027445,0
0.0,0.0015479679,0,0.0,0.21491256,0,1.0,0.9879418,1,0.0,0.13241188,0,0.0,0.10665393,0
1.0,0.87292266,1,0.0,0.025560362,0,0.0,0.033263024,0,0.0,0.007929794,0,0.0,0.053103205,0
0.0,0.34434733,0,1.0,0.22694616,0,0.0,0.04501842,0,0.0,0.3781231,0,0.0,0.05567537,0
1.0,0.7524963,1,0.0,0.018108519,0,0.0,0.10158681,0,0.0,0.104881525,0,0.0,0.08120689,0
0.0,0.4717579,1,0.0,0.026890492,0,0.0,0.3435955,0,0.0,0.31787285,0,1.0,0.100568034,0
0.0,0.00019947012,0,1.0,0.8838757,1,1.0,0.30882588,0,1.0,0.7270047,1,1.0,0.6761507,1
1.0,0.761709,1,0.0,0.049921587,0,0.0,0.1182447,0,0.0,0.07215381,0,0.0,0.086217724,0
0.0,0.0005328384,0,0.0,0.80969745,1,1.0,0.3561945,0,1.0,0.773386,1,0.0,0.5694995,1
0.0,0.0018456568,0,1.0,0.94239706,1,0.0,0.095020905,0,0.0,0.13550095,0,1.0,0.4800699,1
0.0,0.07351149,0,1.0,0.1795647,0,0.0,0.13778025,0,1.0,0.83475953,1,0.0,0.09199462,0
1.0,0.8678416,1,0.0,0.0073273275,0,0.0,0.0353075,0,0.0,0.047967434,0,0.0,0.0333369,0
0.0,0.7866583,1,0.0,0.035129722,0,0.0,0.14479531,0,0.0,0.035215266,0,1.0,0.085581236,0
0.0,0.012617635,0,0.0,0.059329987,0,1.0,0.9813504,1,0.0,0.34841505,0,0.0,0.14539501,0
1.0,0.90448177,1,0.0,0.005431292,0,0.0,0.057054065,0,0.0,0.010718334,0,0.0,0.041368056,0
0.0,0.0078583015,0,0.0,0.20404905,0,0.0,0.11759234,0,1.0,0.9234507,1,0.0,0.054581005,0
0.0,0.00011977604,0,0.0,0.06240433,0,1.0,0.9977756,1,1.0,0.6709888,1,0.0,0.09812422,0
0.0,0.00062260515,0,0.0,0.6649017,1,1.0,0.8708004,1,1.0,0.450647,1,0.0,0.23572227,1
0.0,8.164388e-05,0,0.0,0.07817676,0,0.0,0.04814205,0,1.0,0.9970994,1,0.0,0.026861014,0
0.0,0.0030257658,0,0.0,0.05334066,0,0.0,0.88167,1,1.0,0.92147887,1,0.0,0.0920066,0
1.0,0.9474226,1,0.0,0.0031325165,0,0.0,0.021505337,0,0.0,0.0022706287,0,0.0,0.022846559,0
0.0,0.92712086,1,0.0,0.0035738733,0,0.0,0.023538966,0,0.0,0.012403524,0,1.0,0.024790015,0
1.0,0.8822356,1,0.0,0.0048900396,0,0.0,0.08727507,0,0.0,0.015546947,0,0.0,0.04033285,0
1.0,0.868664,1,0.0,0.016656922,0,0.0,0.048472036,0,0.0,0.021540122,0,0.0,0.043950435,0
1.0,0.8977833,1,0.0,0.004071694,0,0.0,0.08283504,0,0.0,0.0070574437,0,0.0,0.036758576,0
0.0,0.0015587542,0,0.0,0.5787838,1,1.0,0.42503837,1,1.0,0.7932993,1,0.0,0.11823475,0
1.0,0.9540263,1,0.0,0.0016719357,0,0.0,0.015342058,0,0.0,0.003602492,0,0.0,0.01766077,0
0.0,0.014849369,0,0.0,0.51125336,1,1.0,0.7424373,1,1.0,0.19040038,0,0.0,0.1053329,0
1.0,0.8221391,1,0.0,0.018628178,0,0.0,0.14577046,0,0.0,0.019716086,0,0.0,0.073877595,0
0.0,0.50592804,1,1.0,0.18789582,0,0.0,0.30116844,0,0.0,0.058384035,0,0.0,0.14160612,0
0.0,0.122908145,0,1.0,0.7188016,1,0.0,0.027579566,0,0.0,0.09630865,0,0.0,0.13316832,0
1.0,0.911546,1,0.0,0.0040356563,0,0.0,0.025401998,0,0.0,0.023256354,0,0.0,0.028693793,0
0.0,0.06787361,0,1.0,0.3511681,1,1.0,0.76205444,1,0.0,0.07573667,0,0.0,0.15962863,0
1.0,0.83832186,1,0.0,0.026538303,0,0.0,0.044093516,0,0.0,0.052813042,0,0.0,0.048511792,0
1.0,0.9309191,1,0.0,0.0011747775,0,0.0,0.04894355,0,0.0,0.010713682,0,0.0,0.022880351,0
0.0,0.002643612,0,0.0,0.15660048,0,1.0,0.9168148,1,1.0,0.8244431,1,0.0,0.103479736,0
1.0,0.653469,1,0.0,0.042569563,0,0.0,0.32984322,0,0.0,0.07964734,0,0.0,0.09564938,0
0.0,0.02099969,0,0.0,0.010120428,0,1.0,0.9934782,1,0.0,0.082398996,0,0.0,0.13371469,0
1.0,0.9147929,1,0.0,0.0042483816,0,0.0,0.024515115,0,0.0,0.01974722,0,0.0,0.029154582,0
1.0,0.6313195,1,0.0,0.15350138,0,0.0,0.05344459,0,0.0,0.16071337,0,0.0,0.080678545,0
1.0,0.59980446,1,0.0,0.09612339,0,0.0,0.10873745,0,0.0,0.19763087,0,0.0,0.07441435,0
0.0,0.04670523,0,1.0,0.7447375,1,0.0,0.030041201,0,0.0,0.17779817,0,0.0,0.11587062,0
0.0,0.22253396,0,0.0,0.010423167,0,0.0,0.5224838,1,1.0,0.5530737,1,0.0,0.075678654,0
0.0,0.2960457,0,1.0,0.56421685,1,0.0,0.0074007404,0,0.0,0.027853841,0,0.0,0.051090743,0
0.0,0.016403455,0,1.0,0.8202216,1,0.0,0.28650022,0,0.0,0.05608102,0,0.0,0.32027677,1
1.0,0.33494335,0,0.0,0.007970041,0,0.0,0.041646764,0,0.0,0.7216002,1,0.0,0.027448164,0
0.0,0.00024915792,0,0.0,0.130011,0,1.0,0.9734144,1,1.0,0.9012137,1,0.0,0.11985865,0
0.0,0.31869358,0,1.0,0.43037757,1,0.0,0.028857145,0,0.0,0.13469043,0,0.0,0.102059774,0
1.0,0.915376,1,0.0,0.0045720735,0,0.0,0.045732863,0,0.0,0.008410487,0,0.0,0.036232203,0
1.0,0.7439399,1,0.0,0.10816023,0,0.0,0.07975132,0,0.0,0.068038985,0,0.0,0.089288354,0
0.0,0.014713114,0,0.0,0.024729796,0,1.0,0.9907861,1,0.0,0.10294232,0,0.0,0.17208008,0
0.0,0.00029637612,0,0.0,0.05799558,0,1.0,0.990615,1,1.0,0.8531148,1,0.0,0.101607464,0
1.0,0.91607803,1,0.0,0.0009536898,0,0.0,0.07828887,0,0.0,0.010309444,0,0.0,0.02447617,0
0.0,0.040296543,0,1.0,0.738354,1,0.0,0.02601341,0,0.0,0.19262569,0,0.0,0.15655136,0
1.0,0.7382664,1,0.0,0.1349823,0,0.0,0.031948134,0,0.0,0.05427557,0,0.0,0.06885629,0
0.0,0.003880379,0,0.0,0.024546523,0,1.0,0.99693346,1,0.0,0.07461151,0,1.0,0.14553198,0
0.0,0.00075382827,0,0.0,0.15451095,0,0.0,0.96138805,1,1.0,0.8215092,1,0.0,0.09229446,0
0.0,0.0032652232,0,0.0,0.004101335,0,1.0,0.99907994,1,0.0,0.03665833,0,0.0,0.108781874,0
0.0,0.06514895,0,0.0,0.5798625,1,0.0,0.3890693,1,1.0,0.39885572,0,0.0,0.16978309,0
0.0,0.0024062982,0,1.0,0.77594787,1,0.0,0.30516082,0,1.0,0.7091824,1,0.0,0.3625613,1
0.0,0.7024512,1,0.0,0.15019424,0,1.0,0.029640239,0,0.0,0.06641103,0,0.0,0.06447535,0
0.0,0.7348775,1,1.0,0.08717365,0,0.0,0.05447305,0,0.0,0.11257957,0,0.0,0.063904375,0
0.0,0.006851476,0,1.0,0.44927734,1,0.0,0.018260244,0,0.0,0.82505894,1,1.0,0.06338739,0
0.0,0.12918347,0,0.0,0.013963377,0,0.0,0.24604219,0,1.0,0.8271646,1,0.0,0.060996454,0
1.0,0.8772171,1,0.0,0.008477411,0,0.0,0.061315335,0,0.0,0.02525616,0,0.0,0.045871135,0
0.0,0.008739971,0,0.0,0.012688524,0,1.0,0.99586606,1,0.0,0.06637511,0,0.0,0.14505383,0
0.0,0.01099521,0,0.0,0.01613477,0,1.0,0.9939096,1,0.0,0.086987376,0,0.0,0.14262311,0
0.0,0.107768916,0,1.0,0.71070397,1,0.0,0.04101973,0,0.0,0.112105705,0,0.0,0.18131623,0
0.0,0.0016528654,0,1.0,0.6535566,1,0.0,0.11461701,0,1.0,0.8893046,1,1.0,0.25562066,1
0.0,0.0026438697,0,0.0,0.07493612,0,1.0,0.9908832,1,0.0,0.4162647,0,0.0,0.14335316,0
0.0,0.029352078,0,0.0,0.02076766,0,1.0,0.98609275,1,0.0,0.11935281,0,0.0,0.1486654,0
0.0,0.021224279,0,0.0,0.022471037,0,1.0,0.98873794,1,1.0,0.10749408,0,0.0,0.14759855,0
0.0,0.0005433285,0,1.0,0.33849427,1,0.0,0.13993888,0,1.0,0.97482127,1,1.0,0.1214719,0
1.0,0.663815,1,0.0,0.11743682,0,0.0,0.010687565,0,0.0,0.11337425,0,0.0,0.041392643,0
0.0,0.023175778,0,0.0,0.0140875615,0,1.0,0.9911378,1,0.0,0.09232495,0,0.0,0.1422304,0
0.0,0.00067349116,0,0.0,0.6016604,1,0.0,0.26662055,0,1.0,0.9335926,1,0.0,0.30659568,1
0.0,0.3566294,0,0.0,0.020202886,0,0.0,0.18738383,0,1.0,0.5765894,1,0.0,0.06063689,0
0.0,0.0027565393,0,0.0,0.19050206,0,1.0,0.9507261,1,0.0,0.71595466,1,1.0,0.1337356,0
0.0,0.00064239156,0,0.0,0.6914761,1,0.0,0.22612803,0,1.0,0.91077584,1,0.0,0.2917141,1
1.0,0.9290811,1,0.0,0.0076198936,0,0.0,0.0119828535,0,0.0,0.009688682,0,0.0,0.022885995,0
1.0,0.6227433,1,0.0,0.0007465385,0,0.0,0.045115735,0,0.0,0.39205566,0,0.0,0.019610642,0
0.0,0.005300952,0,1.0,0.8452275,1,1.0,0.39668038,1,0.0,0.052339155,0,1.0,0.37921825,1
1.0,0.93122035,1,0.0,0.0073273513,0,0.0,0.012624617,0,0.0,0.009216996,0,0.0,0.024094714,0
0.0,0.005690597,0,1.0,0.8789029,1,0.0,0.08281201,0,0.0,0.28168145,0,1.0,0.24799244,1
0.0,0.253522,0,0.0,0.5246836,1,0.0,0.13535725,0,1.0,0.1523592,0,0.0,0.120946564,0
1.0,0.77344626,1,0.0,0.029949121,0,0.0,0.029084448,0,0.0,0.13613454,0,0.0,0.04577893,0
0.0,0.0004710197,0,1.0,0.9587271,1,0.0,0.16162248,0,0.0,0.2990286,0,1.0,0.593345,1
0.0,0.00012851624,0,1.0,0.97693926,1,1.0,0.16010842,0,0.0,0.23541504,0,1.0,0.68838257,1
0.0,0.00013473698,0,0.0,0.17258663,0,1.0,0.7404204,1,1.0,0.9825546,1,0.0,0.10683619,0
0.0,0.0011155971,0,0.0,0.1259987,0,1.0,0.9435558,1,1.0,0.89595646,1,0.0,0.12603956,0
1.0,0.6293641,1,0.0,0.038418345,0,0.0,0.033417452,0,0.0,0.3045515,0,0.0,0.04673556,0
0.0,0.002390314,0,0.0,0.0085585285,0,1.0,0.99861836,1,0.0,0.1660246,0,0.0,0.10819503,0
1.0,0.2466579,0,0.0,0.021030901,0,0.0,0.15898095,0,0.0,0.70932966,1,0.0,0.055131264,0
0.0,0.079954036,0,0.0,0.056604993,0,1.0,0.95215786,1,0.0,0.03135242,0,0.0,0.13700199,0
0.0,0.07713516,0,0.0,0.37849247,1,0.0,0.2625771,0,1.0,0.5814069,1,0.0,0.11182316,0
