ecg_id,true_NORM,prob_NORM,pred_NORM,true_STTC,prob_STTC,pred_STTC,true_CD,prob_CD,pred_CD,true_MI,prob_MI,pred_MI,true_HYP,prob_HYP,pred_HYP
9,1,0.88722557,1,0,0.013973951,0,0,0.060311973,0,0,0.03179332,0,0,0.025330229,0
38,1,0.3723309,0,0,0.026554562,0,0,0.6316264,1,0,0.08520633,0,0,0.05652008,0
40,1,0.7377555,1,0,0.04924932,0,0,0.18084264,0,0,0.07500401,0,0,0.064601935,0
57,1,0.9607553,1,0,0.0038087454,0,0,0.013263886,0,0,0.00928339,0,0,0.0076943696,0
59,1,0.83498216,1,0,0.0112489825,0,0,0.11646366,0,0,0.032353174,0,0,0.024815382,0
63,0,0.3283614,0,0,0.010921864,0,0,0.17538962,0,1,0.5473072,1,0,0.023850245,0
65,0,0.5637358,1,0,0.005003903,0,1,0.58292997,1,0,0.017045883,0,0,0.02345217,0
75,1,0.7781254,1,0,0.011411833,0,0,0.22337289,0,0,0.018789068,0,0,0.029279308,0
76,1,0.91836524,1,0,0.005622702,0,0,0.02876435,0,0,0.0319286,0,0,0.012439012,0
79,1,0.7903847,1,0,0.007947725,0,0,0.17718059,0,0,0.050819222,0,0,0.026623556,0
93,1,0.9714472,1,0,0.0039021648,0,0,0.0119520575,0,0,0.0036373069,0,0,0.007477417,0
100,1,0.7253491,1,0,0.007748139,0,0,0.26798975,0,0,0.041740023,0,0,0.026492208,0
112,1,0.83208364,1,0,0.033173576,0,0,0.0539905,0,0,0.08343995,0,0,0.034364212,0
115,1,0.94831365,1,0,0.0138521725,0,0,0.010440632,0,0,0.00811935,0,0,0.010282026,0
116,0,0.7577744,1,1,0.08859089,0,0,0.024938231,0,0,0.079596914,0,0,0.029451974,0
117,1,0.82414925,1,0,0.032939438,0,0,0.018929143,0,0,0.0835014,0,0,0.017206019,0
119,1,0.84993184,1,0,0.023050489,0,0,0.029127287,0,0,0.079731196,0,0,0.020534538,0
121,1,0.8852802,1,0,0.02631873,0,0,0.025529755,0,0,0.039651338,0,0,0.021385303,0
122,1,0.92160416,1,0,0.0051023667,0,0,0.031842064,0,0,0.029025152,0,0,0.012849139,0
128,0,0.054196186,0,1,0.6760202,1,0,0.06348042,0,0,0.32359013,0,0,0.17085904,0
129,1,0.9495035,1,0,0.0067198663,0,0,0.02165652,0,0,0.010525693,0,0,0.012450128,0
132,1,0.5732748,1,0,0.058178253,0,0,0.030983813,0,0,0.38008305,0,0,0.02483126,0
157,0,0.09027125,0,0,0.09857058,0,1,0.8495552,1,0,0.12026498,0,0,0.09448616,0
160,0,0.18014897,0,1,0.40082866,1,0,0.08853684,0,0,0.43363518,1,0,0.12659648,0
162,0,0.0015586717,0,1,0.14157483,0,1,0.91287357,1,1,0.7852233,1,1,0.08715337,0
167,0,0.17671052,0,1,0.51530445,1,0,0.1772971,0,0,0.1251915,0,0,0.16229251,0
172,0,0.011522038,0,0,0.23897605,0,1,0.8526264,1,0,0.6592999,1,0,0.17228065,0
175,0,0.45764443,1,0,0.02363141,0,0,0.06334655,0,1,0.56770355,1,0,0.024654426,0
180,0,0.0030843036,0,0,0.025570394,0,1,0.9945984,1,0,0.014873008,0,0,0.038878094,0
201,1,0.9558615,1,0,0.0062583857,0,0,0.017484687,0,0,0.008968011,0,0,0.010955706,0
203,1,0.9427252,1,0,0.0020666854,0,0,0.032121565,0,0,0.01841686,0,0,0.009310013,0
208,1,0.9734273,1,0,0.001639582,0,0,0.010787009,0,0,0.005396353,0,0,0.0051914244,0
210,0,0.3829203,0,0,0.014278745,0,0,0.19611166,0,1,0.44765973,1,0,0.027621197,0
218,1,0.8185789,1,0,0.050809886,0,1,0.10558531,0,0,0.025862914,0,0,0.053059515,0
240,0,0.22343907,0,0,0.056365605,0,0,0.121406905,0,1,0.73657876,1,0,0.044264205,0
241,1,0.9656741,1,0,0.0012808071,0,0,0.004364501,0,0,0.011896993,0,0,0.0023808165,0
243,1,0.93252885,1,0,0.008783023,0,0,0.019368242,0,0,0.019689953,0,0,0.011978101,0
245,1,0.039362777,0,0,0.23907481,0,0,0.055844948,0,0,0.8020433,1,0,0.060241282,0
252,1,0.7695792,1,0,0.09967213,0,0,0.08499636,0,0,0.026694778,0,0,0.06225522,0
271,0,0.0015298715,0,1,0.86907864,1,0,0.18493137,0,1,0.6084077,1,1,0.49255663,1
274,0,0.0037439906,0,1,0.33365417,1,0,0.2801571,0,1,0.91539717,1,1,0.15869877,0
299,0,0.042747263,0,1,0.7423837,1,0,0.14475013,0,0,0.30832335,0,1,0.27614608,1
318,0,0.041718304,0,1,0.7439962,1,0,0.23447527,0,0,0.32801473,0,0,0.34306413,1
334,1,0.82175946,1,0,0.034094237,0,0,0.023402212,0,0,0.0823322,0,0,0.019727996,0
336,0,0.000972242,0,1,0.9356679,1,0,0.2502028,0,0,0.35462,0,1,0.64360553,1
347,0,0.0028653038,0,1,0.9060314,1,1,0.18216701,0,0,0.3732618,0,1,0.511217,1
361,1,0.877831,1,0,0.040396333,0,0,0.048184764,0,0,0.034371555,0,0,0.036569137,0
364,1,0.9159942,1,0,0.021809647,0,0,0.03916678,0,0,0.013551531,0,0,0.024613304,0
377,0,0.8498181,1,0,0.039675757,0,1,0.07986466,0,0,0.038821068,0,0,0.047009926,0
378,0,0.8970198,1,0,0.007625355,0,1,0.026013883,0,0,0.050621092,0,0,0.012670276,0
388,0,0.07956139,0,1,0.5832309,1,0,0.06542842,0,0,0.3822983,0,0,0.13431485,0
397,1,0.8590524,1,0,0.017068798,0,0,0.05592473,0,0,0.051966242,0,0,0.024549628,0
400,0,0.65639126,1,1,0.13708527,0,0,0.13344546,0,0,0.031273447,0,0,0.07187995,0
405,1,0.8889735,1,0,0.011110926,0,0,0.06431597,0,0,0.028526222,0,0,0.022898177,0
417,1,0.86422545,1,0,0.036470383,0,0,0.081285015,0,0,0.024819022,0,0,0.043689348,0
427,0,0.57347614,1,1,0.33155257,1,0,0.05979468,0,0,0.06323672,0,0,0.08904845,0
430,0,0.2527006,0,0,0.028360225,0,0,0.20364794,0,1,0.6483782,1,0,0.04249127,0
440,1,0.84258443,1,0,0.058527924,0,0,0.065835364,0,0,0.050307184,0,0,0.04880768,0
448,0,0.17398132,0,0,0.014791543,0,1,0.8037293,1,0,0.14259258,0,0,0.045523558,0
452,0,0.01558388,0,1,0.63793105,1,0,0.32151902,0,0,0.59358245,1,1,0.3096333,1
472,1,0.84497666,1,0,0.02829882,0,0,0.031050967,0,0,0.07737312,0,0,0.022823647,0
473,1,0.8902863,1,0,0.009709554,0,0,0.07390456,0,0,0.023607878,0,0,0.022760795,0
478,1,0.4180691,1,0,0.007908301,0,1,0.4259775,0,0,0.20068529,0,0,0.030489583,0
499,0,0.05012856,0,1,0.5657006,1,0,0.107473396,0,0,0.5082796,1,0,0.16542056,0
504,1,0.9732107,1,0,0.004208346,0,0,0.0071766307,0,0,0.003487535,0,0,0.0055798963,0
512,0,0.008655479,0,0,0.5034672,1,1,0.7511144,1,1,0.4794777,1,0,0.27757233,1
514,0,0.0014457598,0,0,0.2676436,1,0,0.29576793,0,1,0.9452331,1,0,0.120690964,0
516,0,0.0030247576,0,1,0.9217238,1,0,0.14646299,0,0,0.08655655,0,1,0.40946454,1
526,0,0.008640215,0,0,0.4012992,1,0,0.21077442,0,1,0.85768986,1,0,0.16555439,0
527,0,0.10606424,0,1,0.5848389,1,1,0.20623901,0,0,0.36648273,0,0,0.22961421,0
534,0,0.0016312639,0,1,0.9450031,1,0,0.1390221,0,0,0.21367207,0,1,0.55127937,1
559,1,0.68812394,1,0,0.06823116,0,0,0.06914663,0,0,0.23268598,0,0,0.048708975,0
564,0,0.008209103,0,1,0.78967226,1,0,0.1345227,0,1,0.5464432,1,0,0.3362477,1
569,0,0.0096216,0,1,0.38401768,1,1,0.90288347,1,0,0.25155324,0,0,0.25439602,1
570,1,0.8511417,1,0,0.044301055,0,0,0.04863857,0,0,0.05668221,0,0,0.0378978,0
573,0,0.031743515,0,1,0.6368592,1,0,0.43851686,0,0,0.36989272,0,1,0.29895276,1
581,0,0.007842135,0,1,0.22543345,0,1,0.2717136,0,1,0.91224635,1,0,0.118293576,0
582,1,0.88608056,1,0,0.015526837,0,0,0.06812125,0,0,0.016189234,0,0,0.023008483,0
584,1,0.8974125,1,0,0.0061473143,0,0,0.07585195,0,0,0.02371579,0,0,0.019685606,0
598,0,0.009417793,0,0,0.19978228,0,1,0.94407684,1,0,0.3521744,0,0,0.15572841,0
611,1,0.8584481,1,0,0.037923556,0,0,0.083144024,0,0,0.03639152,0,0,0.046427198,0
618,0,0.027991813,0,0,0.06463391,0,1,0.96480036,1,0,0.050362047,0,0,0.08538186,0
619,1,0.6050358,1,0,0.27513704,1,0,0.043295916,0,0,0.054798495,0,0,0.06621764,0
658,0,0.7870126,1,0,0.10022617,0,1,0.06260979,0,0,0.06926606,0,0,0.057752028,0
685,0,0.007017229,0,0,0.57278717,1,1,0.49560258,1,1,0.7120015,1,0,0.3278841,1
687,1,0.8708978,1,0,0.017886158,0,0,0.043720126,0,0,0.060323734,0,0,0.0248936,0
688,0,0.003449741,0,1,0.59656745,1,1,0.3478758,0,0,0.8099414,1,0,0.3162784,1
694,1,0.90548,1,0,0.015259087,0,0,0.033226173,0,0,0.032213043,0,0,0.02023968,0
696,1,0.9152643,1,0,0.0030974522,0,0,0.060496803,0,0,0.021047877,0,0,0.013335759,0
707,0,0.29965463,0,1,0.1097479,0,0,0.605253,1,0,0.1694646,0,0,0.11667051,0
723,0,0.01116393,0,1,0.077082716,0,0,0.6064031,1,1,0.8659674,1,0,0.061004333,0
726,1,0.30934834,0,0,0.0038266913,0,1,0.7644134,1,0,0.07850512,0,0,0.028369797,0
732,1,0.9192943,1,0,0.009382081,0,0,0.051859297,0,0,0.013726534,0,0,0.01930392,0
751,1,0.7497748,1,0,0.024048677,0,0,0.05241091,0,0,0.1914209,0,0,0.025981288,0
756,0,0.10617167,0,1,0.112706915,0,0,0.13726564,0,0,0.8137812,1,0,0.06359137,0
758,1,0.7434866,1,0,0.027582506,0,0,0.099729635,0,0,0.16450122,0,0,0.03980164,0
764,1,0.92010635,1,0,0.0028671192,0,0,0.04152868,0,0,0.026281346,0,0,0.010901505,0
765,0,0.021163542,0,0,0.2162152,0,0,0.10593372,0,1,0.83606535,1,0,0.057976566,0
775,1,0.71367997,1,0,0.02889218,0,0,0.051873464,0,0,0.24094222,0,0,0.027722295,0
779,1,0.9198198,1,0,0.0031909738,0,0,0.02729896,0,0,0.036327858,0,0,0.009504163,0
789,0,0.027026787,0,0,0.08251292,0,1,0.8808997,1,0,0.44334266,1,0,0.09477174,0
795,1,0.5566798,1,0,0.31310004,1,0,0.117236875,0,0,0.0867479,0,0,0.124755636,0
799,0,0.8805222,1,0,0.02492789,0,0,0.03211875,0,1,0.045056082,0,0,0.023206154,0
805,1,0.5183916,1,0,0.16343445,0,0,0.15605399,0,0,0.337552,0,0,0.09521345,0
806,0,0.22930726,0,0,0.12788737,0,1,0.672442,1,0,0.06377423,0,0,0.098491885,0
821,0,0.037127767,0,0,0.51264864,1,0,0.16406806,0,1,0.62900394,1,0,0.1763492,0
848,1,0.80805624,1,0,0.053099558,0,0,0.092495255,0,0,0.07770195,0,0,0.05523512,0
854,0,0.04668513,0,1,0.5443296,1,0,0.09056388,0,1,0.5156845,1,0,0.14162543,0
861,0,0.83255106,1,1,0.037769645,0,0,0.11668813,0,0,0.02717429,0,0,0.048263475,0
886,1,0.58974475,1,0,0.17591086,0,0,0.09821878,0,0,0.25009826,0,0,0.082186244,0
892,1,0.41585892,1,0,0.27135238,1,0,0.03156812,0,0,0.21958026,0,0,0.05242127,0
911,1,0.9352424,1,0,0.008095507,0,0,0.0151844565,0,0,0.020009808,0,0,0.010209267,0
917,1,0.95496136,1,0,0.005335233,0,0,0.02730262,0,0,0.00492276,0,0,0.01140624,0
928,1,0.94840616,1,0,0.017084237,0,0,0.008871749,0,0,0.0053012464,0,0,0.010649481,0
931,1,0.8795629,1,0,0.0035045506,0,1,0.0964267,0,0,0.021781847,0,0,0.0143206725,0
935,1,0.92269593,1,0,0.0061709452,0,0,0.016573232,0,0,0.034145415,0,0,0.009602733,0
943,0,0.01268365,0,0,0.048289042,0,0,0.30582097,0,1,0.9272097,1,1,0.035190027,0
947,0,0.027068412,0,0,0.45593855,1,0,0.1992589,0,1,0.7467722,1,0,0.21222144,0
949,1,0.80913645,1,0,0.0069951513,0,0,0.1366586,0,0,0.053874347,0,0,0.02300157,0
950,0,0.25673413,0,0,0.004629984,0,1,0.85519475,1,0,0.044433337,0,0,0.029765904,0
952,1,0.711336,1,0,0.0122409705,0,0,0.07403438,0,0,0.24463099,0,0,0.02250597,0
958,1,0.95152074,1,0,0.0052067293,0,0,0.025740515,0,0,0.008340384,0,0,0.011948684,0
959,0,0.012928058,0,0,0.14881524,0,1,0.8807591,1,1,0.57347125,1,0,0.11830336,0
963,0,0.07907448,0,1,0.7717757,1,0,0.050831325,0,0,0.08740839,0,0,0.18696144,0
968,0,0.014316022,0,0,0.76412493,1,0,0.26522863,0,1,0.47109783,1,0,0.38246542,1
975,0,0.01761598,0,0,0.04216479,0,1,0.81539434,1,1,0.6659234,1,0,0.06180373,0
1009,0,0.547693,1,1,0.32113114,1,0,0.040326864,0,0,0.05629672,0,0,0.07300945,0
1013,0,0.0030694532,0,1,0.8236638,1,0,0.53595984,1,0,0.32236448,0,1,0.5130724,1
1014,0,0.13116775,0,0,0.6728718,1,1,0.13043644,0,1,0.09772387,0,0,0.20717636,0
1016,1,0.83573246,1,0,0.029530501,0,0,0.06890647,0,0,0.07540844,0,0,0.038296957,0
1031,1,0.45729667,1,0,0.0075989873,0,0,0.048261754,0,0,0.56754714,1,0,0.011528339,0
1051,1,0.91756254,1,0,0.0073870705,0,0,0.026098624,0,0,0.032098286,0,0,0.013285327,0
1054,1,0.9374608,1,0,0.0075061363,0,0,0.027265454,0,0,0.016643189,0,0,0.014736359,0
1056,0,0.000985173,0,0,0.10783273,0,1,0.9290131,1,1,0.82279485,1,0,0.071584575,0
1061,1,0.96195376,1,0,0.004843837,0,0,0.015847087,0,0,0.006589041,0,0,0.009428671,0
1068,0,0.031484865,0,1,0.38361195,1,0,0.5629055,1,0,0.5905077,1,0,0.20252942,0
1078,1,0.959934,1,0,0.0061989594,0,0,0.0150774,0,0,0.0072246813,0,0,0.010165598,0
1084,1,0.9054308,1,0,0.023828644,0,0,0.04385623,0,0,0.022859618,0,0,0.028872296,0
1093,0,0.0064883465,0,1,0.5082424,1,1,0.7660551,1,1,0.558653,1,0,0.31477824,1
1094,1,0.9327026,1,0,0.012279358,0,0,0.023786373,0,0,0.017532779,0,0,0.016432855,0
1100,1,0.9136901,1,0,0.017987566,0,0,0.031770386,0,0,0.023887195,0,0,0.021336604,0
1101,1,0.9244639,1,0,0.0062474906,0,0,0.011690332,0,0,0.03225399,0,0,0.007549742,0
1113,1,0.8524502,1,0,0.048817996,0,0,0.047067642,0,0,0.049709067,0,0,0.038168643,0
1120,0,0.28596506,0,0,0.010203361,0,1,0.79344136,1,0,0.06512352,0,0,0.041892756,0
1133,1,0.80708456,1,0,0.032977827,0,0,0.03114273,0,0,0.1144043,0,0,0.02345157,0
1147,1,0.92837673,1,0,0.0037022843,0,0,0.026264317,0,0,0.02786616,0,0,0.010118727,0
1157,0,0.008705984,0,0,0.1830265,0,1,0.67638916,1,1,0.8281466,1,0,0.13357994,0
1158,1,0.03414686,0,0,0.3102185,1,0,0.3890248,0,0,0.752524,1,0,0.16127186,0
1166,1,0.9186785,1,0,0.0057616397,0,0,0.053521007,0,0,0.019438863,0,0,0.0176556,0
1169,1,0.87584364,1,0,0.023828397,0,0,0.039026927,0,0,0.047765445,0,0,0.025228515,0
1172,1,0.09864824,0,0,0.095990025,0,0,0.85090846,1,0,0.19407624,0,0,0.11490247,0
1175,0,0.19042075,0,1,0.6658887,1,0,0.029906405,0,0,0.05397126,0,0,0.12191775,0
1186,1,0.048518088,0,0,0.20554012,0,0,0.20832548,0,0,0.8306164,1,0,0.11877908,0
1197,1,0.86868304,1,0,0.025579544,0,0,0.092990525,0,0,0.021943612,0,0,0.03775475,0
1200,0,0.020817904,0,0,0.11261871,0,1,0.5081741,1,1,0.8562195,1,0,0.0887735,0
1219,0,0.8937447,1,0,0.047555875,0,0,0.026362762,0,0,0.016485995,0,1,0.028971437,0
1220,1,0.02526327,0,0,0.19543305,0,1,0.90483356,1,0,0.30951717,0,0,0.15316117,0
1246,1,0.8840429,1,0,0.0064444984,0,0,0.03457002,0,0,0.06450393,0,0,0.0139786815,0
1251,1,0.22696131,0,0,0.034337636,0,0,0.66472846,1,0,0.24927917,0,0,0.07125524,0
1266,1,0.9757613,1,0,0.0010512703,0,0,0.010745113,0,0,0.0048329863,0,0,0.004227083,0
1268,0,0.8904232,1,1,0.028098816,0,0,0.046965145,0,0,0.029986015,0,0,0.03084673,0
1275,0,0.003353648,0,0,0.83346224,1,0,0.33863455,0,1,0.51851445,1,0,0.50581485,1
1280,1,0.7896303,1,0,0.0076112775,0,0,0.023813725,0,0,0.19554994,0,0,0.010137453,0
1282,1,0.71848434,1,0,0.13440654,0,0,0.09430095,0,0,0.054896414,0,0,0.07707641,0
1287,1,0.90576035,1,0,0.03165953,0,0,0.028473845,0,0,0.021889698,0,0,0.025638942,0
1307,0,0.91106784,1,0,0.0058968547,0,0,0.032236524,0,0,0.0374226,0,1,0.013539962,0
1311,1,0.9543152,1,0,0.004190022,0,0,0.016019134,0,0,0.012293762,0,0,0.008724513,0
1315,1,0.9142641,1,0,0.0036935566,0,0,0.0204008,0,0,0.044117853,0,0,0.008243845,0
1320,0,0.0026155293,0,1,0.7285795,1,0,0.3164223,0,1,0.74363667,1,1,0.4232504,1
1343,0,0.5024606,1,0,0.015946127,0,0,0.058789257,0,1,0.50645524,1,0,0.018781645,0
1351,1,0.9080285,1,0,0.009155554,0,0,0.06632757,0,0,0.014172566,0,0,0.02063751,0
1353,1,0.70732844,1,0,0.06550561,0,0,0.08054224,0,0,0.19133693,0,0,0.04986524,0
1355,1,0.7923227,1,0,0.049486443,0,0,0.10388312,0,0,0.09789399,0,0,0.05875361,0
1377,0,0.6730054,1,1,0.20795923,0,0,0.053308822,0,0,0.06431186,0,0,0.07463488,0
1386,0,0.8857114,1,0,0.020390458,0,0,0.07260731,0,0,0.023099683,0,1,0.032556895,0
1391,0,0.0017147918,0,0,0.1458697,0,1,0.92989665,1,1,0.75244546,1,0,0.09541972,0
1394,0,0.0014808336,0,1,0.9540686,1,0,0.097447105,0,0,0.14870732,0,0,0.50356036,1
1405,0,0.036136728,0,0,0.11688773,0,0,0.25281698,0,1,0.86364526,1,0,0.068917185,0
1416,0,0.76974505,1,0,0.05322999,0,1,0.100403324,0,0,0.07680509,0,0,0.047739916,0
1424,0,0.021669056,0,1,0.08047924,0,1,0.96039206,1,0,0.17154968,0,0,0.105284445,0
1426,0,0.067996554,0,1,0.3002974,1,0,0.29048115,0,0,0.58779323,1,1,0.11581083,0
1429,0,0.055793367,0,1,0.7803044,1,0,0.07031244,0,0,0.11075663,0,0,0.22857806,0
1447,0,0.9429591,1,0,0.00390945,0,0,0.024650732,0,1,0.016160505,0,1,0.010133071,0
1456,0,0.027924672,0,1,0.83639693,1,0,0.05234535,0,0,0.026522206,0,0,0.21013652,0
1458,1,0.48001364,1,0,0.34729978,1,0,0.031488772,0,0,0.07454474,0,0,0.061026175,0
1468,1,0.764892,1,0,0.009240833,0,0,0.11167921,0,0,0.10610872,0,0,0.022386692,0
1479,1,0.94828683,1,0,0.0055332542,0,0,0.023937378,0,0,0.011065526,0,0,0.011990612,0
1480,0,0.022447675,0,1,0.18027258,0,0,0.14817144,0,1,0.8907108,1,1,0.07183529,0
1487,1,0.57547486,1,0,0.2783282,1,0,0.04432355,0,0,0.087919064,0,0,0.07437396,0
1491,1,0.62749,1,0,0.0359228,0,0,0.068734616,0,0,0.33286318,0,0,0.031789627,0
1494,1,0.9347615,1,0,0.0030824568,0,0,0.02951902,0,0,0.02335135,0,0,0.010422306,0
1498,1,0.96578205,1,0,0.006022694,0,0,0.011168695,0,0,0.004946439,0,0,0.008247007,0
1522,0,0.7597913,1,0,0.059586205,0,0,0.09476995,0,0,0.14141299,0,1,0.058847647,0
1534,0,0.47445554,1,0,0.011327272,0,0,0.5890515,1,0,0.0936979,0,1,0.04817803,0
1556,0,0.123759955,0,0,0.06780351,0,0,0.13143863,0,1,0.81034243,1,1,0.042919792,0
1564,0,0.0068007098,0,0,0.22073118,0,1,0.9337505,1,0,0.23503084,0,0,0.12704861,0
1571,0,0.23598963,0,0,0.016965838,0,1,0.60119075,1,1,0.31157935,0,0,0.050236586,0
1589,1,0.75020283,1,0,0.052453578,0,0,0.032388482,0,0,0.1417998,0,0,0.027294282,0
1617,1,0.86444384,1,0,0.0076377746,0,0,0.04145334,0,0,0.07586836,0,0,0.015618923,0
1618,1,0.93572384,1,0,0.004385952,0,0,0.03634538,0,0,0.013054537,0,0,0.011958163,0
1624,0,0.0084120305,0,1,0.7785881,1,0,0.17937377,0,0,0.54575676,1,0,0.35439387,1
1630,1,0.93767834,1,0,0.0028808028,0,0,0.028038258,0,0,0.020279475,0,0,0.0095456345,0
1632,1,0.3793773,0,0,0.27196977,1,0,0.31145936,0,0,0.2304014,0,0,0.15215291,0
1639,1,0.8059883,1,0,0.024391832,0,0,0.07422154,0,0,0.09370965,0,0,0.03240159,0
1655,1,0.31208023,0,0,0.16976169,0,0,0.57379556,1,0,0.138662,0,0,0.13773271,0
1697,1,0.90073943,1,0,0.0034623044,0,0,0.09858151,0,0,0.009543498,0,0,0.013812696,0
1700,1,0.8986605,1,0,0.008954951,0,0,0.05532007,0,0,0.031022016,0,0,0.020486588,0
1705,1,0.5321891,1,0,0.013032341,0,0,0.14760107,0,0,0.351153,0,0,0.0281531,0
1708,1,0.9493522,1,0,0.0022573017,0,0,0.04239234,0,0,0.0047192853,0,0,0.008829326,0
1736,0,0.04732585,0,1,0.08235295,0,0,0.1240894,0,0,0.8920001,1,0,0.04623926,0
1737,0,0.012387109,0,0,0.09425742,0,0,0.12853518,0,1,0.936033,1,0,0.03705336,0
1741,1,0.92698663,1,0,0.009307418,0,0,0.036314864,0,0,0.016068567,0,0,0.017210923,0
1745,0,0.91823816,1,0,0.023553131,0,0,0.019147208,0,0,0.018701555,0,1,0.017633649,0
1746,1,0.9208811,1,0,0.0057060802,0,0,0.013939275,0,0,0.03718937,0,0,0.008224126,0
1747,0,0.014039098,0,0,0.07701779,0,0,0.076003835,0,1,0.94389105,1,0,0.02787424,0
1753,0,0.025406167,0,0,0.7668005,1,0,0.1864575,0,1,0.33719072,0,0,0.32161328,1
1757,1,0.9458428,1,0,0.00608698,0,0,0.02213466,0,0,0.011167816,0,0,0.011348053,0
1769,0,0.20962662,0,0,0.03184727,0,0,0.2865967,0,1,0.6187518,1,0,0.048036303,0
1775,1,0.9413776,1,0,0.012191073,0,0,0.016787183,0,0,0.012851044,0,0,0.0130395,0
1780,1,0.8419069,1,0,0.0070647923,0,0,0.051699918,0,0,0.09229085,0,0,0.016203457,0
1785,0,0.9577163,1,0,0.0075844373,0,0,0.012819332,0,0,0.007586139,0,1,0.00965426,0
1790,1,0.855319,1,0,0.05112517,0,0,0.07252118,0,0,0.040519387,0,0,0.049643807,0
1792,0,0.021968376,0,1,0.16264966,0,0,0.18840757,0,0,0.8923945,1,0,0.073598966,0
1812,0,0.019508943,0,0,0.7247584,1,0,0.090724334,0,1,0.4646871,1,0,0.22103237,0
1825,1,0.94053656,1,0,0.008304009,0,0,0.025960885,0,0,0.012402899,0,0,0.01443124,0
1835,1,0.87328726,1,0,0.033595372,0,0,0.04736504,0,0,0.043010473,0,0,0.033303756,0
1838,1,0.47869822,1,0,0.01967079,0,0,0.044106368,0,0,0.5720871,1,0,0.018259624,0
1843,1,0.8051622,1,0,0.005365851,0,0,0.10650847,0,0,0.089003906,0,0,0.01940088,0
1850,1,0.9470121,1,0,0.015207326,0,0,0.013259767,0,0,0.008418087,0,0,0.012688428,0
1853,0,0.0037858586,0,0,0.09121154,0,0,0.1705046,0,1,0.96470934,1,0,0.03895525,0
1857,1,0.31487194,0,0,0.02355433,0,0,0.24694811,0,0,0.5316198,1,0,0.042231377,0
1860,1,0.9090967,1,0,0.008781918,0,0,0.05625876,0,0,0.020201812,0,0,0.019859666,0
1864,0,0.0015591268,0,1,0.868284,1,0,0.2857548,0,0,0.58119375,1,1,0.5666995,1
1867,1,0.93901354,1,0,0.0051844125,0,0,0.0133509,0,0,0.021923456,0,0,0.008041308,0
1870,1,0.85361105,1,0,0.034654267,0,0,0.045853015,0,0,0.059752576,0,0,0.031806238,0
1885,1,0.92360306,1,0,0.011631909,0,0,0.03632853,0,0,0.016041389,0,0,0.018583054,0
1899,1,0.6102492,1,0,0.0049158516,0,0,0.30743974,0,0,0.12574098,0,0,0.024196213,0
1901,0,0.8343829,1,0,0.012289825,0,0,0.12402681,0,1,0.057123963,0,0,0.035122015,0
1920,0,0.053064555,0,1,0.25409982,1,0,0.12113124,0,0,0.76659244,1,0,0.08715952,0
1933,1,0.9768645,1,0,0.002648952,0,0,0.009004633,0,0,0.0029817016,0,0,0.005545894,0
1938,1,0.7741066,1,0,0.07027933,0,0,0.054611918,0,0,0.10211231,0,0,0.04328056,0
1940,0,0.026206637,0,1,0.7196233,1,1,0.35135055,0,0,0.39571086,0,0,0.36395398,1
1944,0,0.0028955056,0,1,0.13406116,0,0,0.11222272,0,1,0.9618408,1,0,0.04403544,0
1946,1,0.80581677,1,0,0.10509617,0,0,0.04018133,0,0,0.021248663,0,0,0.047688153,0
1950,0,0.055305745,0,0,0.04996066,0,0,0.28513587,0,1,0.8421735,1,0,0.04306218,0
1958,1,0.8585936,1,0,0.02002011,0,0,0.08346541,0,0,0.04472188,0,0,0.034701217,0
1961,0,0.28968748,0,0,0.053527053,0,0,0.08241104,0,1,0.70670617,1,1,0.03936688,0
1972,1,0.9416681,1,0,0.008311957,0,0,0.02259315,0,0,0.015456236,0,0,0.014277753,0
1988,1,0.8873441,1,0,0.032608077,0,0,0.017174408,0,0,0.029931879,0,0,0.017779948,0
1993,1,0.8213526,1,0,0.05017302,0,0,0.11419655,0,0,0.03810257,0,0,0.05620628,0
1994,0,0.30021,0,1,0.5510165,1,0,0.045928143,0,0,0.07105554,0,0,0.10922205,0
1998,0,0.0046623163,0,1,0.1321559,0,1,0.1853212,0,1,0.95284563,1,0,0.05571811,0
2019,0,0.008471882,0,0,0.22410962,0,1,0.74391556,1,1,0.7707526,1,0,0.15007874,0
2039,0,0.16097647,0,1,0.6532643,1,0,0.12414583,0,0,0.16937727,0,0,0.22046308,0
2045,1,0.9582506,1,0,0.010672254,0,0,0.006200246,0,0,0.005504936,0,0,0.006809521,0
2050,0,0.039552644,0,1,0.7369385,1,0,0.1716694,0,1,0.3808581,0,0,0.31199226,1
2055,0,0.0025303373,0,1,0.9281265,1,0,0.14412527,0,1,0.28345844,0,0,0.5132169,1
2064,0,0.19623448,0,1,0.43548834,1,0,0.043559447,0,0,0.27217278,0,0,0.08075187,0
2083,1,0.97759557,1,0,0.0025159915,0,0,0.0072771283,0,0,0.0029635064,0,0,0.004747923,0
2101,0,0.06133273,0,1,0.76451856,1,0,0.04473952,0,0,0.14304113,0,0,0.18263884,0
2103,0,0.0057205963,0,1,0.66965795,1,0,0.35843784,0,0,0.72102684,1,1,0.3853523,1
2104,0,0.0021845305,0,1,0.74000984,1,0,0.22577542,0,1,0.7683468,1,1,0.3855554,1
2110,0,0.104680195,0,1,0.30953306,1,0,0.091351606,0,0,0.65694004,1,0,0.10564521,0
2119,0,0.7860231,1,0,0.0737599,0,0,0.10167264,0,0,0.07096688,0,1,0.06894341,0
2144,1,0.9602116,1,0,0.0018381788,0,0,0.018940942,0,0,0.0091401795,0,0,0.0065964703,0
2146,0,0.7922891,1,0,0.045794543,0,1,0.06069102,0,0,0.10118419,0,0,0.038164154,0
2151,0,0.43229735,1,1,0.46034813,1,0,0.044957303,0,0,0.053170092,0,0,0.0932715,0
2153,0,0.0116197,0,0,0.1109763,0,1,0.90278184,1,0,0.5548282,1,0,0.12030079,0
2158,1,0.12766458,0,0,0.024264093,0,0,0.5237725,1,0,0.542598,1,0,0.046937786,0
2160,0,0.08429237,0,1,0.7879165,1,0,0.027970076,0,0,0.05746995,0,0,0.15260734,0
2170,0,0.026508132,0,1,0.82092404,1,0,0.061024815,0,0,0.16237321,0,0,0.24222913,0
2180,0,0.076755784,0,1,0.51976407,1,0,0.1441338,0,0,0.5306108,1,0,0.1880921,0
2192,1,0.8808604,1,0,0.01613132,0,0,0.05766697,0,0,0.030140463,0,0,0.023866534,0
2193,1,0.89551634,1,0,0.013810222,0,0,0.052233275,0,0,0.02957116,0,0,0.023756683,0
2203,1,0.9472503,1,0,0.0062915296,0,0,0.02699554,0,0,0.009165079,0,0,0.013029072,0
2210,0,0.22431731,0,1,0.50978863,1,0,0.033398643,0,0,0.15113191,0,0,0.081885055,0
2213,0,0.07130658,0,1,0.69358677,1,0,0.09296667,0,0,0.27965388,0,1,0.2227129,0
2221,0,0.035381626,0,1,0.39692748,1,0,0.051244184,0,1,0.6966881,1,0,0.083897315,0
2224,1,0.8252439,1,0,0.07665234,0,0,0.06500014,0,0,0.032597233,0,0,0.056019828,0
2226,1,0.9580186,1,0,0.007559087,0,0,0.01117841,0,0,0.007746922,0,0,0.008781462,0
2235,0,0.0037357414,0,0,0.29414853,1,0,0.32002896,0,1,0.91732043,1,0,0.15206686,0
2238,1,0.8269062,1,0,0.01238904,0,0,0.07515743,0,0,0.0862933,0,0,0.025728434,0
2252,0,0.14340433,0,0,0.023873147,0,1,0.75307894,1,0,0.2813799,0,0,0.05955928,0
2267,1,0.788583,1,0,0.08540445,0,0,0.05928044,0,0,0.05835597,0,0,0.05611147,0
2270,1,0.9722679,1,0,0.0017256044,0,0,0.0109234145,0,0,0.005911369,0,0,0.005249373,0
2277,1,0.7571047,1,0,0.0706022,0,0,0.12668118,0,0,0.10373497,0,0,0.068623506,0
2279,0,0.13300483,0,1,0.17486903,0,1,0.60948646,1,0,0.38212326,0,0,0.12891284,0
2281,0,0.17533702,0,0,0.24877259,0,1,0.6240375,1,0,0.20048441,0,0,0.16847329,0
2282,1,0.34040835,0,0,0.076555505,0,0,0.6258844,1,0,0.13203418,0,0,0.10341492,0
2285,0,0.13804233,0,0,0.031090839,0,1,0.45052505,1,0,0.6097867,1,0,0.055251744,0
2293,0,0.06351903,0,1,0.49989644,1,0,0.35385266,0,0,0.44810328,1,0,0.19745106,0
2302,1,0.38870996,0,0,0.07633624,0,0,0.10056176,0,0,0.5673358,1,0,0.053395472,0
2317,0,0.70477504,1,1,0.14893107,0,0,0.067300044,0,0,0.0875718,0,1,0.075559445,0
2322,0,0.004555143,0,1,0.66369253,1,0,0.124073066,0,1,0.77589804,1,1,0.2549084,1
2324,0,0.005317121,0,0,0.2688974,1,1,0.6531734,1,1,0.83117443,1,1,0.15721883,0
2341,1,0.91517675,1,0,0.011338766,0,0,0.050486926,0,0,0.0138450675,0,0,0.020003185,0
2345,0,0.0195934,0,0,0.14859754,0,1,0.9260156,1,1,0.38311172,0,0,0.14479086,0
2355,1,0.93013,1,0,0.005790312,0,0,0.02434359,0,0,0.023975259,0,0,0.011783532,0
2368,1,0.9567908,1,0,0.00292416,0,1,0.021262048,0,0,0.008148129,0,0,0.008265388,0
2369,1,0.73699456,1,0,0.07455953,0,0,0.08207726,0,0,0.12229193,0,0,0.052843932,0
2370,0,0.22140425,0,0,0.017050503,0,1,0.8237641,1,0,0.079731,0,0,0.054013748,0
2375,0,0.33416763,0,0,0.0100625,0,1,0.7860663,1,0,0.026005723,0,0,0.034807634,0
2379,1,0.9255008,1,0,0.020651283,0,0,0.024853328,0,0,0.01520607,0,0,0.019865125,0
2381,0,0.6870352,1,1,0.20291978,0,0,0.03124741,0,0,0.0432395,0,0,0.05512021,0
2386,1,0.8187881,1,0,0.03639876,0,0,0.08751442,0,0,0.059910126,0,0,0.04101884,0
2387,1,0.4687716,1,0,0.35509068,1,0,0.16135785,0,0,0.06939131,0,0,0.13503198,0
2390,0,0.055397984,0,1,0.4924906,1,0,0.43416297,0,0,0.41954392,1,0,0.20281178,0
2403,0,0.2999299,0,1,0.20143892,0,0,0.4001486,0,0,0.04026857,0,0,0.10031438,0
2409,0,0.0016757078,0,0,0.11526428,0,1,0.88165945,1,0,0.8440704,1,1,0.07799262,0
2416,1,0.9388209,1,0,0.006250396,0,0,0.018367888,0,0,0.020031907,0,0,0.010781033,0
2417,0,0.3387798,0,0,0.110616356,0,0,0.6076727,1,0,0.12419706,0,1,0.12015802,0
2419,0,0.8795529,1,0,0.014666301,0,1,0.069888726,0,0,0.03774777,0,0,0.02910954,0
2422,0,0.04234252,0,0,0.078488834,0,0,0.24425723,0,1,0.87730694,1,0,0.06122978,0
2427,1,0.8292983,1,0,0.03509587,0,0,0.05173817,0,0,0.078611515,0,0,0.032819886,0
2432,1,0.9517804,1,0,0.006189989,0,0,0.018280312,0,0,0.009982906,0,0,0.010668952,0
2433,0,0.010613439,0,0,0.24596602,0,1,0.9308368,1,0,0.28252771,0,0,0.17328939,0
2449,1,0.92136234,1,0,0.024071593,0,0,0.021020016,0,0,0.015889516,0,0,0.018985976,0
2455,1,0.06508314,0,0,0.09463602,0,0,0.43951043,0,0,0.76440907,1,0,0.08353596,0
2473,0,0.09864168,0,0,0.15809126,0,0,0.14184141,0,0,0.78505915,1,1,0.07287246,0
2476,1,0.9396695,1,0,0.0061087618,0,0,0.03252631,0,0,0.011432962,0,0,0.013912528,0
2492,0,0.45464975,1,0,0.05595916,0,0,0.04571729,0,1,0.5673291,1,0,0.029680673,0
2507,1,0.84759766,1,0,0.008515115,0,0,0.06611511,0,0,0.07456739,0,0,0.020509107,0
2549,0,0.020055832,0,1,0.51926225,1,0,0.1451477,0,1,0.74129313,1,0,0.19197537,0
2550,1,0.5855083,1,0,0.0055146767,0,1,0.5588684,1,0,0.017964728,0,0,0.025276225,0
2551,1,0.74119306,1,0,0.0942265,0,0,0.0965101,0,0,0.12634464,0,0,0.07066538,0
2556,0,0.1195088,0,1,0.354038,1,0,0.1733143,0,0,0.6379515,1,0,0.15493084,0
2560,1,0.9467224,1,0,0.009874488,0,0,0.015991025,0,0,0.011586069,0,0,0.01194313,0
2561,0,0.11992802,0,0,0.6009143,1,0,0.12602666,0,1,0.27365392,0,0,0.18737887,0
2565,0,0.040047262,0,1,0.6534408,1,0,0.20801158,0,0,0.47642493,1,1,0.27273938,1
2569,0,0.093023084,0,0,0.19820987,0,0,0.72689474,1,1,0.40259206,1,0,0.1519376,0
2579,1,0.22614792,0,0,0.11764973,0,0,0.11935425,0,0,0.61461306,1,0,0.053910997,0
2596,1,0.9087028,1,0,0.005180821,0,0,0.032802846,0,0,0.03813976,0,0,0.012589969,0
2598,0,0.08177948,0,1,0.66920143,1,0,0.22119977,0,1,0.31165108,0,0,0.28516465,1
2602,0,0.18353668,0,1,0.62690806,1,0,0.09045554,0,0,0.07715582,0,1,0.2083889,0
2605,0,0.007855845,0,0,0.13778555,0,0,0.27277815,0,1,0.9242323,1,0,0.0714414,0
2606,0,0.67269766,1,0,0.042868756,0,1,0.082274355,0,1,0.26094875,0,0,0.042649128,0
2626,0,0.016182186,0,0,0.06905163,0,1,0.89735854,1,0,0.5195824,1,0,0.08672312,0
2627,0,0.08753365,0,0,0.025984256,0,0,0.050501753,0,1,0.8814968,1,0,0.014766366,0
2638,1,0.86878836,1,0,0.065099046,0,0,0.019796282,0,0,0.017039366,0,0,0.0272966,0
2649,1,0.95026934,1,0,0.0037712692,0,0,0.01461096,0,0,0.013117697,0,0,0.007233651,0
2693,0,0.22502768,0,1,0.3575194,1,0,0.11865652,0,0,0.38560534,0,0,0.12197257,0
2694,1,0.7816129,1,0,0.019667843,0,0,0.08213335,0,0,0.13087094,0,0,0.031582635,0
2722,0,0.005756318,0,0,0.0904066,0,1,0.90180576,1,0,0.6995485,1,0,0.095205955,0
2734,0,0.6814266,1,1,0.025300872,0,0,0.048133366,0,0,0.29526153,0,0,0.023762932,0
2736,0,0.72601503,1,0,0.029166408,0,0,0.028138198,0,1,0.230639,0,0,0.019459277,0
2764,1,0.9379792,1,0,0.011124583,0,0,0.024910435,0,0,0.012068121,0,0,0.015430063,0
2767,1,0.11577019,0,0,0.050945453,0,1,0.80586994,1,0,0.19014081,0,0,0.07169335,0
2776,0,0.01383878,0,0,0.1364772,0,0,0.5689647,1,1,0.8544343,1,0,0.09385086,0
2779,1,0.58477294,1,0,0.03840432,0,0,0.3396522,0,0,0.10638805,0,0,0.06218758,0
2785,1,0.84196806,1,0,0.073261574,0,0,0.05144274,0,0,0.035785746,0,0,0.047269147,0
2786,1,0.9227081,1,0,0.010306525,0,0,0.04156018,0,0,0.015319252,0,0,0.019068258,0
2789,1,0.8657099,1,0,0.0053409883,0,0,0.08062991,0,0,0.044481657,0,0,0.017891008,0
2791,1,0.92439955,1,0,0.023014748,0,0,0.015477367,0,0,0.015036964,0,0,0.015515004,0
2802,0,0.015253498,0,1,0.83953846,1,0,0.22882387,0,1,0.32992825,0,1,0.45201197,1
2813,1,0.81845814,1,0,0.0098208515,0,0,0.13448815,0,0,0.04385748,0,0,0.025775976,0
2819,1,0.80628663,1,0,0.05453727,0,0,0.10709095,0,0,0.023951989,0,0,0.05396049,0
2830,1,0.8854387,1,0,0.025322141,0,0,0.054166965,0,0,0.029677765,0,0,0.031492356,0
2839,1,0.94373673,1,0,0.0059468225,0,0,0.012195603,0,0,0.017021963,0,0,0.007975177,0
2848,1,0.9336354,1,0,0.009882986,0,0,0.032660708,0,0,0.011286259,0,0,0.016026463,0
2854,1,0.8011891,1,0,0.041480962,0,0,0.11576174,0,0,0.07779614,0,0,0.0542835,0
2865,0,0.03635106,0,1,0.7993892,1,0,0.09387918,0,0,0.15916924,0,0,0.24906133,0
2867,0,0.5141254,1,1,0.4170359,1,0,0.020850617,0,0,0.025271056,0,0,0.06129852,0
2871,1,0.9467476,1,0,0.0044722063,0,0,0.028382951,0,0,0.012679238,0,0,0.0125786755,0
2905,1,0.41612515,1,0,0.013054733,0,1,0.69921356,1,0,0.021419588,0,0,0.03659723,0
2909,1,0.9122547,1,0,0.0074718697,0,1,0.023540111,0,0,0.039376915,0,0,0.012643032,0
2910,1,0.82154375,1,0,0.034725416,0,0,0.045879968,0,0,0.08525631,0,0,0.029749399,0
2913,1,0.91626465,1,0,0.013132161,0,0,0.042224463,0,0,0.018568525,0,0,0.021255972,0
2920,1,0.9486357,1,0,0.012650504,0,0,0.014751807,0,0,0.008766362,0,0,0.012572281,0
2921,1,0.8290238,1,0,0.07023981,0,0,0.06804978,0,0,0.049106766,0,0,0.054105356,0
2922,0,0.0021401483,0,1,0.93161345,1,0,0.18588632,0,0,0.26819697,0,0,0.5720659,1
2928,1,0.91625464,1,0,0.02254356,0,0,0.028876495,0,0,0.019028893,0,0,0.021479012,0
2929,1,0.9599474,1,0,0.0023570748,0,0,0.028696623,0,0,0.004621621,0,0,0.008314934,0
2935,1,0.32238004,0,0,0.36559328,1,0,0.23275615,0,0,0.10267014,0,0,0.14060389,0
2938,0,0.86204773,1,1,0.021061972,0,0,0.034718018,0,0,0.06557977,0,0,0.022135975,0
2939,1,0.9311118,1,0,0.024457742,0,0,0.024929577,0,0,0.007567774,0,0,0.020723602,0
2941,1,0.21928148,0,0,0.007925616,0,0,0.71505886,1,0,0.17547652,0,0,0.033119343,0
2942,1,0.9228753,1,0,0.0039784852,0,0,0.05737514,0,0,0.012067581,0,0,0.013130641,0
2963,1,0.953487,1,0,0.005855523,0,0,0.022193301,0,0,0.007986453,0,0,0.011722363,0
2965,1,0.6754002,1,0,0.021357782,0,0,0.16277602,0,0,0.1932673,0,0,0.040929765,0
2987,1,0.92074484,1,0,0.014652326,0,0,0.0351357,0,0,0.020985484,0,0,0.021637559,0
3009,0,0.0053149597,0,1,0.32033673,1,0,0.07953452,0,1,0.90327066,1,0,0.08484175,0
3022,1,0.8359177,1,0,0.015044996,0,0,0.038718026,0,0,0.09620642,0,0,0.01899541,0
3027,1,0.96126527,1,0,0.005522994,0,0,0.0115652,0,0,0.0074675954,0,0,0.008113116,0
3033,0,0.17722233,0,1,0.44490486,1,0,0.2736169,0,0,0.22143523,0,0,0.14920157,0
3035,1,0.63547873,1,0,0.008034613,0,1,0.46570188,1,0,0.016801221,0,0,0.02773007,0
3043,1,0.8922126,1,0,0.025586605,0,0,0.04828045,0,0,0.028966488,0,0,0.030407941,0
3052,0,0.014115266,0,0,0.086206414,0,0,0.6625769,1,1,0.82556957,1,0,0.07433201,0
3060,1,0.9024472,1,0,0.013648173,0,0,0.05553012,0,0,0.02391893,0,0,0.025172822,0
3073,1,0.8727946,1,0,0.044025615,0,0,0.04642189,0,0,0.035816446,0,0,0.036467236,0
3078,0,0.41921797,1,1,0.4115674,1,0,0.078762114,0,0,0.055146728,0,0,0.11131647,0
3092,0,0.18315682,0,0,0.39077455,1,0,0.22565977,0,0,0.3798973,0,1,0.17317362,0
3103,1,0.9523611,1,0,0.0048845643,0,0,0.013882195,0,0,0.012849635,0,0,0.008379942,0
3108,1,0.424799,1,0,0.008880336,0,0,0.0672478,0,0,0.5776153,1,0,0.014425084,0
3112,1,0.9483617,1,0,0.008802746,0,0,0.011790926,0,0,0.011714067,0,0,0.009182568,0
3122,0,0.0141218295,0,0,0.2540242,1,0,0.6712005,1,1,0.77807564,1,0,0.1614686,0
3128,1,0.91813886,1,0,0.0068096495,0,0,0.046478283,0,0,0.02023042,0,0,0.01659931,0
3148,1,0.9652515,1,0,0.0034004464,0,0,0.010691735,0,0,0.007454474,0,0,0.0064354036,0
3159,1,0.9179668,1,0,0.016804205,0,0,0.03351627,0,0,0.020310719,0,0,0.021434896,0
3164,1,0.91871774,1,0,0.013951249,0,0,0.023850095,0,0,0.02536949,0,0,0.016338143,0
3165,1,0.924712,1,0,0.0044920146,0,0,0.015316967,0,0,0.03667387,0,0,0.008095641,0
3174,1,0.8213598,1,0,0.0084100785,0,0,0.15210399,0,0,0.017662326,0,0,0.020928938,0
3201,0,0.06326776,0,0,0.023300724,0,1,0.90884423,1,0,0.2049097,0,0,0.06412052,0
3208,0,0.006385594,0,1,0.12578027,0,0,0.08983368,0,1,0.9501097,1,0,0.041050788,0
3215,0,0.044718925,0,1,0.8134448,1,0,0.035236456,0,0,0.099386044,0,1,0.1767998,0
3220,0,0.12659225,0,1,0.6640524,1,0,0.042437714,0,0,0.1476763,0,0,0.13464746,0
3235,1,0.94595736,1,0,0.002291241,0,0,0.020228842,0,0,0.018465528,0,0,0.0073762676,0
3241,0,0.042167842,0,0,0.11901835,0,0,0.52484417,1,1,0.7749382,1,0,0.100071475,0
3246,0,0.028583176,0,0,0.44269678,1,1,0.7542806,1,1,0.41126695,1,0,0.2645931,1
3248,1,0.94181883,1,0,0.005315106,0,1,0.024516445,0,0,0.016335094,0,0,0.011997003,0
3272,0,0.013563214,0,1,0.68551224,1,0,0.21484166,0,1,0.62756944,1,0,0.31614816,1
3275,0,0.016365416,0,1,0.61155874,1,1,0.14270586,0,1,0.70153517,1,1,0.24343699,0
3281,0,0.02051654,0,1,0.6804318,1,0,0.23680915,0,0,0.5617573,1,1,0.3135484,1
3282,0,0.4595609,1,1,0.29710573,1,0,0.04389466,0,0,0.19242638,0,0,0.07373934,0
3299,1,0.61330545,1,0,0.006453931,0,1,0.5065843,1,0,0.022127032,0,0,0.02771646,0
3315,0,0.035757303,0,0,0.30995747,1,0,0.19122832,0,1,0.7719429,1,0,0.14315075,0
3317,0,0.22150189,0,1,0.57910115,1,0,0.048984136,0,0,0.026137134,0,0,0.12529853,0
3320,1,0.8065762,1,0,0.030352306,0,0,0.14041352,0,0,0.041769918,0,0,0.048098706,0
3326,0,0.091521464,0,1,0.7181479,1,0,0.13621007,0,0,0.1513334,0,0,0.26343036,1
3336,0,0.031876143,0,0,0.057869818,0,0,0.1806422,0,1,0.9062595,1,0,0.03600653,0
3342,0,0.36994264,0,1,0.506269,1,0,0.030298498,0,0,0.07799031,0,0,0.086522825,0
3350,1,0.9377983,1,0,0.0018625018,0,0,0.04389423,0,0,0.011646,0,0,0.0088187,0
3356,0,0.49838436,1,0,0.011089587,0,1,0.6181749,1,0,0.031655382,0,0,0.038677372,0
3363,0,0.17567857,0,1,0.66540945,1,0,0.030359054,0,0,0.024436062,0,0,0.11125455,0
3371,0,0.6232401,1,0,0.32473758,1,0,0.017035414,0,0,0.015066231,0,1,0.049165037,0
3384,1,0.9097063,1,0,0.018135916,0,0,0.049855094,0,0,0.016667549,0,0,0.02640648,0
3406,1,0.70843154,1,0,0.093668975,0,0,0.091943905,0,0,0.17432442,0,0,0.06601301,0
3414,1,0.8632089,1,0,0.012768147,0,0,0.017664831,0,0,0.082419656,0,0,0.011855188,0
3435,1,0.617307,1,0,0.3321172,1,0,0.019747876,0,0,0.013736479,0,0,0.054116003,0
3452,0,0.019217087,0,0,0.2812826,1,1,0.73637664,1,0,0.6649433,1,0,0.1905069,0
3454,0,0.0011428887,0,1,0.9225268,1,0,0.30198294,0,1,0.3122981,0,1,0.6114453,1
3479,0,0.007814369,0,0,0.22858389,0,1,0.9266084,1,0,0.3708204,0,0,0.1853766,0
3484,0,0.0022461175,0,1,0.56959933,1,1,0.8547932,1,0,0.3533694,0,0,0.34866273,1
3486,1,0.11148434,0,0,0.29477495,1,1,0.46951243,1,0,0.5559522,1,1,0.17973067,0
3487,1,0.49314386,1,0,0.16830717,0,0,0.06664109,0,0,0.35015568,0,0,0.060911924,0
3497,1,0.90422684,1,0,0.027344365,0,0,0.03952836,0,0,0.022916727,0,0,0.028367223,0
3507,1,0.9409727,1,0,0.003421652,0,0,0.028827015,0,0,0.018255366,0,0,0.010933356,0
3508,0,0.057606723,0,1,0.69994414,1,0,0.08909876,0,0,0.28514346,0,0,0.20042457,0
3515,1,0.8575429,1,0,0.0076590115,0,0,0.08660745,0,0,0.051518634,0,0,0.022374865,0
3521,1,0.8598351,1,0,0.016202347,0,0,0.09627331,0,0,0.02428253,0,0,0.029114308,0
3522,1,0.9519107,1,0,0.0031058977,0,0,0.025462812,0,0,0.0102194,0,0,0.009564488,0
3537,1,0.94276047,1,0,0.011285993,0,0,0.0313711,0,0,0.008156256,0,0,0.018368443,0
3544,0,0.08906491,0,0,0.29778647,1,0,0.14909387,0,1,0.67023873,1,0,0.11968962,0
3558,1,0.6998747,1,0,0.021117035,0,0,0.11573071,0,0,0.18180087,0,0,0.033052046,0
3559,0,0.12736793,0,0,0.05644639,0,1,0.872073,1,1,0.0933383,0,0,0.101423755,0
3568,0,0.10379393,0,0,0.019814527,0,1,0.5836302,1,1,0.49999732,1,0,0.0386368,0
3579,0,0.8463649,1,0,0.0036698666,0,0,0.02359839,0,1,0.13461082,0,0,0.007930132,0
3582,0,0.00474754,0,0,0.2927723,1,1,0.6947898,1,1,0.8089775,1,0,0.18017921,0
3585,1,0.9034318,1,0,0.027217062,0,0,0.044844512,0,0,0.014211286,0,0,0.028877083,0
3590,0,0.2315115,0,1,0.6174193,1,0,0.05530267,0,0,0.090042196,0,0,0.14957589,0
3600,0,0.6068193,1,0,0.00536131,0,0,0.050349656,0,1,0.39885405,0,0,0.011676396,0
3603,0,0.9125445,1,0,0.03374016,0,0,0.025827296,0,0,0.013062077,0,1,0.025540827,0
3606,0,0.28168494,0,0,0.2118968,0,0,0.14584734,0,1,0.5409942,1,1,0.09834725,0
3610,0,0.033469815,0,0,0.12674099,0,0,0.49598768,1,1,0.80883384,1,0,0.09319835,0
3612,0,0.7835439,1,1,0.11963469,0,0,0.065893814,0,0,0.033307597,0,0,0.063591056,0
3613,0,0.0040921834,0,0,0.5324706,1,1,0.36968115,0,1,0.8359865,1,0,0.31160852,1
3615,1,0.85076076,1,0,0.08780373,0,0,0.027401952,0,0,0.013329298,0,0,0.035508435,0
3618,1,0.9238769,1,0,0.005042662,0,0,0.054888703,0,0,0.0102706235,0,0,0.013810274,0
3625,1,0.93274087,1,0,0.00908272,0,0,0.0322127,0,0,0.014077995,0,0,0.016320175,0
3629,0,0.5691674,1,0,0.03264114,0,1,0.12717478,0,1,0.29994473,0,0,0.036651608,0
3632,0,0.045205034,0,0,0.048927225,0,0,0.25067416,0,1,0.87603873,1,0,0.041906204,0
3634,1,0.9591693,1,0,0.0054277284,0,0,0.016398478,0,0,0.007819047,0,0,0.010040043,0
3635,1,0.88142,1,0,0.0393983,0,1,0.040560987,0,0,0.01904652,0,0,0.02843162,0
3641,0,0.65319824,1,0,0.002614118,0,1,0.46435368,1,0,0.023357084,0,0,0.017384475,0
3652,1,0.8670502,1,0,0.0059024477,0,0,0.041008845,0,0,0.084953666,0,0,0.014558035,0
3657,1,0.90279025,1,0,0.011642076,0,0,0.03502622,0,0,0.03686217,0,0,0.018633015,0
3660,0,0.8590264,1,0,0.0392832,0,0,0.072986335,0,0,0.017346714,0,1,0.039621416,0
3665,1,0.86794144,1,0,0.027966361,0,0,0.07692769,0,0,0.03660029,0,0,0.04008982,0
3669,1,0.40951675,1,0,0.4652148,1,0,0.07564089,0,0,0.07885148,0,0,0.1162692,0
3688,0,0.7630592,1,0,0.12509042,0,1,0.09495185,0,0,0.06143985,0,1,0.07889252,0
3689,0,0.10469388,0,1,0.72898525,1,0,0.037472244,0,1,0.057650127,0,0,0.15747245,0
3692,0,0.015170572,0,1,0.32956314,1,0,0.63596165,1,1,0.703637,1,0,0.19036709,0
3696,0,0.13040558,0,0,0.14513634,0,0,0.17470382,0,1,0.7630804,1,0,0.09193431,0
3699,0,0.25258428,0,0,0.06883462,0,1,0.6951406,1,0,0.20134133,0,0,0.10875042,0
3702,1,0.6051897,1,0,0.010310286,0,0,0.17091918,0,0,0.2438165,0,0,0.028056031,0
3704,1,0.84537196,1,0,0.006745708,0,0,0.050183102,0,0,0.09587763,0,0,0.01602504,0
3708,0,0.09639012,0,0,0.6017828,1,1,0.29910484,0,0,0.19989121,0,0,0.22744055,0
3712,1,0.048361827,0,0,0.047258064,0,0,0.1445438,0,0,0.894241,1,0,0.031176265,0
3740,1,0.8319235,1,0,0.008759843,0,1,0.16827571,0,0,0.01135818,0,0,0.022609951,0
3755,0,0.066275984,0,0,0.6343412,1,1,0.33605137,0,1,0.3320957,0,0,0.29529324,1
3756,1,0.9463686,1,0,0.018388176,0,0,0.011389707,0,0,0.005649136,0,0,0.012930529,0
3785,0,0.82663995,1,0,0.0994971,0,0,0.031008963,0,0,0.022292884,0,1,0.041845556,0
3791,0,0.1731681,0,0,0.036341023,0,1,0.8721829,1,0,0.06643698,0,0,0.07869023,0
3805,0,0.05832148,0,0,0.19326302,0,0,0.6349923,1,1,0.56430507,1,0,0.1486095,0
3827,0,0.0036920109,0,1,0.664466,1,1,0.5950361,1,1,0.6353656,1,1,0.42848796,1
3842,0,0.6981241,1,1,0.1855802,0,0,0.06473374,0,0,0.07409599,0,1,0.07866177,0
3855,0,0.009529347,0,0,0.29757306,1,1,0.2891129,0,1,0.8873371,1,0,0.15067841,0
3863,1,0.8691161,1,0,0.020335583,0,0,0.047765955,0,0,0.046121117,0,0,0.02477357,0
3867,0,0.0016482908,0,1,0.94130766,1,0,0.15893684,0,0,0.26220334,0,1,0.57300127,1
3869,0,0.0024975748,0,1,0.93352014,1,0,0.1474755,0,0,0.25738204,0,1,0.5407907,1
3872,1,0.8895106,1,0,0.020476261,0,1,0.057339303,0,0,0.024691556,0,0,0.027734507,0
3875,0,0.57539034,1,0,0.13246141,0,0,0.08680783,0,1,0.30095404,0,0,0.064556666,0
3878,1,0.6481812,1,0,0.034634545,0,0,0.06904505,0,0,0.3096698,0,0,0.032240577,0
3892,1,0.9250714,1,0,0.004190671,0,0,0.017711718,0,0,0.035901774,0,0,0.008505475,0
3895,0,0.031620156,0,1,0.7334346,1,0,0.35719606,0,0,0.3440867,0,1,0.39439017,1
3904,1,0.03619538,0,0,0.24312069,0,0,0.18516669,0,0,0.8245373,1,0,0.10329358,0
3908,0,0.04461176,0,0,0.17358303,0,0,0.19090801,0,1,0.8509146,1,0,0.08479448,0
3909,1,0.9625094,1,0,0.0060061347,0,0,0.010633963,0,0,0.0064310725,0,0,0.00785483,0
3910,0,0.00090963603,0,1,0.70214766,1,0,0.2395945,0,1,0.8607878,1,1,0.37805387,1
3913,0,0.006680575,0,0,0.6326543,1,0,0.19562507,0,1,0.77216923,1,0,0.2880871,1
3914,0,0.031323873,0,0,0.27192283,1,0,0.12562625,0,1,0.83553946,1,0,0.09616401,0
3918,1,0.8318958,1,0,0.049866267,0,0,0.08323749,0,0,0.057490103,0,0,0.051934447,0
3923,1,0.48474538,1,0,0.37348884,1,0,0.0492299,0,0,0.07187663,0,0,0.086964466,0
3925,0,0.8713496,1,0,0.042862553,0,1,0.06826418,0,0,0.030076355,0,1,0.044300042,0
3926,1,0.8158523,1,0,0.009804052,0,0,0.11124955,0,0,0.05302562,0,0,0.023164496,0
3937,1,0.93906695,1,0,0.009355749,0,0,0.026083406,0,0,0.012589199,0,0,0.015215699,0
3947,0,0.013483464,0,0,0.22676346,0,1,0.9372941,1,0,0.35510197,0,0,0.18197197,0
3948,0,0.83320624,1,0,0.009076225,0,1,0.086916186,0,0,0.06868005,0,0,0.023390384,0
3949,0,0.003281253,0,0,0.23363264,0,0,0.20974171,0,1,0.93764865,1,0,0.09506163,0
3967,0,0.35652685,0,0,0.036071338,0,0,0.08249278,0,1,0.63067156,1,0,0.03033805,0
3984,1,0.8522175,1,0,0.041769627,0,0,0.04737772,0,0,0.060742546,0,0,0.037104774,0
3986,1,0.95454127,1,0,0.0066994294,0,0,0.022290783,0,0,0.005548196,0,0,0.011377621,0
4016,0,0.0066188686,0,0,0.245584,0,1,0.94412297,1,0,0.34811935,0,0,0.166461,0
4025,1,0.48694605,1,0,0.21975414,0,0,0.06918126,0,0,0.26080453,0,0,0.068787105,0
4059,1,0.8735924,1,0,0.038652796,0,0,0.05441531,0,0,0.03884575,0,0,0.03889528,0
4066,1,0.85425997,1,0,0.010606161,0,0,0.026785193,0,0,0.09437355,0,0,0.013761515,0
4070,0,0.10304332,0,0,0.01209972,0,1,0.5112388,1,0,0.59924173,1,0,0.031081244,0
4072,0,0.010708322,0,1,0.52979344,1,0,0.72930217,1,1,0.32653308,0,0,0.24613608,0
4079,1,0.2797477,0,0,0.026167367,0,0,0.61537486,1,0,0.15940268,0,0,0.05355552,0
4090,1,0.8023483,1,0,0.044010606,0,0,0.055388954,0,0,0.102274165,0,0,0.03717061,0
4097,1,0.8608704,1,0,0.014048884,0,0,0.03437552,0,0,0.076717995,0,0,0.018405326,0
4103,1,0.88719034,1,0,0.0124746645,0,0,0.051818483,0,0,0.039387368,0,0,0.022699868,0
4110,1,0.7768628,1,0,0.03960101,0,0,0.10743096,0,0,0.10072126,0,0,0.048385534,0
4123,1,0.6855386,1,0,0.11400087,0,0,0.086381935,0,0,0.16219474,0,0,0.065358445,0
4137,0,0.046101104,0,0,0.5916072,1,0,0.10402021,0,1,0.44077164,1,0,0.15832497,0
4149,0,0.010898374,0,1,0.8626501,1,0,0.12107935,0,0,0.32696027,0,0,0.388349,1
4153,0,0.12313871,0,0,0.05574222,0,0,0.09293669,0,1,0.82583207,1,0,0.033570502,0
4167,1,0.8117166,1,0,0.06858716,0,1,0.073822394,0,0,0.06448827,0,1,0.058283098,0
4175,0,0.035612773,0,0,0.61507237,1,0,0.5136499,1,1,0.2882768,0,0,0.3021804,1
4177,0,0.63081956,1,0,0.06691958,0,0,0.10153899,0,1,0.23467368,0,0,0.04904618,0
4203,0,0.0032577484,0,0,0.7623883,1,0,0.22469443,0,1,0.6858422,1,0,0.38051242,1
4220,0,0.17779928,0,0,0.05424809,0,1,0.7806977,1,0,0.16876455,0,0,0.08473395,0
4224,1,0.8506042,1,0,0.010767677,0,0,0.028223544,0,0,0.10527064,0,0,0.014968163,0
4225,0,0.18483666,0,0,0.053889044,0,0,0.17304245,0,1,0.74585,1,0,0.052101728,0
4226,0,0.071146235,0,0,0.18018319,0,1,0.7305684,1,0,0.47717932,1,0,0.13959579,0
4229,1,0.7191797,1,0,0.15161814,0,0,0.024325917,0,0,0.055496953,0,0,0.03816623,0
4230,0,0.35988426,0,1,0.44680613,1,0,0.02023448,0,0,0.083510764,0,0,0.059440076,0
4235,1,0.6901114,1,0,0.0073782094,0,0,0.3388007,0,0,0.03974472,0,0,0.028812176,0
4238,0,0.04647453,0,0,0.020921236,0,1,0.8926391,1,0,0.31424463,0,0,0.057092752,0
4239,1,0.11733708,0,0,0.039394546,0,0,0.10496531,0,0,0.83618486,1,0,0.027980817,0
4245,1,0.6877254,1,0,0.020845013,0,1,0.31777903,0,0,0.039750177,0,0,0.047392722,0
4254,0,0.025209917,0,0,0.09577867,0,1,0.9522313,1,0,0.21266335,0,0,0.11667231,0
4257,0,0.02672958,0,0,0.10471978,0,0,0.5699623,1,1,0.80951166,1,0,0.09729738,0
4261,1,0.9340573,1,0,0.011278099,0,0,0.020262903,0,0,0.018041708,0,0,0.014200515,0
4266,1,0.7797613,1,0,0.025901014,0,0,0.069687195,0,0,0.14500928,0,0,0.0329027,0
4269,0,0.3796315,0,0,0.0075627114,0,0,0.06525461,0,1,0.6332328,1,0,0.012883483,0
4278,0,0.87979245,1,0,0.035601947,0,0,0.032315116,0,0,0.037004378,0,1,0.026895437,0
4295,1,0.93476903,1,0,0.020078486,0,0,0.024362238,0,0,0.009935729,0,0,0.020374568,0
4329,0,0.017861482,0,1,0.4384459,1,0,0.33411422,0,0,0.7574316,1,0,0.20378272,0
4335,0,0.0048857047,0,1,0.9116447,1,0,0.15998285,0,0,0.23459645,0,1,0.48787972,1
4336,0,0.012467317,0,1,0.19978012,0,1,0.3182898,0,0,0.89852494,1,1,0.10302236,0
4342,1,0.2785841,0,1,0.21198794,0,0,0.26971874,0,0,0.39045265,0,0,0.11172456,0
4354,1,0.8015107,1,0,0.010423801,0,0,0.04180429,0,0,0.15302402,0,0,0.016435815,0
4362,0,0.38528413,0,0,0.021726537,0,0,0.0760491,0,1,0.61218536,1,0,0.022126894,0
4363,0,0.19399686,0,0,0.0069758347,0,1,0.9043906,1,0,0.029776683,0,1,0.033219915,0
4391,0,0.13554074,0,0,0.031933147,0,0,0.10184899,0,1,0.8288204,1,0,0.026393238,0
4410,0,0.0011025345,0,1,0.70601505,1,0,0.18218349,0,0,0.8452614,1,0,0.32626715,1
4414,1,0.94733286,1,0,0.004203154,0,0,0.020025276,0,0,0.015539387,0,0,0.009790956,0
4417,1,0.33340624,0,0,0.038891267,0,0,0.26492274,0,0,0.46322733,1,0,0.0527237,0
4432,0,0.0053773145,0,0,0.060809504,0,1,0.9810831,1,0,0.14556377,0,0,0.06181137,0
4444,0,0.1302998,0,0,0.058119953,0,1,0.8264093,1,0,0.22310816,0,0,0.100072056,0
4448,0,0.014847975,0,0,0.17053623,0,0,0.46370137,1,1,0.8725534,1,0,0.11398266,0
4458,0,0.6218453,1,0,0.14448333,0,0,0.11340098,0,0,0.026566971,0,1,0.08541596,0
4476,0,0.28528538,0,1,0.52948076,1,0,0.11670322,0,0,0.07490113,0,0,0.15711372,0
4501,0,0.047027398,0,1,0.7883023,1,0,0.08606003,0,0,0.14210941,0,0,0.25831327,1
4506,1,0.29227805,0,0,0.5217078,1,0,0.09875549,0,0,0.0520423,0,0,0.14486872,0
4508,0,0.822289,1,1,0.07370798,0,0,0.050672702,0,0,0.051148757,0,0,0.044348843,0
4518,0,0.012425424,0,0,0.28862825,1,0,0.16292536,0,1,0.87896615,1,0,0.11422339,0
4542,1,0.9409629,1,0,0.021380937,0,0,0.010481116,0,0,0.006586779,0,0,0.012484749,0
4546,0,0.26380983,0,0,0.0074294345,0,1,0.82581514,1,0,0.061231274,0,1,0.037037797,0
4547,0,0.07629419,0,0,0.09528119,0,0,0.08391018,0,0,0.851066,1,1,0.043071523,0
4556,1,0.20160797,0,0,0.07974253,0,0,0.0873598,0,0,0.73963857,1,0,0.042839468,0
4560,0,0.0046412246,0,0,0.11926179,0,1,0.97067237,1,0,0.040053286,0,0,0.09911509,0
4565,1,0.9483111,1,0,0.0043527787,0,0,0.020164412,0,0,0.0155623965,0,0,0.0102517605,0
4576,0,0.01408298,0,0,0.15356092,0,0,0.22202258,0,1,0.9146209,1,0,0.07057033,0
4602,0,0.05285565,0,0,0.028789224,0,1,0.930368,1,0,0.1717687,0,1,0.066685684,0
4609,1,0.65139616,1,0,0.041002233,0,0,0.2300892,0,0,0.16107751,0,0,0.06523066,0
4614,0,0.003719328,0,1,0.54442465,1,0,0.49950767,1,1,0.77846766,1,1,0.30397508,1
4615,0,0.009417455,0,0,0.58947086,1,0,0.33420327,0,1,0.75033194,1,0,0.31437045,1
4618,0,0.0032398815,0,1,0.099531755,0,1,0.8584533,1,1,0.83465546,1,0,0.078345984,0
4619,0,0.1007342,0,0,0.0091851065,0,1,0.67694,1,0,0.44526863,1,0,0.032256514,0
4646,0,0.0049853153,0,1,0.24658155,0,0,0.25719708,0,1,0.92430484,1,0,0.11450009,0
4656,0,0.007314675,0,1,0.3917625,1,0,0.55219513,1,1,0.8030637,1,1,0.22306818,0
4672,1,0.8721481,1,0,0.029992498,0,0,0.053676367,0,0,0.046227578,0,0,0.034834784,0
4676,0,0.007788466,0,1,0.5798933,1,1,0.7492633,1,0,0.26547363,0,0,0.28743628,1
4687,0,0.15173383,0,1,0.6655765,1,0,0.08815016,0,0,0.12045632,0,0,0.18566212,0
4704,1,0.79089355,1,0,0.07572982,0,0,0.058072712,0,0,0.08537702,0,0,0.048185367,0
4719,1,0.9481011,1,0,0.0064525306,0,0,0.01749733,0,0,0.013544349,0,0,0.010829911,0
4747,1,0.6067825,1,0,0.15319592,0,0,0.11844328,0,0,0.2649306,0,0,0.08947709,0
4749,0,0.0010859552,0,1,0.8959342,1,0,0.3385076,0,1,0.5026282,1,1,0.6194436,1
4755,0,0.0012990643,0,1,0.70533824,1,0,0.17274454,0,1,0.84340304,1,0,0.32870308,1
4758,0,0.011681069,0,0,0.19682379,0,1,0.94976807,1,0,0.22435647,0,0,0.14680727,0
4769,0,0.004953896,0,1,0.9290023,1,0,0.08082165,0,0,0.09713068,0,0,0.3904515,1
4771,0,0.027275959,0,0,0.24367236,0,1,0.8252809,1,0,0.559874,1,0,0.1881536,0
4785,0,0.074272245,0,1,0.73718756,1,0,0.15518531,0,0,0.16579865,0,0,0.2761886,1
4786,1,0.48059285,1,0,0.344518,1,0,0.052670546,0,0,0.09045475,0,0,0.08542635,0
4797,0,0.03148613,0,1,0.76206577,1,0,0.27055436,0,0,0.18052484,0,0,0.3233891,1
4805,1,0.46895882,1,0,0.004612989,0,0,0.61197704,1,0,0.056581978,0,0,0.025670052,0
4809,0,0.016673708,0,1,0.8350909,1,0,0.22720432,0,0,0.20156543,0,0,0.38983288,1
4820,1,0.93140894,1,0,0.004469498,0,0,0.02440539,0,0,0.021237236,0,0,0.009942101,0
4822,1,0.31367382,0,0,0.5238504,1,0,0.0538344,0,0,0.1256902,0,0,0.10837551,0
4825,0,0.08965014,0,0,0.66705334,1,1,0.17510663,0,0,0.30262455,0,0,0.25752205,1
4836,1,0.621761,1,0,0.05865022,0,0,0.066079594,0,0,0.30729932,0,0,0.03892576,0
4866,0,0.7825193,1,0,0.08755828,0,0,0.12095548,0,1,0.055946786,0,0,0.07474963,0
4873,1,0.5394835,1,0,0.12099659,0,0,0.10165215,0,0,0.38530934,0,0,0.06821734,0
4880,1,0.67805123,1,0,0.006059515,0,0,0.418556,0,0,0.02318101,0,0,0.026643107,0
4893,0,0.0023510742,0,0,0.011773209,0,1,0.9971413,1,0,0.0057024457,0,0,0.022648856,0
4900,1,0.9480021,1,0,0.0032682337,0,0,0.013216029,0,0,0.018350817,0,0,0.0067922794,0
4926,0,0.27356538,0,1,0.5164614,1,0,0.0396614,0,0,0.14132313,0,0,0.100733414,0
4945,1,0.96678424,1,0,0.002877408,0,0,0.015180257,0,0,0.00593297,0,0,0.0075946264,0
4951,1,0.40509006,1,0,0.34987345,1,0,0.05227889,0,0,0.16277906,0,0,0.077083245,0
4960,1,0.7350512,1,0,0.015193208,0,0,0.18760101,0,0,0.09888247,0,0,0.038557213,0
4979,1,0.092803635,0,1,0.07935383,0,0,0.39740375,0,0,0.7339617,1,0,0.075221635,0
4995,0,0.013546281,0,1,0.44027704,1,1,0.46717477,1,0,0.759025,1,1,0.28070295,1
5000,1,0.8550603,1,0,0.04877473,0,0,0.072955854,0,0,0.03607959,0,0,0.04650537,0
5029,0,0.016721724,0,0,0.11458344,0,1,0.86038965,1,1,0.58483034,1,0,0.114114314,0
5054,0,0.51110476,1,1,0.34656337,1,0,0.064820185,0,0,0.09784071,0,0,0.09793685,0
5067,1,0.26138481,0,0,0.008418054,0,0,0.07574873,0,0,0.7182428,1,0,0.012526629,0
5087,0,0.020253267,0,1,0.7892582,1,0,0.22861539,0,0,0.41600996,1,1,0.39955416,1
5099,1,0.5617635,1,0,0.3290962,1,0,0.07650895,0,0,0.06025458,0,0,0.10301242,0
5117,1,0.6480857,1,0,0.008192093,0,1,0.42959082,0,0,0.024900552,0,0,0.030124279,0
5122,0,0.16210923,0,1,0.51865053,1,0,0.038491573,0,0,0.23438203,0,0,0.09219612,0
5126,1,0.9111741,1,0,0.0024213307,0,0,0.0833002,0,0,0.008823836,0,0,0.010618268,0
5147,0,0.10515489,0,0,0.100080214,0,0,0.12109456,0,1,0.7900677,1,0,0.048363846,0
5151,1,0.73017406,1,0,0.02099619,0,0,0.095003314,0,0,0.20082477,0,0,0.034451835,0
5154,0,0.024829013,0,0,0.12791307,0,1,0.2911848,0,1,0.86326736,1,0,0.065160446,0
5159,0,0.037132267,0,0,0.22966444,0,0,0.11484893,0,1,0.8152557,1,0,0.07410881,0
5163,0,0.0014885432,0,1,0.8221024,1,1,0.35986653,0,1,0.67268026,1,1,0.55938476,1
5170,0,0.8315039,1,0,0.0034771978,0,1,0.1851191,0,0,0.024900794,0,0,0.018297354,0
5172,1,0.4189733,1,0,0.4458404,1,0,0.113271035,0,0,0.123985894,0,0,0.14096226,0
5182,1,0.88175,1,0,0.015120797,0,0,0.06126357,0,0,0.03730264,0,0,0.026880465,0
5185,0,0.28075755,0,0,0.05258388,0,0,0.16439584,0,1,0.6122549,1,0,0.05034969,0
5212,0,0.059979424,0,0,0.055834,0,1,0.93738526,1,0,0.110580936,0,0,0.0976539,0
5217,1,0.91226363,1,0,0.014419655,0,0,0.045829687,0,0,0.014663641,0,0,0.02059436,0
5219,0,0.008366164,0,0,0.20364806,0,1,0.8552539,1,1,0.7051624,1,0,0.1510704,0
5251,0,0.013774898,0,0,0.13254914,0,0,0.18357684,0,1,0.92067826,1,0,0.06339627,0
5257,0,0.3283928,0,0,0.14002992,0,0,0.17548539,0,1,0.5160271,1,0,0.09278957,0
5269,1,0.91183007,1,0,0.008508813,0,0,0.04211593,0,0,0.02710999,0,0,0.0179804,0
5275,1,0.91080415,1,0,0.020908635,0,0,0.053465,0,0,0.012779607,0,0,0.028719647,0
5276,0,0.00742973,0,0,0.24050719,0,0,0.9089485,1,1,0.5430889,1,0,0.1566911,0
5278,0,0.2099147,0,1,0.5761375,1,0,0.05472298,0,0,0.12603468,0,0,0.12585677,0
5281,1,0.7314798,1,0,0.13566849,0,0,0.032378353,0,0,0.073284045,0,0,0.0421498,0
5289,0,0.08120337,0,1,0.41077536,1,0,0.23956038,0,0,0.6161522,1,1,0.18394579,0
5298,1,0.9114834,1,0,0.009505074,0,0,0.060761344,0,0,0.013604106,0,0,0.020221598,0
5299,0,0.5938975,1,1,0.29022142,1,0,0.074170396,0,0,0.084363654,0,0,0.09478347,0
5304,1,0.62006253,1,0,0.048229776,0,0,0.15005752,0,0,0.25291893,0,0,0.054308537,0
5316,1,0.87911046,1,0,0.013827963,0,0,0.06505481,0,0,0.038332015,0,0,0.026182381,0
5331,1,0.62075853,1,0,0.0446074,0,0,0.270657,0,0,0.15551928,0,0,0.0720452,0
5336,1,0.68295777,1,0,0.1909534,0,0,0.051060516,0,0,0.023147603,0,0,0.065736905,0
5337,0,0.88283014,1,0,0.018990096,0,1,0.054737143,0,0,0.030686777,0,0,0.025819588,0
5338,0,0.026127812,0,0,0.007815693,0,1,0.8896973,1,0,0.4143987,1,1,0.029124256,0
5343,0,0.0026165047,0,0,0.30580017,1,1,0.20119655,0,1,0.923772,1,1,0.12425482,0
5351,0,0.005214852,0,1,0.25943834,1,0,0.4513345,1,1,0.8913311,1,0,0.14182991,0
5360,0,0.20321335,0,0,0.061138876,0,0,0.07019704,0,1,0.7472229,1,0,0.032217287,0
5370,1,0.947845,1,0,0.010660892,0,0,0.027603395,0,0,0.006097958,0,0,0.015964858,0
5373,1,0.96019477,1,0,0.008014503,0,0,0.018687075,0,0,0.004515405,0,0,0.012247568,0
5383,1,0.78849995,1,0,0.015276966,0,0,0.03742649,0,0,0.17773438,0,0,0.019268235,0
5384,0,0.016965855,0,1,0.66478145,1,0,0.5825147,1,0,0.37415352,0,0,0.43555644,1
5386,0,0.39999536,0,0,0.008729501,0,0,0.13490605,0,1,0.53204477,1,0,0.021634659,0
5395,1,0.3744661,0,0,0.3029683,1,0,0.24612907,0,0,0.2281205,0,0,0.13802588,0
5413,0,0.0053889616,0,0,0.15726486,0,0,0.63675016,1,1,0.87635833,1,0,0.09618416,0
5428,1,0.9321235,1,0,0.007734287,0,0,0.028638069,0,0,0.018403672,0,0,0.014727907,0
5452,1,0.9619439,1,0,0.0020968516,0,0,0.016181178,0,0,0.009804737,0,0,0.006776744,0
5465,0,0.111426696,0,1,0.4417163,1,0,0.05520865,0,0,0.46895647,1,0,0.095487475,0
5479,0,0.09008088,0,0,0.14092211,0,1,0.2981873,0,1,0.7642695,1,0,0.09119672,0
5501,0,0.0044682124,0,1,0.3562151,1,0,0.38015696,0,1,0.86379784,1,0,0.15759362,0
5519,1,0.95622826,1,0,0.005366522,0,0,0.016989036,0,0,0.008537031,0,0,0.009894601,0
5530,1,0.7958858,1,0,0.0103934575,0,0,0.027060948,0,0,0.17413773,0,0,0.012776431,0
5566,1,0.86011696,1,0,0.004904654,0,0,0.15000992,0,0,0.0111936005,0,0,0.01781102,0
5567,1,0.46013358,1,0,0.01042848,0,0,0.3118253,0,0,0.25025564,0,0,0.031490806,0
5572,0,0.6553182,1,1,0.2205392,0,0,0.10509507,0,0,0.079391934,0,0,0.10219782,0
5600,1,0.92831963,1,0,0.003329174,0,0,0.022742061,0,0,0.030250777,0,0,0.008880777,0
5605,1,0.94943845,1,0,0.0041873055,0,0,0.01626553,0,0,0.0154270865,0,0,0.008649483,0
5606,0,0.007864777,0,1,0.77605414,1,1,0.49233502,1,0,0.39747074,0,0,0.47208518,1
5628,0,0.260553,0,0,0.06927946,0,0,0.65208817,1,1,0.18737578,0,0,0.09251405,0
5635,0,0.08692262,0,0,0.099313825,0,0,0.7535575,1,1,0.37655574,0,0,0.10115309,0
5725,1,0.90921664,1,0,0.018437123,0,0,0.029765485,0,0,0.02916169,0,0,0.021150045,0
5737,1,0.5844783,1,0,0.18595438,0,0,0.22911128,0,0,0.08360531,0,0,0.12378783,0
5738,1,0.11725927,0,0,0.09410985,0,1,0.33676833,0,0,0.7273488,1,0,0.085968696,0
5743,1,0.78417754,1,0,0.10929502,0,0,0.028460441,0,0,0.047625035,0,0,0.036921773,0
5753,1,0.95119643,1,0,0.003718425,0,0,0.013850316,0,0,0.01508714,0,0,0.007477728,0
5771,1,0.3236877,0,0,0.031204302,0,0,0.528282,1,0,0.2614156,0,0,0.06719014,0
5777,0,0.8127937,1,0,0.05042868,0,0,0.08196538,0,1,0.08244342,0,0,0.052150734,0
5784,1,0.9649688,1,0,0.004497895,0,0,0.011683976,0,0,0.0063457494,0,0,0.007673463,0
5804,0,0.065606594,0,0,0.032354273,0,1,0.94256026,1,0,0.10073553,0,1,0.07610874,0
5806,0,0.0931883,0,0,0.021736179,0,0,0.10325503,0,1,0.8580084,1,0,0.01806489,0
5810,0,0.0020775215,0,1,0.7475584,1,0,0.27297467,0,1,0.76965016,1,1,0.44112858,1
5816,1,0.91400915,1,0,0.018315902,0,0,0.04442646,0,0,0.019529562,0,0,0.0268066,0
5824,1,0.24357665,0,0,0.086721644,0,0,0.55466944,1,0,0.2914151,0,0,0.09411475,0
5826,0,0.07041758,0,0,0.0307724,0,1,0.882869,1,1,0.24245092,0,0,0.08063664,0
5830,0,0.67637867,1,0,0.030642148,0,0,0.30598262,0,0,0.05798948,0,1,0.058906104,0
5831,1,0.90109724,1,0,0.032782294,0,0,0.045373168,0,0,0.019856319,0,0,0.033588547,0
5835,1,0.8761603,1,0,0.028342387,0,0,0.07233121,0,0,0.021295734,0,0,0.0343535,0
5837,1,0.9475531,1,0,0.00541218,0,0,0.018134741,0,0,0.015048502,0,0,0.010268214,0
5841,0,0.58201003,1,1,0.21942571,0,0,0.011276462,0,0,0.06468066,0,0,0.02846085,0
5855,1,0.9057417,1,0,0.039282057,0,0,0.015775897,0,0,0.011816679,0,0,0.020042863,0
5856,0,0.0051887305,0,0,0.19202162,0,1,0.767134,1,1,0.8249681,1,0,0.12271174,0
5868,0,0.7699813,1,1,0.09251375,0,0,0.04650033,0,0,0.008817792,0,1,0.04119208,0
5873,0,0.6839012,1,1,0.15921292,0,0,0.014174738,0,0,0.045994427,0,0,0.028866883,0
5881,0,0.04133538,0,1,0.3332047,1,0,0.12569815,0,0,0.762381,1,0,0.114298046,0
5885,0,0.0032759954,0,1,0.7708882,1,0,0.23012887,0,1,0.6882865,1,0,0.4058749,1
5911,0,0.04042013,0,0,0.8202029,1,0,0.038300127,0,0,0.12839735,0,1,0.20093502,0
5914,1,0.93341196,1,0,0.0094609475,0,0,0.024102265,0,0,0.017785896,0,0,0.014460086,0
5915,1,0.9562272,1,0,0.0063928748,0,0,0.017323978,0,0,0.008705696,0,0,0.011208847,0
5916,1,0.89731103,1,0,0.013397632,0,0,0.052726556,0,0,0.026928136,0,0,0.023246136,0
5918,1,0.8103194,1,0,0.053732615,0,0,0.076128624,0,0,0.07505959,0,0,0.04796688,0
5924,1,0.97013164,1,0,0.006112981,0,0,0.0059181,0,0,0.0037809038,0,0,0.005564397,0
5946,1,0.13017231,0,0,0.029988233,0,0,0.24518393,0,0,0.74882025,1,0,0.036130402,0
5947,1,0.8955557,1,0,0.027565796,0,0,0.044378128,0,0,0.025207162,0,0,0.028986312,0
5951,0,0.012334526,0,0,0.09872376,0,1,0.8473016,1,0,0.70434695,1,1,0.10132853,0
5953,0,0.5224441,1,0,0.055114374,0,1,0.38212672,0,0,0.11588575,0,0,0.07113215,0
5973,1,0.6533773,1,0,0.06548308,0,0,0.2647479,0,0,0.06987861,0,0,0.07520651,0
5975,1,0.91237503,1,0,0.015915135,0,0,0.029957829,0,0,0.027442697,0,0,0.019627962,0
5977,1,0.7498068,1,0,0.14859292,0,0,0.050584763,0,0,0.045946784,0,0,0.06179278,0
5992,1,0.9035685,1,0,0.006672811,0,0,0.07037644,0,0,0.014243259,0,0,0.01707271,0
6000,1,0.5145054,1,0,0.08884708,0,0,0.4097707,0,0,0.057754874,0,0,0.08531893,0
6004,1,0.8894998,1,0,0.0071945717,0,0,0.08631744,0,0,0.015781494,0,0,0.019438788,0
6042,0,0.24586698,0,0,0.024315305,0,1,0.20930146,0,1,0.6427628,1,0,0.03606523,0
6046,1,0.4893933,1,0,0.063776426,0,0,0.30228946,0,0,0.23644279,0,0,0.07750125,0
6047,1,0.83451605,1,0,0.04281426,0,0,0.10449343,0,0,0.04224558,0,0,0.053113997,0
6050,1,0.8391454,1,0,0.057980407,0,0,0.07317506,0,0,0.0506323,0,0,0.05206919,0
6056,0,0.060522527,0,0,0.018419497,0,1,0.8401579,1,1,0.35757193,0,0,0.0533055,0
6075,1,0.89562047,1,0,0.004295501,0,0,0.03646756,0,0,0.047990367,0,0,0.0115934275,0
6087,1,0.66704357,1,0,0.024962127,0,0,0.11418108,0,0,0.21263826,0,0,0.033852957,0
6096,0,0.06443139,0,0,0.068485044,0,1,0.8372476,1,0,0.36379242,0,0,0.109081544,0
6098,0,0.09314104,0,1,0.64515954,1,0,0.28700215,0,0,0.25261214,0,1,0.31730378,1
6103,1,0.6955059,1,0,0.14484935,0,0,0.08186268,0,0,0.11955557,0,0,0.07421751,0
6126,0,0.030090468,0,1,0.5250441,1,1,0.2521589,0,1,0.6907168,1,0,0.24710034,0
6131,1,0.95974445,1,0,0.0032636966,0,0,0.016789,0,0,0.00941371,0,0,0.008280521,0
6132,0,0.09593378,0,1,0.66420525,1,0,0.054926265,0,0,0.18373492,0,0,0.15039869,0
6141,0,0.13983822,0,1,0.6243939,1,0,0.15892352,0,0,0.2575434,0,1,0.23006505,0
6151,1,0.8774565,1,0,0.009347311,0,0,0.07651584,0,0,0.03722925,0,0,0.023579866,0
6154,0,0.0049703536,0,0,0.7333911,1,1,0.57367396,1,0,0.5090159,1,0,0.47450307,1
6174,0,0.010494671,0,0,0.3721037,1,1,0.8685249,1,0,0.11069625,0,0,0.20091547,0
6180,0,0.8834088,1,0,0.039977394,0,0,0.042354133,0,0,0.025003582,0,1,0.035526175,0
6186,0,0.0079991035,0,1,0.7348207,1,0,0.33878905,0,1,0.5988971,1,0,0.40829796,1
6188,1,0.95394206,1,0,0.006339243,0,0,0.01720168,0,0,0.009591728,0,0,0.0107129095,0
6189,1,0.911522,1,0,0.010532888,0,0,0.04039612,0,0,0.026047599,0,0,0.019223612,0
6190,0,0.31251812,0,1,0.30203113,1,0,0.08788036,0,0,0.32301992,0,0,0.09234724,0
6192,0,0.8889068,1,1,0.024313793,0,0,0.035019547,0,0,0.036933236,0,0,0.023947809,0
6200,1,0.95573527,1,0,0.002689865,0,0,0.022989977,0,0,0.010627924,0,0,0.009020441,0
6201,0,0.0012994676,0,1,0.9501292,1,0,0.13356477,0,0,0.22636595,0,0,0.5556872,1
6207,1,0.80876213,1,0,0.012132172,0,0,0.03549602,0,0,0.14288384,0,0,0.016311359,0
6208,1,0.8183464,1,0,0.015658833,0,0,0.031535253,0,0,0.13032028,0,0,0.017810661,0
6210,0,0.078764364,0,1,0.4365991,1,0,0.1032667,0,1,0.52179533,1,0,0.11942518,0
6211,0,0.0033901024,0,0,0.1564491,0,0,0.8001764,1,1,0.8412459,1,0,0.09715937,0
6222,1,0.95971656,1,0,0.0047595934,0,0,0.01408508,0,0,0.008612954,0,0,0.008684734,0
6224,0,0.004480702,0,0,0.6191517,1,0,0.71319145,1,1,0.5144803,1,0,0.37900245,1
6227,1,0.48297825,1,0,0.16487378,0,0,0.12693049,0,0,0.42964098,1,0,0.0939885,0
6229,0,0.0135867065,0,1,0.64807296,1,0,0.3728654,0,1,0.55950934,1,1,0.34322986,1
6230,0,0.08865551,0,0,0.195716,0,0,0.50608426,1,1,0.6468935,1,0,0.1538668,0
6231,0,0.38298658,0,0,0.15949968,0,0,0.10005539,0,1,0.5224381,1,0,0.07319384,0
6235,1,0.94803876,1,0,0.0139414845,0,0,0.015033701,0,0,0.008460711,0,0,0.013182844,0
6239,1,0.9481043,1,0,0.012249552,0,0,0.01836586,0,0,0.008476643,0,0,0.013921087,0
6251,0,0.017270053,0,0,0.28841358,1,1,0.76670474,1,1,0.67549884,1,0,0.21443038,0
6262,1,0.7259383,1,0,0.028444136,0,0,0.25813586,0,0,0.033846255,0,0,0.051268894,0
6265,1,0.66408986,1,0,0.2338505,0,0,0.052794572,0,0,0.06206982,0,0,0.069038756,0
6270,0,0.8559638,1,1,0.049859997,0,0,0.060855724,0,0,0.031914666,0,0,0.04107784,0
6283,0,0.8361684,1,0,0.009349533,0,0,0.034747683,0,1,0.119196415,0,0,0.01508763,0
6284,0,0.17301229,0,0,0.030074809,0,1,0.8706742,1,0,0.0664446,0,0,0.066095546,0
6295,1,0.54818463,1,0,0.006487443,0,0,0.5947308,1,0,0.02688888,0,0,0.029898584,0
6304,0,0.14733477,0,1,0.3028078,1,0,0.08122137,0,0,0.55906916,1,0,0.08964805,0
6305,0,0.80237967,1,0,0.021008346,0,0,0.073981516,0,1,0.11793329,0,0,0.03240142,0
6312,1,0.92031354,1,0,0.005852049,0,0,0.042538747,0,0,0.022204569,0,0,0.015288447,0
6313,0,0.010313687,0,1,0.3818067,1,1,0.5428537,1,1,0.7663728,1,0,0.21039903,0
6314,0,0.56646204,1,1,0.33238915,1,0,0.025449667,0,0,0.045287605,0,0,0.059947923,0
6337,0,0.0068507297,0,1,0.24077858,0,0,0.2871556,0,1,0.9075438,1,1,0.11022125,0
6341,1,0.9350618,1,0,0.01161232,0,0,0.02371639,0,0,0.01653327,0,0,0.016226467,0
6350,0,0.0028367497,0,1,0.122205675,0,0,0.22943048,0,1,0.96155757,1,0,0.055477437,0
6352,0,0.0020813865,0,1,0.16106933,0,1,0.92071956,1,0,0.71489865,1,0,0.09802526,0
6353,0,0.3401205,0,1,0.30602798,1,0,0.067422144,0,1,0.27171364,0,1,0.092831075,0
6355,0,0.027878178,0,0,0.22507456,0,1,0.8729271,1,1,0.45447177,1,0,0.18488863,0
6358,1,0.4971105,1,0,0.23718432,0,1,0.28498653,0,0,0.09459165,0,0,0.14027947,0
6375,0,0.37064856,0,0,0.017558292,0,1,0.71166295,1,0,0.053866275,0,0,0.05073072,0
6380,0,0.87946004,1,0,0.05517604,0,0,0.022574682,0,0,0.01845054,0,1,0.028022867,0
6381,1,0.90501916,1,0,0.022218298,0,0,0.027965682,0,0,0.026906991,0,0,0.020432599,0
6404,0,0.009953532,0,0,0.3119193,1,1,0.8452458,1,1,0.6056355,1,0,0.21113953,0
6427,0,0.7772469,1,0,0.14762694,0,0,0.02061939,0,0,0.025622038,0,1,0.038375035,0
6428,0,0.21281092,0,0,0.27499747,1,0,0.101674825,0,0,0.55108243,1,1,0.09561621,0
6437,1,0.8516115,1,0,0.09883316,0,0,0.014333365,0,0,0.012231062,0,0,0.02775617,0
6465,1,0.5389396,1,0,0.070634685,0,0,0.42496914,0,0,0.052839547,0,0,0.086080045,0
6471,0,0.740139,1,0,0.10726391,0,1,0.12974906,0,0,0.055757128,0,1,0.08504558,0
6498,1,0.9162301,1,0,0.011492104,0,0,0.033182546,0,0,0.022443617,0,0,0.017218973,0
6528,1,0.46069863,1,0,0.078625835,0,0,0.4502214,1,0,0.031284846,0,0,0.071165666,0
6542,0,0.73802894,1,0,0.082753465,0,1,0.15868166,0,0,0.080546826,0,0,0.077544324,0
6552,0,0.009340439,0,0,0.21130498,0,0,0.25379756,0,1,0.90793836,1,0,0.1319707,0
6556,0,0.2547905,0,0,0.29716143,1,0,0.1323709,0,1,0.4867425,1,0,0.12952602,0
6562,0,0.03568902,0,0,0.03320773,0,1,0.9665068,1,0,0.056184933,0,0,0.062442593,0
6577,1,0.39246234,0,0,0.024073342,0,0,0.69757956,1,0,0.058469787,0,0,0.062322542,0
6579,0,0.3928597,0,0,0.0050064274,0,1,0.7052344,1,0,0.064407244,0,0,0.030895056,0
6590,0,0.1584417,0,1,0.29107004,1,0,0.12887582,0,0,0.58299476,1,0,0.10471868,0
6592,0,0.01559972,0,1,0.32100362,1,1,0.90133184,1,0,0.26607603,0,0,0.21574765,0
6625,0,0.6072701,1,0,0.1903552,0,0,0.10108492,0,1,0.19887449,0,1,0.08684715,0
6666,0,0.009016035,0,1,0.73660034,1,0,0.3077291,0,1,0.52054924,1,1,0.3619739,1
6670,1,0.82980055,1,0,0.08720893,0,0,0.038591616,0,0,0.02690505,0,0,0.043726947,0
6672,1,0.8861875,1,0,0.020280337,0,0,0.030246243,0,0,0.043995827,0,0,0.020692648,0
6683,0,0.032364935,0,0,0.06274775,0,0,0.10722205,0,1,0.91566205,1,0,0.0328757,0
6728,1,0.432796,1,0,0.063439466,0,0,0.21572828,0,0,0.42929295,1,0,0.067320116,0
6735,0,0.012538802,0,1,0.8665395,1,0,0.11765498,0,0,0.21200511,0,0,0.34332526,1
6751,0,0.01461931,0,0,0.4878676,1,0,0.15401481,0,1,0.74692005,1,0,0.16503271,0
6776,1,0.08588035,0,0,0.015431586,0,0,0.10106284,0,0,0.8705961,1,0,0.0144938305,0
6788,0,0.0008703948,0,1,0.74232304,1,0,0.22228643,0,1,0.83733493,1,1,0.39962506,1
6794,0,0.13249867,0,0,0.010121918,0,0,0.10240455,0,1,0.8161465,1,1,0.012955633,0
6796,0,0.015300183,0,1,0.8386216,1,0,0.0819964,0,0,0.28489295,0,0,0.2955675,1
6817,0,0.012540886,0,0,0.46873304,1,0,0.23720616,0,1,0.7719138,1,0,0.18807973,0
6852,0,0.0821409,0,1,0.25211203,1,1,0.38889965,0,1,0.6395311,1,0,0.13844307,0
6902,1,0.62647086,1,0,0.013039224,0,0,0.12060677,0,0,0.31467035,0,0,0.03043533,0
6903,0,0.12836951,0,0,0.027440896,0,0,0.06658432,0,1,0.84566015,1,0,0.020167591,0
6911,1,0.050475534,0,0,0.08297106,0,0,0.59110814,1,0,0.72170997,1,0,0.081101455,0
6912,0,0.46089146,1,1,0.3494495,1,0,0.19236428,0,0,0.15011212,0,0,0.15161978,0
6924,1,0.8571062,1,0,0.019320486,0,0,0.094770946,0,0,0.025678001,0,0,0.031407673,0
6925,0,0.06974957,0,0,0.18421274,0,0,0.24101752,0,1,0.81405294,1,1,0.10456435,0
6929,0,0.0115953395,0,0,0.0621049,0,0,0.16876142,0,1,0.9480458,1,0,0.03324007,0
6951,1,0.9265426,1,0,0.0030936894,0,0,0.06848097,0,0,0.0052400217,0,0,0.010654803,0
6962,0,0.0036178452,0,0,0.0715476,0,0,0.6291006,1,1,0.9175794,1,0,0.051594973,0
6992,0,0.0015641066,0,1,0.80206734,1,0,0.24049681,0,1,0.7303465,1,1,0.47191414,1
7003,0,0.0035415057,0,1,0.6129974,1,1,0.28121766,0,1,0.8162472,1,0,0.3117699,1
7007,1,0.67918015,1,0,0.024312798,0,0,0.1134579,0,0,0.23387042,0,0,0.036589943,0
7016,0,0.17900491,0,0,0.12845647,0,0,0.11458566,0,1,0.72283804,1,0,0.063881464,0
7022,0,0.0052661924,0,1,0.16292444,0,1,0.9294397,1,0,0.59048706,1,0,0.11812521,0
7024,0,0.0032662551,0,1,0.90284187,1,0,0.13792326,0,0,0.35123932,0,0,0.45259237,1
7025,0,0.011864049,0,1,0.87433285,1,0,0.1665467,0,0,0.174046,0,0,0.41546044,1
7034,1,0.957603,1,0,0.002978994,0,0,0.02129945,0,0,0.006402477,0,0,0.0077920887,0
7053,1,0.09744408,0,0,0.018342838,0,0,0.459955,1,0,0.66814715,1,0,0.042212177,0
7054,0,0.3610998,0,1,0.46227613,1,0,0.050533395,0,0,0.10972633,0,0,0.105885044,0
7055,0,0.039735757,0,1,0.68373555,1,1,0.20257054,0,0,0.4275166,1,0,0.28569824,1
7069,1,0.79498386,1,0,0.060595997,0,0,0.12333019,0,0,0.04334277,0,0,0.05834545,0
7075,0,0.018617671,0,0,0.31707555,1,1,0.8671708,1,0,0.48435852,1,0,0.24592295,0
7079,0,0.06167348,0,0,0.6279382,1,1,0.32111433,0,0,0.38002127,0,0,0.29150975,1
7080,1,0.9211376,1,0,0.026727052,0,0,0.032347042,0,0,0.01154035,0,0,0.026516039,0
7130,0,0.23769057,0,0,0.011459697,0,0,0.069692016,0,1,0.7457945,1,0,0.013841748,0
7161,1,0.90205574,1,0,0.0099533675,0,0,0.027880272,0,0,0.03466541,0,0,0.013938149,0
7170,1,0.90686655,1,0,0.017370414,0,0,0.0319595,0,0,0.029409857,0,0,0.020675775,0
7190,1,0.8296811,1,0,0.011414066,0,0,0.13222483,0,0,0.043773357,0,0,0.030117547,0
7213,1,0.7967488,1,0,0.016636886,0,0,0.10727254,0,0,0.05759992,0,0,0.027498437,0
7217,1,0.7939753,1,0,0.011704957,0,0,0.025973076,0,0,0.17563228,0,0,0.013405292,0
7243,0,0.114207305,0,1,0.6621142,1,0,0.097303644,0,0,0.061636128,0,1,0.17539425,0
7258,1,0.85158175,1,0,0.021094868,0,0,0.04190531,0,0,0.07413249,0,0,0.024446435,0
7323,1,0.9330371,1,0,0.019070545,0,0,0.018216161,0,0,0.011573625,0,0,0.015492843,0
7328,1,0.7113106,1,0,0.1444633,0,0,0.09551935,0,0,0.11381615,0,0,0.08482938,0
7348,1,0.71072143,1,0,0.019617524,0,0,0.045445688,0,0,0.26084828,0,0,0.020929571,0
7354,0,0.8774046,1,0,0.05637335,0,0,0.033179764,0,0,0.014958211,0,1,0.033747055,0
7363,1,0.8302528,1,0,0.053536378,0,0,0.026145605,0,0,0.05742215,0,0,0.026588516,0
7374,0,0.009961538,0,1,0.82737696,1,0,0.30975983,0,0,0.35634875,0,0,0.4568417,1
7376,1,0.94343203,1,0,0.009161516,0,0,0.01825517,0,0,0.013596762,0,0,0.012612674,0
7414,1,0.5003053,1,0,0.002657877,0,1,0.7094751,1,0,0.007945929,0,0,0.016038325,0
7438,0,0.07889695,0,1,0.70346636,1,0,0.117105685,0,0,0.2861789,0,0,0.24080212,0
7443,1,0.40932855,1,0,0.0102274865,0,0,0.06287913,0,0,0.60427517,1,0,0.015913462,0
7471,0,0.00805286,0,1,0.4522116,1,0,0.28021127,0,1,0.84980285,1,0,0.22126894,0
7491,1,0.9402551,1,0,0.0054932325,0,0,0.013060338,0,0,0.019640198,0,0,0.007877151,0
7529,0,0.005429842,0,1,0.22896862,0,0,0.08905153,0,1,0.92993355,1,1,0.066740714,0
7530,1,0.93588775,1,0,0.01728398,0,0,0.027107915,0,0,0.010957257,0,0,0.020801391,0
7534,0,0.056007475,0,1,0.7903762,1,0,0.07686679,0,0,0.086855255,0,0,0.22968578,0
7543,1,0.8276029,1,0,0.06789272,0,0,0.063625254,0,0,0.057728566,0,0,0.049631536,0
7560,1,0.8319205,1,0,0.0058211987,0,0,0.04332063,0,0,0.116199225,0,0,0.013177058,0
7561,1,0.9724805,1,0,0.0064214063,0,0,0.007396479,0,0,0.0026576244,0,0,0.0067590186,0
7597,1,0.90646875,1,0,0.031510342,0,0,0.032681312,0,0,0.020338181,0,0,0.027518133,0
7598,0,0.01979415,0,1,0.4260664,1,1,0.8204793,1,0,0.21028149,0,1,0.27290556,1
7619,0,0.0026831755,0,1,0.7791548,1,1,0.6304185,1,0,0.21841441,0,1,0.41781822,1
7621,1,0.56989545,1,0,0.2702375,1,0,0.088342465,0,0,0.15963136,0,0,0.09458774,0
7644,1,0.95809036,1,0,0.007777544,0,0,0.01603825,0,0,0.0068805804,0,0,0.011425812,0
7661,0,0.0065122214,0,0,0.08993614,0,1,0.95684606,1,1,0.44095019,1,1,0.09460796,0
7668,0,0.0023856144,0,0,0.13587317,0,1,0.87387216,1,1,0.8187589,1,0,0.087875485,0
7670,0,0.8098054,1,0,0.040526997,0,0,0.07753515,0,0,0.08482604,0,1,0.043476027,0
7684,0,0.22291505,0,0,0.18606177,0,0,0.38250604,0,0,0.51186585,1,1,0.13783881,0
7692,0,0.0014553227,0,1,0.72343993,1,0,0.31338096,0,1,0.7998392,1,0,0.43242,1
7700,0,0.016467279,0,1,0.7118864,1,1,0.5171053,1,1,0.28254935,0,1,0.39217964,1
7744,0,0.6107675,1,0,0.09830998,0,0,0.1472583,0,1,0.24329586,0,0,0.07554099,0
7747,0,0.8200746,1,0,0.008980318,0,0,0.083310544,0,1,0.07936241,0,0,0.02122477,0
7751,0,0.0033665358,0,0,0.27837884,1,0,0.39057627,0,1,0.91098166,1,0,0.13667785,0
7756,0,0.14590958,0,1,0.4045199,1,0,0.063438766,0,0,0.40770707,1,0,0.091085255,0
7769,0,0.009067244,0,0,0.16850545,0,1,0.94665736,1,0,0.4056276,1,1,0.14094855,0
7770,1,0.9509921,1,0,0.0076113995,0,0,0.020515678,0,0,0.009222933,0,0,0.012708922,0
7793,1,0.75372475,1,0,0.05645378,0,0,0.16742861,0,0,0.05094138,0,0,0.06519613,0
7797,1,0.9438784,1,0,0.012451917,0,0,0.022622926,0,0,0.009305976,0,0,0.015596102,0
7811,0,0.017272377,0,0,0.17614274,0,1,0.89546615,1,0,0.47168118,1,0,0.15280356,0
7812,0,0.502583,1,0,0.04752951,0,0,0.53141105,1,0,0.06419543,0,1,0.081594445,0
7813,0,0.023743704,0,0,0.5676674,1,1,0.6646119,1,1,0.31002912,0,0,0.310332,1
7819,1,0.79410875,1,0,0.06616815,0,0,0.10916685,0,0,0.050120093,0,0,0.057959523,0
7822,0,0.0013895782,0,1,0.7020965,1,0,0.3137211,0,1,0.8185231,1,1,0.40866235,1
7837,0,0.37091634,0,0,0.03966615,0,1,0.6131349,1,0,0.07846447,0,0,0.06370276,0
7842,1,0.57901263,1,0,0.008610068,0,0,0.20776853,0,0,0.2112793,0,0,0.025230555,0
7848,1,0.84424096,1,0,0.054372076,0,0,0.056721892,0,0,0.051047467,0,0,0.04473965,0
7861,0,0.006889513,0,1,0.8789002,1,0,0.11268715,0,1,0.3372643,0,1,0.39267686,1
7865,0,0.048096195,0,0,0.041111927,0,1,0.7834888,1,0,0.50953954,1,0,0.069591545,0
7873,0,0.002036176,0,1,0.81570894,1,1,0.61650425,1,0,0.2362732,0,1,0.47500682,1
7876,0,0.007413701,0,1,0.19304284,0,0,0.797363,1,1,0.7645799,1,1,0.12485271,0
7877,0,0.3189863,0,0,0.40739417,1,1,0.21647985,0,1,0.24177456,0,0,0.16878061,0
7880,1,0.6493829,1,0,0.017324667,0,0,0.13735119,0,0,0.270311,0,0,0.040623114,0
7881,0,0.046529014,0,1,0.62345964,1,0,0.5073611,1,1,0.2596286,0,0,0.33627132,1
7882,0,0.040946677,0,0,0.017637853,0,1,0.9580499,1,0,0.0936607,0,1,0.049983393,0
7892,1,0.8544171,1,0,0.05308434,0,0,0.06794441,0,0,0.043304835,0,0,0.04886221,0
7895,0,0.93746823,1,0,0.015335994,0,0,0.027221546,0,1,0.010837065,0,0,0.019113377,0
7905,1,0.92665404,1,0,0.015261752,0,0,0.03113259,0,0,0.014178763,0,0,0.019260732,0
7916,0,0.20171428,0,0,0.6249814,1,0,0.09314415,0,0,0.06863261,0,1,0.1847683,0
7919,0,0.0015398243,0,1,0.5073867,1,1,0.9061767,1,0,0.10722733,0,1,0.27002558,1
7946,0,0.0016973788,0,1,0.44222936,1,1,0.9399291,1,0,0.19934142,0,0,0.26639363,1
7950,1,0.2976121,0,0,0.4414661,1,0,0.23985675,0,0,0.09829077,0,0,0.17310067,0
7951,0,0.17507379,0,1,0.5936562,1,0,0.091530465,0,0,0.18269795,0,0,0.15938513,0
7961,0,0.00110352,0,1,0.60610366,1,1,0.8955139,1,0,0.23793387,0,1,0.345902,1
7967,0,0.0021159984,0,0,0.5777849,1,1,0.85356945,1,0,0.154694,0,0,0.31243584,1
7990,0,0.36381325,0,1,0.35168877,1,0,0.1888989,0,0,0.18692522,0,0,0.14187367,0
7998,0,0.47244486,1,0,0.045799524,0,0,0.49848482,1,1,0.15301932,0,0,0.08878502,0
8000,0,0.21162759,0,1,0.26769117,1,0,0.043246917,0,0,0.4649288,1,0,0.05955316,0
8032,0,0.075588174,0,1,0.45956162,1,0,0.39263907,0,1,0.46801263,1,0,0.19764759,0
8036,0,0.014469561,0,1,0.8903727,1,0,0.055208627,0,0,0.094960414,0,0,0.30026755,1
8041,0,0.008575073,0,0,0.21489497,0,1,0.929443,1,1,0.45741233,1,0,0.1499921,0
8062,0,0.004647807,0,1,0.66004175,1,1,0.7190056,1,0,0.43564782,1,1,0.40972716,1
8065,0,0.20979054,0,0,0.12974289,0,1,0.5315641,1,0,0.41259038,1,0,0.12566093,0
8076,1,0.9236857,1,0,0.0048978818,0,0,0.01588166,0,0,0.0362753,0,0,0.008480137,0
8083,0,0.9579568,1,0,0.0052869855,0,0,0.01940629,0,0,0.0066094478,0,1,0.010390869,0
8114,0,0.24134783,0,1,0.6289657,1,0,0.039549746,0,0,0.0687301,0,0,0.11902541,0
8116,1,0.87072414,1,0,0.009008816,0,0,0.038701046,0,0,0.06448997,0,0,0.01600875,0
8121,0,0.7560007,1,0,0.028207742,0,0,0.10136534,0,0,0.16631539,0,1,0.043936092,0
8123,0,0.0073658847,0,0,0.29332635,1,1,0.9077965,1,1,0.4261298,1,0,0.1660178,0
8126,1,0.39601278,0,0,0.28241882,1,0,0.08392733,0,0,0.26983076,0,0,0.09264801,0
8130,0,0.03220831,0,0,0.05817649,0,1,0.8505201,1,1,0.50430304,1,0,0.0907019,0
8133,1,0.5684208,1,0,0.020456227,0,0,0.3667342,0,0,0.1638607,0,0,0.05762174,0
8136,0,0.28025877,0,1,0.23960154,0,0,0.18870023,0,0,0.40189916,1,0,0.09701069,0
8138,1,0.95858717,1,0,0.0052048382,0,0,0.020288069,0,0,0.006113471,0,0,0.010637942,0
8139,0,0.0028959215,0,1,0.55183274,1,1,0.8336179,1,0,0.46199462,1,0,0.33835062,1
8140,1,0.71047604,1,0,0.1733124,0,0,0.060603846,0,0,0.061699755,0,0,0.075679965,0
8147,1,0.953222,1,0,0.0017123853,0,0,0.022105943,0,0,0.01214661,0,0,0.0065484745,0
8153,0,0.7543949,1,0,0.0381104,0,0,0.049290854,0,1,0.15443802,0,0,0.030001447,0
8164,1,0.8033596,1,0,0.00721,0,0,0.19996826,0,0,0.025035977,0,0,0.024652543,0
8170,1,0.9028716,1,0,0.014644218,0,0,0.02419084,0,0,0.038006943,0,0,0.01660909,0
8178,0,0.021576373,0,0,0.77171504,1,1,0.29196286,0,1,0.28775495,0,0,0.35783914,1
8185,0,0.6152289,1,0,0.108162664,0,1,0.2860524,0,0,0.06404249,0,0,0.09717788,0
8195,0,0.6945256,1,0,0.06327426,0,0,0.049249444,0,1,0.21625505,0,0,0.03753767,0
8203,1,0.48391297,1,0,0.38790616,1,0,0.0652346,0,0,0.07716056,0,0,0.10246615,0
8208,1,0.884612,1,0,0.049584236,0,0,0.02299903,0,0,0.021546172,0,0,0.02653909,0
8209,0,0.0017251899,0,1,0.9526474,1,0,0.08758952,0,0,0.15033755,0,1,0.49266553,1
8212,0,0.07790588,0,1,0.73952645,1,0,0.080292016,0,0,0.06464991,0,0,0.2111672,0
8218,0,0.006205258,0,0,0.66903704,1,1,0.33574724,0,1,0.71738905,1,0,0.37801588,1
8219,1,0.92350125,1,0,0.0058017094,0,0,0.042151578,0,0,0.020066092,0,0,0.015412587,0
8224,1,0.94670624,1,0,0.00952698,0,0,0.017632103,0,0,0.010894289,0,0,0.01223909,0
8241,0,0.0034255823,0,1,0.7029838,1,0,0.18209079,0,1,0.73405,1,1,0.29554436,1
8242,0,0.018047111,0,1,0.78317446,1,0,0.10303079,0,0,0.40422305,1,0,0.28326616,1
8244,0,0.07956118,0,0,0.08647139,0,1,0.9045438,1,0,0.13032445,0,1,0.11234119,0
8246,1,0.87645376,1,0,0.014120051,0,0,0.023156803,0,0,0.06643721,0,0,0.01531319,0
8254,1,0.7222983,1,0,0.019943904,0,0,0.09943735,0,0,0.18535076,0,0,0.03163261,0
8256,0,0.036944244,0,0,0.21986637,0,0,0.120670535,0,1,0.8129585,1,0,0.07297566,0
8259,0,0.0025156348,0,1,0.9325405,1,0,0.15356027,0,0,0.24934559,0,1,0.5367434,1
8261,1,0.6511008,1,0,0.11004545,0,1,0.1502847,0,0,0.19597225,0,0,0.084502526,0
8277,1,0.8899807,1,0,0.011053875,0,0,0.074371986,0,0,0.023968888,0,0,0.024501942,0
8278,0,0.011991201,0,0,0.07886812,0,1,0.9062419,1,1,0.5800098,1,0,0.10068505,0
8281,0,0.36015785,0,0,0.011538146,0,1,0.6519386,1,1,0.08719462,0,0,0.037439916,0
8284,0,0.73169917,1,0,0.0927463,0,0,0.04864802,0,0,0.119395755,0,1,0.04507034,0
8344,0,0.08138798,0,0,0.037830684,0,0,0.25477007,0,1,0.82210505,1,0,0.04011499,0
8406,0,0.0019989307,0,1,0.6961146,1,1,0.4441882,0,1,0.74626434,1,1,0.43041956,1
8410,1,0.81562805,1,0,0.014406744,0,0,0.018472072,0,0,0.13846426,0,0,0.012291324,0
8415,0,0.009478171,0,0,0.093564846,0,0,0.43295076,0,1,0.9133573,1,0,0.061216544,0
8442,0,0.01601751,0,1,0.39764866,1,0,0.7656395,1,1,0.5428415,1,0,0.2368041,0
8446,0,0.20909202,0,0,0.008978222,0,1,0.69252723,1,1,0.23767222,0,0,0.03824556,0
8450,0,0.014083761,0,1,0.87175274,1,0,0.11190707,0,0,0.13052034,0,0,0.35241863,1
8460,0,0.47722524,1,1,0.14452693,0,0,0.31175476,0,0,0.15504831,0,0,0.12562458,0
8473,0,0.019786222,0,0,0.03569724,0,1,0.44273266,0,1,0.87894917,1,0,0.036280043,0
8475,0,0.024740638,0,1,0.8278368,1,0,0.18963197,0,0,0.17423604,0,1,0.37449107,1
8482,0,0.0061310623,0,0,0.082351506,0,1,0.12892225,0,0,0.95906186,1,0,0.033342164,0
8492,1,0.81698936,1,0,0.051980577,0,0,0.06294372,0,0,0.07931958,0,0,0.043795,0
8496,1,0.96393025,1,0,0.0009348749,0,0,0.024250992,0,0,0.0041204016,0,0,0.0046208184,0
8501,0,0.10324041,0,1,0.6435007,1,0,0.21117067,0,0,0.10317944,0,1,0.22046943,0
8504,0,0.04944862,0,0,0.005413286,0,1,0.9692561,1,0,0.03984871,0,0,0.026089977,0
8507,1,0.14727584,0,0,0.27819383,1,0,0.1614182,0,0,0.5684126,1,0,0.10242317,0
8509,0,0.007926519,0,0,0.39511207,1,0,0.2049633,0,1,0.8706065,1,0,0.17133324,0
8524,0,0.4475553,1,0,0.17476512,0,0,0.24097492,0,0,0.3281911,0,1,0.117191315,0
8533,0,0.10179361,0,1,0.55199295,1,0,0.10247727,0,0,0.37198636,0,0,0.15638828,0
8535,1,0.37939292,0,0,0.27367634,1,0,0.29208267,0,0,0.28502104,0,0,0.15974778,0
8538,1,0.95367646,1,0,0.003172324,0,0,0.024937814,0,0,0.008921261,0,0,0.009467671,0
8541,1,0.6071636,1,0,0.01919558,0,0,0.4377903,0,0,0.035372157,0,0,0.045517072,0
8555,1,0.9139528,1,0,0.015190054,0,0,0.04431952,0,0,0.020912677,0,0,0.024684196,0
8591,0,0.36709005,0,1,0.3005302,1,0,0.09476136,0,0,0.33167413,0,0,0.104946986,0
8609,0,0.008148985,0,0,0.51523685,1,0,0.3091881,0,1,0.8103797,1,0,0.25987625,1
8622,0,0.06823439,0,0,0.2509921,1,1,0.6900989,1,0,0.48324838,1,0,0.17127265,0
8625,0,0.0042735836,0,1,0.92259204,1,0,0.12669973,0,0,0.18176742,0,0,0.454782,1
8632,0,0.07085703,0,0,0.017796187,0,1,0.848021,1,0,0.2863224,0,0,0.048638295,0
8645,1,0.5571399,1,0,0.031334445,0,0,0.027831255,0,0,0.46500582,1,0,0.017508212,0
8663,1,0.85433537,1,0,0.0035764854,0,0,0.16933458,0,0,0.016094567,0,0,0.017683094,0
8680,0,0.018087657,0,0,0.11405191,0,1,0.87336534,1,1,0.567682,1,0,0.12311484,0
8688,1,0.8650743,1,0,0.056193363,0,0,0.039607983,0,0,0.030505428,0,0,0.037236966,0
8704,0,0.052019313,0,1,0.6423467,1,0,0.32664302,0,0,0.22017612,0,1,0.25229013,1
8712,0,0.011268023,0,0,0.21288157,0,1,0.9525955,1,0,0.19228347,0,0,0.16261353,0
8727,1,0.12320337,0,0,0.13907768,0,0,0.8328721,1,0,0.16847672,0,0,0.15328863,0
8733,0,0.02641627,0,1,0.63373524,1,0,0.3041694,0,1,0.5735305,1,0,0.34398988,1
8736,0,0.32007152,0,1,0.45007834,1,0,0.14161476,0,0,0.15546952,0,0,0.1590609,0
8744,0,0.013410251,0,1,0.8381711,1,1,0.23933212,0,0,0.19195406,0,1,0.38739684,1
8765,1,0.8637598,1,0,0.07405906,0,0,0.02154756,0,0,0.019790825,0,0,0.029637223,0
8772,0,0.0037011837,0,0,0.8439903,1,0,0.22417244,0,1,0.55405086,1,1,0.48060146,1
8774,1,0.8512433,1,0,0.017592872,0,0,0.033179626,0,0,0.08671054,0,0,0.020043386,0
8777,0,0.9127788,1,0,0.016542321,0,0,0.044159498,0,0,0.020462714,0,1,0.025018273,0
8778,1,0.86821514,1,0,0.010031819,0,0,0.09138707,0,0,0.03157404,0,0,0.0245177,0
8795,0,0.68038285,1,1,0.1441302,0,0,0.13686362,0,0,0.06306297,0,0,0.08603146,0
8808,0,0.07227751,0,1,0.7406692,1,0,0.09530494,0,0,0.20015179,0,0,0.23323768,0
8813,0,0.013962819,0,1,0.42262366,1,1,0.73752534,1,0,0.4997147,1,0,0.21903674,0
8815,1,0.75206685,1,0,0.051555812,0,1,0.1502712,0,0,0.09448443,0,0,0.0634289,0
8833,1,0.9392636,1,0,0.011956259,0,0,0.020792425,0,0,0.014121756,0,0,0.015273545,0
8834,0,0.6675273,1,1,0.033218965,0,0,0.18079506,0,0,0.18195012,0,0,0.052176215,0
8844,1,0.82837856,1,0,0.10608154,0,0,0.020790633,0,0,0.012313063,0,0,0.034743946,0
8853,1,0.952102,1,0,0.0036718443,0,0,0.010814245,0,0,0.015003878,0,0,0.006293375,0
8860,0,0.00081318995,0,1,0.8600535,1,1,0.60585564,1,1,0.20827304,0,1,0.5003143,1
8864,0,0.09065845,0,1,0.7216492,1,0,0.0452071,0,0,0.14907764,0,1,0.1626349,0
8873,0,0.08771368,0,0,0.76220423,1,0,0.03724378,0,1,0.105786406,0,1,0.17124344,0
8880,0,0.45743662,1,0,0.22892386,0,1,0.30684248,0,0,0.09427265,0,1,0.15156963,0
8902,1,0.8757073,1,0,0.0063765184,0,0,0.11257403,0,0,0.016191557,0,0,0.020032927,0
8916,1,0.6882903,1,0,0.049960557,0,0,0.054238062,0,0,0.24789031,0,0,0.03535593,0
8922,1,0.8206201,1,0,0.054376118,0,0,0.09580219,0,0,0.04275432,0,0,0.061631463,0
8963,1,0.8752311,1,0,0.008796001,0,0,0.07144322,0,0,0.039766416,0,0,0.021424161,0
8981,0,0.42975518,1,0,0.009396646,0,0,0.20308551,0,1,0.38834006,0,0,0.025586586,0
9002,1,0.30911487,0,0,0.2930309,1,0,0.47237048,1,0,0.17531314,0,0,0.17592098,0
9010,1,0.9063307,1,0,0.021112032,0,0,0.034152914,0,0,0.028821869,0,0,0.024230678,0
9021,0,0.01569701,0,1,0.63319594,1,0,0.3569567,0,1,0.5841037,1,0,0.33927926,1
9024,0,0.8569937,1,0,0.01373148,0,0,0.07488055,0,0,0.05513771,0,1,0.027810069,0
9036,1,0.94652075,1,0,0.008420447,0,0,0.02059279,0,0,0.012288475,0,0,0.0134541225,0
9056,1,0.9319958,1,0,0.0069120782,0,0,0.025725788,0,0,0.018520445,0,0,0.012532947,0
9063,0,0.34739172,0,0,0.007896368,0,1,0.76338667,1,0,0.057418816,0,1,0.038065653,0
9094,0,0.017965622,0,0,0.096126884,0,1,0.9589626,1,1,0.20962615,0,0,0.10804136,0
9095,0,0.029841904,0,1,0.8151312,1,0,0.047395904,0,0,0.1258519,0,1,0.19478789,0
9108,0,0.64110523,1,0,0.04224226,0,1,0.2938293,0,0,0.08734227,0,0,0.06738018,0
9110,0,0.019135866,0,0,0.35316178,1,1,0.82779646,1,0,0.11640107,0,1,0.2510511,1
9115,0,0.05472451,0,1,0.31641084,1,0,0.14237723,0,0,0.7619947,1,0,0.11773752,0
9133,1,0.56559414,1,0,0.20165987,0,0,0.07249321,0,0,0.2133226,0,0,0.07287356,0
9144,0,0.0009786683,0,0,0.9059195,1,1,0.41425043,0,1,0.34277323,0,0,0.6096509,1
9164,1,0.9653036,1,0,0.0027767771,0,0,0.016063524,0,0,0.0067199743,0,0,0.0077671153,0
9167,0,0.115007214,0,1,0.610439,1,0,0.16903286,0,0,0.25547364,0,0,0.20860666,0
9174,1,0.96547645,1,0,0.004331899,0,0,0.013341929,0,0,0.00609413,0,0,0.008338565,0
9176,0,0.00960659,0,1,0.2591179,1,0,0.31879416,0,0,0.89078987,1,0,0.13057187,0
9178,1,0.92685235,1,0,0.010925739,0,0,0.021032177,0,0,0.02311852,0,0,0.014157165,0
9180,0,0.02183505,0,1,0.83139515,1,0,0.11812168,0,1,0.2659309,0,1,0.33927503,1
9183,0,0.14123823,0,0,0.07666797,0,1,0.8386853,1,0,0.02879095,0,0,0.0747917,0
9187,1,0.1831995,0,0,0.039305396,0,0,0.26527175,0,0,0.59351104,1,0,0.040587932,0
9196,1,0.856989,1,0,0.058262274,0,0,0.01726125,0,0,0.029075025,0,0,0.022315992,0
9211,0,0.052217532,0,1,0.65935737,1,0,0.20795688,0,0,0.40191093,1,0,0.31275204,1
9217,0,0.07203345,0,0,0.42273897,1,1,0.20986907,0,0,0.5872219,1,0,0.22620456,0
9229,1,0.85671455,1,0,0.05921588,0,0,0.048533168,0,0,0.032499723,0,0,0.04152406,0
9246,0,0.44798842,1,1,0.39808372,1,0,0.101855926,0,0,0.098874375,0,0,0.120177776,0
9248,0,0.005620314,0,0,0.19247995,0,0,0.4582106,1,1,0.9079884,1,1,0.113771595,0
9260,0,0.42115253,1,1,0.39987934,1,0,0.072470166,0,0,0.03365483,0,0,0.09538476,0
9265,0,0.03978024,0,0,0.7216356,1,1,0.1827781,0,1,0.3288627,0,0,0.2811303,1
9272,1,0.7127091,1,0,0.06790963,0,0,0.13398731,0,0,0.120111,0,0,0.06254807,0
9282,1,0.29717267,0,0,0.077446386,0,0,0.4050726,0,0,0.39220846,0,0,0.10214664,0
9286,1,0.3719102,0,0,0.011131446,0,0,0.6997816,1,0,0.07629572,0,0,0.043249533,0
9299,0,0.89682716,1,0,0.019785501,0,0,0.033101786,0,0,0.03417448,0,1,0.021779291,0
9301,0,0.07269519,0,1,0.44211647,1,0,0.12781164,0,0,0.6025825,1,0,0.16383646,0
9303,1,0.9277522,1,0,0.006335661,0,0,0.039402157,0,0,0.015416668,0,0,0.014730081,0
9306,0,0.0063665984,0,0,0.37212524,1,1,0.6752963,1,1,0.741917,1,1,0.21872969,0
9338,1,0.7666281,1,0,0.15489194,0,0,0.046863113,0,0,0.03558109,0,0,0.06045447,0
9346,0,0.0022476858,0,0,0.14185819,0,1,0.8603406,1,1,0.8300264,1,0,0.09001842,0
9353,1,0.96299464,1,0,0.0055803405,0,0,0.016570186,0,0,0.0039531346,0,0,0.009080754,0
9366,0,0.08608338,0,1,0.46471804,1,0,0.06890124,0,1,0.49974275,1,0,0.11785792,0
9396,1,0.9162915,1,0,0.016490588,0,0,0.024103342,0,0,0.024074718,0,0,0.01702664,0
9410,1,0.57500553,1,0,0.0035153748,0,0,0.044334404,0,0,0.43971384,1,0,0.008538084,0
9416,0,0.04591626,0,0,0.7059187,1,1,0.17429088,0,1,0.34442678,0,0,0.26853707,1
9422,0,0.19264,0,0,0.10116266,0,0,0.1744647,0,1,0.71030045,1,0,0.07126566,0
9449,1,0.9691767,1,0,0.004937859,0,0,0.01471232,0,0,0.002919437,0,0,0.008652825,0
9453,0,0.33360225,0,0,0.43248555,1,0,0.100867815,0,1,0.25653428,0,0,0.132947,0
9458,0,0.032145686,0,0,0.8069508,1,1,0.11198498,0,0,0.16989802,0,0,0.28688884,1
9461,1,0.8086232,1,0,0.069402814,0,0,0.04344094,0,0,0.06751036,0,0,0.038827233,0
9475,1,0.9314558,1,0,0.005598891,0,0,0.03647078,0,0,0.014798979,0,0,0.013409959,0
9543,0,0.0051936754,0,1,0.14907867,0,1,0.27223063,0,1,0.93150026,1,0,0.066716716,0
9562,0,0.006481538,0,0,0.20604071,0,1,0.9550281,1,0,0.08654685,0,0,0.15952018,0
9570,0,0.0019726052,0,0,0.1134309,0,1,0.6555551,1,1,0.9233955,1,0,0.06462342,0
9582,1,0.3213328,0,0,0.008315534,0,0,0.4489858,0,0,0.2852911,0,0,0.030733634,0
9583,0,0.0033973386,0,0,0.16749538,0,1,0.5793065,1,1,0.90852475,1,0,0.09449522,0
9589,1,0.8295769,1,0,0.011088441,0,0,0.110411614,0,0,0.0604103,0,0,0.029013954,0
9613,0,0.05386155,0,1,0.72150636,1,0,0.19794722,0,1,0.09673622,0,1,0.24676964,0
9616,1,0.8850944,1,0,0.01012706,0,0,0.084872745,0,0,0.026335763,0,0,0.026216393,0
9689,1,0.8761835,1,0,0.016756712,0,0,0.04387718,0,0,0.051066592,0,0,0.023304125,0
9702,1,0.9344528,1,0,0.016160566,0,0,0.031331398,0,0,0.008386351,0,0,0.020428393,0
9730,0,0.1327745,0,1,0.419082,1,0,0.03474944,0,0,0.3863124,0,0,0.069932446,0
9732,0,0.0068349354,0,1,0.47046632,1,0,0.3939382,0,1,0.7999973,1,0,0.2422607,0
9740,1,0.8590845,1,0,0.018946424,0,0,0.093688086,0,0,0.03852893,0,0,0.03625226,0
9744,1,0.95594114,1,0,0.004858886,0,0,0.014827984,0,0,0.010801424,0,0,0.009030801,0
9749,0,0.1579391,0,1,0.64524794,1,0,0.09307612,0,0,0.10864485,0,0,0.18468231,0
9752,1,0.76112694,1,0,0.114846185,0,0,0.08071659,0,0,0.024357444,0,0,0.061773792,0
9753,1,0.5864767,1,0,0.009342302,0,0,0.19434422,0,0,0.22252499,0,0,0.026874218,0
9756,0,0.0035376742,0,1,0.79939204,1,0,0.26806396,0,1,0.6317861,1,1,0.4630006,1
9765,0,0.005227909,0,0,0.21161628,0,1,0.3899208,0,1,0.91651464,1,0,0.123353496,0
9773,1,0.89434135,1,0,0.009420609,0,0,0.0422566,0,0,0.040161155,0,0,0.018228138,0
9791,0,0.0031734356,0,1,0.92396075,1,0,0.13311994,0,0,0.24926512,0,0,0.48023552,1
9794,0,0.5637658,1,0,0.026231093,0,0,0.09303117,0,1,0.3935548,0,0,0.032575164,0
9803,1,0.94503087,1,0,0.008555211,0,0,0.027032336,0,0,0.009070025,0,0,0.014744198,0
9819,0,0.020069491,0,0,0.17314897,0,0,0.16165799,0,1,0.86362803,1,0,0.058059216,0
9823,0,0.0032437905,0,0,0.8745438,1,1,0.29214072,0,0,0.46467656,1,0,0.56207854,1
9833,0,0.091134675,0,1,0.73792243,1,0,0.049189184,0,0,0.09398677,0,0,0.1638477,0
9850,1,0.78438085,1,0,0.03210034,0,0,0.10884533,0,0,0.09371936,0,0,0.045243874,0
9860,0,0.0050740535,0,0,0.53482264,1,0,0.14742793,0,1,0.84421855,1,0,0.20119122,0
9863,0,0.044295635,0,1,0.7707022,1,0,0.10083369,0,0,0.15673268,0,0,0.24090885,0
9865,1,0.9317397,1,0,0.005188012,0,0,0.028618444,0,0,0.020495623,0,0,0.012094647,0
9867,0,0.09303561,0,1,0.6068036,1,0,0.27240863,0,0,0.2466579,0,0,0.24210945,0
9869,0,0.0015040819,0,1,0.9463359,1,1,0.124825455,0,0,0.11769119,0,1,0.4848097,1
9873,0,0.42045447,1,0,0.22770031,0,0,0.12099174,0,1,0.40192842,1,0,0.09768487,0
9875,0,0.010864912,0,0,0.08477213,0,1,0.81830794,1,1,0.74328756,1,0,0.07831364,0
9891,0,0.27935123,0,0,0.06045511,0,0,0.12124626,0,1,0.6528913,1,0,0.0451317,0
9892,1,0.8068489,1,0,0.0077656372,0,0,0.06662979,0,0,0.125941,0,0,0.018896736,0
9897,0,0.018960813,0,1,0.20545103,0,0,0.12501054,0,0,0.88148195,1,0,0.06926211,0
9929,0,0.0044655176,0,0,0.19990557,0,1,0.92515856,1,1,0.59789747,1,0,0.13167398,0
9930,1,0.37334183,0,0,0.021797597,0,0,0.7055452,1,0,0.06616622,0,0,0.0596882,0
9943,0,0.01489825,0,1,0.6383885,1,0,0.10567689,0,0,0.6754527,1,0,0.22064368,0
9952,1,0.8816311,1,0,0.0034958723,0,0,0.10602218,0,0,0.021776129,0,0,0.015927806,0
9953,0,0.0024868005,0,0,0.16668026,0,0,0.1281099,0,1,0.9575412,1,0,0.05709537,0
9962,0,0.011278493,0,0,0.067033246,0,1,0.9621987,1,0,0.26857543,0,0,0.08313054,0
9979,1,0.9372911,1,0,0.0053326753,0,0,0.047594063,0,0,0.0069921347,0,0,0.014069017,0
9981,1,0.6748493,1,0,0.13770224,0,0,0.14052351,0,0,0.102868654,0,0,0.08537369,0
9982,1,0.95219386,1,0,0.004764848,0,0,0.018749949,0,0,0.012041067,0,0,0.010150356,0
9992,1,0.87924486,1,0,0.011594482,0,0,0.043266453,0,0,0.053646408,0,0,0.020125186,0
9994,1,0.2743262,0,0,0.024554225,0,0,0.75971353,1,0,0.11204159,0,0,0.065497614,0
9995,1,0.59989125,1,0,0.32692033,1,0,0.036561597,0,0,0.030501857,0,0,0.072599955,0
10029,1,0.9432099,1,0,0.008786643,0,0,0.027878914,0,0,0.009105558,0,0,0.014779518,0
10054,0,0.0035496186,0,1,0.93846685,1,0,0.06583338,0,0,0.10566234,0,0,0.39885265,1
10061,0,0.014269178,0,1,0.427068,1,1,0.831493,1,0,0.43087646,1,1,0.274457,1
10076,0,0.4414915,1,1,0.25237915,1,0,0.14793424,0,1,0.24268048,0,0,0.11411588,0
10093,1,0.87522984,1,0,0.011548414,0,0,0.04488539,0,0,0.06078256,0,0,0.020964652,0
10102,0,0.09767904,0,1,0.750297,1,0,0.056411352,0,0,0.057850216,0,0,0.19181447,0
10115,0,0.08451939,0,1,0.75677085,1,0,0.07859905,0,0,0.10199366,0,1,0.23834425,0
10130,0,0.0043057576,0,0,0.18335691,0,1,0.9580667,1,0,0.058908366,0,0,0.14731377,0
10131,0,0.023166172,0,0,0.07745331,0,1,0.9424467,1,0,0.26632524,0,0,0.108517334,0
10141,1,0.81985235,1,0,0.03296703,0,0,0.09501639,0,0,0.07584263,0,0,0.046649087,0
10143,1,0.8111308,1,0,0.032670412,0,0,0.09142317,0,0,0.083987795,0,0,0.044132885,0
10151,1,0.5946571,1,0,0.11927248,0,0,0.2915792,0,0,0.08536624,0,0,0.101418085,0
10152,1,0.9345116,1,0,0.0060417983,0,0,0.047025397,0,0,0.00883664,0,0,0.015035022,0
10160,0,0.041208655,0,1,0.7437214,1,0,0.12724149,0,0,0.2718602,0,0,0.24667937,0
10177,0,0.002135071,0,1,0.949157,1,0,0.063776165,0,0,0.14132799,0,1,0.4318368,1
10180,0,0.6736974,1,0,0.22960298,0,0,0.054168906,0,0,0.039378967,0,1,0.07736857,0
10181,1,0.6110474,1,0,0.0048638736,0,0,0.5109487,1,0,0.026823044,0,0,0.025370037,0
10196,0,0.00981655,0,1,0.837499,1,0,0.14498067,0,0,0.39806274,0,0,0.37102798,1
10200,0,0.56030643,1,1,0.05986075,0,0,0.3674467,0,0,0.12749845,0,0,0.084379114,0
10205,0,0.7620722,1,0,0.040867932,0,0,0.12168718,0,0,0.11887275,0,1,0.05474544,0
10206,1,0.32657707,0,0,0.1213485,0,0,0.14298488,0,0,0.60399395,1,0,0.07565786,0
10207,0,0.0051643173,0,0,0.63280934,1,1,0.6854516,1,1,0.5369198,1,0,0.39511055,1
10210,0,0.09939636,0,0,0.020315984,0,0,0.094265155,0,1,0.8589275,1,0,0.016782625,0
10214,1,0.78254884,1,0,0.04417855,0,0,0.04607669,0,0,0.125596,0,0,0.032263316,0
10215,1,0.19439307,0,0,0.02170737,0,0,0.8674847,1,0,0.039189074,0,0,0.05082073,0
10238,1,0.09554099,0,0,0.03483358,0,0,0.15754195,0,0,0.8309151,1,0,0.029389616,0
10240,1,0.22754492,0,0,0.07676525,0,0,0.46111867,1,0,0.40042824,1,0,0.08840416,0
10244,0,0.35753465,0,0,0.004409219,0,0,0.15927276,0,1,0.50943905,1,0,0.014550102,0
10250,1,0.9297123,1,0,0.029195871,0,0,0.015143582,0,0,0.007135796,0,0,0.017339187,0
10255,1,0.53258526,1,0,0.046768814,0,1,0.455761,1,0,0.042302787,0,0,0.06488182,0
10261,1,0.89838153,1,0,0.024759132,0,0,0.05364219,0,0,0.020309826,0,0,0.031138277,0
10268,1,0.84022635,1,0,0.06228858,0,0,0.043619096,0,0,0.045069885,0,0,0.03852665,0
10272,1,0.81991833,1,0,0.098773375,0,0,0.04857097,0,0,0.029150892,0,0,0.054185543,0
10283,0,0.0027750349,0,0,0.056229286,0,1,0.98658806,1,0,0.011999756,0,0,0.056048263,0
10318,1,0.41766512,1,0,0.45624638,1,0,0.056687105,0,0,0.09655915,0,0,0.1125352,0
10327,1,0.7980481,1,0,0.039943513,0,0,0.03539696,0,0,0.10884122,0,0,0.027077643,0
10336,0,0.006590396,0,1,0.29898056,1,1,0.9233345,1,0,0.28044727,0,0,0.1536348,0
10342,0,0.6382809,1,1,0.1483684,0,0,0.10110327,0,0,0.03099075,0,0,0.08065478,0
10344,0,0.0051872465,0,1,0.30102652,1,1,0.93045974,1,0,0.3979929,0,1,0.18241534,0
10356,1,0.38379952,0,0,0.5191067,1,0,0.020927673,0,0,0.03984172,0,0,0.07721366,0
10358,1,0.89535576,1,0,0.026430836,0,0,0.055642977,0,0,0.02392227,0,0,0.033962578,0
10359,0,0.061401196,0,0,0.10824606,0,1,0.84650064,1,0,0.33938867,0,0,0.1199741,0
10380,1,0.8050389,1,0,0.057766773,0,0,0.11564795,0,0,0.035457157,0,0,0.056728233,0
10383,0,0.09100833,0,0,0.023266673,0,1,0.76546466,1,0,0.3718121,0,0,0.05402302,0
10388,0,0.8910465,1,0,0.013011626,0,0,0.038059562,0,0,0.044251427,0,1,0.019975737,0
10401,0,0.025758434,0,1,0.38597807,1,1,0.57536566,1,0,0.6901395,1,0,0.24299051,0
10431,1,0.9002413,1,0,0.0077646603,0,0,0.073449895,0,0,0.013481251,0,0,0.018360088,0
10484,1,0.8633498,1,0,0.008099858,0,0,0.092202805,0,0,0.037199438,0,0,0.022529228,0
10489,1,0.5387917,1,0,0.015615808,0,1,0.47433382,1,0,0.008730891,0,0,0.026755769,0
10501,0,0.44286087,1,0,0.01107557,0,1,0.65966916,1,0,0.051320743,0,0,0.04248928,0
10517,0,0.0132864285,0,1,0.8040758,1,0,0.21493198,0,0,0.3865596,0,0,0.38693735,1
10519,1,0.9242041,1,0,0.005037179,0,0,0.026711075,0,0,0.028406005,0,0,0.011450604,0
10537,1,0.8472641,1,0,0.056016423,0,0,0.037825633,0,0,0.043348446,0,0,0.03434529,0
10547,1,0.9596495,1,0,0.010076151,0,0,0.010856587,0,0,0.005517264,0,0,0.009805904,0
10563,0,0.005738427,0,1,0.24554534,0,1,0.7926439,1,0,0.77102894,1,1,0.15321365,0
10585,1,0.84240353,1,0,0.02552833,0,0,0.040207487,0,0,0.07793151,0,0,0.025165373,0
10589,1,0.9068933,1,0,0.013119895,0,0,0.029867418,0,0,0.03092541,0,0,0.017205212,0
10594,0,0.0056343297,0,1,0.9096661,1,0,0.10060375,0,0,0.093197934,0,1,0.3690359,1
10596,1,0.69973576,1,0,0.03841685,0,0,0.072952546,0,0,0.23713878,0,0,0.037471075,0
10614,0,0.16524102,0,0,0.08703092,0,0,0.17283137,0,1,0.70059854,1,0,0.052934337,0
10615,0,0.036637288,0,1,0.80190736,1,0,0.16325128,0,1,0.2152308,0,0,0.35283005,1
10624,0,0.0736235,0,1,0.14215387,0,0,0.75932014,1,0,0.4337217,1,0,0.13672486,0
10640,0,0.014260355,0,1,0.66015106,1,0,0.2103983,0,0,0.6392584,1,1,0.29860976,1
10660,0,0.03834998,0,0,0.032174405,0,1,0.27425504,0,1,0.8794466,1,0,0.031014245,0
10661,0,0.08764806,0,1,0.57479864,1,1,0.33898154,0,0,0.14256935,0,0,0.23834789,0
10666,1,0.82290894,1,0,0.007393668,0,0,0.035415087,0,0,0.13513085,0,0,0.013169186,0
10675,0,0.15312177,0,1,0.35699925,1,0,0.20816958,0,0,0.55689204,1,0,0.1517881,0
10687,1,0.5064546,1,0,0.060785964,0,0,0.43772864,0,0,0.035423134,0,0,0.06538469,0
10691,1,0.81857365,1,0,0.08194351,0,0,0.046120957,0,0,0.046411414,0,0,0.043539736,0
10731,1,0.898659,1,0,0.03345897,0,0,0.0384384,0,0,0.011010196,0,0,0.028668638,0
10743,0,0.19535537,0,1,0.6777972,1,0,0.024356935,0,0,0.060271345,0,0,0.10993739,0
10755,0,0.2387405,0,1,0.26949927,1,0,0.2636309,0,1,0.4826057,1,0,0.14928757,0
10760,1,0.8501855,1,0,0.013086639,0,0,0.03084373,0,0,0.1009107,0,0,0.017383253,0
10766,0,0.57674474,1,1,0.23265158,0,1,0.088354275,0,0,0.028613333,0,1,0.080908306,0
10806,1,0.050976757,0,0,0.3758888,1,0,0.26048028,0,0,0.68869364,1,0,0.20033653,0
10807,0,0.0037645623,0,0,0.13629925,0,1,0.81448,1,1,0.8360818,1,0,0.095191255,0
10822,0,0.008057634,0,0,0.81217533,1,1,0.40954417,0,0,0.20503403,0,0,0.4248325,1
10824,1,0.7653519,1,0,0.014318121,0,0,0.20718722,0,0,0.056316637,0,0,0.038372904,0
10828,0,0.8315612,1,0,0.011751709,0,0,0.02597453,0,1,0.12182781,0,0,0.013885537,0
10837,0,0.026190925,0,1,0.7038944,1,1,0.3149113,0,1,0.48265418,1,1,0.35873875,1
10846,1,0.1331552,0,0,0.17176221,0,0,0.80107,1,0,0.15217571,0,0,0.16352965,0
10847,1,0.93449694,1,0,0.008314028,0,0,0.02289625,0,0,0.020212771,0,0,0.013776299,0
10860,0,0.32993743,0,0,0.04597998,0,1,0.6858482,1,0,0.13373604,0,0,0.091742955,0
10878,0,0.0052194865,0,0,0.098634236,0,1,0.7833261,1,1,0.84594864,1,0,0.07875285,0
10887,1,0.06009424,0,0,0.050428886,0,0,0.068543844,0,0,0.88874257,1,0,0.024215259,0
10888,0,0.0063656904,0,0,0.08509491,0,1,0.76354957,1,1,0.8487301,1,0,0.07403341,0
10902,0,0.0033218735,0,1,0.61931187,1,1,0.73453766,1,1,0.5213292,1,0,0.38122195,1
10925,0,0.026372759,0,1,0.7270221,1,0,0.08049568,0,0,0.3844514,0,0,0.21157716,0
10950,0,0.0044851582,0,1,0.23043971,0,1,0.7890657,1,1,0.75813186,1,1,0.12386595,0
10965,0,0.05548697,0,0,0.29719356,1,1,0.7447098,1,1,0.3868705,0,0,0.16980581,0
10970,1,0.9490049,1,0,0.002097002,0,0,0.029981054,0,0,0.010800833,0,0,0.00822518,0
10984,0,0.016977541,0,1,0.74859554,1,0,0.17941996,0,1,0.52026117,1,0,0.33849797,1
10990,1,0.8636056,1,0,0.010533941,0,0,0.114346206,0,0,0.016116494,0,0,0.02402706,0
11010,0,0.031400546,0,0,0.0588591,0,0,0.336059,0,1,0.88259834,1,0,0.053443093,0
11020,0,0.3482608,0,0,0.031341624,0,1,0.71781015,1,0,0.0959128,0,1,0.077340245,0
11030,0,0.060243048,0,1,0.55194527,1,0,0.18987262,0,0,0.5407722,1,0,0.23304175,0
11055,1,0.62138766,1,0,0.044707827,0,0,0.35914388,0,0,0.042867657,0,0,0.065222375,0
11077,1,0.86390567,1,0,0.02127599,0,0,0.040383887,0,0,0.060985982,0,0,0.024108116,0
11102,1,0.8393514,1,0,0.023474438,0,0,0.0914957,0,0,0.046892855,0,0,0.034752727,0
11103,0,0.02425586,0,0,0.019548193,0,1,0.95938444,1,0,0.1446615,0,0,0.046378978,0
11108,0,0.00063255243,0,1,0.9377604,1,1,0.27939227,0,1,0.36374435,0,0,0.65003675,1
11113,1,0.9463508,1,0,0.003611805,0,0,0.017210294,0,0,0.017920893,0,0,0.008306005,0
11124,1,0.8641879,1,0,0.017485874,0,0,0.086741306,0,0,0.03586841,0,0,0.032605104,0
11125,0,0.012165855,0,0,0.06551078,0,0,0.11356064,0,1,0.9496413,1,0,0.028954193,0
11126,1,0.9152189,1,0,0.009959304,0,0,0.018676825,0,0,0.033789836,0,0,0.0123712355,0
11129,1,0.92001647,1,0,0.009453242,0,0,0.019756202,0,0,0.029171627,0,0,0.012552938,0
11132,0,0.6386019,1,1,0.011942139,0,0,0.17001255,0,0,0.21677126,0,1,0.031540174,0
11139,0,0.0047159917,0,1,0.8581377,1,0,0.33126092,0,1,0.43065587,1,1,0.5426862,1
11144,1,0.67444664,1,0,0.010946389,0,0,0.37646398,0,0,0.03226652,0,0,0.03506938,0
11152,1,0.6129057,1,0,0.03765469,0,0,0.047689494,0,0,0.37512532,0,0,0.0267271,0
11170,0,0.034545343,0,0,0.026434403,0,1,0.87053704,1,1,0.417944,1,0,0.059025835,0
11182,1,0.83087385,1,0,0.030288504,0,0,0.10749607,0,0,0.055052422,0,0,0.046822306,0
11212,0,0.70568293,1,0,0.05738483,0,0,0.11272063,0,1,0.18853143,0,0,0.058110714,0
11226,0,0.016156867,0,1,0.2538495,1,1,0.9063417,1,0,0.24446721,0,0,0.13935907,0
11230,1,0.2933262,0,0,0.013249134,0,0,0.14698592,0,0,0.62566197,1,0,0.023182265,0
11238,0,0.0032658393,0,0,0.14999749,0,0,0.1490066,0,1,0.9554678,1,0,0.054701213,0
11285,0,0.002185796,0,0,0.19034864,0,0,0.15619704,0,1,0.95579046,1,0,0.067874186,0
11286,0,0.015377444,0,0,0.25596556,1,0,0.60194194,1,1,0.7768168,1,0,0.16374163,0
11319,0,0.06979647,0,0,0.6779679,1,0,0.15768585,0,1,0.3353801,0,0,0.25509563,1
11336,0,0.008278963,0,0,0.20687267,0,1,0.26208583,0,1,0.91988206,1,0,0.10256646,0
11359,0,0.530606,1,0,0.08540283,0,0,0.05856447,0,1,0.43544358,1,0,0.04410264,0
11364,1,0.9133476,1,0,0.0028927976,0,0,0.077780485,0,0,0.009953423,0,0,0.011917998,0
11372,1,0.94563,1,0,0.006708017,0,0,0.02456931,0,0,0.010664528,0,0,0.012777719,0
11406,0,0.83646184,1,0,0.036493465,0,0,0.10048575,0,1,0.04068293,0,0,0.046605814,0
11411,1,0.6012928,1,0,0.059835326,0,0,0.23612674,0,0,0.18983935,0,0,0.071702555,0
11418,0,0.009673332,0,0,0.51131433,1,1,0.798815,1,0,0.16924697,0,0,0.2726035,1
11420,0,0.5085212,1,1,0.20486298,0,0,0.17143713,0,0,0.15494257,0,0,0.11115661,0
11441,0,0.010867592,0,0,0.6059849,1,1,0.73218036,1,0,0.24220963,0,1,0.33264583,1
11453,0,0.12015146,0,0,0.03894073,0,0,0.12590533,0,1,0.8285633,1,0,0.03198153,0
11474,0,0.0015444469,0,0,0.5106696,1,1,0.9138393,1,0,0.16956083,0,0,0.3090052,1
11477,0,0.8447264,1,0,0.011960174,0,0,0.036869287,0,1,0.09373598,0,0,0.0170502,0
11489,1,0.90043324,1,0,0.015227784,0,0,0.055901352,0,0,0.02745595,0,0,0.027978249,0
11490,1,0.9123468,1,0,0.0067695645,0,0,0.04770432,0,0,0.03164864,0,0,0.018972082,0
11500,0,0.002725392,0,0,0.19292916,0,1,0.8631904,1,1,0.78379136,1,0,0.121938445,0
11520,1,0.8669423,1,0,0.036370274,0,0,0.06845568,0,0,0.030441752,0,0,0.042717576,0
11530,1,0.95544964,1,0,0.007002605,0,0,0.011447641,0,0,0.0093802465,0,0,0.008627241,0
11532,1,0.94017607,1,0,0.0051904735,0,0,0.014671958,0,0,0.020887526,0,0,0.008626906,0
11533,1,0.94173825,1,0,0.010313049,0,0,0.02031952,0,0,0.012471217,0,0,0.01372312,0
11550,0,0.04321145,0,1,0.75163454,1,0,0.14964381,0,0,0.19487153,0,0,0.2643604,1
11564,1,0.94204664,1,0,0.0052546747,0,0,0.023920918,0,0,0.016395895,0,0,0.011673349,0
11575,1,0.82635033,1,0,0.00625476,0,0,0.049800802,0,0,0.11846037,0,0,0.014739413,0
11601,1,0.931552,1,0,0.012337837,0,0,0.017842729,0,0,0.018664684,0,0,0.013132155,0
11605,0,0.0032957883,0,0,0.24664904,0,1,0.18619616,0,1,0.9383449,1,0,0.09923047,0
11616,0,0.0024858473,0,1,0.8726215,1,0,0.2056918,0,1,0.5502334,1,0,0.5194274,1
11644,0,0.26500577,0,1,0.5691827,1,0,0.048007492,0,0,0.02788968,0,0,0.10871389,0
11645,0,0.10640818,0,0,0.046472397,0,0,0.2111328,0,1,0.79965657,1,0,0.041908547,0
11664,0,0.1371042,0,0,0.26211286,1,0,0.14647473,0,1,0.63721067,1,0,0.11374169,0
11679,1,0.50787914,1,0,0.017512618,0,0,0.0875776,0,0,0.43576857,1,0,0.023484835,0
11681,0,0.4393403,1,1,0.21199718,0,1,0.21599063,0,0,0.03426124,0,1,0.089326166,0
11686,0,0.008973564,0,1,0.29628336,1,1,0.88329786,1,1,0.54572785,1,0,0.19681656,0
11705,1,0.8740182,1,0,0.00916673,0,0,0.10431201,0,0,0.014482005,0,0,0.02190699,0
11711,1,0.6241903,1,0,0.18058155,0,0,0.16683856,0,0,0.06959834,0,0,0.1024188,0
11723,1,0.3225453,0,0,0.30716518,1,0,0.053011615,0,0,0.28572178,0,0,0.070962146,0
11727,1,0.6312987,1,0,0.27042982,1,0,0.08148604,0,0,0.094698794,0,0,0.098846935,0
11738,0,0.22038797,0,0,0.30952504,1,1,0.4700013,1,0,0.088523515,0,0,0.13925505,0
11739,1,0.94917345,1,0,0.0043529235,0,0,0.027974296,0,0,0.0074775293,0,0,0.010404332,0
11755,0,0.0044891005,0,1,0.63201475,1,0,0.6521272,1,1,0.59593755,1,1,0.39056557,1
11758,0,0.073199764,0,1,0.44737464,1,0,0.16494632,0,0,0.5697575,1,0,0.1683384,0
11788,0,0.17258693,0,1,0.68160766,1,0,0.024795415,0,0,0.07901531,0,0,0.11135915,0
11789,1,0.9496599,1,0,0.0071230507,0,0,0.018661384,0,0,0.011625984,0,0,0.011928402,0
11799,0,0.3324312,0,0,0.042077444,0,0,0.16563232,0,1,0.56505185,1,0,0.043795176,0
11802,1,0.72958523,1,0,0.010988171,0,1,0.2737603,0,0,0.008725375,0,0,0.022415742,0
11803,1,0.9248557,1,0,0.0066769845,0,0,0.028423041,0,0,0.02531404,0,0,0.013449452,0
11805,1,0.95035416,1,0,0.0060592736,0,0,0.014927902,0,0,0.012839103,0,0,0.0095778415,0
11832,0,0.032954536,0,0,0.16433512,0,1,0.69737357,1,1,0.71488214,1,0,0.14175896,0
11834,0,0.14155991,0,0,0.034972887,0,1,0.7678934,1,0,0.23895818,0,0,0.07068172,0
11842,1,0.7003397,1,0,0.19735041,0,0,0.069503896,0,0,0.04350084,0,0,0.08353518,0
11843,1,0.39652723,0,0,0.40344504,1,0,0.17664334,0,0,0.07351761,0,0,0.15088694,0
11853,1,0.14022397,0,0,0.12058599,0,0,0.2416519,0,0,0.7143425,1,0,0.08162718,0
11855,0,0.12576145,0,1,0.39484388,1,0,0.26784626,0,1,0.56609905,1,0,0.19034459,0
11868,0,0.5809949,1,1,0.2357824,0,0,0.046513565,0,0,0.10539147,0,0,0.0676206,0
11872,0,0.19470057,0,0,0.01606106,0,0,0.26386,0,1,0.6517118,1,1,0.031649895,0
11884,1,0.7900457,1,0,0.049357787,0,0,0.14264512,0,0,0.035363063,0,0,0.058050174,0
11885,1,0.8924736,1,0,0.050199356,0,0,0.030133732,0,0,0.015732488,0,0,0.03102754,0
11896,0,0.0052107545,0,0,0.79474443,1,0,0.27555007,0,1,0.5699241,1,0,0.4373962,1
11899,0,0.1489712,0,0,0.05183862,0,0,0.2336907,0,1,0.7453871,1,0,0.060116146,0
11901,0,0.007030662,0,1,0.76214814,1,0,0.25799114,0,0,0.5962039,1,1,0.4072312,1
11916,0,0.34934774,0,1,0.14045326,0,0,0.5664064,1,0,0.068524025,0,0,0.11360798,0
11932,1,0.40183964,1,0,0.0048643877,0,1,0.7265097,1,0,0.05390309,0,0,0.031033704,0
11933,1,0.7935893,1,0,0.09435627,0,0,0.07403586,0,0,0.06645231,0,0,0.060477022,0
11934,1,0.8779437,1,0,0.044218265,0,0,0.042861585,0,0,0.03111568,0,0,0.03537939,0
11937,0,0.0047866027,0,1,0.38503692,1,1,0.7282927,1,1,0.7458683,1,0,0.23396502,0
11956,1,0.94671917,1,0,0.0070851315,0,0,0.022224346,0,0,0.01196546,0,0,0.012916399,0
12028,0,0.7475584,1,1,0.099503234,0,1,0.10157341,0,0,0.111852184,0,0,0.07235683,0
12031,0,0.14345665,0,0,0.25645915,1,0,0.70111173,1,0,0.18453251,0,1,0.16799632,0
12033,1,0.04759879,0,0,0.03602079,0,0,0.88220894,1,0,0.29706085,0,0,0.06517826,0
12034,1,0.7753415,1,0,0.019802922,0,0,0.076846845,0,0,0.16848753,0,0,0.032814432,0
12074,1,0.93126255,1,0,0.017405763,0,0,0.028465433,0,0,0.013875289,0,0,0.020990089,0
12082,1,0.9170646,1,0,0.005075797,0,1,0.061950915,0,0,0.010301827,0,0,0.014009091,0
12112,0,0.39626476,0,0,0.40068734,1,0,0.086942226,0,1,0.1848501,0,0,0.11472107,0
12122,0,0.060571402,0,0,0.18956466,0,0,0.8344888,1,0,0.36574796,0,1,0.16866022,0
12124,0,0.37531543,0,0,0.078775145,0,0,0.056223527,0,1,0.5976971,1,0,0.036811568,0
12126,0,0.1949977,0,1,0.4774942,1,0,0.10184197,0,0,0.34321645,0,0,0.15288347,0
12137,0,0.6112325,1,0,0.022733558,0,0,0.08636702,0,1,0.36121228,0,0,0.031260803,0
12143,0,0.051730838,0,0,0.16632415,0,1,0.867735,1,1,0.3138113,0,0,0.17963783,0
12144,1,0.81137735,1,0,0.021521498,0,0,0.066826686,0,0,0.10028062,0,0,0.029810226,0
12147,1,0.8225877,1,0,0.04641582,0,0,0.091745436,0,0,0.054818194,0,0,0.054364152,0
12156,0,0.039481353,0,0,0.06918718,0,0,0.10492276,0,1,0.90095884,1,0,0.034491114,0
12169,0,0.002257104,0,0,0.30403027,1,0,0.2608658,0,1,0.9350144,1,0,0.13695505,0
12172,1,0.5880936,1,0,0.18137036,0,0,0.15309717,0,0,0.1722573,0,0,0.10860671,0
12176,0,0.025272368,0,0,0.17011656,0,1,0.43503517,0,1,0.8321746,1,0,0.10141276,0
12178,0,0.0016841287,0,0,0.09365026,0,1,0.9871142,1,0,0.02671839,0,0,0.087686494,0
12179,1,0.506846,1,0,0.05437152,0,1,0.39753833,0,0,0.10166071,0,0,0.06742465,0
12181,1,0.8020881,1,0,0.03840421,0,0,0.07181876,0,0,0.09242906,0,0,0.039145593,0
12189,0,0.002952585,0,0,0.153341,0,1,0.59280944,1,1,0.91300714,1,0,0.08789704,0
12190,0,0.0018498342,0,0,0.29804552,1,0,0.3416065,0,1,0.9303199,1,0,0.14441809,0
12192,0,0.013778326,0,0,0.16463143,0,1,0.9067982,1,0,0.47471613,1,1,0.123796396,0
12195,0,0.06347302,0,0,0.1896363,0,1,0.79836136,1,0,0.47657043,1,0,0.1776017,0
12197,0,0.009896447,0,0,0.10043542,0,0,0.29023847,0,1,0.9286018,1,0,0.071286336,0
12199,1,0.42570746,1,0,0.08723965,0,0,0.09569571,0,0,0.54551625,1,0,0.05471429,0
12201,0,0.006372891,0,0,0.1277296,0,0,0.060429677,0,1,0.9479153,1,0,0.033210017,0
12216,1,0.5712364,1,0,0.07628119,0,0,0.32100487,0,0,0.11819037,0,0,0.08419987,0
12220,1,0.7971539,1,0,0.0037414124,0,0,0.24709862,0,0,0.019222025,0,0,0.019442929,0
12221,0,0.42163152,1,0,0.26501536,1,1,0.22187589,0,1,0.13133259,0,0,0.13579266,0
12223,0,0.0021754815,0,0,0.87828326,1,1,0.25852346,0,1,0.5063683,1,0,0.5456855,1
12224,0,0.020753369,0,0,0.072568156,0,0,0.36386666,0,1,0.89638937,1,0,0.055626076,0
12230,1,0.26155218,0,0,0.6042659,1,0,0.04926222,0,0,0.04278684,0,0,0.13311885,0
12235,0,0.002034758,0,0,0.13911678,0,1,0.85803074,1,1,0.8361186,1,0,0.08575665,0
12241,0,0.116796255,0,0,0.045002703,0,1,0.57014465,1,1,0.5107574,1,0,0.06231014,0
12252,0,0.002080121,0,1,0.9464164,1,0,0.10559778,0,0,0.2009324,0,1,0.5156509,1
12254,1,0.55673176,1,0,0.28813103,1,0,0.08906664,0,0,0.043975476,0,0,0.09420099,0
12262,0,0.008864536,0,0,0.27396983,1,1,0.92543805,1,1,0.3255202,0,0,0.15250178,0
12276,1,0.60946006,1,0,0.013502175,0,1,0.43563193,0,0,0.043537185,0,0,0.04018505,0
12277,1,0.954172,1,0,0.010725661,0,0,0.014545214,0,0,0.0071923914,0,0,0.0116539,0
12281,0,0.017306436,0,1,0.42388973,1,1,0.8322693,1,0,0.26069322,0,0,0.23085643,0
12285,0,0.119011186,0,0,0.18470712,0,0,0.35960525,0,1,0.5825203,1,0,0.11113521,0
12301,0,0.8890836,1,0,0.01571665,0,0,0.02777963,0,0,0.04747955,0,1,0.017937921,0
12310,1,0.61978036,1,0,0.1032428,0,0,0.2029272,0,0,0.21773429,0,0,0.09687378,0
12328,0,0.26221874,0,0,0.08500936,0,0,0.08839949,0,1,0.64933974,1,0,0.043019798,0
12336,1,0.8159889,1,0,0.07560745,0,0,0.06538757,0,0,0.046186272,0,0,0.04850945,0
12338,0,0.3333885,0,1,0.49522778,1,0,0.089291535,0,0,0.16946726,0,1,0.14906012,0
12340,0,0.13600197,0,0,0.020420035,0,0,0.13027453,0,1,0.8097055,1,0,0.024526237,0
12345,1,0.9555358,1,0,0.011701658,0,0,0.0067821126,0,0,0.005575836,0,0,0.007509191,0
12348,1,0.4553877,1,0,0.018782198,0,0,0.074050285,0,0,0.54617965,1,0,0.022739062,0
12353,0,0.49098796,1,1,0.1573126,0,0,0.13137034,0,0,0.32647207,0,0,0.08572812,0
12355,1,0.5432341,1,0,0.2560473,1,0,0.20404562,0,0,0.11459015,0,0,0.12961458,0
12376,1,0.2757783,0,0,0.025912602,0,0,0.6496492,1,0,0.2052724,0,0,0.06214971,0
12400,0,0.8037653,1,0,0.027549509,0,1,0.0822761,0,0,0.09626311,0,0,0.037473354,0
12407,1,0.8195837,1,0,0.007906382,0,0,0.02491848,0,0,0.14389443,0,0,0.010816954,0
12409,1,0.43822837,1,0,0.2771065,1,0,0.17273603,0,0,0.313684,0,0,0.13471916,0
12426,0,0.040642317,0,0,0.47478893,1,0,0.37484962,0,1,0.58277595,1,0,0.23223084,0
12451,1,0.90479904,1,0,0.029017122,0,0,0.0287019,0,0,0.024078935,0,0,0.023933202,0
12475,1,0.88905233,1,0,0.0064536985,0,0,0.032011155,0,0,0.053560697,0,0,0.012745879,0
12478,1,0.71777976,1,0,0.017516408,0,0,0.12922731,0,0,0.1511805,0,0,0.03224848,0
12480,1,0.87170255,1,0,0.01894037,0,0,0.05320495,0,0,0.046340924,0,0,0.026775753,0
12519,0,0.37474138,0,1,0.37703064,1,0,0.2165341,0,0,0.163555,0,0,0.1744942,0
12520,1,0.115851544,0,0,0.0411243,0,0,0.1451915,0,0,0.8134732,1,0,0.032297235,0
12521,0,0.0025426089,0,0,0.59604096,1,0,0.34920704,0,1,0.82504094,1,0,0.31476295,1
12528,1,0.9639131,1,0,0.0049004992,0,0,0.014368141,0,0,0.0058912085,0,0,0.008884408,0
12529,1,0.77626884,1,0,0.038398366,0,0,0.06697166,0,0,0.13821226,0,0,0.038103804,0
12533,0,0.010988565,0,1,0.3740429,1,0,0.29453126,0,1,0.83522946,1,0,0.16597235,0
12545,0,0.013133299,0,1,0.363566,1,0,0.3342042,0,1,0.8437164,1,0,0.19808409,0
12552,0,0.017691487,0,0,0.112369105,0,1,0.95781875,1,0,0.1890892,0,0,0.1110919,0
12568,0,0.08755062,0,1,0.37698594,1,0,0.122101165,0,0,0.56973934,1,0,0.11906921,0
12576,0,0.06111055,0,0,0.13904418,0,1,0.32374823,0,0,0.79259574,1,0,0.08533058,0
12577,1,0.73270965,1,0,0.014603608,0,0,0.24044178,0,0,0.08220179,0,0,0.043857582,0
12585,0,0.26966482,0,1,0.5776902,1,0,0.053509235,0,0,0.073171206,0,1,0.13346341,0
12596,0,0.45035878,1,1,0.12671827,0,0,0.15221122,0,0,0.47960323,1,0,0.087138735,0
12607,1,0.87357026,1,0,0.009040732,0,0,0.107107535,0,0,0.019442543,0,0,0.02411635,0
12609,1,0.391434,0,0,0.13703056,0,0,0.3114949,0,0,0.36183682,0,0,0.113231644,0
12618,0,0.007941742,0,0,0.33540195,1,0,0.48699513,1,1,0.8435511,1,0,0.19387254,0
12619,1,0.8055476,1,0,0.006293924,0,0,0.21365115,0,0,0.024685597,0,0,0.02485152,0
12620,1,0.10514921,0,0,0.071002334,0,0,0.24359079,0,0,0.7891719,1,0,0.05608992,0
12631,0,0.063690394,0,0,0.052760854,0,0,0.18065411,0,1,0.87278926,1,0,0.041029353,0
12641,0,0.025125725,0,0,0.115053326,0,1,0.816034,1,1,0.63156587,1,0,0.12339812,0
12646,0,0.0042964313,0,1,0.9376575,1,0,0.05466044,0,0,0.10307449,0,1,0.37803715,1
12649,0,0.008036007,0,1,0.9101681,1,0,0.07551444,0,0,0.12975097,0,1,0.37495294,1
12677,1,0.8788336,1,0,0.05125593,0,0,0.034133542,0,0,0.025571277,0,0,0.034945894,0
12679,0,0.0024477455,0,1,0.90788954,1,1,0.26524872,0,0,0.27410066,0,1,0.5414148,1
12692,0,0.87155575,1,0,0.017609147,0,0,0.043762203,0,0,0.054428577,0,1,0.02345582,0
12699,1,0.908514,1,0,0.027377626,0,0,0.045773704,0,0,0.011927896,0,0,0.029033855,0
12702,1,0.95739883,1,0,0.0050239763,0,0,0.019381775,0,0,0.0069226483,0,0,0.010168425,0
12703,0,0.02358763,0,0,0.060808137,0,1,0.93319124,1,0,0.2572004,0,0,0.111591406,0
12709,1,0.8759333,1,0,0.034109302,0,0,0.021196874,0,0,0.035757463,0,0,0.019782325,0
12710,0,0.33428547,0,0,0.029263671,0,1,0.7470415,1,1,0.06933938,0,0,0.07261361,0
12711,1,0.19165102,0,0,0.65094507,1,0,0.04554591,0,0,0.041796647,0,0,0.1347586,0
12715,1,0.9601975,1,0,0.0060470295,0,0,0.01835627,0,0,0.005239679,0,0,0.010552296,0
12719,0,0.09236715,0,0,0.11460145,0,0,0.20059955,0,1,0.8240691,1,1,0.08067388,0
12720,1,0.95985186,1,0,0.006177201,0,0,0.011194191,0,0,0.0077472185,0,0,0.008247124,0
12742,1,0.57757306,1,0,0.009151765,0,0,0.43450513,0,0,0.08204037,0,0,0.035695042,0
12758,0,0.038563002,0,1,0.785473,1,0,0.18882293,0,1,0.1387985,0,0,0.3124073,1
12770,0,0.13706975,0,1,0.5345433,1,1,0.22251323,0,0,0.30951554,0,0,0.21075545,0
12776,0,0.071562745,0,1,0.7289157,1,0,0.10193689,0,0,0.11976753,0,0,0.21705055,0
12785,0,0.063362494,0,0,0.46229565,1,1,0.62583554,1,0,0.3733434,0,0,0.25078315,1
12801,0,0.010282782,0,0,0.13332133,0,1,0.35162312,0,1,0.9195249,1,0,0.08505102,0
12828,0,0.02518144,0,0,0.10727318,0,0,0.075165465,0,1,0.9077801,1,0,0.03675731,0
12835,1,0.73407966,1,0,0.009887961,0,0,0.10080112,0,0,0.16586117,0,0,0.022364056,0
12841,0,0.0022981742,0,0,0.10412478,0,0,0.14910267,0,1,0.96968096,1,0,0.039714757,0
12870,0,0.0019722634,0,0,0.07366135,0,0,0.2505259,0,1,0.9673258,1,0,0.030491494,0
12886,1,0.8836193,1,0,0.020017477,0,0,0.04441274,0,0,0.04118469,0,0,0.025568124,0
12919,1,0.7288358,1,0,0.0706923,0,1,0.14006744,0,0,0.02108037,0,0,0.053396005,0
12925,1,0.87923104,1,0,0.03435709,0,0,0.040684905,0,0,0.038876396,0,0,0.030574024,0
12936,0,0.014625212,0,0,0.039757397,0,1,0.91528976,1,1,0.5140542,1,0,0.07210141,0
12937,0,0.11292522,0,0,0.028326513,0,1,0.7243349,1,0,0.37837934,0,0,0.059122074,0
12941,0,0.017550455,0,0,0.37040454,1,0,0.43352437,0,1,0.7662801,1,0,0.19562069,0
12991,0,0.018488187,0,0,0.14353842,0,0,0.34848237,0,1,0.83049095,1,0,0.06895045,0
12999,1,0.62439215,1,0,0.014974872,0,0,0.36657208,0,0,0.08669508,0,0,0.044544373,0
13006,1,0.6833702,1,0,0.07035018,0,0,0.17566817,0,0,0.15506002,0,0,0.07605266,0
13007,0,0.025245862,0,1,0.8338191,1,0,0.10912768,0,0,0.15082031,0,0,0.30342245,1
13014,1,0.87096834,1,0,0.01926127,0,0,0.06781368,0,0,0.031776164,0,0,0.027958663,0
13025,1,0.8265274,1,0,0.03294079,0,0,0.06580245,0,0,0.06373845,0,0,0.03365471,0
13035,1,0.83350676,1,0,0.009851457,0,0,0.033272076,0,0,0.12765753,0,0,0.015405149,0
13052,1,0.8997805,1,0,0.029756613,0,1,0.024725853,0,0,0.025933335,0,0,0.021336904,0
13058,0,0.03814238,0,0,0.23323484,0,0,0.27958372,0,1,0.77986145,1,0,0.13774982,0
13078,0,0.01123472,0,0,0.17464563,0,0,0.23911834,0,1,0.9192501,1,0,0.09287092,0
13092,1,0.9218728,1,0,0.015522902,0,0,0.034169246,0,0,0.018453727,0,0,0.021554247,0
13120,1,0.8469322,1,0,0.02948243,0,0,0.0456987,0,0,0.065990165,0,0,0.028627338,0
13122,0,0.0038090912,0,1,0.63652056,1,1,0.48288095,1,0,0.73342013,1,1,0.39121255,1
13139,0,0.6525348,1,1,0.018350903,0,0,0.058184028,0,0,0.33516577,0,0,0.022440609,0
13143,0,0.09523173,0,1,0.5571777,1,0,0.12029584,0,0,0.4283277,1,0,0.17704764,0
13145,1,0.94308066,1,0,0.004547249,0,0,0.031438928,0,0,0.00993314,0,0,0.011448693,0
13158,0,0.60800445,1,0,0.14726587,0,0,0.16893972,0,1,0.19017752,0,0,0.106883034,0
13166,0,0.0083548585,0,0,0.58165413,1,0,0.7288557,1,1,0.4122364,1,0,0.3197218,1
13167,0,0.6093362,1,0,0.10703791,0,1,0.15215027,0,0,0.14190613,0,0,0.06877849,0
13212,1,0.8113054,1,0,0.08333716,0,0,0.06082488,0,0,0.057244662,0,0,0.05240055,0
13214,0,0.7588827,1,0,0.08967589,0,1,0.10819376,0,0,0.058560487,0,0,0.06680772,0
13227,0,0.0033198977,0,1,0.8973443,1,0,0.1894975,0,1,0.4170085,1,0,0.5194253,1
13233,0,0.0028040903,0,1,0.92794317,1,0,0.15800253,0,1,0.25283653,0,1,0.53066665,1
13238,0,0.24749224,0,1,0.6149653,1,0,0.028785726,0,0,0.016556414,0,0,0.09420139,0
13248,0,0.013438707,0,1,0.31828657,1,1,0.9014684,1,0,0.2608145,0,0,0.20407522,0
13267,1,0.96432686,1,0,0.0058448464,0,0,0.016230242,0,0,0.004321847,0,0,0.0100086415,0
13268,1,0.95908463,1,0,0.0038666977,0,0,0.017764824,0,0,0.0084169,0,0,0.009115678,0
13282,1,0.91478336,1,0,0.023145162,0,0,0.038777526,0,0,0.018266214,0,0,0.027651807,0
13292,0,0.04334881,0,1,0.13329212,0,0,0.2682635,0,0,0.84692633,1,1,0.08669113,0
13301,0,0.020840617,0,1,0.82433414,1,0,0.18052979,0,0,0.25320786,0,1,0.37332207,1
13314,1,0.59955144,1,0,0.101325035,0,1,0.08515408,0,0,0.3165283,0,0,0.058260445,0
13333,0,0.020364292,0,1,0.83082825,1,0,0.14659463,0,0,0.17022897,0,0,0.3263177,1
13335,0,0.24689029,0,0,0.30167347,1,0,0.17695057,0,1,0.46556568,1,0,0.13466215,0
13337,0,0.45321465,1,0,0.17061432,0,1,0.12928395,0,1,0.41283104,1,0,0.09676867,0
13338,0,0.002477793,0,0,0.1600985,0,1,0.90926856,1,1,0.7482791,1,0,0.100701004,0
13349,1,0.7194395,1,0,0.057706352,0,0,0.09566638,0,0,0.1644565,0,0,0.051127203,0
13361,0,0.4459568,1,1,0.39491978,1,0,0.0272873,0,0,0.061604377,0,0,0.060644295,0
13370,1,0.81658524,1,0,0.008571372,0,0,0.049289875,0,0,0.12221053,0,0,0.016524317,0
13380,1,0.71367174,1,0,0.16134113,0,0,0.040428683,0,0,0.07704307,0,0,0.053162064,0
13397,0,0.5306089,1,1,0.40852994,1,0,0.017196072,0,0,0.014293142,0,0,0.052767362,0
13398,1,0.09360923,0,0,0.02556452,0,0,0.2418181,0,0,0.80143976,1,0,0.031327948,0
13400,1,0.93426025,1,0,0.014795837,0,0,0.02383783,0,0,0.01424417,0,0,0.017459827,0
13404,1,0.30125582,0,0,0.042598575,0,0,0.2829666,0,0,0.41273412,1,0,0.047821682,0
13405,0,0.015423053,0,0,0.14196232,0,0,0.8107805,1,1,0.6801331,1,0,0.111239254,0
13446,0,0.06364741,0,1,0.6762102,1,0,0.3128073,0,0,0.19009107,0,0,0.2957651,1
13479,0,0.48307562,1,1,0.23687173,0,0,0.13610758,0,0,0.253572,0,0,0.09714868,0
13494,1,0.21240942,0,0,0.4192672,1,0,0.35841787,0,0,0.15071498,0,0,0.20912096,0
13499,0,0.0022927457,0,1,0.6857323,1,1,0.42977738,0,1,0.72965276,1,0,0.3915403,1
13516,0,0.0042067957,0,0,0.6054227,1,0,0.3906189,0,1,0.76874423,1,0,0.34146574,1
13556,0,0.0090275025,0,1,0.24939653,0,1,0.8471077,1,1,0.66845083,1,1,0.17401916,0
13577,0,0.0014297706,0,1,0.91144073,1,0,0.32150972,0,1,0.39770976,0,0,0.62875044,1
13595,1,0.9397352,1,0,0.011822526,0,0,0.028468814,0,0,0.010356851,0,0,0.017620511,0
13612,0,0.5928582,1,0,0.015182909,0,1,0.46487057,1,0,0.05330863,0,0,0.047234174,0
13630,1,0.9533598,1,0,0.013433657,0,0,0.012086702,0,0,0.006122534,0,0,0.011712892,0
13642,1,0.8954487,1,0,0.030186629,0,0,0.04900865,0,0,0.023137989,0,0,0.032142963,0
13666,0,0.10246343,0,0,0.75776494,1,0,0.026764326,0,0,0.02487558,0,1,0.14517455,0
13711,0,0.25712806,0,0,0.027217772,0,1,0.7776657,1,0,0.06677652,0,0,0.061876953,0
13712,1,0.9687798,1,0,0.0033903988,0,0,0.010852528,0,0,0.0056255497,0,0,0.0066642486,0
13717,1,0.95852244,1,0,0.007409103,0,0,0.014791813,0,0,0.007016518,0,0,0.010609985,0
13744,0,0.20841278,0,0,0.030410388,0,0,0.19601232,0,1,0.68334514,1,0,0.038068656,0
13777,1,0.91278815,1,0,0.011051436,0,0,0.021116916,0,0,0.033762142,0,0,0.013850271,0
13786,1,0.9714442,1,0,0.005918145,0,0,0.0064992364,0,0,0.0032667988,0,0,0.0059227506,0
13812,1,0.82605124,1,0,0.040677767,0,1,0.11090335,0,0,0.050321095,0,0,0.053488728,0
13819,0,0.7457408,1,0,0.014409764,0,0,0.049014933,0,1,0.22335103,0,0,0.019814195,0
13835,0,0.008440561,0,0,0.49346918,1,0,0.5769186,1,1,0.67923635,1,1,0.2678475,1
13847,0,0.031576715,0,1,0.32393998,1,0,0.39305404,0,1,0.70363253,1,0,0.17714526,0
13848,1,0.77135134,1,0,0.008489621,0,0,0.05188243,0,0,0.1850982,0,0,0.016059227,0
13849,0,0.0015032779,0,0,0.14128983,0,1,0.9165104,1,1,0.8040942,1,0,0.093382075,0
13853,0,0.0014940624,0,0,0.15234596,0,1,0.88523114,1,1,0.8293769,1,0,0.09515624,0
13855,0,0.0017348363,0,1,0.13553904,0,1,0.90322864,1,1,0.8124669,1,0,0.08864852,0
13860,1,0.5502464,1,0,0.053815313,0,0,0.35457864,0,0,0.08800374,0,0,0.065026835,0
13867,0,0.066690475,0,1,0.30294767,1,0,0.78053313,1,0,0.2804536,0,0,0.20165102,0
13879,1,0.47644883,1,0,0.32737276,1,0,0.21373175,0,0,0.1326072,0,0,0.15763599,0
13887,1,0.9626786,1,0,0.0029926752,0,0,0.011745259,0,0,0.009456359,0,0,0.0064457175,0
13895,1,0.94500244,1,0,0.018158993,0,0,0.011393058,0,0,0.0067048697,0,0,0.0124041075,0
13899,0,0.026957832,0,1,0.7926708,1,0,0.07263351,0,0,0.2742364,0,1,0.24063791,0
13908,0,0.6351126,1,0,0.05932791,0,1,0.28961408,0,0,0.07115057,0,1,0.071458325,0
13912,0,0.27501547,0,0,0.005280129,0,0,0.059067003,0,1,0.7089007,1,0,0.008198127,0
13913,0,0.03439438,0,0,0.073935844,0,1,0.5230046,1,1,0.82053924,1,0,0.080745555,0
13918,1,0.9159566,1,0,0.013572825,0,0,0.022997402,0,0,0.028199594,0,0,0.016006315,0
13923,1,0.6627073,1,0,0.13160191,0,0,0.12210907,0,0,0.082429074,0,0,0.071301214,0
13926,0,0.10178246,0,0,0.009222263,0,1,0.932799,1,0,0.048720054,0,0,0.034786254,0
13946,0,0.074078485,0,1,0.45624778,1,0,0.25039887,0,0,0.5544658,1,1,0.1801811,0
13954,0,0.003798407,0,1,0.47863224,1,1,0.845059,1,0,0.49581397,1,0,0.28229144,1
13955,0,0.11370286,0,0,0.00634058,0,1,0.9218885,1,0,0.060280822,0,0,0.031032199,0
13959,1,0.95658624,1,0,0.0052291243,0,0,0.019065863,0,0,0.0069162003,0,0,0.009944401,0
13971,1,0.79465044,1,0,0.07711039,0,0,0.10054376,0,0,0.037010077,0,0,0.06282028,0
13993,1,0.97145766,1,0,0.00096842146,0,0,0.015579902,0,0,0.0050875884,0,0,0.004647161,0
14004,0,0.002699625,0,1,0.67846745,1,1,0.750273,1,1,0.4162548,1,1,0.41896334,1
14005,0,0.008017529,0,0,0.5711121,1,1,0.7417917,1,1,0.4155123,1,0,0.31707886,1
14018,0,0.021632805,0,0,0.10841874,0,0,0.13933921,0,1,0.91802204,1,0,0.049818978,0
14021,1,0.6756219,1,0,0.04715183,0,0,0.098549224,0,0,0.2463798,0,0,0.047482654,0
14026,0,0.0073863054,0,1,0.85659087,1,0,0.2634306,0,0,0.4420775,1,1,0.5289205,1
14027,1,0.8711678,1,0,0.038184334,0,0,0.04481998,0,0,0.042173203,0,0,0.03309002,0
14071,1,0.84722835,1,0,0.01644867,0,0,0.070315085,0,0,0.055821486,0,0,0.027043765,0
14097,1,0.58694035,1,0,0.021698067,0,1,0.47386754,1,0,0.03221172,0,0,0.049769387,0
14107,1,0.93167686,1,0,0.0024112505,0,0,0.021561755,0,0,0.030400282,0,0,0.0075569334,0
14123,0,0.17689747,0,0,0.0037270996,0,1,0.628417,1,0,0.2976336,0,0,0.020873668,0
14131,0,0.5898414,1,1,0.21371706,0,0,0.10097394,0,0,0.1361824,0,0,0.101627186,0
14138,1,0.97357684,1,0,0.002301806,0,0,0.007515282,0,0,0.0048491037,0,0,0.0045007826,0
14139,1,0.07440346,0,0,0.0886283,0,0,0.6740696,1,0,0.5771808,1,0,0.09904445,0
14145,1,0.9459533,1,0,0.003184563,0,0,0.028541118,0,0,0.014383797,0,0,0.010671504,0
14146,1,0.06237677,0,0,0.13935588,0,0,0.78445065,1,0,0.43081212,1,0,0.12950322,0
14149,1,0.89471555,1,0,0.04146501,0,0,0.029227573,0,0,0.018359477,0,0,0.027846953,0
14159,1,0.1099951,0,0,0.15625161,0,0,0.62582093,1,0,0.48438832,1,0,0.12713993,0
14166,0,0.31505406,0,1,0.4668856,1,1,0.16832292,0,0,0.08003851,0,0,0.18104105,0
14167,0,0.011541122,0,1,0.6364151,1,0,0.27963275,0,0,0.6995739,1,1,0.3293725,1
14170,1,0.5810929,1,0,0.026326,0,0,0.47151467,1,0,0.056921724,0,0,0.06412653,0
14177,1,0.7351033,1,0,0.12985569,0,0,0.051619604,0,0,0.07396016,0,0,0.053816784,0
14184,1,0.4024381,1,0,0.110230535,0,0,0.4535168,1,0,0.1330843,0,0,0.10543607,0
14187,1,0.84983206,1,0,0.027515339,0,0,0.10357001,0,0,0.020656496,0,0,0.038221512,0
14192,0,0.0014900153,0,0,0.12721948,0,1,0.9404886,1,1,0.7607521,1,0,0.09084278,0
14194,0,0.57056713,1,0,0.14136967,0,1,0.29638723,0,1,0.18602759,0,0,0.12977743,0
14201,0,0.0036205603,0,1,0.68618786,1,1,0.6965995,1,0,0.45388204,1,1,0.41958204,1
14205,1,0.62970597,1,0,0.1953865,0,0,0.08653231,0,0,0.029787995,0,0,0.07760116,0
14217,0,0.64466214,1,1,0.096069664,0,0,0.19988841,0,0,0.15380782,0,0,0.08785636,0
14220,1,0.90389943,1,0,0.023309309,0,0,0.05270779,0,0,0.022413647,0,0,0.03287254,0
14224,0,0.005621785,0,1,0.8207876,1,1,0.29789317,0,0,0.50080574,1,0,0.4682329,1
14238,0,0.12701382,0,1,0.65214777,1,0,0.13415931,0,0,0.10218016,0,0,0.20980433,0
14244,0,0.18838938,0,1,0.14579213,0,0,0.07494009,0,0,0.66939163,1,0,0.056398734,0
14248,1,0.9152134,1,0,0.0026127172,0,0,0.013121938,0,0,0.051916417,0,0,0.005362225,0
14256,1,0.8607095,1,0,0.028244654,0,0,0.061715327,0,0,0.033396166,0,0,0.029467255,0
14288,1,0.79329383,1,0,0.12650006,0,1,0.025444673,0,0,0.027249403,0,0,0.03953724,0
14301,1,0.6926453,1,0,0.007458147,0,0,0.3676569,0,0,0.02739026,0,0,0.028797053,0
14304,1,0.91647124,1,0,0.02554816,0,0,0.039428584,0,0,0.010237725,0,0,0.026946042,0
14314,0,0.0014128152,0,0,0.11329536,0,0,0.88460106,1,1,0.85489136,1,0,0.076997645,0
14315,0,0.5224759,1,0,0.005565125,0,0,0.41268766,0,0,0.10926373,0,1,0.024636474,0
14350,0,0.016515967,0,1,0.4868693,1,0,0.054755967,0,1,0.740612,1,1,0.11549252,0
14356,1,0.9192841,1,0,0.045112096,0,0,0.006963512,0,0,0.003561832,0,0,0.013642506,0
14375,1,0.8937022,1,0,0.026794076,0,0,0.060599573,0,0,0.01543423,0,0,0.03130976,0
14382,0,0.015858216,0,0,0.12645604,0,0,0.3466032,0,1,0.899107,1,0,0.08394504,0
14384,0,0.0123036895,0,1,0.8705927,1,0,0.18277141,0,0,0.2241733,0,0,0.45032474,1
14392,0,0.048553266,0,1,0.74279445,1,0,0.15743607,0,0,0.3223846,0,0,0.31267548,1
14400,0,0.008155666,0,0,0.11156975,0,1,0.42427284,0,1,0.9182781,1,0,0.07068518,0
14409,1,0.8254783,1,0,0.0056825276,0,0,0.11162856,0,0,0.057000037,0,0,0.019813314,0
14424,0,0.0038717736,0,0,0.1336436,0,0,0.1590533,0,1,0.95376813,1,0,0.052543543,0
14427,0,0.0030629274,0,0,0.79842156,1,1,0.36888608,0,0,0.60100406,1,0,0.49881572,1
14446,0,0.017880129,0,1,0.7647869,1,0,0.17774887,0,1,0.43651307,1,0,0.32598543,1
14448,0,0.22153346,0,1,0.1575333,0,0,0.19328259,0,0,0.6769519,1,1,0.101900645,0
14457,1,0.53760785,1,0,0.31701973,1,0,0.05669385,0,0,0.025949975,0,0,0.085170984,0
14459,1,0.7869715,1,0,0.056058396,0,0,0.11045699,0,0,0.07828732,0,0,0.058569867,0
14501,1,0.18732345,0,0,0.5503531,1,0,0.13709313,0,0,0.06565833,0,0,0.16837962,0
14534,0,0.004202499,0,0,0.19473633,0,1,0.91956264,1,1,0.65823525,1,0,0.14791094,0
14565,1,0.9102562,1,0,0.013434472,0,0,0.04992124,0,0,0.022683261,0,0,0.02473156,0
14580,1,0.78437155,1,0,0.04339833,0,0,0.11940005,0,0,0.096037164,0,0,0.060860027,0
14585,0,0.0012171234,0,1,0.6659695,1,0,0.19860041,0,1,0.8641314,1,0,0.3177935,1
14597,1,0.5635428,1,0,0.030064138,0,0,0.40640146,0,0,0.123048835,0,0,0.06572583,0
14613,1,0.94987303,1,0,0.005422729,0,0,0.021575933,0,0,0.010708357,0,0,0.011155543,0
14620,1,0.6773236,1,0,0.0021872418,0,0,0.13557528,0,0,0.17707793,0,0,0.012488794,0
14627,0,0.2589328,0,0,0.16366744,0,0,0.1686646,0,1,0.49167255,1,0,0.07264686,0
14628,0,0.45668492,1,1,0.2957395,1,0,0.062812336,0,0,0.19243047,0,0,0.084275246,0
14634,1,0.6578874,1,0,0.1697346,0,0,0.049664225,0,0,0.11285127,0,0,0.059626594,0
14637,1,0.9341151,1,0,0.010432732,0,0,0.019013176,0,0,0.018728781,0,0,0.013266801,0
14647,0,0.08569413,0,0,0.049356617,0,0,0.15180911,0,1,0.8475917,1,0,0.036834955,0
14653,0,0.11918706,0,0,0.36579,1,1,0.47870746,1,0,0.32990703,0,0,0.17906149,0
14662,1,0.8920145,1,0,0.01612945,0,0,0.06928649,0,0,0.021963075,0,0,0.02888131,0
14667,0,0.26056063,0,0,0.021419208,0,0,0.17692755,0,1,0.62238044,1,0,0.031145787,0
14670,0,0.044678144,0,1,0.7176726,1,0,0.27315134,0,0,0.266355,0,1,0.3065702,1
14674,0,0.31585312,0,1,0.29359493,1,0,0.061922323,0,0,0.35436612,0,0,0.08252728,0
14678,0,0.028917188,0,0,0.042969275,0,1,0.937118,1,0,0.24529189,0,0,0.07751459,0
14713,0,0.46153393,1,0,0.020164276,0,0,0.051825207,0,1,0.570841,1,0,0.01894004,0
14729,0,0.010019449,0,1,0.21917675,0,1,0.16780946,0,1,0.90778774,1,1,0.08587713,0
14731,0,0.08915415,0,0,0.033373337,0,1,0.7163463,1,1,0.40717584,1,0,0.059260316,0
14745,0,0.0009040776,0,1,0.9499395,1,0,0.16565871,0,0,0.3016033,0,1,0.61403567,1
14746,1,0.91863555,1,0,0.020052224,0,0,0.019760577,0,0,0.021071564,0,0,0.016717514,0
14762,0,0.53884405,1,0,0.013763891,0,0,0.080264404,0,1,0.42258716,1,0,0.020722039,0
14771,1,0.5844871,1,0,0.025774337,0,0,0.37245685,0,0,0.09054106,0,0,0.05324474,0
14775,1,0.7583363,1,0,0.061228283,0,0,0.064074725,0,0,0.1344468,0,0,0.04461034,0
14781,0,0.03933614,0,0,0.53901255,1,1,0.1783362,0,1,0.5600801,1,0,0.17808007,0
14805,0,0.9347633,1,0,0.007643588,0,0,0.029053226,0,0,0.016689297,0,1,0.014851505,0
14814,1,0.6326331,1,0,0.057008944,0,0,0.061036978,0,0,0.29416016,0,0,0.036943447,0
14836,0,0.012208886,0,1,0.8702257,1,1,0.09822877,0,0,0.08637733,0,1,0.32157442,1
14851,1,0.7606805,1,0,0.037114795,0,0,0.042197753,0,0,0.1571068,0,0,0.027671173,0
14869,0,0.0022525652,0,1,0.9443093,1,0,0.10815558,0,0,0.17847078,0,1,0.5010802,1
14912,0,0.09643989,0,0,0.10438652,0,0,0.079406485,0,1,0.8165729,1,0,0.04371119,0
14923,1,0.7294529,1,0,0.029417373,0,0,0.050300386,0,0,0.21998848,0,0,0.028490147,0
14937,0,0.0045569986,0,0,0.7178991,1,1,0.68703055,1,1,0.2362112,0,0,0.39907852,1
14938,1,0.9561388,1,0,0.0034683393,0,0,0.013166459,0,0,0.012680539,0,0,0.007216583,0
14944,1,0.5743468,1,0,0.004218163,0,0,0.3060191,0,0,0.13909636,0,0,0.02075979,0
14946,1,0.86304307,1,0,0.027541215,0,0,0.058837697,0,0,0.048619457,0,0,0.03384982,0
14965,0,0.015747026,0,1,0.5244201,1,0,0.33113697,0,0,0.73869824,1,1,0.26242092,1
14976,1,0.9089056,1,0,0.019786796,0,0,0.029261239,0,0,0.026738808,0,0,0.020809455,0
15001,1,0.9611006,1,0,0.005177121,0,0,0.0153971305,0,0,0.0072813258,0,0,0.009730759,0
15015,1,0.3105368,0,0,0.026882462,0,0,0.2171204,0,0,0.5742879,1,0,0.044730175,0
15024,0,0.058709666,0,1,0.80835944,1,0,0.04059614,0,1,0.069491856,0,0,0.19230515,0
15034,0,0.02836014,0,0,0.036997717,0,0,0.5743806,1,1,0.79183567,1,0,0.045007005,0
15057,1,0.5535906,1,0,0.033219937,0,0,0.44986132,0,0,0.06701567,0,0,0.06379862,0
15059,0,0.0032666558,0,0,0.60919625,1,1,0.34409222,0,1,0.81706685,1,0,0.33739975,1
15064,0,0.0027400504,0,1,0.801367,1,1,0.3561908,0,0,0.5939692,1,0,0.47920018,1
15074,1,0.8432375,1,0,0.007646677,0,0,0.02358079,0,0,0.10830709,0,0,0.010367163,0
15090,1,0.6374373,1,0,0.1655274,0,0,0.068740845,0,0,0.16922897,0,0,0.07254002,0
15094,1,0.905222,1,0,0.010362908,0,0,0.04468103,0,0,0.030638129,0,0,0.02009507,0
15101,0,0.00690579,0,0,0.17458506,0,1,0.9668583,1,0,0.17983435,0,0,0.14384341,0
15136,1,0.7680092,1,0,0.11006127,0,0,0.09185839,0,0,0.08606911,0,0,0.07121763,0
15139,0,0.19126925,0,1,0.5934919,1,0,0.06091903,0,0,0.10104152,0,0,0.12493157,0
15141,0,0.029136272,0,0,0.81970686,1,0,0.08847434,0,1,0.15657544,0,0,0.25788286,1
15180,0,0.030229371,0,0,0.082306586,0,0,0.53327733,1,1,0.8127256,1,0,0.07902946,0
15203,0,0.012096106,0,0,0.031307768,0,1,0.89415985,1,1,0.58860534,1,0,0.054578885,0
15207,0,0.83696115,1,0,0.058428604,0,0,0.076629885,0,1,0.05150675,0,0,0.05329211,0
15221,1,0.9029547,1,0,0.01302958,0,0,0.057348598,0,0,0.021911414,0,0,0.024211813,0
15227,0,0.056389503,0,0,0.035086643,0,0,0.06149243,0,1,0.903316,1,0,0.018374244,0
15235,0,0.0037507568,0,0,0.15588908,0,0,0.13314655,0,1,0.95220995,1,0,0.05638151,0
15259,0,0.14189437,0,1,0.15853553,0,0,0.101834275,0,1,0.7026455,1,0,0.0641818,0
15279,0,0.0068132305,0,1,0.49865466,1,1,0.6297333,1,1,0.7007212,1,0,0.29640758,1
15297,0,0.07111717,0,1,0.104628995,0,1,0.4844408,1,0,0.6692613,1,0,0.077897646,0
15377,1,0.90189254,1,0,0.008549248,0,0,0.06301522,0,0,0.0246042,0,0,0.021589976,0
15384,0,0.0075560105,0,1,0.9042272,1,0,0.11465423,0,0,0.13538395,0,1,0.39276555,1
15391,1,0.9834373,1,0,0.0009440495,0,0,0.0064313407,0,0,0.0023376534,0,0,0.00312459,0
15400,0,0.7154915,1,0,0.03340176,0,0,0.06919048,0,1,0.24589236,0,0,0.036894273,0
15421,0,0.0063064084,0,0,0.41089672,1,1,0.34800592,0,1,0.8541973,1,0,0.20724365,0
15438,0,0.0037044273,0,0,0.056222305,0,1,0.98638827,1,0,0.019149488,0,0,0.060400203,0
15447,0,0.0020164002,0,0,0.83686703,1,1,0.55180377,1,0,0.2311359,0,0,0.48616996,1
15461,1,0.5516107,1,0,0.06536561,0,0,0.39384636,0,0,0.09888636,0,0,0.08852263,0
15484,1,0.700394,1,0,0.11876014,0,0,0.06507989,0,0,0.12716188,0,0,0.0566786,0
15487,1,0.912621,1,0,0.014551394,0,0,0.039297193,0,0,0.021394117,0,0,0.021583313,0
15500,0,0.017440148,0,1,0.6213782,1,0,0.22879925,0,1,0.63624436,1,1,0.26812172,1
15507,1,0.9563194,1,0,0.005342341,0,0,0.012033706,0,0,0.010192079,0,0,0.007944046,0
15526,0,0.0034768458,0,0,0.26514596,1,1,0.76951355,1,0,0.8087216,1,0,0.16368411,0
15532,0,0.012978776,0,0,0.17145339,0,1,0.9553454,1,0,0.21663086,0,0,0.13626525,0
15548,1,0.7848113,1,0,0.11346404,0,0,0.030514423,0,0,0.0462194,0,0,0.040054306,0
15549,0,0.31181103,0,0,0.009990397,0,0,0.12541132,0,1,0.62947637,1,0,0.020714894,0
15573,0,0.003158222,0,0,0.1436816,0,1,0.95102024,1,1,0.561254,1,0,0.100630134,0
15575,1,0.8189484,1,0,0.009069905,0,0,0.02830639,0,0,0.14628902,0,0,0.012849768,0
15588,1,0.58000803,1,0,0.14107406,0,0,0.16531146,0,0,0.19323482,0,0,0.08928459,0
15631,0,0.10134799,0,1,0.43748984,1,0,0.2589546,0,0,0.52686965,1,0,0.19647779,0
15638,1,0.87030905,1,0,0.0067185424,0,0,0.042546924,0,0,0.07006754,0,0,0.015117937,0
15647,0,0.00662922,0,0,0.11858124,0,0,0.74904305,1,1,0.8465705,1,0,0.09112368,0
15652,1,0.8230429,1,0,0.01420209,0,0,0.06585356,0,0,0.09366256,0,0,0.025181312,0
15674,1,0.57266974,1,0,0.15913554,0,0,0.068332285,0,0,0.2540559,0,0,0.06639007,0
15677,1,0.9662171,1,0,0.005577362,0,0,0.007160778,0,0,0.005614845,0,0,0.0059189,0
15689,1,0.8144561,1,0,0.026178729,0,1,0.1392166,0,0,0.061844807,0,0,0.0524845,0
15715,1,0.9040272,1,0,0.012683471,0,0,0.050051533,0,0,0.028686883,0,0,0.02396681,0
15723,1,0.79902256,1,0,0.019829772,0,0,0.14981452,0,0,0.0330356,0,0,0.035267748,0
15729,0,0.13312729,0,1,0.57576495,1,0,0.19829558,0,0,0.22682151,0,0,0.20491919,0
15732,1,0.80246425,1,0,0.037664104,0,0,0.12847878,0,0,0.030699484,0,0,0.04461296,0
15737,1,0.5639103,1,0,0.30998728,1,0,0.02064022,0,0,0.04866006,0,0,0.05174858,0
15744,0,0.24632189,0,1,0.6119225,1,0,0.027603049,0,0,0.057789862,0,0,0.10389336,0
15757,0,0.061232902,0,1,0.5323548,1,0,0.49877205,1,0,0.3364811,0,0,0.25562853,1
15787,0,0.0033879215,0,1,0.90967053,1,0,0.17451152,0,0,0.3037446,0,1,0.49419206,1
15795,0,0.28603092,0,1,0.03194916,0,0,0.028617423,0,0,0.7157409,1,0,0.014602757,0
15796,1,0.9597794,1,0,0.0074198763,0,0,0.016298724,0,0,0.005627727,0,0,0.010915133,0
15797,0,0.0015544188,0,1,0.9142629,1,0,0.30284727,0,0,0.3204874,0,1,0.5956994,1
15798,0,0.0063328426,0,0,0.060389757,0,1,0.9875222,1,0,0.059072707,0,0,0.073207274,0
15800,0,0.037765797,0,1,0.7240501,1,0,0.11430633,0,0,0.28312138,0,0,0.22309048,0
15803,1,0.941952,1,0,0.0037447624,0,0,0.025165292,0,0,0.017809702,0,0,0.010305814,0
15809,0,0.014989008,0,1,0.25627908,1,0,0.11445257,0,1,0.88164806,1,1,0.08870164,0
15810,0,0.00399768,0,0,0.19302797,0,1,0.9456499,1,1,0.5198269,1,0,0.124366075,0
15817,0,0.082934454,0,0,0.026563955,0,1,0.88776624,1,0,0.16334578,0,0,0.060246896,0
15821,1,0.9209702,1,0,0.019276166,0,0,0.022115635,0,0,0.020295596,0,0,0.01765374,0
15852,0,0.021739433,0,0,0.23656553,0,1,0.7866361,1,1,0.6500697,1,0,0.19140518,0
15858,0,0.021624789,0,1,0.7695902,1,0,0.11222569,0,0,0.38400343,0,0,0.27315113,1
15863,0,0.0013294461,0,1,0.94509274,1,0,0.12581673,0,0,0.29373282,0,1,0.55005664,1
15864,0,0.9062373,1,1,0.021595638,0,0,0.022997884,0,0,0.028958274,0,0,0.018385844,0
15865,0,0.023106188,0,0,0.53435934,1,0,0.13894653,0,1,0.6827271,1,0,0.17799905,0
15871,0,0.00526382,0,1,0.8489307,1,0,0.40507948,0,1,0.34474015,0,1,0.5449562,1
15874,0,0.16194908,0,1,0.42392775,1,0,0.07313356,0,0,0.39968485,0,0,0.10137616,0
15897,1,0.9235172,1,0,0.01111699,0,0,0.025887096,0,0,0.022014497,0,0,0.015514496,0
15898,1,0.85575336,1,0,0.0030272147,0,0,0.0241723,0,0,0.113065936,0,0,0.0071838815,0
15899,0,0.6044192,1,0,0.0142843705,0,1,0.42179084,0,0,0.060154483,0,0,0.04415592,0
15900,1,0.9684267,1,0,0.00476138,0,0,0.007371406,0,0,0.005077878,0,0,0.0057443934,0
15901,1,0.18616933,0,0,0.082739025,0,0,0.6550667,1,0,0.34365857,0,0,0.117213994,0
15924,0,0.24375091,0,0,0.016907413,0,0,0.14816587,0,1,0.6830794,1,0,0.026322018,0
15926,0,0.045287803,0,1,0.56920856,1,0,0.20146193,0,0,0.494373,1,0,0.19671927,0
15930,1,0.9403934,1,0,0.007044937,0,0,0.02667604,0,0,0.011932313,0,0,0.012945497,0
15948,1,0.9636934,1,0,0.0026558076,0,0,0.009237585,0,0,0.009462668,0,0,0.0052500335,0
15950,0,0.5072085,1,0,0.043990687,0,0,0.21224254,0,1,0.3293638,0,0,0.056881703,0
15954,0,0.07869227,0,0,0.019349365,0,1,0.8984625,1,0,0.17507356,0,1,0.058103707,0
15958,0,0.0047161733,0,0,0.12481609,0,1,0.9551269,1,1,0.44072908,1,0,0.10186827,0
15959,1,0.9673052,1,0,0.0049532005,0,0,0.009668367,0,0,0.0051499493,0,0,0.0070856577,0
15988,1,0.95081025,1,0,0.010331151,0,0,0.018826893,0,0,0.007945117,0,0,0.013367387,0
16003,1,0.84759444,1,0,0.0039841393,0,0,0.03376463,0,0,0.116370685,0,0,0.010112792,0
16010,0,0.0014221903,0,1,0.51153904,1,0,0.16660693,0,1,0.91283685,1,0,0.20570499,0
16024,1,0.562012,1,0,0.021277677,0,0,0.40002936,0,0,0.10402988,0,0,0.05118866,0
16035,1,0.42167255,1,0,0.010173321,0,1,0.6721126,1,0,0.063730456,0,0,0.04198124,0
16038,0,0.0018667049,0,1,0.64898175,1,1,0.34110883,0,1,0.82877594,1,1,0.37232935,1
16045,0,0.8880545,1,0,0.02147702,0,0,0.072572224,0,0,0.023203673,0,1,0.033814307,0
16046,0,0.004238543,0,0,0.70031327,1,1,0.5485485,1,0,0.60026085,1,0,0.43891388,1
16061,0,0.0030513636,0,1,0.90235305,1,0,0.22563475,0,1,0.39493135,0,1,0.5587923,1
16077,0,0.0032590292,0,0,0.15165591,0,1,0.90146744,1,1,0.74748087,1,0,0.11075904,0
16100,0,0.008574352,0,0,0.10689086,0,1,0.9648402,1,0,0.044954304,0,0,0.09873212,0
16101,0,0.5791549,1,1,0.19828206,0,0,0.086863235,0,0,0.12657937,0,0,0.09094162,0
16119,0,0.10871576,0,1,0.7078994,1,0,0.08299979,0,0,0.08013448,0,0,0.18609291,0
16127,0,0.014411823,0,0,0.19763456,0,1,0.9246328,1,1,0.42148888,1,0,0.1634995,0
16129,1,0.7758435,1,0,0.0072433823,0,0,0.07202631,0,0,0.15128009,0,0,0.017423853,0
16132,0,0.00521092,0,1,0.82627887,1,0,0.24411876,0,0,0.5324541,1,0,0.45844057,1
16135,0,0.17576797,0,0,0.021585423,0,0,0.10006715,0,1,0.78859824,1,0,0.021584662,0
16144,1,0.78039414,1,0,0.05195424,0,0,0.07279028,0,0,0.11028393,0,0,0.0450634,0
16147,1,0.38428503,0,0,0.4881123,1,0,0.042389154,0,0,0.028038125,0,0,0.090868585,0
16149,1,0.94921815,1,0,0.007735384,0,0,0.025931105,0,0,0.008119235,0,0,0.014322401,0
16150,1,0.4944313,1,0,0.006534103,0,0,0.48791027,1,0,0.08268154,0,0,0.02615455,0
16152,0,0.0024713227,0,0,0.2048216,0,0,0.6912153,1,1,0.88456494,1,0,0.11877684,0
16168,0,0.0036682405,0,0,0.26673576,1,1,0.7959606,1,1,0.7875549,1,0,0.1648673,0
16182,0,0.012702737,0,0,0.8482953,1,0,0.099027514,0,0,0.30270618,0,1,0.32769886,1
16187,1,0.9595407,1,0,0.009030767,0,0,0.010709746,0,0,0.00618944,0,0,0.00910925,0
16193,1,0.91813034,1,0,0.015112549,0,0,0.05304205,0,0,0.011719396,0,0,0.024585258,0
16205,1,0.35880545,0,0,0.010137094,0,1,0.5559816,1,0,0.16011195,0,0,0.03590581,0
16214,0,0.032787714,0,1,0.7701374,1,0,0.2154188,0,0,0.29081377,0,1,0.33444914,1
16224,0,0.010237315,0,1,0.83108354,1,0,0.07124725,0,0,0.35165673,0,1,0.2711814,1
16225,0,0.10136152,0,0,0.008206289,0,0,0.19184718,0,1,0.7979157,1,0,0.015112165,0
16233,1,0.92918223,1,0,0.006397817,0,0,0.030053856,0,0,0.023504378,0,0,0.014210751,0
16239,0,0.037521023,0,1,0.72333056,1,0,0.21662265,0,0,0.29414177,0,0,0.28783286,1
16260,0,0.017354453,0,1,0.6389217,1,1,0.61722445,1,0,0.18127425,0,0,0.36391714,1
16261,1,0.9581802,1,0,0.004021735,0,0,0.013423195,0,0,0.0106900055,0,0,0.007840358,0
16264,1,0.6821014,1,0,0.014558158,0,0,0.3253636,0,0,0.031401895,0,0,0.03544901,0
16272,0,0.0018123913,0,1,0.19010153,0,1,0.8889962,1,1,0.79415,1,0,0.123166166,0
16288,1,0.85150826,1,0,0.02079882,0,0,0.0760174,0,0,0.035648108,0,0,0.028311899,0
16340,0,0.009614922,0,0,0.069713086,0,0,0.6556482,1,1,0.8500449,1,0,0.05553845,0
16355,1,0.91375846,1,0,0.011100411,0,0,0.048413083,0,0,0.020621967,0,0,0.022070343,0
16357,0,0.0074005793,0,1,0.7336747,1,1,0.43818521,0,1,0.5485605,1,1,0.43182063,1
16407,1,0.75508726,1,0,0.0071623074,0,0,0.27240896,0,0,0.027883243,0,0,0.026668927,0
16425,1,0.75378996,1,0,0.049574684,0,0,0.10823752,0,0,0.11653411,0,0,0.051621415,0
16427,0,0.24761893,0,0,0.028886098,0,1,0.17204945,0,1,0.6572839,1,0,0.037432536,0
16463,0,0.10108375,0,0,0.69392914,1,0,0.044344608,0,1,0.10147169,0,0,0.13017291,0
16465,0,0.010587529,0,0,0.12239068,0,1,0.606562,1,1,0.8646131,1,0,0.08723417,0
16468,1,0.73512125,1,0,0.051725395,0,0,0.100068405,0,0,0.16407666,0,0,0.053132564,0
16469,1,0.76508194,1,0,0.047638275,0,0,0.1472898,0,0,0.07508875,0,0,0.058688458,0
16499,1,0.9513416,1,0,0.0017835854,0,0,0.020190984,0,0,0.015865905,0,0,0.0067936243,0
16511,0,0.30260167,0,1,0.54689085,1,0,0.07240456,0,0,0.07069173,0,0,0.1364281,0
16526,0,0.4927064,1,0,0.019031119,0,1,0.16941682,0,0,0.3808632,0,0,0.034784373,0
16529,0,0.047223028,0,0,0.03110374,0,1,0.858561,1,0,0.36276233,0,0,0.0592947,0
16532,0,0.62364346,1,0,0.03574703,0,0,0.05915809,0,1,0.3556839,0,0,0.02975306,0
16534,1,0.6089879,1,0,0.24607953,0,0,0.08724976,0,0,0.049713925,0,0,0.09564086,0
16535,0,0.037719283,0,1,0.8331941,1,0,0.077235654,0,0,0.09377643,0,0,0.26687536,1
16537,1,0.5958559,1,0,0.19889121,0,0,0.14314325,0,0,0.05986289,0,0,0.10802707,0
16542,1,0.9039145,1,0,0.018436205,0,0,0.030230615,0,0,0.030754741,0,0,0.020197894,0
16543,0,0.008578531,0,0,0.1582661,0,0,0.17384098,0,1,0.93202114,1,0,0.06829269,0
16563,1,0.35506508,0,0,0.30935448,1,0,0.17898156,0,0,0.21848923,0,0,0.13617739,0
16564,0,0.021435635,0,0,0.58435297,1,0,0.3526714,0,1,0.5919087,1,0,0.2728615,1
16566,0,0.010939907,0,0,0.44520018,1,0,0.7016071,1,1,0.65139765,1,0,0.29804724,1
16572,1,0.8990191,1,0,0.042923003,0,0,0.033103947,0,0,0.0131838685,0,0,0.030989502,0
16591,0,0.0076888916,0,1,0.89421105,1,0,0.14429054,0,0,0.21191797,0,0,0.42908612,1
16596,1,0.9684,1,0,0.0028659306,0,0,0.010323796,0,0,0.006593107,0,0,0.006045459,0
16602,0,0.088635385,0,1,0.7096672,1,1,0.14282109,0,0,0.16564669,0,0,0.24753357,0
16603,1,0.9470738,1,0,0.016661188,0,0,0.0098001035,0,0,0.006416592,0,0,0.010994935,0
16609,0,0.017052213,0,1,0.48317567,1,0,0.41957775,0,1,0.7272291,1,1,0.25745454,1
16637,1,0.9148072,1,0,0.01713866,0,0,0.033231556,0,0,0.022813179,0,0,0.02171631,0
16647,1,0.6046319,1,0,0.031006616,0,0,0.36822528,0,0,0.09608488,0,0,0.066600926,0
16651,1,0.5372017,1,0,0.122521274,0,0,0.078475095,0,0,0.37569,0,0,0.059528545,0
16658,0,0.06303072,0,1,0.71578723,1,0,0.12355023,0,0,0.18457201,0,0,0.21871045,0
16674,0,0.4039433,1,0,0.015524347,0,1,0.6738954,1,0,0.08199956,0,0,0.054130614,0
16692,0,0.30429187,0,0,0.11920529,0,0,0.09736787,0,1,0.61220056,1,0,0.059358455,0
16700,0,0.0028353392,0,0,0.1485468,0,1,0.8850848,1,0,0.7991162,1,0,0.108071186,0
16707,0,0.4047248,1,1,0.44499746,1,0,0.033251457,0,0,0.062371742,0,0,0.080168165,0
16712,0,0.76822174,1,0,0.007079683,0,0,0.041267328,0,1,0.20981774,0,0,0.013177827,0
16735,0,0.054365404,0,1,0.20190637,0,1,0.8169348,1,0,0.18752062,0,0,0.12090919,0
16748,0,0.002796712,0,0,0.14574383,0,1,0.95541734,1,0,0.6024494,1,1,0.11137002,0
16750,0,0.048378002,0,1,0.79003394,1,0,0.15682462,0,0,0.17109028,0,0,0.32047865,1
16780,1,0.9291559,1,0,0.011466971,0,0,0.026437808,0,0,0.018561216,0,0,0.01646039,0
16782,0,0.022991922,0,0,0.75715894,1,0,0.37772256,0,1,0.24712633,0,0,0.39461905,1
16783,0,0.064972974,0,1,0.43872535,1,0,0.17663991,0,0,0.62334776,1,1,0.1700012,0
16792,1,0.8681526,1,0,0.026440741,0,0,0.03910274,0,0,0.05505544,0,0,0.02675932,0
16803,1,0.94722664,1,0,0.0071995556,0,0,0.020263288,0,0,0.012621241,0,0,0.012490799,0
16807,0,0.019315673,0,1,0.3820635,1,0,0.72369176,1,1,0.6034045,1,0,0.22759868,0
16815,1,0.9429851,1,0,0.0021043771,0,0,0.018078953,0,0,0.021801688,0,0,0.006584551,0
16817,1,0.78476316,1,0,0.030051874,0,0,0.082253836,0,0,0.1384048,0,0,0.042093802,0
16861,0,0.0047656572,0,0,0.19823898,0,1,0.9636932,1,1,0.35041052,0,0,0.1344764,0
16865,1,0.7665126,1,0,0.034152985,0,0,0.15396643,0,0,0.0880775,0,0,0.0548714,0
16871,0,0.41563043,1,1,0.095194496,0,0,0.43693283,0,0,0.02838697,0,0,0.07137124,0
16876,0,0.0019569844,0,1,0.93848073,1,0,0.13249809,0,0,0.23926426,0,1,0.51779014,1
16883,0,0.00844395,0,0,0.08463962,0,1,0.9800163,1,0,0.09716953,0,0,0.09145561,0
16898,0,0.031175472,0,0,0.13129707,0,1,0.30252552,0,1,0.8726172,1,0,0.08814397,0
16905,0,0.018176882,0,0,0.5771083,1,0,0.30707452,0,1,0.67394274,1,0,0.2774294,1
16908,0,0.013001219,0,1,0.7990895,1,0,0.1910347,0,0,0.43461525,1,0,0.377829,1
16915,0,0.39364004,0,1,0.20877169,0,0,0.05025965,0,0,0.35237777,0,0,0.06000029,0
16920,0,0.011435123,0,0,0.070163205,0,1,0.979737,1,0,0.09516945,0,0,0.097055495,0
16944,0,0.33962777,0,0,0.44790426,1,0,0.14157827,0,0,0.059206113,0,1,0.14767194,0
16952,0,0.022109102,0,0,0.08208963,0,0,0.48550388,1,1,0.85930365,1,0,0.06679321,0
16955,1,0.647273,1,0,0.18735576,0,0,0.07613506,0,0,0.023652285,0,0,0.07072306,0
16975,1,0.781744,1,1,0.13588315,0,0,0.03119013,0,0,0.017182047,0,0,0.04733752,0
16993,1,0.41860583,1,0,0.1580915,0,0,0.18271436,0,0,0.43889463,1,0,0.09980165,0
16994,1,0.8252939,1,0,0.073303044,0,0,0.049731437,0,0,0.04806602,0,0,0.044728626,0
17000,0,0.016221497,0,0,0.13609406,0,1,0.73483425,1,1,0.7643918,1,0,0.11136233,0
17007,0,0.011045762,0,0,0.14908905,0,1,0.6969281,1,1,0.8075665,1,0,0.10374357,0
17021,1,0.918965,1,0,0.0152985435,0,0,0.035287928,0,0,0.019140841,0,0,0.021210644,0
17083,0,0.019106628,0,0,0.6171704,1,0,0.21098793,0,1,0.6747214,1,0,0.2835149,1
17084,0,0.9391095,1,0,0.016405879,0,1,0.027024224,0,0,0.0073160296,0,0,0.01899325,0
17091,0,0.11375528,0,0,0.26432648,1,0,0.24833332,0,1,0.6676944,1,0,0.15182848,0
17140,0,0.41977164,1,1,0.4315354,1,0,0.06485831,0,0,0.08052381,0,0,0.11039788,0
17169,1,0.55421925,1,0,0.1190646,0,1,0.37516943,0,0,0.097258314,0,0,0.117894426,0
17176,1,0.9495998,1,0,0.0070593082,0,0,0.019918155,0,0,0.010728283,0,0,0.012052422,0
17192,1,0.2851678,0,0,0.018725881,0,1,0.7749343,1,0,0.101418234,0,0,0.060571626,0
17193,1,0.5352498,1,0,0.052696478,0,0,0.18665892,0,0,0.300035,0,0,0.057944216,0
17202,0,0.6608834,1,0,0.105011664,0,1,0.12975928,0,0,0.15353848,0,0,0.07545752,0
17214,1,0.61504686,1,0,0.19659187,0,0,0.11145763,0,0,0.07297348,0,0,0.10597451,0
17226,0,0.51399666,1,0,0.379795,1,0,0.044130128,0,0,0.026744118,0,1,0.08050171,0
17244,0,0.012531689,0,0,0.22844718,0,1,0.8362205,1,0,0.6308973,1,0,0.15738526,0
17247,0,0.04632762,0,0,0.12378593,0,1,0.6288918,1,0,0.6761952,1,0,0.0974313,0
17252,0,0.42284104,1,1,0.055012327,0,0,0.5476344,1,0,0.07091179,0,0,0.072170615,0
17259,0,0.7853411,1,1,0.06725601,0,0,0.054600645,0,0,0.090557806,0,0,0.043420766,0
17286,0,0.0014602453,0,1,0.85781157,1,0,0.1896563,0,1,0.65095717,1,1,0.49879295,1
17290,1,0.95659935,1,0,0.0064234813,0,0,0.015078165,0,0,0.008607023,0,0,0.010017258,0
17297,0,0.17816591,0,0,0.02169758,0,1,0.78948975,1,0,0.17842172,0,0,0.063427866,0
17298,0,0.3392859,0,1,0.51015913,1,0,0.10110351,0,0,0.07813185,0,1,0.16256836,0
17309,0,0.004892644,0,1,0.8748779,1,0,0.28982404,0,0,0.16733474,0,1,0.44376177,1
17316,0,0.0710812,0,1,0.57247835,1,0,0.050097052,0,0,0.36602783,0,0,0.11736915,0
17323,0,0.019178182,0,1,0.75987774,1,0,0.22679941,0,0,0.43295372,1,0,0.35606858,1
17325,0,0.2898666,0,0,0.041259453,0,0,0.19150905,0,0,0.57311624,1,1,0.04981119,0
17358,1,0.90403134,1,0,0.020912783,0,0,0.045471616,0,0,0.0242142,0,0,0.02787277,0
17370,1,0.6373746,1,0,0.07056104,0,0,0.10351637,0,0,0.2627383,0,0,0.05464346,0
17371,0,0.16237955,0,0,0.034128048,0,1,0.11093442,0,0,0.7863707,1,0,0.027898828,0
17401,0,0.039190475,0,0,0.10111419,0,1,0.19758512,0,1,0.88045675,1,0,0.059042312,0
17403,0,0.031246942,0,0,0.11871281,0,0,0.22146685,0,1,0.8909879,1,0,0.078009374,0
17404,0,0.009370327,0,1,0.047386445,0,0,0.1860251,0,1,0.95054984,1,0,0.027273644,0
17419,0,0.6687171,1,0,0.046896085,0,0,0.09324116,0,1,0.25814316,0,0,0.045392647,0
17420,0,0.5194133,1,0,0.0067041395,0,0,0.16554087,0,1,0.322589,0,0,0.021063603,0
17430,0,0.03193687,0,0,0.08845484,0,0,0.28022498,0,1,0.8773142,1,0,0.06022897,0
17431,0,0.016366944,0,0,0.1250436,0,1,0.25653982,0,1,0.91216034,1,0,0.07553133,0
17455,1,0.80595857,1,0,0.018651973,0,0,0.04530262,0,0,0.13403712,0,0,0.022934312,0
17482,0,0.007268205,0,0,0.09156972,0,1,0.29471767,0,1,0.94291985,1,0,0.054213706,0
17511,1,0.8696722,1,0,0.009292543,0,0,0.03831549,0,0,0.07758085,0,0,0.017351761,0
17525,1,0.7521892,1,0,0.07047734,0,0,0.07171932,0,0,0.112459265,0,0,0.05133464,0
17536,0,0.18435165,0,1,0.60180473,1,0,0.08228043,0,0,0.19111986,0,0,0.1625347,0
17539,0,0.0032944414,0,0,0.21476461,0,1,0.87859213,1,0,0.74119604,1,0,0.13820763,0
17547,1,0.9580989,1,0,0.010424121,0,0,0.013059386,0,0,0.005819772,0,0,0.011249334,0
17575,0,0.8096448,1,0,0.034164302,0,0,0.07558916,0,1,0.08074625,0,0,0.037844803,0
17577,1,0.93276244,1,0,0.024240758,0,0,0.016543135,0,0,0.008963897,0,0,0.017520184,0
17590,0,0.016630068,0,1,0.8372345,1,0,0.20228872,0,0,0.15542884,0,0,0.36631912,1
17592,1,0.9606861,1,0,0.004694097,0,0,0.014409296,0,0,0.00822453,0,0,0.008909535,0
17593,1,0.89980435,1,0,0.020920224,0,0,0.056338422,0,0,0.021218471,0,0,0.030463932,0
17608,1,0.87852913,1,0,0.025717722,0,0,0.043270346,0,0,0.0387091,0,0,0.026716534,0
17617,0,0.2963543,0,0,0.004757146,0,1,0.3990205,0,0,0.3359579,0,0,0.020808026,0
17621,1,0.95758355,1,0,0.006485212,0,0,0.016833128,0,0,0.007818648,0,0,0.010988741,0
17623,1,0.3459136,0,0,0.4204204,1,0,0.14194453,0,0,0.07222186,0,0,0.16124421,0
17638,0,0.13494039,0,0,0.058145825,0,1,0.87311405,1,0,0.06898044,0,1,0.089006126,0
17641,1,0.9559991,1,0,0.0027699221,0,0,0.022150137,0,0,0.0101259425,0,0,0.008708992,0
17648,0,0.9012347,1,1,0.019484159,0,0,0.04091171,0,0,0.032234713,0,0,0.026103374,0
17655,0,0.0869206,0,1,0.54811215,1,0,0.24090184,0,0,0.41305718,1,0,0.2060012,0
17658,0,0.3940886,0,1,0.100650735,0,0,0.22323251,0,1,0.38858604,0,0,0.084520645,0
17661,1,0.9396573,1,0,0.006650723,0,0,0.031993654,0,0,0.011636799,0,0,0.014405627,0
17676,1,0.89161813,1,0,0.007693226,0,0,0.08344654,0,0,0.018814588,0,0,0.02102903,0
17689,1,0.07957089,0,0,0.011322979,0,1,0.7666893,1,0,0.36537588,0,0,0.034314103,0
17690,0,0.0030655917,0,1,0.7211451,1,1,0.7142909,1,0,0.17273378,0,1,0.37038922,1
17700,0,0.63420904,1,0,0.13717945,0,1,0.1655701,0,0,0.08991272,0,0,0.09958102,0
17701,0,0.9240426,1,0,0.014930828,0,0,0.03694651,0,0,0.018718207,0,1,0.023652378,0
17711,1,0.8629621,1,0,0.014644177,0,0,0.07482707,0,0,0.05426284,0,0,0.030226583,0
17719,0,0.005325204,0,0,0.28445414,1,1,0.93090713,1,1,0.34947774,0,0,0.19193496,0
17731,1,0.9348586,1,0,0.018255217,0,0,0.02766338,0,0,0.010577992,0,0,0.02072435,0
17737,1,0.8509601,1,0,0.008811559,0,0,0.030789606,0,0,0.097426265,0,0,0.013506615,0
17739,1,0.88424325,1,0,0.011575917,0,0,0.03209341,0,0,0.060201894,0,0,0.017785996,0
17744,0,0.0056212014,0,0,0.2564983,1,0,0.1719485,0,1,0.92682624,1,0,0.10525346,0
17748,1,0.74384147,1,0,0.04711706,0,0,0.13062996,0,0,0.13496448,0,0,0.058960266,0
17749,1,0.89711374,1,0,0.014418353,0,0,0.028553005,0,0,0.041340314,0,0,0.01792352,0
17780,1,0.7571128,1,0,0.05584945,0,0,0.14186634,0,0,0.096400075,0,0,0.06503153,0
17805,1,0.8871705,1,0,0.017389404,0,0,0.0377831,0,0,0.04483769,0,0,0.022607554,0
17808,0,0.06773976,0,0,0.041833818,0,0,0.31401804,0,1,0.81027,1,0,0.046099488,0
17818,0,0.126403,0,1,0.71777445,1,0,0.05437027,0,0,0.050468154,0,0,0.1652504,0
17827,1,0.7984434,1,0,0.09961117,0,0,0.04469289,0,0,0.023077523,0,0,0.049689643,0
17839,0,0.23296514,0,1,0.57866824,1,0,0.073145196,0,0,0.10433369,0,0,0.14313777,0
17860,0,0.012372539,0,1,0.45959967,1,1,0.6093163,1,0,0.5821767,1,0,0.253526,1
17865,1,0.77454805,1,0,0.055007566,0,0,0.08783831,0,0,0.118075766,0,0,0.05404709,0
17866,0,0.022237042,0,0,0.44900435,1,0,0.7270633,1,1,0.48919904,1,1,0.25959775,1
17868,0,0.029896967,0,0,0.69498825,1,0,0.17587604,0,1,0.48533314,1,1,0.28133824,1
17870,0,0.011593126,0,1,0.22407965,0,1,0.8548445,1,0,0.63954824,1,0,0.14979944,0
17885,0,0.22921363,0,0,0.30218992,1,1,0.33892488,0,0,0.08604713,0,0,0.18431455,0
17888,1,0.8005648,1,0,0.09593782,0,1,0.07633306,0,0,0.05830068,0,0,0.06749657,0
17891,1,0.82958865,1,0,0.050411902,0,0,0.085549206,0,0,0.034483016,0,0,0.05347031,0
17904,0,0.016932422,0,0,0.5863286,1,0,0.25815856,0,1,0.5975286,1,0,0.23162802,0
17906,0,0.0032361248,0,0,0.14969102,0,1,0.9725891,1,0,0.060352173,0,0,0.11139747,0
17909,0,0.59011227,1,0,0.023828052,0,1,0.42702347,0,0,0.04568828,0,0,0.050476868,0
17910,0,0.54441684,1,0,0.022865131,0,0,0.047998365,0,1,0.487773,1,0,0.020896623,0
17918,1,0.9277073,1,0,0.01188236,0,0,0.04346878,0,0,0.010701626,0,0,0.02018207,0
17919,1,0.344593,0,0,0.5081426,1,0,0.10830673,0,0,0.113072105,0,0,0.14683887,0
17920,0,0.0021913315,0,0,0.1529484,0,1,0.9446422,1,0,0.6788106,1,0,0.10967977,0
17921,1,0.8983563,1,0,0.020030806,0,0,0.05263682,0,0,0.026862517,0,0,0.029443769,0
17935,1,0.3188342,0,0,0.44949517,1,0,0.030882755,0,0,0.15212314,0,0,0.07435405,0
17936,0,0.8656749,1,0,0.004392274,0,1,0.13387656,0,0,0.012857192,0,0,0.016295414,0
17937,0,0.6150075,1,0,0.09502982,0,1,0.29430237,0,0,0.11480865,0,1,0.10469052,0
17951,0,0.5585511,1,0,0.011394638,0,0,0.3359375,0,1,0.16750753,0,0,0.037517443,0
17959,0,0.065276064,0,1,0.64660823,1,0,0.04684252,0,0,0.24098985,0,0,0.12809123,0
17970,1,0.92099434,1,0,0.0076121166,0,0,0.04493367,0,0,0.020860102,0,0,0.018553423,0
17983,0,0.039736804,0,1,0.10515868,0,0,0.54918146,1,0,0.785137,1,0,0.093804106,0
17995,0,0.017649787,0,1,0.8589451,1,1,0.10794221,0,0,0.13804775,0,1,0.3260487,1
17996,1,0.94437975,1,0,0.013232649,0,0,0.014044591,0,0,0.010576834,0,0,0.012123824,0
18017,0,0.4352461,1,0,0.33939704,1,0,0.13033578,0,0,0.26683244,0,1,0.14036368,0
18019,0,0.0013555281,0,1,0.05814952,0,0,0.08467406,0,1,0.9826294,1,0,0.017907564,0
18055,1,0.67032415,1,0,0.22961174,0,0,0.054776184,0,0,0.044627685,0,0,0.07982256,0
18056,0,0.39126343,0,0,0.005382428,0,0,0.04483334,0,1,0.6288986,1,0,0.008407335,0
18057,0,0.001351978,0,1,0.063065775,0,0,0.0922927,0,1,0.9819999,1,0,0.020342832,0
18068,1,0.79469085,1,0,0.068443775,0,0,0.03125577,0,0,0.0779999,0,0,0.032385144,0
18111,1,0.75278205,1,0,0.033271626,0,0,0.057295002,0,0,0.17396404,0,0,0.031982057,0
18121,0,0.14968929,0,0,0.044149555,0,1,0.8336124,1,0,0.19312629,0,0,0.094102636,0
18131,0,0.013888136,0,0,0.42824745,1,1,0.82121545,1,1,0.4669232,1,0,0.29736137,1
18132,1,0.77016574,1,0,0.021469204,0,0,0.06963111,0,0,0.14753804,0,0,0.028629886,0
18134,1,0.65754044,1,0,0.020265248,0,0,0.19100744,0,0,0.19538125,0,0,0.04330767,0
18140,0,0.02553882,0,1,0.28645578,1,1,0.68055433,1,0,0.6626639,1,0,0.19022726,0
18162,0,0.004247359,0,1,0.7367094,1,0,0.23794715,0,0,0.6998974,1,1,0.37756133,1
18172,1,0.9243044,1,0,0.0034443424,0,0,0.028158173,0,0,0.030092482,0,0,0.009906465,0
18175,1,0.9608576,1,0,0.0065391595,0,0,0.0077091972,0,0,0.0072312714,0,0,0.0063944072,0
18200,1,0.87765104,1,0,0.01872015,0,0,0.06577497,0,0,0.0365324,0,0,0.030156225,0
18202,0,0.04039785,0,0,0.050020866,0,1,0.9059111,1,0,0.26997983,0,0,0.079439536,0
18232,1,0.95050645,1,0,0.00296087,0,0,0.016129367,0,0,0.014789034,0,0,0.0071505206,0
18234,0,0.02664448,0,1,0.26533103,1,0,0.06935043,0,0,0.83081305,1,1,0.06819019,0
18240,0,0.12703459,0,0,0.033841003,0,1,0.77870995,1,0,0.29278952,0,0,0.07402336,0
18256,0,0.1442625,0,1,0.4187521,1,0,0.30408695,0,1,0.45959944,1,0,0.19787824,0
18266,1,0.38089523,0,1,0.083905905,0,0,0.18458456,0,0,0.5475168,1,0,0.07419553,0
18295,0,0.022559164,0,0,0.027959647,0,1,0.7133683,1,1,0.73316747,1,0,0.043955747,0
18296,0,0.15322725,0,1,0.68912745,1,0,0.020988405,0,0,0.017208898,0,0,0.10863042,0
18332,1,0.24674772,0,0,0.018150305,0,1,0.62960947,1,0,0.21584246,0,0,0.046112724,0
18363,0,0.025776235,0,1,0.083086506,0,0,0.24077116,0,1,0.9083883,1,0,0.061213415,0
18364,0,0.022766348,0,0,0.12922043,0,0,0.46961495,1,1,0.83925164,1,0,0.11689039,0
18365,1,0.93393373,1,0,0.012611731,0,0,0.03519089,0,0,0.010460958,0,0,0.01933408,0
18367,1,0.7046673,1,0,0.04138241,0,0,0.06777643,0,0,0.23691773,0,0,0.038439386,0
18392,1,0.7594251,1,0,0.011231246,0,0,0.13518065,0,0,0.09900044,0,0,0.027724981,0
18416,1,0.17679732,0,0,0.011651588,0,0,0.34509015,0,0,0.604621,1,0,0.028043618,0
18421,0,0.03845293,0,0,0.18578352,0,1,0.61472756,1,1,0.60779256,1,0,0.109029554,0
18422,0,0.008968507,0,1,0.79222894,1,0,0.18308967,0,0,0.46963027,1,0,0.34562388,1
18425,0,0.0897735,0,1,0.66375697,1,0,0.10890937,0,0,0.24794212,0,0,0.19638717,0
18432,0,0.0039365925,0,1,0.48839182,1,1,0.258833,0,1,0.869957,1,1,0.22601226,0
18464,0,0.8474682,1,1,0.04274256,0,0,0.02687496,0,0,0.052285444,0,0,0.024266273,0
18473,1,0.8715481,1,0,0.024726382,0,0,0.046610918,0,0,0.048485782,0,0,0.028474828,0
18490,0,0.056642108,0,0,0.04455997,0,0,0.12234108,0,1,0.8838986,1,0,0.027667211,0
18499,0,0.002967059,0,0,0.2092994,0,1,0.94916725,1,0,0.0313983,0,0,0.12381677,0
18501,1,0.85133463,1,0,0.042404003,0,0,0.077040404,0,0,0.027827177,0,0,0.042083904,0
18506,0,0.0028403695,0,0,0.32728678,1,0,0.35245785,0,1,0.91296506,1,0,0.16149923,0
18519,1,0.7341892,1,0,0.021416774,0,0,0.030401478,0,0,0.2373837,0,0,0.018054329,0
18520,0,0.0068898625,0,1,0.8454476,1,1,0.3496117,0,1,0.3772395,0,0,0.51679134,1
18548,0,0.0029807223,0,0,0.038036346,0,1,0.9899003,1,0,0.0071032187,0,0,0.037793756,0
18592,0,0.0078710895,0,0,0.14834428,0,0,0.38184422,0,1,0.90012485,1,0,0.08173432,0
18612,1,0.9474001,1,0,0.001766025,0,0,0.018696494,0,0,0.018382277,0,0,0.0062119653,0
18620,1,0.6756684,1,0,0.008223636,0,0,0.32036114,0,0,0.07381681,0,0,0.03245912,0
18638,0,0.019485908,0,0,0.12700506,0,1,0.9505353,1,0,0.21560523,0,0,0.13458754,0
18639,1,0.6565824,1,0,0.06159924,0,0,0.11848298,0,0,0.25678247,0,0,0.05969342,0
18644,0,0.019637581,0,0,0.4407774,1,0,0.67271334,1,1,0.49589738,1,1,0.24099985,0
18656,1,0.9154389,1,0,0.034514274,0,0,0.020597592,0,0,0.012270265,0,0,0.022290606,0
18661,1,0.90058017,1,0,0.0062230583,0,0,0.042357046,0,0,0.035334088,0,0,0.014754189,0
18671,0,0.012212198,0,0,0.17967598,0,1,0.9417646,1,0,0.30909416,0,0,0.13070358,0
18673,1,0.6635386,1,0,0.013110525,0,0,0.05923122,0,0,0.30853865,0,0,0.019268543,0
18676,0,0.014481071,0,1,0.2931115,1,0,0.17996363,0,0,0.85855836,1,1,0.111254856,0
18708,0,0.15118508,0,1,0.59991246,1,0,0.113645524,0,0,0.19477122,0,0,0.17956667,0
18710,0,0.016991083,0,0,0.14752747,0,1,0.773067,1,1,0.72489595,1,0,0.12692066,0
18712,0,0.002281102,0,1,0.8910034,1,0,0.19228092,0,1,0.49286768,1,1,0.51832014,1
18737,0,0.0020184163,0,0,0.10157017,0,0,0.14500433,0,1,0.9721096,1,0,0.038855057,0
18739,0,0.0036380673,0,0,0.5346446,1,0,0.44410586,0,1,0.81079173,1,0,0.301197,1
18740,0,0.2744297,0,0,0.020794922,0,0,0.06636781,0,1,0.7108978,1,0,0.018117238,0
18742,1,0.8816451,1,0,0.014955407,0,0,0.06474141,0,0,0.039542943,0,0,0.028560076,0
18752,0,0.0046782866,0,1,0.25700966,1,1,0.6266193,1,1,0.8547615,1,0,0.14767087,0
18756,0,0.005315882,0,1,0.74963504,1,0,0.5134446,1,1,0.5036499,1,0,0.45910686,1
18758,0,0.5197561,1,0,0.03033226,0,0,0.069402985,0,1,0.49252415,1,0,0.029229665,0
18761,1,0.54840356,1,0,0.13731267,0,0,0.34104562,0,0,0.08196644,0,0,0.11321159,0
18762,0,0.033403363,0,0,0.62318337,1,0,0.11891165,0,1,0.52182525,1,0,0.19387382,0
18775,0,0.18843314,0,0,0.01433941,0,1,0.6016307,1,1,0.36894223,0,0,0.044123616,0
18777,0,0.0071087293,0,0,0.14147659,0,1,0.9433043,1,0,0.01843589,0,0,0.084511384,0
18797,0,0.05066113,0,0,0.2541478,1,1,0.8508387,1,1,0.2953559,0,0,0.18400788,0
18802,1,0.7867135,1,0,0.029842814,0,0,0.035218287,0,0,0.1276488,0,0,0.022391545,0
18808,0,0.53491205,1,1,0.1810318,0,0,0.19726847,0,0,0.14514989,0,0,0.095857486,0
18831,0,0.40181053,1,0,0.07274078,0,1,0.16869473,0,0,0.48180053,1,0,0.059400573,0
18847,1,0.9517443,1,0,0.0034177776,0,0,0.024933025,0,0,0.009760233,0,0,0.009632789,0
18859,0,0.011105296,0,1,0.32345358,1,1,0.50830066,1,1,0.81507576,1,0,0.19266486,0
18882,1,0.766438,1,0,0.10899051,0,0,0.064780064,0,0,0.08566299,0,0,0.061553907,0
18888,1,0.74203676,1,0,0.04564895,0,0,0.11421057,0,0,0.14920351,0,0,0.054327052,0
18891,0,0.3450104,0,0,0.016812267,0,1,0.6863364,1,0,0.1015399,0,0,0.050927587,0
18914,0,0.093255654,0,0,0.1730887,0,1,0.8539557,1,0,0.1054659,0,0,0.14103411,0
18916,0,0.002000344,0,0,0.52112156,1,1,0.88159007,1,0,0.0785169,0,0,0.2516131,1
18937,0,0.3173248,0,1,0.25517163,1,0,0.030361671,0,0,0.32380655,0,0,0.050369896,0
18974,0,0.77315843,1,0,0.10338133,0,1,0.06724502,0,0,0.07746572,0,0,0.060702264,0
18982,1,0.61913455,1,0,0.16499853,0,0,0.16995159,0,0,0.08259079,0,0,0.10338123,0
19017,0,0.863105,1,0,0.036725294,0,0,0.08185822,0,1,0.021681538,0,0,0.04118274,0
19042,1,0.95543474,1,0,0.0069587524,0,0,0.016364373,0,0,0.008822752,0,0,0.011021661,0
19053,0,0.7797362,1,0,0.008231297,0,0,0.042098753,0,1,0.19127917,0,0,0.014319898,0
19054,0,0.003035286,0,0,0.2704765,1,0,0.41324,0,1,0.90958285,1,0,0.1351915,0
19067,0,0.0068761017,0,0,0.09214485,0,0,0.4060262,0,1,0.93176734,1,0,0.06342056,0
19074,0,0.21715865,0,0,0.021354614,0,1,0.6504574,1,1,0.2908864,0,0,0.05896032,0
19077,1,0.903334,1,0,0.019578613,0,0,0.022533117,0,0,0.03200671,0,0,0.01732224,0
19081,0,0.9373226,1,0,0.0026829715,0,1,0.037508164,0,0,0.013416813,0,0,0.00961553,0
19097,0,0.009615281,0,1,0.48861474,1,0,0.6811371,1,1,0.63509595,1,0,0.29713765,1
19104,0,0.15791854,0,0,0.3844061,1,0,0.23946135,0,1,0.44063076,1,0,0.17099932,0
19134,0,0.011404068,0,0,0.15043062,0,1,0.9585156,1,0,0.26145542,0,0,0.13935283,0
19147,0,0.84575653,1,0,0.019787647,0,1,0.0659041,0,0,0.055677786,0,0,0.027637467,0
19164,0,0.047384303,0,1,0.6937265,1,1,0.22540683,0,0,0.3930559,0,0,0.31648618,1
19187,0,0.30337423,0,0,0.02568136,0,0,0.22881097,0,1,0.55217576,1,0,0.042223614,0
19208,1,0.88831407,1,0,0.040931847,0,0,0.034228217,0,0,0.02089492,0,0,0.03307168,0
19209,0,0.6301942,1,1,0.21444601,0,0,0.038132433,0,0,0.090667665,0,0,0.0558363,0
19213,1,0.41092137,1,0,0.020772012,0,0,0.21770237,0,0,0.4160901,1,0,0.037386373,0
19217,1,0.596185,1,0,0.009653089,0,0,0.49807417,1,0,0.035759185,0,0,0.03715592,0
19226,0,0.1637127,0,1,0.58323044,1,0,0.019746527,0,0,0.10687509,0,0,0.07065024,0
19231,1,0.72235805,1,0,0.0116793895,0,0,0.25530508,0,0,0.07544439,0,0,0.03743082,0
19250,0,0.60317165,1,1,0.2951652,1,0,0.04611689,0,0,0.038783908,0,0,0.07282754,0
19251,0,0.14025955,0,1,0.48654065,1,0,0.097267345,0,0,0.41930377,1,0,0.14684601,0
19254,1,0.2552536,0,0,0.5496048,1,0,0.07783084,0,0,0.11057959,0,0,0.13845755,0
19256,1,0.55753446,1,0,0.072715685,0,0,0.13035972,0,0,0.3638393,0,0,0.06301314,0
19267,0,0.007855819,0,1,0.5052925,1,1,0.4393026,0,0,0.7910114,1,1,0.29226944,1
19268,0,0.00682527,0,1,0.20704478,0,0,0.8292526,1,0,0.7201573,1,0,0.1217204,0
19271,1,0.92148554,1,0,0.003927016,0,0,0.034605503,0,0,0.028133601,0,0,0.011715889,0
19286,1,0.8807554,1,0,0.010743101,0,0,0.09524541,0,0,0.015812008,0,0,0.024046153,0
19287,1,0.79010975,1,0,0.09932971,0,0,0.054184027,0,0,0.039142076,0,0,0.056340348,0
19291,1,0.517887,1,0,0.12417477,0,0,0.20362033,0,0,0.23322812,0,0,0.10498914,0
19293,1,0.25500974,0,0,0.026777195,0,0,0.510113,1,0,0.38093486,0,0,0.06283238,0
19305,0,0.0015194569,0,0,0.14813884,0,1,0.93373865,1,0,0.75342584,1,0,0.09674458,0
19314,1,0.47060198,1,0,0.03855585,0,0,0.5074444,1,0,0.07590976,0,0,0.06304769,0
19316,0,0.004193326,0,0,0.2883802,1,0,0.34466085,0,1,0.9102879,1,0,0.14354649,0
19324,1,0.8897072,1,0,0.031003796,0,0,0.039203636,0,0,0.033759356,0,0,0.029529516,0
19328,0,0.041095693,0,1,0.8000284,1,0,0.08743538,0,0,0.14379713,0,0,0.2524839,1
19330,0,0.6622729,1,0,0.03399934,0,1,0.26846945,0,0,0.10041354,0,0,0.059994284,0
19333,1,0.42253795,1,0,0.010425199,0,0,0.06371302,0,0,0.58778083,1,0,0.014998235,0
19334,0,0.8510105,1,0,0.005581373,0,0,0.02977043,0,1,0.11027312,0,0,0.01105214,0
19345,0,0.009327331,0,0,0.059228078,0,1,0.9843592,1,0,0.048072588,0,0,0.06977765,0
19350,1,0.91477215,1,0,0.002706296,0,0,0.021205379,0,0,0.043965116,0,0,0.0072155963,0
19353,0,0.00490266,0,0,0.171738,0,0,0.21660954,0,1,0.9424894,1,0,0.077469185,0
19370,0,0.002179376,0,0,0.2836045,1,0,0.22918907,0,1,0.9416933,1,0,0.122504696,0
19376,1,0.43504238,1,0,0.0056622624,0,0,0.20520574,0,0,0.36590552,0,0,0.019378439,0
19388,0,0.004990619,0,1,0.32199326,1,0,0.7635007,1,1,0.7573607,1,0,0.20090261,0
19396,0,0.0014947939,0,0,0.29509118,1,0,0.18564503,0,1,0.95009464,1,0,0.11562632,0
19402,0,0.5560243,1,0,0.0331519,0,0,0.04292105,0,1,0.47669294,1,0,0.023282045,0
19408,0,0.018908286,0,1,0.31939864,1,1,0.7789703,1,0,0.60395557,1,0,0.20963751,0
19409,0,0.057587378,0,0,0.21125947,0,0,0.3963575,0,1,0.757498,1,0,0.13958484,0
19412,1,0.07527899,0,0,0.69735146,1,0,0.16899677,0,0,0.186867,0,0,0.28936872,1
19424,1,0.79513556,1,0,0.019368783,0,0,0.074781455,0,0,0.10631803,0,0,0.028432831,0
19427,0,0.16928627,0,1,0.66623217,1,0,0.06924561,0,0,0.05866635,0,0,0.17261937,0
19432,1,0.877607,1,0,0.040241,0,0,0.05444939,0,0,0.032270666,0,0,0.039986286,0
19461,1,0.94702893,1,0,0.007653606,0,1,0.025714442,0,0,0.011112907,0,0,0.015043661,0
19466,1,0.49846035,1,0,0.21754897,0,0,0.030929804,0,0,0.1738634,0,0,0.05084276,0
19507,0,0.0061947275,0,0,0.35585892,1,0,0.5678675,1,1,0.8236104,1,0,0.20247209,0
19517,0,0.007871257,0,1,0.13243523,0,0,0.47273928,1,0,0.90645075,1,0,0.08035348,0
19526,0,0.0024959452,0,1,0.7058967,1,0,0.14640997,0,1,0.8071119,1,1,0.31374952,1
19547,0,0.29628387,0,1,0.5988575,1,0,0.019399509,0,0,0.032477383,0,0,0.08151119,0
19571,0,0.0029834427,0,0,0.12898299,0,0,0.7285645,1,1,0.8902135,1,0,0.08045704,0
19572,0,0.015751785,0,0,0.10620771,0,0,0.3617636,0,1,0.90499765,1,0,0.06934683,0
19605,1,0.65707886,1,0,0.008746095,0,0,0.06412105,0,0,0.32577124,0,0,0.017700886,0
19661,0,0.18045565,0,0,0.017048113,0,0,0.2088833,0,1,0.7018223,1,0,0.030459525,0
19664,0,0.24336585,0,0,0.029461542,0,1,0.12323081,0,0,0.6977193,1,1,0.03200505,0
19669,1,0.93931687,1,0,0.012470036,0,0,0.023470357,0,0,0.012395045,0,0,0.016222563,0
19670,1,0.93445873,1,0,0.007583709,0,0,0.0415885,0,0,0.010945084,0,0,0.017345706,0
19686,0,0.008923744,0,0,0.19987126,0,1,0.92492986,1,1,0.5306035,1,1,0.15066954,0
19695,0,0.6261322,1,0,0.061617937,0,1,0.2799881,0,0,0.09444378,0,0,0.07693032,0
19701,0,0.80135864,1,0,0.013017984,0,1,0.16479799,0,0,0.030236917,0,0,0.029795514,0
19703,1,0.86027867,1,0,0.03415992,0,0,0.051176652,0,0,0.051370263,0,0,0.033909645,0
19723,1,0.92276204,1,0,0.014163176,0,0,0.03162387,0,0,0.020384816,0,0,0.020107478,0
19726,0,0.002796284,0,0,0.3195675,1,1,0.8294538,1,1,0.73909235,1,0,0.20144494,0
19780,0,0.025955176,0,0,0.089147605,0,1,0.9093669,1,1,0.3776606,0,0,0.10369977,0
19848,0,0.034954626,0,0,0.28908518,1,1,0.7645129,1,1,0.52442616,1,0,0.22642761,0
19853,1,0.89328,1,0,0.022821032,0,0,0.05857677,0,0,0.023319358,0,0,0.030767547,0
19858,0,0.0036477125,0,0,0.028509334,0,1,0.9935753,1,0,0.022839172,0,0,0.04216733,0
19867,1,0.90005493,1,0,0.0034936352,0,0,0.030138176,0,0,0.0509656,0,0,0.009663027,0
19877,0,0.0070938314,0,0,0.0869359,0,0,0.6380422,1,1,0.8833891,1,0,0.06655412,0
19882,0,0.41659802,1,0,0.049896166,0,1,0.5024417,1,0,0.1866331,0,0,0.08244247,0
19884,1,0.58802843,1,0,0.013923431,0,0,0.17284556,0,0,0.27027085,0,0,0.0333999,0
19893,1,0.5365012,1,0,0.23270574,0,0,0.10903534,0,0,0.19956751,0,0,0.09198823,0
19906,0,0.005844888,0,0,0.1773366,0,1,0.8606513,1,1,0.72612345,1,0,0.11924284,0
19914,0,0.85796916,1,1,0.06968471,0,0,0.038471103,0,0,0.0226816,0,0,0.040761165,0
19920,0,0.2710685,0,0,0.11992834,0,1,0.4919775,1,0,0.43015096,1,0,0.1528514,0
19924,1,0.6564428,1,0,0.12987292,0,0,0.086001754,0,0,0.19224405,0,0,0.06748899,0
19929,1,0.8987838,1,0,0.035700552,0,0,0.037114806,0,0,0.016726177,0,0,0.032918602,0
19935,0,0.001292047,0,1,0.17001568,0,1,0.98088443,1,1,0.044311576,0,0,0.12890682,0
19942,1,0.25726137,0,0,0.065847404,0,0,0.085561216,0,0,0.7010779,1,0,0.03895418,0
19951,0,0.20003207,0,0,0.02091709,0,1,0.8720614,1,0,0.031510126,0,0,0.050451636,0
19955,1,0.8682967,1,0,0.023944238,0,0,0.086720966,0,0,0.027478125,0,0,0.036935695,0
19956,0,0.01667377,0,0,0.36914656,1,0,0.413237,0,1,0.76281774,1,0,0.18015394,0
19959,1,0.9364867,1,0,0.018469274,0,0,0.026677003,0,0,0.009050584,0,0,0.019797018,0
19960,1,0.17337336,0,0,0.09787029,0,0,0.7705815,1,0,0.094266824,0,0,0.106670715,0
19981,1,0.7408392,1,0,0.11777809,0,0,0.09091287,0,0,0.09862048,0,0,0.07159381,0
19987,1,0.9528017,1,0,0.0057347747,0,0,0.024096552,0,0,0.007412151,0,0,0.011836651,0
19990,0,0.7955314,1,1,0.07755891,0,0,0.08116273,0,0,0.055728354,0,0,0.062181685,0
20023,1,0.8522189,1,0,0.01977291,0,0,0.06628106,0,0,0.060911633,0,0,0.030595941,0
20024,0,0.005625875,0,1,0.49669373,1,0,0.23861794,0,0,0.8565153,1,0,0.23393548,0
20037,1,0.84375846,1,0,0.04031627,0,0,0.052662354,0,0,0.058011252,0,0,0.035887856,0
20049,0,0.5203108,1,1,0.3939302,1,0,0.055057783,0,0,0.051682647,0,0,0.098987915,0
20068,0,0.04078232,0,1,0.81230974,1,0,0.07637829,0,0,0.10282545,0,0,0.25874093,1
20079,0,0.0020437506,0,0,0.32107776,1,0,0.3452308,0,1,0.9223585,1,0,0.15067297,0
20084,0,0.0017928615,0,1,0.9448564,1,0,0.09418521,0,0,0.08579786,0,0,0.42357516,1
20100,0,0.00502298,0,0,0.09713701,0,1,0.97011864,1,0,0.30378097,0,0,0.09253297,0
20117,1,0.9132055,1,0,0.011599144,0,0,0.018308476,0,0,0.032868296,0,0,0.012685142,0
20120,0,0.00520505,0,0,0.055421155,0,1,0.9893528,1,0,0.09783568,0,0,0.0743227,0
20127,1,0.8879294,1,0,0.008265518,0,0,0.019056443,0,0,0.06725857,0,0,0.0110602835,0
20141,0,0.0055298493,0,0,0.21732418,0,1,0.91794497,1,0,0.5783782,1,0,0.1380943,0
20149,1,0.93194526,1,0,0.023028357,0,0,0.02158064,0,0,0.010029295,0,0,0.019723235,0
20152,0,0.48297203,1,1,0.17214087,0,0,0.14968704,0,0,0.3050232,0,0,0.08763133,0
20198,1,0.79963946,1,0,0.027650474,0,0,0.09322181,0,0,0.094734125,0,0,0.04056019,0
20211,0,0.5620819,1,0,0.05992197,0,0,0.30722907,0,0,0.17831011,0,1,0.080061965,0
20214,0,0.0011180759,0,1,0.8686271,1,1,0.36999193,0,1,0.57801116,1,1,0.5980436,1
20220,1,0.81962603,1,0,0.06846161,0,0,0.08888818,0,0,0.052167263,0,0,0.06620322,0
20224,0,0.0015046004,0,0,0.8532523,1,1,0.40223286,0,1,0.5557899,1,0,0.57435036,1
20236,0,0.0041139615,0,1,0.9297745,1,0,0.0875678,0,0,0.104169376,0,1,0.41928098,1
20240,0,0.02446455,0,1,0.2349589,0,0,0.09722255,0,1,0.85978144,1,0,0.07361984,0
20241,1,0.85484296,1,0,0.014562208,0,0,0.08567609,0,0,0.03598056,0,0,0.026372796,0
20242,0,0.84044075,1,0,0.04261906,0,0,0.08774213,0,0,0.02031247,0,1,0.040646378,0
20252,0,0.011339165,0,0,0.20164636,0,1,0.94207567,1,0,0.35286272,0,0,0.15438066,0
20280,1,0.8930015,1,0,0.02823679,0,0,0.051485628,0,0,0.011410284,0,0,0.031452194,0
20288,0,0.004207499,0,0,0.10483155,0,0,0.24806671,0,1,0.9551257,1,0,0.050903026,0
20301,0,0.0032838115,0,0,0.16874522,0,1,0.9455228,1,1,0.61518216,1,0,0.123127244,0
20313,0,0.0038566878,0,0,0.654397,1,1,0.7091782,1,1,0.49982333,1,0,0.40041295,1
20317,0,0.0024050018,0,0,0.41499043,1,0,0.15057084,0,1,0.91443205,1,0,0.15268399,0
20330,0,0.009039622,0,0,0.033845462,0,0,0.718216,1,1,0.8319119,1,0,0.038769912,0
20356,1,0.95829755,1,0,0.008047137,0,0,0.01913938,0,0,0.004762626,0,0,0.01184948,0
20369,0,0.9298938,1,0,0.008488437,0,0,0.017722057,0,0,0.0228127,0,1,0.011276622,0
20387,1,0.869669,1,0,0.026020454,0,0,0.052474607,0,0,0.04352511,0,0,0.030058187,0
20401,1,0.7465139,1,0,0.022498973,0,0,0.16062017,0,0,0.08836372,0,0,0.04108363,0
20402,1,0.87732834,1,0,0.0058203405,0,0,0.07299806,0,0,0.03449658,0,0,0.016898293,0
20515,0,0.014732163,0,0,0.5293656,1,1,0.33939028,0,1,0.67278934,1,0,0.2376524,0
20523,1,0.9709112,1,0,0.0025712214,0,0,0.010967861,0,0,0.0053879167,0,0,0.0061051003,0
20536,0,0.006266421,0,0,0.570213,1,1,0.54361606,1,1,0.57584864,1,0,0.2548119,1
20549,1,0.8213289,1,0,0.043303724,0,0,0.12198988,0,0,0.03346319,0,0,0.0521504,0
20563,0,0.6850174,1,1,0.1258853,0,0,0.1593689,0,0,0.1808751,0,0,0.10232731,0
20566,0,0.4303666,1,1,0.48229545,1,0,0.016478404,0,0,0.022216357,0,0,0.06615,0
20576,1,0.928918,1,0,0.0034805106,0,0,0.01411261,0,0,0.036270767,0,0,0.0070000985,0
20602,0,0.049182873,0,1,0.31642705,1,1,0.79125124,1,0,0.23708409,0,0,0.19152346,0
20603,1,0.82976985,1,0,0.0217591,0,0,0.031853203,0,0,0.10287572,0,0,0.020351624,0
20624,1,0.958867,1,0,0.0020183788,0,0,0.024340533,0,0,0.007786952,0,0,0.007757335,0
20646,0,0.007298341,0,0,0.19779219,0,1,0.81523836,1,1,0.7465075,1,0,0.13166378,0
20671,1,0.5324732,1,0,0.031626828,0,0,0.27494228,0,0,0.22510156,0,0,0.053271897,0
20674,0,0.033640653,0,0,0.061833315,0,1,0.9323916,1,0,0.24102487,0,0,0.1008743,0
20684,1,0.90937114,1,0,0.008695789,0,0,0.033709526,0,0,0.031286914,0,0,0.015638987,0
20724,1,0.50979024,1,0,0.20642787,0,0,0.064973265,0,0,0.2565279,0,0,0.06709905,0
20730,1,0.41507038,1,0,0.13800256,0,0,0.2588371,0,0,0.36101797,0,0,0.10951514,0
20753,0,0.15520939,0,1,0.5955001,1,0,0.04770152,0,0,0.1891452,0,0,0.12135337,0
20775,0,0.15757224,0,0,0.048279837,0,0,0.5088615,1,1,0.554527,1,0,0.07872451,0
20776,0,0.27295303,0,1,0.44025975,1,0,0.016820364,0,0,0.13362774,0,0,0.053520575,0
20801,0,0.055202592,0,1,0.61709446,1,0,0.24248356,0,0,0.04253731,0,0,0.17446749,0
20831,1,0.6400844,1,0,0.009829313,0,0,0.043113515,0,0,0.38182116,0,0,0.0144922845,0
20865,0,0.0021219975,0,0,0.15445293,0,1,0.8982091,1,1,0.79363847,1,0,0.10176035,0
20873,0,0.20622058,0,1,0.62018734,1,0,0.06709438,0,0,0.1148854,0,0,0.16711405,0
20887,1,0.9332999,1,0,0.008436296,0,0,0.038291525,0,0,0.013784638,0,0,0.018113103,0
20891,1,0.8402663,1,0,0.07159676,0,0,0.041379202,0,0,0.039947964,0,0,0.040137336,0
20893,0,0.004226238,0,0,0.5937479,1,1,0.8120611,1,0,0.12705936,0,0,0.31508404,1
20902,0,0.009723658,0,0,0.10580199,0,1,0.8506197,1,1,0.7155574,1,0,0.0986173,0
20905,1,0.9400928,1,0,0.0026344378,0,0,0.042332236,0,0,0.011263243,0,0,0.010805734,0
20939,0,0.52961576,1,1,0.22192676,0,0,0.05768021,0,0,0.18817098,0,0,0.0690909,0
20943,1,0.6801135,1,0,0.20211416,0,0,0.029244097,0,0,0.055625137,0,0,0.047494303,0
20950,0,0.003294786,0,0,0.13716145,0,1,0.97705793,1,0,0.06749168,0,1,0.119507335,0
20958,0,0.00203643,0,0,0.15030704,0,0,0.878518,1,1,0.8263768,1,0,0.10016595,0
20966,0,0.0064147953,0,0,0.11129864,0,1,0.9670424,1,0,0.027645802,0,0,0.09297604,0
20974,0,0.0386503,0,0,0.28615427,1,0,0.3040353,0,1,0.7715264,1,0,0.14482597,0
21004,0,0.0027756023,0,1,0.8587682,1,0,0.38156947,0,1,0.46832237,1,0,0.5658024,1
21011,0,0.856464,1,0,0.028260991,0,1,0.026642533,0,0,0.066476,0,0,0.021165298,0
21017,0,0.8677386,1,1,0.029590422,0,0,0.047202423,0,0,0.05185127,0,0,0.031559236,0
21021,0,0.024424795,0,1,0.84146106,1,0,0.0709264,0,0,0.16232684,0,1,0.278883,1
21028,0,0.29221007,0,0,0.028115451,0,0,0.1854422,0,1,0.60573894,1,0,0.03882621,0
21036,1,0.86211425,1,0,0.015193671,0,0,0.041974347,0,0,0.066179514,0,0,0.021201761,0
21085,0,0.00427524,0,0,0.440327,1,1,0.87682927,1,0,0.102838784,0,0,0.25251758,1
21093,0,0.0071818684,0,0,0.38319322,1,1,0.86457783,1,0,0.13953851,0,0,0.21774724,0
21099,0,0.24748386,0,1,0.6030816,1,0,0.06092865,0,0,0.06337587,0,0,0.1451865,0
21104,0,0.00830229,0,1,0.52115947,1,0,0.12862216,0,1,0.779927,1,1,0.16022761,0
21111,0,0.0065733725,0,0,0.20782375,0,1,0.92604333,1,0,0.54476255,1,0,0.14920211,0
21148,0,0.02956032,0,0,0.38652605,1,1,0.78488183,1,0,0.25872567,0,0,0.21878785,0
21163,0,0.008470229,0,0,0.51927596,1,1,0.7812116,1,1,0.30299965,0,0,0.25661612,1
21173,0,0.0037721847,0,1,0.55907476,1,0,0.15546148,0,1,0.85157984,1,1,0.21735542,0
21177,1,0.78670603,1,0,0.035598904,0,0,0.023509601,0,0,0.11871985,0,0,0.019242406,0
21181,0,0.016331922,0,0,0.48989674,1,1,0.768196,1,0,0.21016993,0,0,0.24524471,0
21205,0,0.0019048296,0,0,0.4013327,1,0,0.19461632,0,1,0.927603,1,0,0.16347294,0
21306,0,0.2606788,0,0,0.027872084,0,0,0.13175136,0,1,0.6746948,1,0,0.029807026,0
21325,0,0.0050961734,0,0,0.20771125,0,1,0.86803144,1,0,0.7290798,1,1,0.14287055,0
21363,0,0.007503327,0,0,0.5775168,1,0,0.23284109,0,1,0.7739345,1,0,0.25339502,1
21385,1,0.9276791,1,0,0.013266764,0,0,0.036722403,0,0,0.013470785,0,0,0.020579105,0
21391,1,0.6661603,1,0,0.006873204,0,0,0.07000945,0,0,0.29645848,0,0,0.0161121,0
21431,0,0.024333162,0,1,0.7558269,1,1,0.21710709,0,0,0.07230911,0,1,0.25433084,1
21444,1,0.904189,1,0,0.04605294,0,0,0.011291799,0,0,0.010083697,0,0,0.017381664,0
21555,0,0.034222733,0,1,0.7502575,1,0,0.1154038,0,0,0.33862528,0,1,0.26330113,1
21584,0,0.24211808,0,0,0.23972043,0,0,0.12543958,0,1,0.5345112,1,0,0.09955988,0
21622,1,0.6183669,1,0,0.023937356,0,0,0.061908085,0,0,0.35055625,0,0,0.024713097,0
21673,0,0.001383047,0,1,0.9152812,1,0,0.27767482,0,0,0.4161253,1,1,0.61689943,1
21675,0,0.00032243406,0,1,0.95937973,1,1,0.22277461,0,0,0.31273508,0,1,0.6804964,1
21764,0,0.0012070541,0,0,0.33796382,1,1,0.66946733,1,1,0.8652242,1,0,0.17881905,0
21796,0,0.0050391466,0,0,0.14620686,0,1,0.90092385,1,1,0.70644534,1,0,0.114714414,0
21809,1,0.37654427,0,0,0.032997265,0,0,0.062287446,0,0,0.6369426,1,0,0.024370406,0
21812,0,0.02477716,0,0,0.01989757,0,1,0.9467413,1,0,0.24021864,0,0,0.054891013,0
21818,1,0.29042932,0,0,0.023823688,0,0,0.23650832,0,0,0.5492412,1,0,0.038077965,0
21819,0,0.13349621,0,0,0.08763027,0,1,0.86084205,1,0,0.10848142,0,0,0.11422021,0
21826,0,0.0331481,0,0,0.09960394,0,0,0.39902028,0,1,0.84420055,1,0,0.07363733,0
