ecg_id,true_HYP,true_NORM,true_STTC,true_CD,true_MI,is_isolated_HYP,is_LVH,is_RVH,is_LAO,prob_A_NONE,prob_A_MASK_LIMB,drop_A_MASK_LIMB,prob_A_MASK_PRECORDIAL,drop_A_MASK_PRECORDIAL,prob_A_MASK_V1_V2,drop_A_MASK_V1_V2,prob_A_MASK_V5_V6,drop_A_MASK_V5_V6,prob_A_MASK_I_AVL,drop_A_MASK_I_AVL,prob_A_MASK_V1_V2_V5_V6,drop_A_MASK_V1_V2_V5_V6,prob_Inc_NONE,prob_Inc_MASK_LIMB,drop_Inc_MASK_LIMB,prob_Inc_MASK_PRECORDIAL,drop_Inc_MASK_PRECORDIAL,prob_Inc_MASK_V1_V2,drop_Inc_MASK_V1_V2,prob_Inc_MASK_V5_V6,drop_Inc_MASK_V5_V6,prob_Inc_MASK_I_AVL,drop_Inc_MASK_I_AVL,prob_Inc_MASK_V1_V2_V5_V6,drop_Inc_MASK_V1_V2_V5_V6
9,0,1,0,0,0,0,0,0,0,0.02533024,0.121040985,-0.09571075,0.12758131,-0.102251075,0.060987536,-0.035657294,0.036524225,-0.011193985,0.06477956,-0.03944932,0.10201746,-0.076687224,0.028966047,0.15041426,-0.12144821,0.17545241,-0.14648637,0.04678923,-0.017823182,0.12388239,-0.09491634,0.06897028,-0.04000423,0.146962,-0.117995955
38,0,1,0,0,0,0,0,0,0,0.05652008,0.14978948,-0.09326941,0.16884002,-0.11231995,0.06825341,-0.0117333345,0.08514052,-0.02862044,0.08802772,-0.031507645,0.10902062,-0.052500542,0.07515529,0.1627525,-0.087597206,0.1529247,-0.07776941,0.09572533,-0.02057004,0.16834992,-0.09319463,0.1399245,-0.06476921,0.1584199,-0.08326462
40,0,1,0,0,0,0,0,0,0,0.06460192,0.16578044,-0.10117852,0.15039936,-0.08579744,0.10266104,-0.038059123,0.10689008,-0.04228816,0.08499823,-0.020396307,0.19343807,-0.12883615,0.09115323,0.15443674,-0.06328351,0.24245283,-0.1512996,0.12081734,-0.029664114,0.18473212,-0.0935789,0.12736176,-0.036208533,0.24207275,-0.15091953
57,0,1,0,0,0,0,0,0,0,0.0076943696,0.10176137,-0.094067,0.07948733,-0.07179296,0.031971503,-0.024277134,0.022821158,-0.015126789,0.02953124,-0.021836871,0.07037239,-0.06267802,0.020005755,0.107661694,-0.08765594,0.14531015,-0.1253044,0.028188666,-0.008182911,0.09411837,-0.07411262,0.05726911,-0.037263356,0.09964226,-0.07963651
59,0,1,0,0,0,0,0,0,0,0.024815382,0.14163607,-0.11682069,0.16775127,-0.14293589,0.046502095,-0.021686712,0.0516308,-0.026815416,0.06119231,-0.03637693,0.102409184,-0.0775938,0.045686506,0.17983794,-0.13415143,0.19008167,-0.14439517,0.041067142,0.0046193637,0.17584692,-0.13016042,0.108632065,-0.06294556,0.1324148,-0.0867283
63,0,0,0,0,1,0,0,0,0,0.023850245,0.12304326,-0.099193014,0.10164666,-0.077796414,0.046020083,-0.022169838,0.040075183,-0.016224938,0.04235543,-0.018505184,0.073113196,-0.04926295,0.042912994,0.113563895,-0.070650905,0.20993692,-0.16702393,0.051559318,-0.008646324,0.15989998,-0.11698699,0.09870173,-0.055788737,0.15167327,-0.10876028
65,0,0,0,1,0,0,0,0,0,0.02345217,0.13399759,-0.11054542,0.10387845,-0.08042628,0.0436663,-0.02021413,0.040104393,-0.016652223,0.04848208,-0.025029909,0.060738087,-0.037285917,0.057468142,0.1822198,-0.12475166,0.14882606,-0.09135792,0.033208035,0.024260107,0.17200048,-0.11453234,0.11159105,-0.054122906,0.093222536,-0.035754394
75,0,1,0,0,0,0,0,0,0,0.029279314,0.17017432,-0.14089501,0.13780576,-0.108526446,0.058858622,-0.029579308,0.061225995,-0.03194668,0.06714192,-0.037862606,0.099431306,-0.07015199,0.06231696,0.19007373,-0.12775677,0.23799197,-0.175675,0.06707634,-0.0047593787,0.16855097,-0.10623401,0.11354763,-0.05123067,0.1643484,-0.10203143
76,0,1,0,0,0,0,0,0,0,0.012439012,0.07548786,-0.06304885,0.11441271,-0.1019737,0.037850164,-0.025411151,0.025480535,-0.013041523,0.01971182,-0.007272809,0.071687065,-0.059248053,0.016090307,0.13826504,-0.12217474,0.1645804,-0.1484901,0.030810444,-0.014720136,0.07054251,-0.0544522,0.04549331,-0.029403001,0.106958546,-0.090868235
79,0,1,0,0,0,0,0,0,0,0.026623564,0.11011096,-0.0834874,0.094897844,-0.06827428,0.045838363,-0.0192148,0.05961098,-0.032987416,0.046151455,-0.019527892,0.09244334,-0.06581978,0.03133854,0.17342187,-0.14208333,0.11620911,-0.08487058,0.0289962,0.0023423396,0.10606338,-0.07472484,0.08444268,-0.053104144,0.07658464,-0.0452461
93,0,1,0,0,0,0,0,0,0,0.007477409,0.082739495,-0.075262085,0.123246305,-0.115768895,0.040093467,-0.032616057,0.011466613,-0.003989204,0.021845158,-0.014367749,0.048252415,-0.040775005,0.020138962,0.14908426,-0.12894529,0.2532795,-0.23314054,0.0423077,-0.022168739,0.09794179,-0.07780283,0.045137074,-0.024998112,0.14576966,-0.12563069
100,0,1,0,0,0,0,0,0,0,0.026492208,0.08612593,-0.059633724,0.14027514,-0.11378293,0.041853186,-0.0153609775,0.04647846,-0.019986253,0.045912977,-0.019420769,0.07898376,-0.052491553,0.040288135,0.14518493,-0.1048968,0.17376468,-0.13347654,0.059803423,-0.019515287,0.15234566,-0.11205752,0.10509718,-0.06480905,0.14614882,-0.10586068
112,0,1,0,0,0,0,0,0,0,0.034364212,0.21786256,-0.18349835,0.124506816,-0.09014261,0.08998729,-0.05562308,0.070629835,-0.036265623,0.04802697,-0.013662759,0.16861413,-0.13424993,0.06256193,0.1818048,-0.11924288,0.18607481,-0.12351288,0.08602852,-0.023466587,0.14554738,-0.082985446,0.1090494,-0.046487473,0.17173731,-0.109175384
115,0,1,0,0,0,0,0,0,0,0.010282026,0.16841404,-0.15813202,0.18968172,-0.1793997,0.07848691,-0.06820489,0.023529498,-0.013247472,0.038489267,-0.028207242,0.10788043,-0.0975984,0.023136377,0.18274249,-0.15960611,0.23787698,-0.2147406,0.0516111,-0.028474722,0.08929231,-0.06615593,0.067206316,-0.04406994,0.13384339,-0.110707015
116,0,0,1,0,0,0,0,0,0,0.029451974,0.19314666,-0.16369468,0.17215036,-0.14269838,0.12897004,-0.09951807,0.065758646,-0.03630667,0.04869373,-0.019241758,0.1913216,-0.16186962,0.047924303,0.14151205,-0.09358775,0.08474374,-0.036819436,0.07327271,-0.02534841,0.092300355,-0.044376053,0.10272957,-0.054805264,0.10163531,-0.053711005
117,0,1,0,0,0,0,0,0,0,0.017206019,0.11322436,-0.09601834,0.128992,-0.111785986,0.08502723,-0.06782121,0.026182849,-0.00897683,0.02891096,-0.01170494,0.12588304,-0.10867702,0.042594247,0.17819802,-0.13560379,0.09791648,-0.05532223,0.075234205,-0.032639958,0.07040193,-0.027807683,0.085946836,-0.04335259,0.09041665,-0.0478224
119,0,1,0,0,0,0,0,0,0,0.020534538,0.15135536,-0.13082081,0.12375243,-0.10321789,0.060023922,-0.039489385,0.033340327,-0.01280579,0.03087412,-0.010339582,0.11032898,-0.08979444,0.03241458,0.15744166,-0.12502708,0.10774776,-0.07533318,0.06119746,-0.028782878,0.067294784,-0.034880202,0.06388925,-0.03147467,0.10614832,-0.07373373
121,0,1,0,0,0,0,0,0,0,0.021385299,0.15603843,-0.13465314,0.14587934,-0.124494046,0.08878453,-0.06739923,0.034586743,-0.0132014435,0.03096922,-0.00958392,0.12759528,-0.10620998,0.033990607,0.15198992,-0.117999315,0.11001788,-0.076027274,0.06585842,-0.031867817,0.07875049,-0.044759884,0.06361376,-0.02962315,0.10470934,-0.070718735
122,0,1,0,0,0,0,0,0,0,0.012849139,0.08026133,-0.06741219,0.12187863,-0.109029494,0.047880523,-0.035031386,0.03136936,-0.01852022,0.023564346,-0.010715207,0.105921976,-0.09307284,0.029896842,0.14127418,-0.11137734,0.23460402,-0.20470718,0.05474286,-0.02484602,0.12979916,-0.09990232,0.065578744,-0.035681903,0.19451477,-0.16461793
128,0,0,1,0,0,0,0,0,0,0.17085905,0.26001427,-0.08915521,0.15741888,0.013440177,0.20469543,-0.03383638,0.18860574,-0.017746687,0.21840394,-0.04754488,0.28747976,-0.116620705,0.08953239,0.20805869,-0.118526295,0.094717376,-0.0051849857,0.0904272,-0.0008948073,0.13375165,-0.044219255,0.13114609,-0.041613698,0.104575425,-0.015043035
129,0,1,0,0,0,0,0,0,0,0.012450128,0.056767367,-0.044317238,0.15273558,-0.14028545,0.050794378,-0.03834425,0.025689164,-0.013239036,0.027176796,-0.014726668,0.07907802,-0.06662789,0.017072838,0.12740403,-0.11033119,0.17899382,-0.16192098,0.033915408,-0.01684257,0.06996696,-0.05289412,0.048400357,-0.03132752,0.09873043,-0.08165759
132,0,1,0,0,0,0,0,0,0,0.024831267,0.15717101,-0.13233975,0.10242737,-0.077596106,0.075432,-0.050600737,0.04491681,-0.020085542,0.034160983,-0.009329716,0.14631191,-0.121480644,0.05229074,0.1923572,-0.14006646,0.09734912,-0.04505838,0.079127036,-0.026836295,0.08981922,-0.03752848,0.08711412,-0.034823377,0.10399361,-0.05170287
157,0,0,0,1,0,0,0,0,0,0.09448619,0.24857344,-0.15408725,0.21666786,-0.12218167,0.1179562,-0.023470007,0.14811832,-0.053632125,0.11273029,-0.018244095,0.19374546,-0.09925927,0.123803906,0.19967614,-0.075872235,0.13547406,-0.01167015,0.13418052,-0.01037661,0.1501277,-0.026323788,0.12559286,-0.0017889515,0.14898527,-0.02518136
160,0,0,1,0,0,0,0,0,0,0.12659648,0.43611616,-0.30951968,0.23559697,-0.10900049,0.28188667,-0.15529019,0.18679613,-0.06019965,0.15630044,-0.02970396,0.30203393,-0.17543745,0.17933376,0.22430429,-0.044970527,0.22757964,-0.048245877,0.34344554,-0.16411178,0.17285223,0.0064815283,0.18689609,-0.0075623244,0.2733465,-0.09401275
162,1,0,1,1,1,0,1,0,0,0.08715337,0.21787181,-0.13071844,0.18805163,-0.10089826,0.09695786,-0.009804495,0.12148203,-0.03432866,0.141304,-0.054150634,0.13635454,-0.049201168,0.17588764,0.15767606,0.018211588,0.26072153,-0.08483389,0.16344792,0.012439728,0.2581982,-0.08231056,0.16749814,0.008389503,0.28155327,-0.105665624
167,0,0,1,0,0,0,0,0,0,0.16229251,0.24146777,-0.07917526,0.07735492,0.08493759,0.16663311,-0.004340604,0.21204156,-0.049749047,0.098590665,0.063701846,0.17800754,-0.015715033,0.18531558,0.17614563,0.009169951,0.2741215,-0.088805914,0.29035288,-0.1050373,0.18841036,-0.0030947775,0.15796588,0.027349696,0.31361416,-0.12829858
172,0,0,0,1,0,0,0,0,0,0.17228065,0.24678788,-0.07450722,0.21505986,-0.042779207,0.21345156,-0.04117091,0.18145324,-0.009172589,0.20548272,-0.033202067,0.20963456,-0.037353903,0.12678982,0.116792224,0.009997599,0.16167295,-0.034883127,0.08266478,0.044125043,0.13733502,-0.010545194,0.12859488,-0.0018050522,0.111795925,0.014993899
175,0,0,0,0,1,0,0,0,0,0.024654426,0.12490999,-0.100255564,0.0572049,-0.032550473,0.03482869,-0.010174263,0.03989852,-0.015244093,0.041117605,-0.01646318,0.05711709,-0.032462664,0.02665143,0.11287223,-0.0862208,0.112203605,-0.08555217,0.038687132,-0.012035701,0.07111489,-0.04446346,0.054961734,-0.028310303,0.06963612,-0.04298469
180,0,0,0,1,0,0,0,0,0,0.038878094,0.29455492,-0.25567684,0.24809301,-0.20921491,0.15273629,-0.11385819,0.08842912,-0.04955103,0.082079604,-0.04320151,0.16374598,-0.12486789,0.075533316,0.16973314,-0.09419982,0.24639829,-0.17086497,0.14578332,-0.070250005,0.15188934,-0.07635602,0.09156396,-0.016030647,0.26386744,-0.18833412
201,0,1,0,0,0,0,0,0,0,0.010955706,0.05413189,-0.043176185,0.15812513,-0.14716943,0.04845685,-0.037501145,0.01780012,-0.0068444144,0.020274216,-0.00931851,0.07393885,-0.06298314,0.023166345,0.1400893,-0.11692296,0.14899006,-0.12582372,0.047873843,-0.024707498,0.12144848,-0.098282136,0.06407337,-0.040907025,0.12757269,-0.10440634
203,0,1,0,0,0,0,0,0,0,0.009310004,0.071747385,-0.06243738,0.074325174,-0.06501517,0.032453224,-0.02314322,0.019304119,-0.009994115,0.021266282,-0.011956277,0.048509512,-0.03919951,0.028194323,0.17214572,-0.1439514,0.31832874,-0.29013443,0.03437611,-0.0061817877,0.154907,-0.12671268,0.061960623,-0.0337663,0.18402506,-0.15583074
208,0,1,0,0,0,0,0,0,0,0.0051914244,0.041837584,-0.03664616,0.08685951,-0.08166809,0.026275704,-0.021084279,0.011828539,-0.0066371146,0.015272664,-0.010081239,0.041825775,-0.036634352,0.013770586,0.12761514,-0.11384455,0.23104711,-0.21727653,0.026182102,-0.012411516,0.09114499,-0.0773744,0.04196847,-0.028197883,0.12110167,-0.10733108
210,0,0,0,0,1,0,0,0,0,0.027621204,0.075648285,-0.048027083,0.084338054,-0.056716852,0.040725224,-0.01310402,0.07397376,-0.046352558,0.038715195,-0.011093991,0.082391955,-0.054770753,0.043668352,0.13293563,-0.089267276,0.114992134,-0.07132378,0.042205665,0.0014626868,0.14634411,-0.10267576,0.10434813,-0.06067978,0.09426147,-0.050593115
218,0,1,0,1,0,0,0,0,0,0.053059515,0.16678135,-0.11372183,0.18562375,-0.13256423,0.12542418,-0.07236466,0.10077403,-0.047714513,0.123209886,-0.070150375,0.18283057,-0.12977105,0.0606648,0.12925932,-0.068594515,0.18250938,-0.121844575,0.060860712,-0.00019591302,0.23805195,-0.17738715,0.13120706,-0.07054226,0.1419205,-0.081255704
240,0,0,0,0,1,0,0,0,0,0.044264205,0.2735746,-0.2293104,0.13192074,-0.087656535,0.059045505,-0.0147813,0.10463319,-0.060368985,0.064471096,-0.020206891,0.13537902,-0.09111481,0.072821066,0.24593876,-0.1731177,0.18103772,-0.10821666,0.090147465,-0.0173264,0.16832994,-0.09550887,0.12848765,-0.05566658,0.15735894,-0.08453788
241,0,1,0,0,0,0,0,0,0,0.0023808165,0.028083337,-0.025702521,0.09093798,-0.08855716,0.022700844,-0.020320028,0.006397611,-0.0040167943,0.0089083435,-0.0065275272,0.036550477,-0.03416966,0.0081362715,0.079396576,-0.0712603,0.14748886,-0.13935259,0.021011863,-0.012875591,0.05482908,-0.046692807,0.027602298,-0.019466028,0.09537812,-0.08724185
243,0,1,0,0,0,0,0,0,0,0.011978101,0.11793628,-0.10595818,0.1751572,-0.1631791,0.048704024,-0.036725923,0.034235414,-0.022257313,0.027435273,-0.015457172,0.09965412,-0.08767602,0.027466776,0.15843692,-0.13097015,0.16394469,-0.13647792,0.03878991,-0.0113231335,0.096692674,-0.0692259,0.05360489,-0.026138114,0.10359053,-0.07612376
245,0,1,0,0,0,0,0,0,0,0.060241267,0.21663737,-0.1563961,0.09623161,-0.035990342,0.12716915,-0.06692788,0.08630462,-0.026063353,0.094111554,-0.033870287,0.15066694,-0.09042567,0.0864439,0.15352234,-0.06707844,0.108114995,-0.021671094,0.12543456,-0.03899066,0.12515885,-0.038714945,0.12453003,-0.03808613,0.15833038,-0.07188648
252,0,1,0,0,0,0,0,0,0,0.06225519,0.22644715,-0.16419196,0.33304548,-0.27079028,0.14884943,-0.08659424,0.119931474,-0.057676286,0.105824456,-0.043569267,0.22927167,-0.16701648,0.09149522,0.19295551,-0.101460285,0.40236327,-0.31086805,0.1567223,-0.065227084,0.18010965,-0.08861443,0.14004344,-0.048548214,0.29331014,-0.20181492
271,1,0,1,0,1,0,1,0,0,0.49255663,0.4599064,0.032650232,0.1976479,0.29490873,0.5492755,-0.056718886,0.2822293,0.21032733,0.5026054,-0.010048747,0.20325314,0.28930348,0.48685747,0.2427633,0.24409418,0.24499683,0.24186064,0.5066197,-0.019762218,0.31896374,0.16789374,0.39101976,0.09583771,0.32277152,0.16408595
274,1,0,1,0,1,0,1,0,1,0.15869877,0.11940084,0.03929793,0.26744404,-0.10874528,0.18871151,-0.030012742,0.09352893,0.06516984,0.17092174,-0.0122229755,0.1967133,-0.03801453,0.08917409,0.06582926,0.02334483,0.26071885,-0.17154476,0.09817277,-0.008998677,0.17191388,-0.082739785,0.13202012,-0.042846024,0.20795532,-0.118781224
299,1,0,1,0,0,0,1,0,1,0.2761461,0.46400854,-0.18786243,0.25130457,0.024841547,0.26313868,0.013007432,0.23362489,0.042521223,0.2928838,-0.0167377,0.2684853,0.007660806,0.21325624,0.34619486,-0.13293862,0.20753315,0.005723089,0.22285767,-0.009601429,0.16517267,0.048083574,0.23800117,-0.024744928,0.18512963,0.028126612
318,0,0,1,0,0,0,0,0,0,0.34306416,0.44686058,-0.10379642,0.33594382,0.007120341,0.30401948,0.03904468,0.3163653,0.026698858,0.34173745,0.00132671,0.34980163,-0.0067374706,0.22015993,0.30200166,-0.08184172,0.2778515,-0.05769156,0.30916476,-0.08900483,0.20790988,0.012250051,0.25312522,-0.032965288,0.3025455,-0.082385555
334,0,1,0,0,0,0,0,0,0,0.019728003,0.10631223,-0.086584225,0.118641995,-0.09891399,0.095100954,-0.07537295,0.03079352,-0.011065517,0.035171907,-0.015443904,0.12925258,-0.10952458,0.04358291,0.16717258,-0.12358967,0.14167126,-0.09808835,0.100170866,-0.056587957,0.06804048,-0.024457574,0.10216912,-0.05858621,0.13610369,-0.09252078
336,1,0,1,0,0,0,1,0,0,0.64360553,0.4170804,0.22652513,0.11167921,0.53192633,0.5009122,0.14269334,0.35576552,0.28784,0.611282,0.03232354,0.1896735,0.45393205,0.3804504,0.21929929,0.16115111,0.23635362,0.14409678,0.47634128,-0.09589088,0.20924185,0.17120855,0.34065622,0.039794177,0.25996387,0.12048653
347,1,0,1,1,0,0,1,0,1,0.511217,0.5156755,-0.004458487,0.3386839,0.1725331,0.5179304,-0.0067133904,0.3846236,0.12659341,0.48866534,0.022551656,0.39926252,0.11195448,0.5397684,0.26456845,0.27519995,0.37496334,0.16480505,0.49014166,0.049626738,0.3619743,0.1777941,0.40972933,0.13003907,0.35369334,0.18607506
361,0,1,0,0,0,0,0,0,0,0.036569137,0.33595914,-0.29939,0.18921024,-0.1526411,0.11242405,-0.07585491,0.06140377,-0.024834633,0.09426041,-0.057691272,0.18394247,-0.14737333,0.06161831,0.21234295,-0.15072463,0.24043931,-0.178821,0.100797854,-0.039179545,0.17129016,-0.109671846,0.12896132,-0.06734301,0.23636076,-0.17474245
364,0,1,0,0,0,0,0,0,0,0.024613293,0.19281867,-0.16820538,0.18753327,-0.16291998,0.07466567,-0.050052382,0.0682455,-0.04363221,0.049014214,-0.024400922,0.153935,-0.12932171,0.042754844,0.1773165,-0.13456166,0.2143044,-0.17154956,0.06362001,-0.020865165,0.1488373,-0.106082454,0.0797834,-0.03702856,0.18722206,-0.14446722
377,0,0,0,1,0,0,0,0,0,0.04700994,0.12847401,-0.08146407,0.17486674,-0.12785679,0.0940261,-0.047016162,0.110084936,-0.06307499,0.086966075,-0.039956134,0.1963107,-0.14930075,0.10564044,0.12179501,-0.016154572,0.23547773,-0.12983729,0.12840696,-0.022766516,0.2262486,-0.120608166,0.12639354,-0.0207531,0.20402975,-0.09838931
378,0,0,0,1,0,0,0,0,0,0.012670269,0.057084,-0.04441373,0.11746561,-0.10479534,0.04751106,-0.034840792,0.043271597,-0.030601328,0.021992711,-0.009322442,0.108235285,-0.09556501,0.02929898,0.0857448,-0.05644582,0.16026321,-0.13096423,0.0429943,-0.013695322,0.10592681,-0.076627836,0.038382698,-0.009083718,0.10331833,-0.07401936
388,0,0,1,0,0,0,0,0,0,0.13431484,0.26291296,-0.12859812,0.20925596,-0.07494113,0.19590813,-0.061593294,0.12621967,0.00809516,0.13724683,-0.0029319972,0.19983381,-0.065518975,0.19780944,0.21920809,-0.021398649,0.20327778,-0.0054683387,0.24117588,-0.043366432,0.16118583,0.036623612,0.20153339,-0.0037239492,0.20385125,-0.00604181
397,0,1,0,0,0,0,0,0,0,0.024549633,0.12575354,-0.1012039,0.13173905,-0.10718942,0.05242298,-0.027873348,0.03788323,-0.013333596,0.04677179,-0.022222158,0.06953243,-0.0449828,0.032853983,0.10345224,-0.07059826,0.24972874,-0.21687475,0.05366662,-0.020812638,0.08833528,-0.0554813,0.06719279,-0.03433881,0.13802035,-0.10516637
400,0,0,1,0,0,0,0,0,0,0.07187995,0.27348545,-0.2016055,0.22626953,-0.15438958,0.16473465,-0.09285469,0.10841409,-0.036534138,0.12259537,-0.050715417,0.2020825,-0.13020255,0.1731251,0.26968333,-0.09655823,0.22033483,-0.047209725,0.13952903,0.03359607,0.22032198,-0.04719688,0.23204878,-0.058923677,0.18539724,-0.012272134
405,0,1,0,0,0,0,0,0,0,0.022898177,0.12050239,-0.097604215,0.1575481,-0.13464992,0.054950166,-0.032051988,0.034779273,-0.011881096,0.048302807,-0.02540463,0.08879228,-0.065894105,0.028996212,0.14065824,-0.11166203,0.29111868,-0.26212248,0.044810414,-0.015814202,0.13525352,-0.106257305,0.058316685,-0.029320473,0.18317792,-0.1541817
417,0,1,0,0,0,0,0,0,0,0.043689348,0.21306962,-0.16938028,0.15755667,-0.11386732,0.10947797,-0.06578862,0.066827744,-0.023138396,0.055615857,-0.011926509,0.1672497,-0.12356035,0.10711749,0.19468737,-0.08756988,0.24670443,-0.13958694,0.15760185,-0.05048436,0.1929469,-0.08582941,0.14378063,-0.036663145,0.23854439,-0.1314269
427,0,0,1,0,0,0,0,0,0,0.08904845,0.22003233,-0.13098389,0.2414556,-0.15240714,0.16899998,-0.07995153,0.09768537,-0.008636914,0.12230817,-0.03325972,0.21540849,-0.12636003,0.10285024,0.23920909,-0.13635884,0.17409782,-0.07124758,0.103511475,-0.0006612316,0.15247828,-0.049628034,0.13287862,-0.030028373,0.13421433,-0.031364083
430,0,0,0,0,1,0,0,0,0,0.04249127,0.08311566,-0.04062439,0.22489373,-0.18240246,0.09951836,-0.05702709,0.10202367,-0.0595324,0.058226492,-0.015735224,0.19383448,-0.15134321,0.0724718,0.07139808,0.0010737181,0.2540899,-0.1816181,0.13104716,-0.058575362,0.18622911,-0.11375731,0.099947155,-0.027475357,0.24347766,-0.17100586
440,0,1,0,0,0,0,0,0,0,0.04880768,0.1667741,-0.11796641,0.2202765,-0.17146882,0.13166575,-0.08285807,0.08363623,-0.03482855,0.095008045,-0.046200365,0.2271562,-0.17834853,0.07885652,0.19218528,-0.11332876,0.20870326,-0.12984675,0.10276094,-0.02390442,0.19752412,-0.118667595,0.12750079,-0.048644267,0.19249758,-0.11364106
448,0,0,0,1,0,0,0,0,0,0.045523558,0.15871365,-0.1131901,0.122681305,-0.07715775,0.046546742,-0.0010231845,0.10751124,-0.06198768,0.07801732,-0.03249376,0.10344917,-0.057925615,0.08761496,0.14856535,-0.06095039,0.16140373,-0.07378877,0.08799643,-0.00038146973,0.16121794,-0.07360298,0.11153249,-0.023917526,0.12886395,-0.041248985
452,1,0,1,0,0,0,1,0,0,0.30963328,0.36595815,-0.05632487,0.18152037,0.12811291,0.31019416,-0.0005608797,0.32570094,-0.016067654,0.2880564,0.021576881,0.26210108,0.0475322,0.3292134,0.21391478,0.11529863,0.23887387,0.09033954,0.40469247,-0.07547906,0.28192642,0.047286987,0.23157188,0.09764153,0.2801204,0.049093008
472,0,1,0,0,0,0,0,0,0,0.022823652,0.12163063,-0.09880698,0.11752815,-0.094704494,0.083304815,-0.06048116,0.044440445,-0.021616792,0.037237447,-0.0144137945,0.14981556,-0.12699191,0.05208078,0.1513565,-0.09927572,0.10940892,-0.057328142,0.09037778,-0.038296998,0.09818563,-0.04610485,0.095016226,-0.042935446,0.15026276,-0.09818198
473,0,1,0,0,0,0,0,0,0,0.022760795,0.114228345,-0.09146755,0.10800763,-0.08524684,0.039760303,-0.016999507,0.038402542,-0.015641747,0.050019868,-0.027259072,0.07371001,-0.050949216,0.026892954,0.12590429,-0.09901134,0.20587857,-0.17898561,0.03791496,-0.011022007,0.11442432,-0.087531365,0.061088283,-0.034195326,0.14798084,-0.12108789
478,0,1,0,1,0,0,0,0,0,0.030489583,0.08700879,-0.056519207,0.10918726,-0.07869768,0.039482016,-0.008992434,0.10074547,-0.07025589,0.047611628,-0.017122045,0.10617087,-0.075681284,0.064665616,0.11257866,-0.047913045,0.1837027,-0.11903709,0.05197964,0.012685977,0.21430553,-0.14963992,0.10270417,-0.03803855,0.13743787,-0.07277225
499,0,0,1,0,0,0,0,0,0,0.16542056,0.40809265,-0.24267209,0.13977498,0.025645584,0.21039258,-0.044972017,0.16377771,0.001642853,0.17958744,-0.014166877,0.21320008,-0.047779515,0.18926868,0.23150523,-0.04223655,0.21468231,-0.025413632,0.27843434,-0.08916566,0.17897315,0.010295525,0.20837279,-0.019104108,0.27649578,-0.087227106
504,0,1,0,0,0,0,0,0,0,0.0055798963,0.14221422,-0.13663432,0.16247146,-0.15689155,0.03612149,-0.030541595,0.012637259,-0.007057363,0.026836397,-0.0212565,0.0705193,-0.0649394,0.020779502,0.20244896,-0.18166946,0.21284366,-0.19206415,0.03853413,-0.01775463,0.08541011,-0.06463061,0.059850104,-0.039070603,0.11331767,-0.09253816
512,0,0,0,1,1,0,0,0,0,0.27757233,0.374777,-0.097204655,0.28517014,-0.007597804,0.33232844,-0.054756105,0.2185593,0.05901304,0.32846996,-0.050897628,0.2844128,-0.0068404675,0.14471838,0.14216714,0.0025512427,0.15948263,-0.014764249,0.13178402,0.012934357,0.14751902,-0.0028006434,0.1491965,-0.0044781268,0.15241016,-0.0076917857
514,0,0,0,0,1,0,0,0,0,0.120690964,0.24197218,-0.121281214,0.078964755,0.04172621,0.13232778,-0.011636816,0.04787171,0.072819255,0.16625121,-0.04556025,0.07293976,0.047751203,0.040757127,0.07676553,-0.036008403,0.07230762,-0.03155049,0.046292618,-0.005535491,0.07809119,-0.037334062,0.08019215,-0.03943502,0.06903463,-0.028277501
516,1,0,1,0,0,0,1,0,0,0.40946445,0.3972571,0.012207359,0.40412426,0.0053401887,0.45439225,-0.044927806,0.3789754,0.030489057,0.396169,0.013295442,0.38640097,0.02306348,0.58982503,0.29428098,0.29554406,0.44902125,0.14080378,0.6098317,-0.020006657,0.5044975,0.085327506,0.40874058,0.18108445,0.54809487,0.041730165
526,0,0,0,0,1,0,0,0,0,0.16555437,0.34665734,-0.18110296,0.32548508,-0.1599307,0.22188765,-0.056333274,0.19742791,-0.03187354,0.21392705,-0.04837267,0.21986832,-0.054313943,0.30284283,0.21743925,0.08540358,0.33454555,-0.031702727,0.34290466,-0.04006183,0.26728585,0.035556972,0.28940418,0.013438642,0.28712896,0.01571387
527,0,0,1,1,0,0,0,0,0,0.22961421,0.3434894,-0.113875195,0.385582,-0.15596779,0.22978891,-0.00017470121,0.26982522,-0.040211007,0.24108255,-0.011468336,0.36044607,-0.13083185,0.18591742,0.25901103,-0.07309361,0.33129102,-0.1453736,0.26615426,-0.08023684,0.2533694,-0.06745197,0.2401254,-0.05420798,0.31938675,-0.13346933
534,1,0,1,0,0,0,1,0,0,0.55127937,0.6387294,-0.08745003,0.53734934,0.013930023,0.6037247,-0.052445352,0.3986299,0.15264946,0.59049946,-0.039220095,0.5170922,0.034187138,0.33321115,0.24905998,0.08415118,0.3712583,-0.038047135,0.43333557,-0.10012442,0.26562363,0.067587525,0.25441813,0.07879302,0.32204515,0.011166006
559,0,1,0,0,0,0,0,0,0,0.048708975,0.19646072,-0.14775175,0.11932366,-0.07061469,0.09302002,-0.044311047,0.09980737,-0.05109839,0.062293995,-0.01358502,0.17134134,-0.12263237,0.06289575,0.23002946,-0.16713372,0.10780266,-0.044906907,0.08656923,-0.023673475,0.12002407,-0.057128318,0.10927175,-0.046375997,0.13282265,-0.069926895
564,0,0,1,0,1,0,0,0,0,0.33624774,0.34768134,-0.011433601,0.36122116,-0.024973422,0.36581963,-0.02957189,0.23882224,0.097425506,0.37877432,-0.042526573,0.18310285,0.1531449,0.53216165,0.17349355,0.3586681,0.31178346,0.22037819,0.47504592,0.057115734,0.32577422,0.20638743,0.4646311,0.06753054,0.23569395,0.29646772
569,0,0,1,1,0,0,0,0,0,0.25439605,0.46133474,-0.20693868,0.46919596,-0.21479991,0.31950638,-0.065110326,0.36887923,-0.11448318,0.3329824,-0.07858634,0.459929,-0.20553294,0.21952176,0.34864503,-0.12912327,0.35960674,-0.14008498,0.27401325,-0.05449149,0.2797226,-0.06020084,0.21010938,0.009412378,0.3205903,-0.10106853
570,0,1,0,0,0,0,0,0,0,0.0378978,0.12771201,-0.089814216,0.16084327,-0.12294547,0.102279246,-0.06438145,0.0962273,-0.058329504,0.07270872,-0.03481092,0.20318767,-0.16528988,0.030684736,0.12214845,-0.091463715,0.11946368,-0.08877894,0.052559253,-0.021874517,0.078835756,-0.04815102,0.06746752,-0.036782783,0.114507504,-0.08382277
573,1,0,1,0,0,0,0,0,1,0.2989528,0.4180999,-0.11914712,0.2693515,0.029601276,0.23481242,0.064140365,0.34316844,-0.04421565,0.32852098,-0.029568195,0.30225688,-0.003304094,0.22515067,0.21959119,0.005559489,0.276371,-0.051220328,0.25895444,-0.03380376,0.24225286,-0.017102182,0.22735898,-0.0022083074,0.24552532,-0.02037464
581,0,0,1,1,1,0,0,0,0,0.118293576,0.37250948,-0.2542159,0.121873476,-0.0035798997,0.15272032,-0.03442674,0.115884624,0.0024089515,0.1782609,-0.059967317,0.12638693,-0.00809335,0.16057234,0.17904598,-0.01847364,0.15799722,0.0025751144,0.24263348,-0.08206114,0.15092409,0.009648249,0.18031582,-0.019743487,0.14197476,0.018597573
582,0,1,0,0,0,0,0,0,0,0.023008477,0.09935228,-0.076343805,0.13839456,-0.11538608,0.05137532,-0.028366841,0.047870085,-0.024861608,0.042006906,-0.01899843,0.09966503,-0.07665655,0.04221858,0.22297314,-0.18075456,0.1349956,-0.092777014,0.043176804,-0.0009582229,0.12371829,-0.08149971,0.09420995,-0.051991366,0.10123309,-0.059014507
584,0,1,0,0,0,0,0,0,0,0.019685596,0.09690746,-0.07722186,0.15314199,-0.1334564,0.046763852,-0.027078256,0.034011234,-0.014325637,0.039796446,-0.02011085,0.08467782,-0.06499223,0.03184247,0.11534444,-0.08350197,0.22692384,-0.19508137,0.05340472,-0.021562248,0.16427712,-0.13243465,0.07955242,-0.04770995,0.15876864,-0.12692617
598,0,0,0,1,0,0,0,0,0,0.15572841,0.3599907,-0.20426227,0.19535398,-0.03962557,0.17771228,-0.021983862,0.18544331,-0.029714897,0.22152424,-0.065795824,0.18946163,-0.03373322,0.14323284,0.14463924,-0.0014064014,0.13842045,0.0048123896,0.16684416,-0.023611322,0.14684395,-0.0036111176,0.14701459,-0.0037817508,0.15714002,-0.013907179
611,0,1,0,0,0,0,0,0,0,0.046427198,0.23248738,-0.18606019,0.26166064,-0.21523345,0.10321611,-0.056788914,0.09239446,-0.045967266,0.072444394,-0.026017196,0.2311066,-0.18467939,0.081039496,0.22263473,-0.14159524,0.3174781,-0.2364386,0.13194628,-0.050906785,0.20315254,-0.12211304,0.1429139,-0.061874397,0.27348414,-0.19244465
618,0,0,0,1,0,0,0,0,0,0.08538186,0.26633212,-0.18095025,0.14403348,-0.05865162,0.1283815,-0.042999648,0.19140232,-0.10602046,0.1552624,-0.06988054,0.18932936,-0.1039475,0.100605525,0.13787289,-0.037267365,0.20600064,-0.105395116,0.1292778,-0.02867227,0.18385002,-0.083244495,0.12745184,-0.026846312,0.2759737,-0.17536819
619,0,1,0,0,0,0,0,0,0,0.06621764,0.2171455,-0.15092787,0.18888897,-0.12267133,0.14561257,-0.07939493,0.08308804,-0.016870402,0.1149318,-0.04871416,0.18570344,-0.1194858,0.059615124,0.14802302,-0.088407904,0.119384445,-0.05976932,0.10526422,-0.045649093,0.102393754,-0.04277863,0.1041597,-0.044544574,0.13371009,-0.074094966
658,0,0,0,1,0,0,0,0,0,0.057752043,0.23836929,-0.18061724,0.22704178,-0.16928974,0.15120259,-0.093450546,0.101067916,-0.043315873,0.0966746,-0.038922556,0.2717152,-0.21396315,0.08881972,0.24180795,-0.15298823,0.19393978,-0.105120055,0.1314415,-0.042621784,0.16438769,-0.07556797,0.14060374,-0.051784016,0.20426838,-0.11544866
685,0,0,0,1,1,0,0,0,0,0.3278841,0.39832324,-0.07043913,0.3326647,-0.0047805905,0.25375515,0.074128956,0.38818264,-0.060298532,0.39940095,-0.07151684,0.28422394,0.043660164,0.26426098,0.16774614,0.096514836,0.41182393,-0.14756295,0.30236903,-0.03810805,0.3457839,-0.08152291,0.21937062,0.04489036,0.36548078,-0.1012198
687,0,1,0,0,0,0,0,0,0,0.0248936,0.15479924,-0.12990564,0.12931551,-0.10442191,0.0599038,-0.0350102,0.039497133,-0.014603533,0.046528023,-0.021634422,0.10101479,-0.076121196,0.0659422,0.19151406,-0.12557186,0.15873529,-0.09279309,0.06873508,-0.00279288,0.15247017,-0.08652797,0.106748894,-0.040806696,0.14707798,-0.08113578
688,0,0,1,1,0,0,0,0,0,0.3162784,0.3037473,0.012531102,0.26281655,0.05346185,0.25771302,0.05856538,0.24080843,0.07546997,0.3570889,-0.040810496,0.17286326,0.14341514,0.25201973,0.10831411,0.14370562,0.37106654,-0.11904681,0.24716786,0.0048518777,0.2985931,-0.04657337,0.2384769,0.013542831,0.30608672,-0.054066986
694,0,1,0,0,0,0,0,0,0,0.02023968,0.14034662,-0.120106936,0.17792122,-0.15768154,0.068024576,-0.047784895,0.04163369,-0.021394012,0.037222475,-0.016982796,0.12145826,-0.10121858,0.04418548,0.15660296,-0.11241749,0.17778686,-0.13360138,0.066227674,-0.022042196,0.13333304,-0.08914757,0.10590638,-0.061720904,0.14813238,-0.10394691
696,0,1,0,0,0,0,0,0,0,0.013335753,0.054717638,-0.041381884,0.091142535,-0.077806786,0.031118196,-0.017782442,0.02345215,-0.0101163965,0.034193795,-0.020858042,0.060043953,-0.0467082,0.026422208,0.14033169,-0.113909476,0.24141088,-0.21498868,0.03506704,-0.008644832,0.12842146,-0.101999246,0.06411629,-0.03769408,0.14383483,-0.11741262
707,0,0,1,0,0,0,0,0,0,0.11667051,0.2628721,-0.14620158,0.117090486,-0.00041997433,0.11967623,-0.0030057207,0.16498177,-0.048311256,0.18905617,-0.07238566,0.1719217,-0.05525119,0.16040358,0.20105661,-0.040653035,0.16360398,-0.003200397,0.15427588,0.0061277,0.18118197,-0.020778388,0.18344088,-0.0230373,0.18358909,-0.023185506
723,0,0,1,0,1,0,0,0,0,0.06100432,0.19911271,-0.1381084,0.13742675,-0.07642243,0.10804102,-0.0470367,0.06672379,-0.005719468,0.09447516,-0.03347084,0.14671017,-0.085705854,0.06847645,0.09464622,-0.02616977,0.18127881,-0.11280236,0.08971558,-0.021239124,0.09324711,-0.024770655,0.09445664,-0.02598019,0.094252475,-0.025776021
726,0,1,0,1,0,0,0,0,0,0.028369805,0.106313705,-0.0779439,0.089942224,-0.061572418,0.028904228,-0.0005344227,0.054421615,-0.02605181,0.05068137,-0.022311566,0.05286884,-0.024499035,0.07864708,0.2047104,-0.12606332,0.18779239,-0.10914531,0.0426228,0.036024276,0.1908462,-0.11219913,0.14855236,-0.06990528,0.12859574,-0.049948663
732,0,1,0,0,0,0,0,0,0,0.019303914,0.1388374,-0.11953348,0.1695467,-0.15024278,0.053926956,-0.03462304,0.027706245,-0.008402331,0.06951706,-0.050213147,0.099178985,-0.07987507,0.047862336,0.18486279,-0.13700046,0.2086277,-0.16076536,0.08719291,-0.039330572,0.13784716,-0.08998482,0.115104474,-0.06724214,0.20662338,-0.15876104
751,0,1,0,0,0,0,0,0,0,0.025981288,0.13812828,-0.11214699,0.12524568,-0.09926438,0.06516277,-0.039181482,0.06508778,-0.039106492,0.04462168,-0.018640392,0.13563071,-0.10964942,0.042680483,0.10584805,-0.06316757,0.1441415,-0.10146101,0.05920202,-0.016521536,0.07826614,-0.035585653,0.07391088,-0.031230394,0.10477759,-0.062097106
756,0,0,1,0,0,0,0,0,0,0.063591376,0.32522532,-0.26163393,0.15072607,-0.08713469,0.1170489,-0.05345752,0.1332599,-0.06966853,0.09078198,-0.027190603,0.16376665,-0.10017528,0.11123783,0.20031796,-0.08908013,0.17637026,-0.06513243,0.11017402,0.0010638088,0.13657841,-0.02534058,0.1564202,-0.04518237,0.1560157,-0.044777863
758,0,1,0,0,0,0,0,0,0,0.03980164,0.115007974,-0.07520634,0.109084174,-0.06928253,0.07294915,-0.03314751,0.0770749,-0.03727326,0.06348361,-0.023681972,0.12278954,-0.082987905,0.043760255,0.119611345,-0.07585109,0.20615499,-0.16239473,0.062479965,-0.01871971,0.11943888,-0.075678624,0.0766424,-0.032882147,0.12610427,-0.08234401
764,0,1,0,0,0,0,0,0,0,0.010901515,0.10945258,-0.098551065,0.06887421,-0.057972696,0.037916772,-0.027015258,0.017641356,-0.006739841,0.03903195,-0.028130434,0.05788799,-0.046986476,0.022868657,0.15790637,-0.1350377,0.19059676,-0.1677281,0.0328046,-0.009935943,0.12598303,-0.103114374,0.07530743,-0.052438773,0.1370484,-0.11417974
765,0,0,0,0,1,0,0,0,0,0.057976566,0.27680936,-0.21883279,0.14207323,-0.08409666,0.077057175,-0.01908061,0.09237944,-0.034402877,0.06991715,-0.011940584,0.126415,-0.06843843,0.056209754,0.24163716,-0.1854274,0.12491265,-0.06870289,0.07264113,-0.016431373,0.08425182,-0.028042067,0.08126153,-0.025051776,0.0899567,-0.033746947
775,0,1,0,0,0,0,0,0,0,0.027722295,0.20618342,-0.17846112,0.10413497,-0.07641268,0.06505179,-0.03732949,0.05676573,-0.029043436,0.07291345,-0.045191158,0.13108025,-0.103357956,0.04245138,0.17074609,-0.1282947,0.09151465,-0.049063265,0.053812567,-0.011361185,0.08049919,-0.038047805,0.098973095,-0.056521714,0.09536717,-0.05291579
779,0,1,0,0,0,0,0,0,0,0.009504163,0.0668597,-0.057355538,0.08561916,-0.076115,0.036553536,-0.027049374,0.026883503,-0.01737934,0.018994246,-0.009490083,0.0699576,-0.060453437,0.02120798,0.121149465,-0.099941485,0.21670775,-0.19549978,0.032251254,-0.011043273,0.105289795,-0.08408181,0.039970275,-0.018762294,0.11417576,-0.09296778
789,0,0,0,1,0,0,0,0,0,0.09477174,0.11779098,-0.02301924,0.116385564,-0.021613821,0.08854949,0.0062222555,0.14078586,-0.046014115,0.14218105,-0.04740931,0.15415467,-0.05938293,0.1484955,0.15587541,-0.0073799193,0.072005406,0.07649009,0.08479506,0.06370044,0.1375018,0.010993689,0.15607129,-0.007575795,0.073874734,0.07462076
795,0,1,0,0,0,0,0,0,0,0.124755636,0.38167885,-0.2569232,0.31617543,-0.1914198,0.20775281,-0.08299717,0.16762339,-0.04286775,0.17110664,-0.046351,0.23152551,-0.106769875,0.19025204,0.22515401,-0.034901977,0.3933834,-0.20313138,0.22957937,-0.03932734,0.20120063,-0.010948598,0.25057766,-0.060325623,0.2406626,-0.05041057
799,0,0,0,0,1,0,0,0,0,0.023206148,0.23984517,-0.21663903,0.115880795,-0.09267464,0.07488335,-0.0516772,0.042993538,-0.01978739,0.040552147,-0.017345998,0.12161536,-0.098409206,0.039142553,0.16045296,-0.12131041,0.1452071,-0.10606456,0.07804402,-0.038901467,0.08627105,-0.047128495,0.068115644,-0.028973091,0.14021468,-0.10107213
805,0,1,0,0,0,0,0,0,0,0.09521345,0.3885459,-0.29333246,0.12290439,-0.02769094,0.10917637,-0.013962917,0.10054031,-0.0053268597,0.1907768,-0.095563345,0.17244129,-0.07722784,0.058698095,0.20159549,-0.1428974,0.067001596,-0.008303501,0.054536704,0.0041613914,0.12546192,-0.066763826,0.1229213,-0.06422321,0.08662254,-0.027924448
806,0,0,0,1,0,0,0,0,0,0.09849186,0.38831005,-0.28981817,0.15098384,-0.052491978,0.07708564,0.021406226,0.15369606,-0.055204198,0.14300065,-0.044508785,0.14018439,-0.041692525,0.14435585,0.20912234,-0.0647665,0.1163892,0.027966648,0.06867878,0.07567707,0.16653611,-0.02218026,0.15512568,-0.010769829,0.14290436,0.0014514923
821,0,0,0,0,1,0,0,0,0,0.17634915,0.41037643,-0.23402728,0.17019601,0.0061531365,0.18092851,-0.0045793653,0.1985173,-0.022168145,0.25461763,-0.07826848,0.24334802,-0.06699887,0.31663722,0.3425138,-0.025876582,0.20628335,0.11035387,0.26362297,0.05301425,0.20442715,0.112210065,0.41752788,-0.100890666,0.23585713,0.08078009
848,0,1,0,0,0,0,0,0,0,0.05523512,0.16149604,-0.106260926,0.14814918,-0.09291406,0.107363015,-0.052127894,0.12347814,-0.06824301,0.06636873,-0.0111336075,0.18437414,-0.12913902,0.079711236,0.14665286,-0.06694163,0.2147297,-0.13501847,0.13346307,-0.053751834,0.14761391,-0.06790268,0.11970368,-0.039992444,0.24233623,-0.16262498
854,0,0,1,0,1,0,0,0,0,0.14162543,0.10955934,0.032066092,0.10821412,0.033411317,0.16781394,-0.026188508,0.11355769,0.028067745,0.1149912,0.026634231,0.1465386,-0.004913166,0.070739746,0.067726225,0.0030135214,0.12582415,-0.055084407,0.10549114,-0.034751393,0.049534194,0.021205552,0.09373486,-0.022995114,0.1103436,-0.03960385
861,0,0,1,0,0,0,0,0,0,0.048263475,0.18841717,-0.14015369,0.2876029,-0.23933943,0.11595568,-0.067692205,0.08721626,-0.038952783,0.059306636,-0.011043161,0.20426038,-0.1559969,0.11462854,0.20550619,-0.09087765,0.26997772,-0.15534918,0.14331229,-0.028683752,0.19464539,-0.08001685,0.13952294,-0.024894401,0.21873318,-0.10410464
886,0,1,0,0,0,0,0,0,0,0.08218627,0.13058613,-0.048399866,0.2063175,-0.12413123,0.1646233,-0.08243704,0.15376589,-0.07157962,0.075090684,0.007095583,0.21456021,-0.13237394,0.067309394,0.12178263,-0.054473236,0.099170305,-0.03186091,0.096810125,-0.02950073,0.11938267,-0.052073278,0.1109624,-0.043653004,0.1109506,-0.043641202
892,0,1,0,0,0,0,0,0,0,0.05242127,0.19482362,-0.14240235,0.17852017,-0.1260989,0.15542966,-0.10300839,0.08055861,-0.028137341,0.07874585,-0.026324578,0.25955048,-0.20712921,0.06412544,0.14533418,-0.08120874,0.14047754,-0.0763521,0.088566616,-0.024441175,0.105786204,-0.041660763,0.09813056,-0.03400512,0.12143242,-0.057306983
911,0,1,0,0,0,0,0,0,0,0.010209262,0.1069633,-0.09675404,0.1084084,-0.09819914,0.047293287,-0.037084024,0.025147868,-0.014938606,0.021455605,-0.011246342,0.099256024,-0.08904676,0.027248316,0.15901268,-0.13176435,0.124114335,-0.09686602,0.05458414,-0.027335826,0.114217244,-0.08696893,0.06915613,-0.041907817,0.13483214,-0.10758383
917,0,1,0,0,0,0,0,0,0,0.01140624,0.16747095,-0.1560647,0.17301624,-0.16160999,0.04745645,-0.03605021,0.015445327,-0.0040390873,0.04091402,-0.029507782,0.06821023,-0.05680399,0.032610383,0.19882686,-0.16621648,0.21342191,-0.18081152,0.045543235,-0.012932852,0.13159163,-0.09898125,0.07729546,-0.044685077,0.14950088,-0.11689049
928,0,1,0,0,0,0,0,0,0,0.010649481,0.16611,-0.1554605,0.24349038,-0.2328409,0.07587945,-0.06522997,0.023953438,-0.013303957,0.028510455,-0.017860975,0.12084787,-0.11019839,0.02422724,0.19446938,-0.17024213,0.2545905,-0.23036328,0.058785222,-0.034557983,0.1121998,-0.08797256,0.05869167,-0.03446443,0.15226649,-0.12803924
931,0,1,0,1,0,0,0,0,0,0.0143206725,0.10094115,-0.08662048,0.10956299,-0.09524232,0.035712127,-0.021391455,0.035836507,-0.021515835,0.030077627,-0.015756954,0.07418133,-0.05986066,0.024888659,0.1385935,-0.11370484,0.15116647,-0.1262778,0.0386527,-0.013764041,0.10472935,-0.07984069,0.060610082,-0.03572142,0.12262493,-0.09773628
935,0,1,0,0,0,0,0,0,0,0.009602733,0.10764905,-0.09804632,0.13818948,-0.12858674,0.057373043,-0.04777031,0.017739365,-0.008136632,0.017985964,-0.008383231,0.09896595,-0.08936322,0.01806942,0.1413034,-0.12323399,0.13705984,-0.11899042,0.05293502,-0.0348656,0.0885716,-0.07050218,0.049839906,-0.031770486,0.13974111,-0.12167169
943,1,0,0,0,1,0,0,0,1,0.035190035,0.077786945,-0.04259691,0.060151123,-0.024961088,0.06348449,-0.028294455,0.042345442,-0.007155407,0.033825736,0.0013642982,0.07290169,-0.037711654,0.039746687,0.058966618,-0.019219931,0.082832605,-0.043085918,0.051748298,-0.012001611,0.030668827,0.00907786,0.068850435,-0.029103749,0.034171306,0.005575381
947,0,0,0,0,1,0,0,0,0,0.21222144,0.23685253,-0.024631083,0.07073031,0.14149113,0.16857913,0.043642312,0.14469475,0.0675267,0.17440827,0.03781317,0.09143061,0.12079083,0.07590441,0.14266907,-0.06676466,0.07321275,0.0026916564,0.07032129,0.005583115,0.0871854,-0.011280991,0.07944683,-0.0035424232,0.07011041,0.005793996
949,0,1,0,0,0,0,0,0,0,0.023001581,0.103309214,-0.08030763,0.099585444,-0.07658386,0.04300286,-0.020001277,0.026112609,-0.0031110272,0.063278325,-0.040276743,0.07009409,-0.047092512,0.04076897,0.13971955,-0.09895058,0.19897145,-0.15820248,0.051709387,-0.010940418,0.14660834,-0.10583937,0.084605835,-0.043836866,0.1648377,-0.12406874
950,0,0,0,1,0,0,0,0,0,0.029765904,0.08118354,-0.051417634,0.102198996,-0.07243309,0.03957337,-0.009807467,0.06291869,-0.03315279,0.060078748,-0.030312844,0.08617309,-0.056407183,0.09445337,0.20574191,-0.11128854,0.18620172,-0.09174835,0.04237698,0.052076392,0.19768073,-0.103227355,0.15780304,-0.06334967,0.14262725,-0.048173882
952,0,1,0,0,0,0,0,0,0,0.022505958,0.07096278,-0.04845682,0.11249665,-0.08999069,0.05690743,-0.034401473,0.050579187,-0.028073229,0.03243109,-0.009925131,0.09002657,-0.06752062,0.030305168,0.08908273,-0.058777563,0.12271638,-0.09241121,0.05274248,-0.022437314,0.10773788,-0.07743271,0.07792369,-0.047618523,0.099809416,-0.069504246
958,0,1,0,0,0,0,0,0,0,0.011948691,0.06811696,-0.056168273,0.13631316,-0.124364465,0.035289314,-0.023340624,0.03571219,-0.0237635,0.031489797,-0.019541107,0.07204072,-0.060092032,0.027749993,0.09436906,-0.06661907,0.1876158,-0.1598658,0.039571196,-0.011821203,0.10120051,-0.07345052,0.056095954,-0.028345961,0.122655384,-0.09490539
959,0,0,0,1,1,0,0,0,0,0.11830333,0.2841504,-0.16584706,0.18497536,-0.06667203,0.11570734,0.002595991,0.13670479,-0.018401459,0.13577552,-0.017472193,0.14493248,-0.02662915,0.16791093,0.16616876,0.0017421693,0.2151125,-0.047201574,0.16722043,0.0006905049,0.17839444,-0.010483503,0.16160505,0.0063058883,0.19523183,-0.027320892
963,0,0,1,0,0,0,0,0,0,0.18696147,0.24302958,-0.056068107,0.42577487,-0.2388134,0.32192925,-0.13496777,0.2024734,-0.01551193,0.1958122,-0.0088507235,0.35115618,-0.1641947,0.12046367,0.13556542,-0.015101746,0.321975,-0.20151132,0.25067317,-0.1302095,0.16842431,-0.04796064,0.11051831,0.009945363,0.25903237,-0.1385687
968,0,0,0,0,1,0,0,0,0,0.38246542,0.35695127,0.025514156,0.23728901,0.14517641,0.3158167,0.06664872,0.2069983,0.17546712,0.38932753,-0.006862104,0.21893463,0.1635308,0.1668017,0.14147264,0.025329068,0.2326678,-0.0658661,0.17011043,-0.0033087283,0.15173219,0.0150695145,0.19700658,-0.030204877,0.1710617,-0.0042599887
975,0,0,0,1,1,0,0,0,0,0.061803713,0.19679603,-0.13499232,0.13479893,-0.072995216,0.060410656,0.0013930574,0.140576,-0.07877229,0.10028084,-0.03847713,0.103833385,-0.04202967,0.14345734,0.15227045,-0.008813113,0.1338658,0.009591535,0.090117015,0.053340323,0.16808754,-0.024630204,0.15825665,-0.014799312,0.12512976,0.018327579
1009,0,0,1,0,0,0,0,0,0,0.07300947,0.37003398,-0.29702452,0.36031744,-0.28730798,0.22674002,-0.15373054,0.10685281,-0.03384334,0.1654654,-0.09245593,0.3063037,-0.23329425,0.1373546,0.25574687,-0.118392274,0.37447435,-0.23711975,0.2635415,-0.12618689,0.17910089,-0.04174629,0.14411451,-0.006759912,0.26992914,-0.13257454
1013,1,0,1,0,0,0,1,0,0,0.5130724,0.5638229,-0.050750554,0.29462484,0.21844754,0.41280213,0.10027024,0.3332567,0.17981568,0.5477067,-0.03463435,0.29029235,0.22278002,0.38968834,0.30244756,0.087240785,0.19586968,0.19381866,0.39041546,-0.00072711706,0.26099232,0.12869602,0.3041366,0.08555174,0.2517812,0.13790715
1014,0,0,0,1,1,0,0,0,0,0.20717636,0.29522586,-0.0880495,0.270204,-0.06302765,0.25249404,-0.04531768,0.21590877,-0.008732408,0.23227732,-0.025100961,0.25810164,-0.050925285,0.18324645,0.2142473,-0.031000853,0.29756021,-0.11431377,0.26394862,-0.08070217,0.17955665,0.0036897957,0.1905415,-0.007295057,0.24223745,-0.058991
1016,0,1,0,0,0,0,0,0,0,0.038296968,0.17821556,-0.1399186,0.15188622,-0.11358926,0.09520832,-0.05691135,0.09911322,-0.06081625,0.06821253,-0.029915564,0.16752523,-0.12922826,0.048216067,0.13797656,-0.08976049,0.1738984,-0.12568232,0.07745547,-0.029239401,0.16725205,-0.11903598,0.08839616,-0.040180095,0.18155214,-0.13333607
1031,0,1,0,0,0,0,0,0,0,0.011528339,0.07041211,-0.058883768,0.061040428,-0.04951209,0.028601302,-0.017072963,0.020347813,-0.008819474,0.023642903,-0.012114564,0.046056733,-0.034528393,0.019127078,0.13614823,-0.11702115,0.10751937,-0.088392295,0.029764688,-0.010637609,0.08606377,-0.066936694,0.043360498,-0.02423342,0.084481925,-0.06535485
1051,0,1,0,0,0,0,0,0,0,0.013285333,0.12156188,-0.108276546,0.14768468,-0.13439934,0.05377859,-0.040493257,0.034073338,-0.020788005,0.024601929,-0.011316596,0.10834953,-0.0950642,0.026216025,0.11957359,-0.09335757,0.19377512,-0.16755909,0.05156298,-0.025346955,0.09912277,-0.07290675,0.050750107,-0.024534082,0.14977337,-0.12355735
1054,0,1,0,0,0,0,0,0,0,0.014736359,0.06795854,-0.053222183,0.119201176,-0.104464814,0.04873996,-0.0340036,0.027411705,-0.012675346,0.024803206,-0.010066847,0.081736766,-0.067000404,0.024618313,0.1300232,-0.10540488,0.1773246,-0.15270628,0.034455515,-0.009837203,0.110602915,-0.0859846,0.04343146,-0.018813148,0.12187288,-0.09725457
1056,0,0,0,1,1,0,0,0,0,0.07158456,0.1710785,-0.09949394,0.10313087,-0.03154631,0.06569004,0.0058945194,0.112798624,-0.041214064,0.09765135,-0.026066788,0.10436192,-0.03277736,0.123651646,0.13097356,-0.0073219165,0.1628087,-0.039157055,0.1009385,0.022713147,0.13699488,-0.013343237,0.12901007,-0.0053584203,0.18119316,-0.057541512
1061,0,1,0,0,0,0,0,0,0,0.009428666,0.06576844,-0.056339778,0.13084613,-0.12141746,0.042514313,-0.033085648,0.024583291,-0.015154625,0.022387965,-0.012959299,0.083638035,-0.07420937,0.016078226,0.1182718,-0.10219357,0.2105547,-0.19447649,0.031697325,-0.015619099,0.096276425,-0.0801982,0.039340448,-0.023262221,0.13561454,-0.11953632
1068,0,0,1,0,0,0,0,0,0,0.20252942,0.19436315,0.0081662685,0.15647127,0.04605815,0.17943387,0.023095548,0.21448492,-0.0119555,0.22844458,-0.02591516,0.1747684,0.027761012,0.13472922,0.11058453,0.024144694,0.086030945,0.048698276,0.08605788,0.048671342,0.1309229,0.0038063228,0.15154028,-0.016811058,0.08012672,0.054602504
1078,0,1,0,0,0,0,0,0,0,0.010165593,0.08674752,-0.076581925,0.13380988,-0.123644285,0.055553276,-0.045387685,0.027085941,-0.016920349,0.01874119,-0.008575598,0.11940601,-0.10924041,0.031753793,0.12484082,-0.093087025,0.18506204,-0.15330824,0.06389159,-0.032137796,0.14370205,-0.11194825,0.06316122,-0.031407423,0.18208192,-0.15032813
1084,0,1,0,0,0,0,0,0,0,0.02887231,0.14502199,-0.11614968,0.30264696,-0.27377465,0.103325054,-0.07445274,0.07500469,-0.04613238,0.049035244,-0.020162934,0.20409964,-0.17522733,0.060633164,0.22983697,-0.1692038,0.2743345,-0.21370132,0.10686735,-0.046234187,0.22238284,-0.16174968,0.10648978,-0.045856614,0.2312255,-0.17059234
1093,0,0,1,1,1,0,0,0,0,0.31477824,0.38936684,-0.0745886,0.28703284,0.027745396,0.29917708,0.015601158,0.32884043,-0.014062196,0.40303528,-0.088257045,0.24111314,0.0736651,0.15483242,0.18376407,-0.028931648,0.24443863,-0.08960621,0.24624825,-0.09141582,0.15708409,-0.0022516698,0.17916606,-0.024333641,0.20078708,-0.04595466
1094,0,1,0,0,0,0,0,0,0,0.016432848,0.24321878,-0.22678593,0.18321297,-0.16678011,0.062412728,-0.04597988,0.041614756,-0.025181908,0.04208325,-0.0256504,0.12751521,-0.11108236,0.03042603,0.19550088,-0.16507486,0.27112642,-0.2407004,0.05365903,-0.023233,0.1326039,-0.10217787,0.06916972,-0.038743693,0.19641319,-0.16598716
1100,0,1,0,0,0,0,0,0,0,0.021336604,0.12883319,-0.10749659,0.1915715,-0.1702349,0.07096403,-0.049627427,0.05246805,-0.031131446,0.04344985,-0.022113245,0.12325437,-0.10191777,0.023986248,0.128151,-0.10416475,0.23511097,-0.21112472,0.049114484,-0.025128236,0.08661147,-0.06262522,0.054788604,-0.030802356,0.13209762,-0.10811137
1101,0,1,0,0,0,0,0,0,0,0.007549745,0.099404365,-0.09185462,0.09809767,-0.09054792,0.041211758,-0.033662014,0.015440333,-0.007890588,0.024406468,-0.016856723,0.062861584,-0.05531184,0.02067182,0.08003819,-0.059366368,0.22323589,-0.20256408,0.049413867,-0.028742047,0.08813544,-0.06746362,0.04708624,-0.026414419,0.16667359,-0.14600177
1113,0,1,0,0,0,0,0,0,0,0.038168643,0.33936095,-0.3011923,0.2900087,-0.25184005,0.12375563,-0.08558698,0.07659317,-0.038424525,0.12149234,-0.0833237,0.22794734,-0.1897787,0.052800808,0.20182629,-0.14902548,0.18876348,-0.13596268,0.06022613,-0.007425323,0.15557,-0.102769196,0.12879188,-0.07599108,0.15708022,-0.104279414
1120,0,0,0,1,0,0,0,0,0,0.041892767,0.15041775,-0.10852498,0.11775264,-0.075859874,0.049843565,-0.007950798,0.09016821,-0.04827544,0.06971871,-0.027825944,0.11276255,-0.07086978,0.11957252,0.22894952,-0.109377,0.13056408,-0.010991558,0.057305593,0.062266927,0.21030962,-0.090737104,0.1732195,-0.05364698,0.11700588,0.002566643
1133,0,1,0,0,0,0,0,0,0,0.02345157,0.14613163,-0.12268007,0.18267852,-0.15922695,0.08723057,-0.063779,0.054878116,-0.031426545,0.04744979,-0.02399822,0.15190604,-0.12845448,0.049032442,0.15237916,-0.10334671,0.1618481,-0.112815656,0.07605299,-0.027020551,0.1014564,-0.052423954,0.08146322,-0.032430775,0.12836725,-0.0793348
1147,0,1,0,0,0,0,0,0,0,0.010118722,0.080388,-0.07026928,0.10353685,-0.09341813,0.029257942,-0.01913922,0.033277407,-0.023158684,0.024772055,-0.014653333,0.06540207,-0.055283345,0.031806655,0.08429055,-0.052483894,0.23207399,-0.20026734,0.042508118,-0.010701463,0.09444458,-0.062637925,0.052722685,-0.02091603,0.12970878,-0.09790213
1157,0,0,0,1,1,0,0,0,0,0.13357994,0.16348754,-0.0299076,0.10724162,0.026338317,0.109798394,0.023781545,0.19848871,-0.06490877,0.18922135,-0.055641413,0.12167207,0.011907868,0.105380096,0.101017825,0.0043622702,0.069379225,0.03600087,0.055147633,0.050232463,0.1688775,-0.0634974,0.11689875,-0.011518657,0.072340176,0.03303992
1158,0,1,0,0,0,0,0,0,0,0.16127187,0.17687736,-0.015605494,0.20254987,-0.041278005,0.1530984,0.008173466,0.20216165,-0.040889785,0.17941572,-0.018143848,0.18955052,-0.028278649,0.117170244,0.13258298,-0.015412733,0.083385706,0.03378454,0.056292553,0.060877692,0.15793659,-0.040766343,0.16049169,-0.043321446,0.071130835,0.04603941
1166,0,1,0,0,0,0,0,0,0,0.0176556,0.12314303,-0.105487436,0.16757633,-0.14992073,0.056273405,-0.038617805,0.042017642,-0.024362043,0.04663384,-0.02897824,0.1153677,-0.0977121,0.05647029,0.22074251,-0.16427222,0.3393391,-0.2828688,0.07770932,-0.021239027,0.17547631,-0.11900602,0.12065692,-0.06418663,0.24991232,-0.19344203
1169,0,1,0,0,0,0,0,0,0,0.025228525,0.18894613,-0.1637176,0.119510196,-0.09428167,0.07373472,-0.0485062,0.04724017,-0.022011647,0.05185659,-0.026628064,0.1245164,-0.099287875,0.039857037,0.12906606,-0.08920903,0.10245962,-0.06260258,0.05295745,-0.013100412,0.10346275,-0.06360571,0.08451852,-0.044661485,0.0962048,-0.056347765
1172,0,1,0,0,0,0,0,0,0,0.11490247,0.2809268,-0.16602433,0.16746795,-0.052565485,0.11925213,-0.004349664,0.16131954,-0.046417072,0.16781007,-0.0529076,0.17859632,-0.06369385,0.16411312,0.20915322,-0.0450401,0.1262521,0.03786102,0.07797058,0.08614254,0.19024432,-0.026131198,0.18342675,-0.019313633,0.11202644,0.05208668
1175,0,0,1,0,0,0,0,0,0,0.12191775,0.40885547,-0.2869377,0.19192165,-0.070003904,0.259467,-0.13754925,0.14210981,-0.020192064,0.18211855,-0.060200803,0.25025994,-0.12834218,0.12915258,0.24339038,-0.1142378,0.13502207,-0.005869493,0.22033508,-0.0911825,0.13163753,-0.0024849474,0.19174391,-0.06259133,0.20168014,-0.07252756
1186,0,1,0,0,0,0,0,0,0,0.11877908,0.32064474,-0.20186566,0.24906187,-0.13028279,0.17950706,-0.060727984,0.20907499,-0.09029591,0.17334348,-0.0545644,0.27840784,-0.15962876,0.3164878,0.21691632,0.09957147,0.34831202,-0.03182423,0.2977897,0.018698096,0.3193724,-0.0028845966,0.32292104,-0.0064332485,0.29961812,0.016869664
1197,0,1,0,0,0,0,0,0,0,0.037754744,0.19751596,-0.15976122,0.18269947,-0.14494473,0.086508095,-0.04875335,0.10244114,-0.064686395,0.08573019,-0.047975443,0.15509667,-0.11734192,0.09924669,0.19458672,-0.095340036,0.28161028,-0.1823636,0.09466669,0.0045799986,0.26716968,-0.167923,0.17842595,-0.079179265,0.18742974,-0.08818305
1200,0,0,0,1,1,0,0,0,0,0.0887735,0.4716102,-0.3828367,0.14047372,-0.051700227,0.094398715,-0.005625218,0.1745515,-0.085778005,0.10635512,-0.017581627,0.17203791,-0.08326442,0.15939178,0.35236242,-0.19297065,0.07709736,0.08229442,0.09024556,0.069146216,0.20269784,-0.043306068,0.21192813,-0.052536353,0.09644305,0.062948726
1219,1,0,0,0,0,1,1,0,0,0.028971437,0.084505,-0.05553356,0.1758429,-0.14687146,0.10040066,-0.07142922,0.031026524,-0.0020550862,0.056362867,-0.02739143,0.111617155,-0.082645714,0.019016419,0.06222288,-0.04320646,0.20223951,-0.1832231,0.051838413,-0.032821994,0.078766614,-0.059750196,0.052162573,-0.033146154,0.13907024,-0.12005383
1220,0,1,0,1,0,0,0,0,0,0.15316117,0.22495234,-0.07179117,0.16341771,-0.010256544,0.1588363,-0.005675137,0.21152799,-0.05836682,0.17810059,-0.024939418,0.21877758,-0.065616414,0.1945909,0.20757966,-0.012988761,0.23566535,-0.041074455,0.17557873,0.019012168,0.23206146,-0.037470564,0.19001602,0.00457488,0.245715,-0.05112411
1246,0,1,0,0,0,0,0,0,0,0.013978689,0.12501025,-0.11103156,0.14210449,-0.1281258,0.048830874,-0.034852184,0.03273705,-0.01875836,0.024365135,-0.010386446,0.0861061,-0.07212741,0.024712786,0.13107704,-0.10636425,0.21420318,-0.1894904,0.0451376,-0.020424813,0.08700601,-0.062293224,0.0574005,-0.032687712,0.13833885,-0.11362606
1251,0,1,0,0,0,0,0,0,0,0.07125522,0.20608895,-0.13483372,0.15495354,-0.08369832,0.07003559,0.0012196302,0.10536953,-0.03411431,0.11623482,-0.044979595,0.13793294,-0.06667772,0.13791028,0.20090614,-0.062995866,0.15013537,-0.012225091,0.109441936,0.02846834,0.19950987,-0.061599597,0.18786074,-0.049950466,0.18331634,-0.04540606
1266,0,1,0,0,0,0,0,0,0,0.004227083,0.04169773,-0.037470646,0.06188677,-0.057659686,0.026950704,-0.02272362,0.007831468,-0.003604385,0.015806021,-0.011578938,0.033452466,-0.029225383,0.012585174,0.12124081,-0.10865563,0.2534674,-0.24088223,0.020684987,-0.008099813,0.08160967,-0.06902449,0.039932705,-0.027347531,0.10873817,-0.09615299
1268,0,0,1,0,0,0,0,0,0,0.03084673,0.17995268,-0.14910595,0.14019415,-0.10934742,0.100968204,-0.070121475,0.04090176,-0.010055032,0.067951426,-0.037104696,0.14392379,-0.11307706,0.036520686,0.20041189,-0.1638912,0.10725971,-0.07073903,0.048126668,-0.011605982,0.13039002,-0.09386933,0.09591714,-0.059396457,0.10523905,-0.06871836
1275,0,0,0,0,1,0,0,0,0,0.50581485,0.5232575,-0.017442644,0.36694497,0.13886988,0.5142819,-0.008467078,0.36489686,0.14091799,0.56074536,-0.054930508,0.32791147,0.17790338,0.49182358,0.22984548,0.2619781,0.41493326,0.07689032,0.48933047,0.0024931133,0.31147996,0.18034363,0.48468533,0.0071382523,0.38954866,0.102274925
1280,0,1,0,0,0,0,0,0,0,0.010137448,0.046938278,-0.03680083,0.12667748,-0.11654004,0.04379552,-0.033658072,0.0178161,-0.007678652,0.022191945,-0.012054497,0.05809451,-0.047957063,0.025349572,0.0844493,-0.059099726,0.10721566,-0.081866086,0.04393993,-0.018590357,0.06543551,-0.040085934,0.04927081,-0.023921236,0.08104993,-0.055700354
1282,0,1,0,0,0,0,0,0,0,0.07707641,0.20762335,-0.13054693,0.20560709,-0.12853068,0.15398821,-0.0769118,0.12479782,-0.04772141,0.1397067,-0.06263029,0.21172425,-0.13464785,0.09900954,0.20036328,-0.101353735,0.17232907,-0.073319525,0.0984048,0.0006047413,0.15920247,-0.060192928,0.12579833,-0.026788786,0.11696303,-0.017953485
1287,0,1,0,0,0,0,0,0,0,0.025638936,0.15893325,-0.13329431,0.24903141,-0.22339247,0.10169919,-0.07606025,0.045417614,-0.019778678,0.030517979,-0.0048790425,0.17847633,-0.1528374,0.04498606,0.18207227,-0.13708621,0.18651631,-0.14153025,0.09121708,-0.046231017,0.14098316,-0.0959971,0.07568674,-0.030700676,0.17160219,-0.12661612
1307,1,0,0,0,0,1,1,0,0,0.013539962,0.059857924,-0.04631796,0.11871947,-0.10517951,0.0360972,-0.022557236,0.03105898,-0.01751902,0.01749801,-0.003958049,0.06402079,-0.050480828,0.03047247,0.11505242,-0.084579945,0.24445778,-0.21398531,0.038631726,-0.008159256,0.13131882,-0.10084635,0.05651507,-0.026042601,0.14423452,-0.11376205
1311,0,1,0,0,0,0,0,0,0,0.008724513,0.060492568,-0.051768053,0.1204319,-0.11170739,0.04026228,-0.031537764,0.022364432,-0.0136399185,0.023111533,-0.01438702,0.07793739,-0.069212876,0.018602274,0.11140409,-0.09280182,0.23258668,-0.2139844,0.036979448,-0.018377174,0.12616883,-0.10756656,0.04512236,-0.026520085,0.14270808,-0.1241058
1315,0,1,0,0,0,0,0,0,0,0.008243841,0.066619694,-0.058375854,0.099887915,-0.09164407,0.02886358,-0.020619739,0.015635472,-0.0073916307,0.019982303,-0.011738461,0.039911415,-0.031667575,0.0185164,0.08592105,-0.06740465,0.2014411,-0.18292469,0.02625524,-0.00773884,0.06306497,-0.04454857,0.042083863,-0.023567462,0.094233625,-0.075717226
1320,1,0,1,0,1,0,1,0,0,0.4232504,0.35510576,0.06814465,0.2687769,0.15447351,0.38056612,0.042684287,0.2497053,0.1735451,0.404207,0.019043416,0.2388178,0.18443261,0.22033302,0.12827608,0.092056945,0.270231,-0.049897984,0.27536055,-0.05502753,0.18340895,0.03692408,0.17438388,0.045949146,0.2561677,-0.035834685
1343,0,0,0,0,1,0,0,0,0,0.018781636,0.10443002,-0.08564839,0.083093055,-0.064311415,0.036892425,-0.01811079,0.038900696,-0.02011906,0.03605044,-0.017268803,0.076258846,-0.05747721,0.033928864,0.16376089,-0.12983203,0.102452375,-0.06852351,0.045464177,-0.011535313,0.08675857,-0.052829705,0.06531724,-0.03138838,0.091007285,-0.05707842
1351,0,1,0,0,0,0,0,0,0,0.020637516,0.105562,-0.08492449,0.1349523,-0.114314795,0.05259598,-0.031958465,0.059686568,-0.03904905,0.047356836,-0.02671932,0.12806278,-0.10742527,0.030314062,0.13364749,-0.10333343,0.20492263,-0.17460857,0.050673746,-0.020359684,0.09931093,-0.06899686,0.07350193,-0.043187868,0.117512435,-0.08719838
1353,0,1,0,0,0,0,0,0,0,0.049865227,0.23398323,-0.184118,0.16981983,-0.1199546,0.11663384,-0.06676862,0.10905661,-0.05919138,0.11204059,-0.06217536,0.19019711,-0.14033188,0.08583757,0.23256767,-0.1467301,0.15224633,-0.06640875,0.13084257,-0.045004994,0.15152186,-0.06568429,0.16501887,-0.0791813,0.18143134,-0.095593765
1355,0,1,0,0,0,0,0,0,0,0.058753595,0.10215676,-0.043403164,0.08161266,-0.022859067,0.0792341,-0.020480506,0.10998757,-0.051233977,0.0823764,-0.023622803,0.1157644,-0.057010807,0.059047505,0.1212293,-0.062181793,0.112096116,-0.05304861,0.052435815,0.00661169,0.11875836,-0.059710853,0.09523754,-0.036190033,0.09703003,-0.037982523
1377,0,0,1,0,0,0,0,0,0,0.07463489,0.24681003,-0.17217514,0.22902018,-0.1543853,0.16915515,-0.09452026,0.07215843,0.0024764538,0.10369698,-0.029062092,0.22627966,-0.15164477,0.076078095,0.18063675,-0.104558654,0.14307126,-0.06699317,0.11120875,-0.035130657,0.112741806,-0.03666371,0.11722337,-0.041145273,0.15203756,-0.07595947
1386,1,0,0,0,0,1,1,0,0,0.032556914,0.1170725,-0.08451559,0.21528848,-0.18273157,0.084847674,-0.05229076,0.08004346,-0.047486544,0.05799103,-0.025434118,0.16304351,-0.13048661,0.06453571,0.175009,-0.11047329,0.3272784,-0.2627427,0.09820518,-0.03366947,0.1990683,-0.13453259,0.10473686,-0.04020115,0.24897006,-0.18443435
1391,0,0,0,1,1,0,0,0,0,0.09541972,0.20221621,-0.10679649,0.14080787,-0.045388147,0.098215826,-0.002796106,0.14778872,-0.052369,0.11875266,-0.023332939,0.14263621,-0.04721649,0.1324274,0.13358577,-0.0011583716,0.15094754,-0.018520147,0.09961891,0.032808483,0.19584507,-0.06341767,0.1369485,-0.0045211017,0.16669382,-0.034266427
1394,0,0,1,0,0,0,0,0,0,0.50356036,0.5789643,-0.07540393,0.3163401,0.18722028,0.53067666,-0.027116299,0.3299751,0.17358527,0.52838737,-0.024827003,0.3978602,0.105700165,0.3862057,0.33199188,0.054213822,0.33647224,0.04973346,0.45011705,-0.06391135,0.24672963,0.13947608,0.37244788,0.013757825,0.30417898,0.08202672
1405,0,0,0,0,1,0,0,0,0,0.068917185,0.19662274,-0.12770556,0.111461,-0.042543814,0.12177505,-0.05285787,0.07527509,-0.0063579082,0.07779612,-0.008878931,0.12223145,-0.05331427,0.068150684,0.112054095,-0.04390341,0.099729806,-0.031579122,0.07985398,-0.0117032975,0.07228977,-0.004139088,0.076114185,-0.007963501,0.085804164,-0.01765348
1416,0,0,0,1,0,0,0,0,0,0.047739916,0.1333258,-0.085585885,0.14554039,-0.09780047,0.11171007,-0.063970156,0.08574561,-0.038005695,0.08205453,-0.034314618,0.1738061,-0.12606618,0.08501331,0.14414674,-0.059133433,0.20262569,-0.117612384,0.10757922,-0.022565909,0.1902054,-0.10519209,0.12924373,-0.044230424,0.17363816,-0.08862486
1424,0,0,1,1,0,0,0,0,0,0.105284445,0.18823628,-0.08295184,0.21214966,-0.10686522,0.14652832,-0.041243874,0.19078888,-0.085504435,0.16997534,-0.064690895,0.28607458,-0.18079013,0.13636427,0.18093763,-0.044573367,0.16929701,-0.032932743,0.12374748,0.012616783,0.18018608,-0.04382181,0.16307305,-0.026708782,0.18641305,-0.050048783
1426,1,0,1,0,0,0,1,0,0,0.1158108,0.24168311,-0.12587231,0.23502313,-0.11921233,0.17651871,-0.06070791,0.108782604,0.0070281923,0.12523541,-0.009424612,0.17403528,-0.058224484,0.13282673,0.15909001,-0.026263282,0.25900403,-0.1261773,0.11314755,0.019679181,0.23154646,-0.09871973,0.1417941,-0.00896737,0.18814842,-0.055321693
1429,0,0,1,0,0,0,0,0,0,0.22857806,0.43703458,-0.20845652,0.2970391,-0.06846103,0.39534855,-0.16677049,0.13420883,0.09436923,0.30901045,-0.080432385,0.26467815,-0.03610009,0.21267569,0.2170104,-0.004334703,0.26143107,-0.048755378,0.35961875,-0.14694306,0.1465909,0.06608479,0.24482705,-0.032151356,0.24248159,-0.029805899
1447,1,0,0,0,1,0,0,0,1,0.0101330755,0.040989615,-0.030856539,0.1432335,-0.13310042,0.041938897,-0.03180582,0.034618273,-0.024485197,0.014381173,-0.0042480975,0.09871942,-0.088586345,0.02544291,0.11569227,-0.09024936,0.20538868,-0.17994577,0.054916922,-0.029474013,0.14083096,-0.11538805,0.059613068,-0.03417016,0.14283381,-0.1173909
1456,0,0,1,0,0,0,0,0,0,0.21013652,0.3708945,-0.16075797,0.4768871,-0.26675057,0.36523125,-0.15509473,0.13870469,0.07143183,0.27096775,-0.060831234,0.35866848,-0.14853196,0.384514,0.27882624,0.10568777,0.6056384,-0.22112438,0.55153173,-0.16701773,0.33975452,0.044759482,0.39390185,-0.009387851,0.4771119,-0.0925979
1458,0,1,0,0,0,0,0,0,0,0.061026175,0.20634411,-0.14531794,0.24692616,-0.18589999,0.1971267,-0.13610053,0.10773453,-0.046708357,0.09361052,-0.032584343,0.2599503,-0.19892414,0.11074825,0.24745287,-0.13670462,0.21853863,-0.10779038,0.16609424,-0.055345997,0.14772876,-0.03698051,0.21044967,-0.09970142,0.19249284,-0.0817446
1468,0,1,0,0,0,0,0,0,0,0.022386696,0.1019508,-0.07956411,0.11153317,-0.08914648,0.04023067,-0.017843973,0.052628092,-0.030241396,0.04004627,-0.017659575,0.1002802,-0.07789351,0.045530025,0.15159652,-0.106066495,0.1369954,-0.091465384,0.069392495,-0.02386247,0.13557333,-0.09004331,0.064664446,-0.01913442,0.11887945,-0.07334943
1479,0,1,0,0,0,0,0,0,0,0.011990612,0.09335588,-0.081365265,0.17418934,-0.16219874,0.050098415,-0.038107805,0.019818477,-0.007827865,0.040687807,-0.028697195,0.08227931,-0.070288695,0.017854022,0.12180136,-0.10394734,0.2672703,-0.24941628,0.035819713,-0.017965691,0.09937003,-0.08151601,0.056459658,-0.038605638,0.1402373,-0.12238328
1480,1,0,1,0,1,0,1,0,0,0.07183527,0.3081144,-0.23627913,0.11010549,-0.03827022,0.081035934,-0.009200662,0.1476445,-0.07580923,0.090815775,-0.018980503,0.19157451,-0.11973924,0.070332184,0.21392918,-0.14359699,0.11495824,-0.044626057,0.11536208,-0.045029894,0.078190066,-0.0078578815,0.09918227,-0.028850086,0.12460653,-0.054274343
1487,0,1,0,0,0,0,0,0,0,0.07437396,0.33637634,-0.26200238,0.22638895,-0.15201499,0.19605568,-0.12168172,0.16877119,-0.09439723,0.11430399,-0.03993003,0.3063052,-0.23193124,0.09375888,0.24363607,-0.14987719,0.1990364,-0.10527752,0.11153077,-0.017771892,0.17233054,-0.07857166,0.17699803,-0.08323915,0.19611241,-0.10235353
1491,0,1,0,0,0,0,0,0,0,0.031789627,0.14494826,-0.11315863,0.09952686,-0.06773724,0.06823107,-0.03644144,0.060020864,-0.028231237,0.0648635,-0.033073876,0.11231457,-0.08052494,0.048312716,0.13227268,-0.08395996,0.08936477,-0.04105205,0.05906425,-0.010751534,0.08536427,-0.03705155,0.118063256,-0.06975054,0.08008367,-0.031770952
1494,0,1,0,0,0,0,0,0,0,0.0104223015,0.09059993,-0.08017763,0.08522435,-0.07480205,0.036127552,-0.025705252,0.021890823,-0.011468521,0.026215233,-0.015792932,0.0580619,-0.0476396,0.030073635,0.18518749,-0.15511385,0.2848021,-0.25472847,0.033973638,-0.0039000027,0.14609087,-0.11601723,0.06928262,-0.039208986,0.1768702,-0.14679655
1498,0,1,0,0,0,0,0,0,0,0.008247007,0.10970871,-0.10146171,0.12879936,-0.12055236,0.040995974,-0.032748967,0.015869793,-0.007622786,0.022782903,-0.0145358965,0.073682144,-0.06543514,0.018470662,0.15847328,-0.14000262,0.16640759,-0.14793693,0.029918827,-0.011448165,0.07269486,-0.0542242,0.056443315,-0.03797265,0.09850485,-0.08003419
1522,1,0,0,0,0,1,1,0,0,0.058847662,0.25558862,-0.19674096,0.24765904,-0.18881138,0.13905975,-0.08021209,0.17660987,-0.11776221,0.06781095,-0.008963291,0.28494954,-0.22610188,0.07772209,0.18524253,-0.107520446,0.31458628,-0.2368642,0.17000964,-0.092287555,0.19901067,-0.12128858,0.12157874,-0.04385665,0.27206418,-0.19434209
1534,1,0,0,0,0,1,1,0,0,0.04817803,0.109926686,-0.061748657,0.11387219,-0.06569417,0.05445905,-0.006281022,0.117591195,-0.06941317,0.08862125,-0.040443223,0.11882085,-0.07064283,0.0790293,0.24361314,-0.16458383,0.16877444,-0.08974514,0.058009014,0.021020286,0.22126174,-0.14223245,0.14810938,-0.06908008,0.16833536,-0.089306064
1556,1,0,0,0,1,0,0,0,1,0.042919792,0.16076998,-0.11785019,0.053376462,-0.01045667,0.06623939,-0.023319595,0.09341296,-0.050493166,0.05148416,-0.008564368,0.090064,-0.047144204,0.052721452,0.106327936,-0.053606484,0.06571495,-0.012993496,0.054307655,-0.0015862025,0.09022518,-0.03750373,0.09163335,-0.038911898,0.05937384,-0.0066523887
1564,0,0,0,1,0,0,0,0,0,0.12704863,0.26356816,-0.13651954,0.15626381,-0.029215187,0.14600556,-0.01895693,0.18378861,-0.056739986,0.21541621,-0.08836758,0.15585011,-0.028801486,0.13333349,0.13077453,0.0025589615,0.3524767,-0.2191432,0.261166,-0.12783252,0.21347292,-0.08013943,0.13704927,-0.0037157834,0.3959308,-0.26259732
1571,0,0,0,1,1,0,0,0,0,0.05023656,0.12458669,-0.074350126,0.092539355,-0.042302795,0.0541633,-0.003926739,0.10466071,-0.05442415,0.08829948,-0.038062923,0.10291899,-0.05268243,0.06252706,0.13759427,-0.07506721,0.121382825,-0.058855765,0.054715298,0.0078117624,0.14641316,-0.0838861,0.14816919,-0.08564213,0.10790994,-0.04538288
1589,0,1,0,0,0,0,0,0,0,0.027294291,0.123256505,-0.09596221,0.1743879,-0.14709361,0.103137374,-0.07584308,0.07282921,-0.045534916,0.030547231,-0.0032529403,0.19130336,-0.16400906,0.034705035,0.094088614,-0.05938358,0.20443079,-0.16972575,0.08949329,-0.054788254,0.07662088,-0.04191584,0.050952993,-0.016247958,0.15529165,-0.12058661
1617,0,1,0,0,0,0,0,0,0,0.015618916,0.10545118,-0.08983227,0.13261044,-0.11699153,0.041306663,-0.025687747,0.032105953,-0.016487036,0.03191186,-0.016292945,0.11403856,-0.098419644,0.03407259,0.16232751,-0.12825492,0.15886773,-0.12479514,0.050562426,-0.016489837,0.1240482,-0.08997561,0.06048746,-0.026414871,0.14793907,-0.11386648
1618,0,1,0,0,0,0,0,0,0,0.011958163,0.07776371,-0.06580554,0.13707496,-0.1251168,0.037456468,-0.025498305,0.027468583,-0.015510419,0.018388323,-0.0064301603,0.06266417,-0.05070601,0.023747573,0.113820136,-0.090072565,0.18119702,-0.15744944,0.035961162,-0.01221359,0.09709121,-0.07334364,0.05399816,-0.030250588,0.11596493,-0.092217356
1624,0,0,1,0,0,0,0,0,0,0.35439387,0.5090388,-0.15464494,0.35403857,0.0003553033,0.40526715,-0.05087328,0.36832827,-0.013934404,0.41988596,-0.06549209,0.42708203,-0.07268816,0.42780554,0.29720938,0.13059616,0.42343363,0.0043719113,0.48662657,-0.058821023,0.37384823,0.053957313,0.4330964,-0.005290866,0.4190608,0.008744746
1630,0,1,0,0,0,0,0,0,0,0.0095456345,0.06689273,-0.057347093,0.08810672,-0.07856109,0.035076085,-0.02553045,0.030941347,-0.021395713,0.0295213,-0.019975666,0.06590631,-0.056360673,0.023792379,0.09697429,-0.07318191,0.12391179,-0.10011941,0.0332889,-0.009496521,0.10442841,-0.08063603,0.062766984,-0.038974606,0.11008071,-0.08628833
1632,0,1,0,0,0,0,0,0,0,0.15215288,0.38564664,-0.23349376,0.20603253,-0.05387965,0.1892684,-0.037115514,0.21727648,-0.0651236,0.17108715,-0.018934265,0.2567032,-0.10455032,0.09710816,0.15406723,-0.05695907,0.10679526,-0.009687096,0.094573915,0.002534248,0.14622563,-0.04911747,0.13525406,-0.038145892,0.1253564,-0.028248243
1639,0,1,0,0,0,0,0,0,0,0.03240159,0.35602623,-0.32362464,0.15837437,-0.12597278,0.070821345,-0.038419753,0.065577306,-0.033175714,0.060078844,-0.027677253,0.12680826,-0.094406664,0.04654445,0.23548207,-0.18893762,0.21950412,-0.17295967,0.08398563,-0.037441175,0.1448974,-0.098352954,0.095617734,-0.049073283,0.18454042,-0.13799597
1655,0,1,0,0,0,0,0,0,0,0.13773271,0.27187538,-0.13414267,0.16843514,-0.030702427,0.15491849,-0.017185777,0.17901939,-0.041286677,0.13636921,0.001363501,0.19900548,-0.06127277,0.1770705,0.22787635,-0.05080585,0.24541627,-0.06834577,0.22298992,-0.04591942,0.21835595,-0.041285455,0.17222138,0.004849121,0.2878825,-0.11081201
1697,0,1,0,0,0,0,0,0,0,0.013812696,0.11051045,-0.096697755,0.16166334,-0.14785065,0.03928957,-0.025476877,0.03791973,-0.024107035,0.03665882,-0.022846125,0.072638616,-0.05882592,0.054077107,0.17502788,-0.12095077,0.23153584,-0.17745873,0.0401175,0.013959609,0.20790431,-0.1538272,0.123591326,-0.069514215,0.14437136,-0.09029426
1700,0,1,0,0,0,0,0,0,0,0.020486593,0.07566996,-0.055183366,0.08895124,-0.068464644,0.058802884,-0.03831629,0.032226965,-0.011740372,0.024260312,-0.003773719,0.084337875,-0.06385128,0.028806042,0.1332901,-0.10448405,0.113269,-0.084462956,0.04211286,-0.013306819,0.11507436,-0.08626832,0.059542455,-0.030736413,0.100360766,-0.07155472
1705,0,1,0,0,0,0,0,0,0,0.028153092,0.2077812,-0.1796281,0.082913764,-0.054760672,0.047510434,-0.019357342,0.055706363,-0.027553272,0.052798975,-0.024645884,0.07383454,-0.045681447,0.05229603,0.19746636,-0.14517033,0.15969214,-0.10739611,0.061398342,-0.009102311,0.13829426,-0.08599824,0.11927046,-0.06697443,0.14039543,-0.088099405
1708,0,1,0,0,0,0,0,0,0,0.008829322,0.084252976,-0.07542366,0.09889219,-0.09006287,0.03498145,-0.026152126,0.018201819,-0.009372497,0.023458473,-0.014629152,0.049617168,-0.040787846,0.02708243,0.13711473,-0.110032305,0.30783263,-0.2807502,0.036005378,-0.008922948,0.1318465,-0.104764074,0.06772448,-0.040642053,0.1323753,-0.10529287
1736,0,0,1,0,0,0,0,0,0,0.046239268,0.37411094,-0.32787168,0.12468861,-0.07844934,0.09923912,-0.05299985,0.084581435,-0.038342167,0.08190851,-0.03566924,0.13782728,-0.091588005,0.044738058,0.18626225,-0.1415242,0.09376997,-0.04903191,0.061960842,-0.017222784,0.057358526,-0.012620468,0.090829715,-0.046091657,0.06739027,-0.022652213
1737,0,0,0,0,1,0,0,0,0,0.03705336,0.079247385,-0.042194024,0.0425186,-0.0054652393,0.07382061,-0.03676725,0.050940383,-0.013887022,0.052898683,-0.015845321,0.064348646,-0.027295284,0.034767974,0.09978445,-0.06501648,0.056002595,-0.02123462,0.05840168,-0.023633707,0.060846627,-0.026078653,0.08767628,-0.052908305,0.054448128,-0.019680154
1741,0,1,0,0,0,0,0,0,0,0.017210923,0.06643873,-0.049227804,0.15587887,-0.13866794,0.059194863,-0.04198394,0.039107624,-0.021896701,0.020451792,-0.0032408684,0.107993305,-0.09078238,0.028563133,0.16302799,-0.13446486,0.115997,-0.08743387,0.047357857,-0.018794725,0.11914123,-0.090578094,0.05836459,-0.029801456,0.10781757,-0.07925443
1745,1,0,0,0,0,1,0,0,1,0.017633656,0.14942127,-0.13178761,0.21311249,-0.19547883,0.085256025,-0.06762237,0.038980868,-0.021347212,0.041405737,-0.023772081,0.15422529,-0.13659163,0.028445704,0.1729092,-0.1444635,0.13048252,-0.10203682,0.052341156,-0.023895452,0.10016044,-0.07171474,0.06831417,-0.039868467,0.10823279,-0.07978708
1746,0,1,0,0,0,0,0,0,0,0.008224126,0.06285973,-0.054635603,0.100288264,-0.09206414,0.04925859,-0.041034464,0.014039073,-0.005814947,0.016582023,-0.008357897,0.071735665,-0.063511536,0.022197612,0.12858972,-0.10639211,0.15582344,-0.13362584,0.044271022,-0.02207341,0.10067535,-0.07847774,0.058355067,-0.036157455,0.126891,-0.10469339
1747,0,0,0,0,1,0,0,0,0,0.02787424,0.38270932,-0.3548351,0.070136145,-0.042261906,0.07555465,-0.047680408,0.035710968,-0.007836727,0.04698401,-0.019109769,0.068027884,-0.040153645,0.07230634,0.24151708,-0.16921073,0.1167086,-0.044402257,0.13207135,-0.059765004,0.065452695,0.0068536475,0.14244466,-0.07013831,0.09135511,-0.019048765
1753,0,0,0,0,1,0,0,0,0,0.32161328,0.46600747,-0.14439419,0.2550768,0.066536486,0.35226294,-0.030649662,0.2963145,0.025298774,0.33959773,-0.01798445,0.31724152,0.0043717623,0.1969141,0.23968999,-0.042775884,0.26299983,-0.066085726,0.28015035,-0.08323625,0.18771964,0.0091944635,0.17022483,0.026689276,0.24013484,-0.04322073
1757,0,1,0,0,0,0,0,0,0,0.011348053,0.07775107,-0.06640302,0.10918333,-0.09783527,0.05041239,-0.039064337,0.017455451,-0.0061073983,0.033602666,-0.022254612,0.07891236,-0.06756431,0.018936042,0.1274824,-0.10854636,0.21304016,-0.19410412,0.04002154,-0.021085497,0.12571536,-0.10677932,0.0533408,-0.03440476,0.17119385,-0.15225782
1769,0,0,0,0,1,0,0,0,0,0.04803629,0.10131191,-0.05327562,0.07562323,-0.02758694,0.062652275,-0.0146159865,0.07824544,-0.03020915,0.077975035,-0.029938746,0.08249697,-0.034460682,0.07042974,0.1381621,-0.067732364,0.08587123,-0.015441485,0.0734042,-0.002974458,0.114920735,-0.044490993,0.14651483,-0.07608509,0.0905327,-0.020102955
1775,0,1,0,0,0,0,0,0,0,0.013039507,0.092483744,-0.07944424,0.17519666,-0.16215715,0.062284175,-0.04924467,0.03042541,-0.017385904,0.033122517,-0.02008301,0.12579453,-0.11275502,0.023910394,0.11744082,-0.093530424,0.16143678,-0.1375264,0.041426547,-0.017516153,0.115768634,-0.09185824,0.062403925,-0.03849353,0.12569663,-0.10178623
1780,0,1,0,0,0,0,0,0,0,0.016203448,0.15765758,-0.14145413,0.102286704,-0.086083256,0.047007944,-0.030804496,0.027433963,-0.011230515,0.038006682,-0.021803234,0.07515731,-0.05895386,0.04508347,0.18213613,-0.13705266,0.19961949,-0.15453601,0.056163047,-0.011079576,0.09435733,-0.049273856,0.087481126,-0.042397656,0.11791753,-0.07283406
1785,1,0,0,0,0,1,0,0,0,0.009654256,0.06422583,-0.054571576,0.1552484,-0.14559415,0.04605882,-0.036404565,0.020291077,-0.010636821,0.024618825,-0.014964569,0.08186924,-0.07221498,0.02663648,0.14876239,-0.12212591,0.18513022,-0.15849374,0.047166076,-0.020529596,0.1237306,-0.09709412,0.06131434,-0.034677863,0.1277438,-0.101107314
1790,0,1,0,0,0,0,0,0,0,0.0496438,0.24676505,-0.19712125,0.16157861,-0.11193481,0.11197367,-0.062329873,0.05015319,-0.00050938874,0.07934192,-0.029698119,0.15524438,-0.10560058,0.07855058,0.13921545,-0.060664877,0.21084927,-0.1322987,0.11078691,-0.03223633,0.1547914,-0.07624082,0.12390371,-0.04535313,0.18981068,-0.1112601
1792,0,0,1,0,0,0,0,0,0,0.073598966,0.2269975,-0.15339853,0.16358775,-0.08998878,0.12196528,-0.048366316,0.15889037,-0.0852914,0.09381438,-0.020215414,0.2092562,-0.13565724,0.118053526,0.1490765,-0.03102298,0.18089725,-0.062843725,0.13853909,-0.020485565,0.18596223,-0.067908704,0.1452679,-0.027214378,0.19018568,-0.072132155
1812,0,0,0,0,1,0,0,0,0,0.2210324,0.25227308,-0.031240687,0.3438258,-0.12279339,0.345381,-0.124348596,0.19225778,0.02877462,0.25639236,-0.035359964,0.3177747,-0.09674232,0.10305435,0.12408155,-0.0210272,0.25755158,-0.15449724,0.16755922,-0.06450487,0.123610295,-0.020555943,0.11870757,-0.015653215,0.19929868,-0.09624433
1825,0,1,0,0,0,0,0,0,0,0.014431247,0.09653577,-0.08210453,0.1377482,-0.12331695,0.052285872,-0.037854627,0.03048584,-0.016054593,0.039924573,-0.025493328,0.09382781,-0.07939656,0.020176532,0.117658414,-0.097481884,0.11606943,-0.0958929,0.0370679,-0.01689137,0.075588524,-0.055411994,0.048484825,-0.028308293,0.100340076,-0.080163546
1835,0,1,0,0,0,0,0,0,0,0.033303756,0.23841462,-0.20511086,0.22291939,-0.18961564,0.08379658,-0.050492827,0.06265818,-0.029354427,0.06658392,-0.03328016,0.1573126,-0.12400885,0.045942083,0.20798886,-0.16204678,0.2033624,-0.15742032,0.07224845,-0.026306368,0.16631056,-0.12036848,0.119054854,-0.07311277,0.18985906,-0.14391698
1838,0,1,0,0,0,0,0,0,0,0.018259618,0.1343084,-0.11604878,0.084631994,-0.06637238,0.03756267,-0.01930305,0.03990474,-0.021645121,0.030148512,-0.011888893,0.08506554,-0.06680593,0.030449923,0.13889484,-0.108444914,0.1516039,-0.12115398,0.05804538,-0.027595457,0.07680492,-0.046354998,0.054799754,-0.024349831,0.1218917,-0.09144178
1843,0,1,0,0,0,0,0,0,0,0.019400883,0.09558682,-0.07618594,0.08887553,-0.06947465,0.038588937,-0.019188054,0.04462315,-0.025222268,0.04889852,-0.029497638,0.06843401,-0.049033124,0.0430953,0.14538269,-0.10228738,0.19336843,-0.15027313,0.051104628,-0.008009326,0.13347645,-0.090381145,0.10616949,-0.06307419,0.119353734,-0.076258436
1850,0,1,0,0,0,0,0,0,0,0.012688428,0.088802345,-0.07611392,0.18488553,-0.1721971,0.07452907,-0.06184064,0.019860901,-0.007172473,0.02370875,-0.011020321,0.12116587,-0.10847744,0.046923317,0.162914,-0.115990676,0.21700841,-0.1700851,0.085694425,-0.038771108,0.18200101,-0.13507769,0.078803554,-0.031880237,0.21685915,-0.16993582
1853,0,0,0,0,1,0,0,0,0,0.03895525,0.26767752,-0.22872227,0.06903342,-0.030078173,0.08292379,-0.043968543,0.03556799,0.0033872575,0.068363614,-0.029408365,0.07284789,-0.03389264,0.032207772,0.16697192,-0.13476415,0.073505774,-0.041298002,0.055770133,-0.02356236,0.034245547,-0.0020377748,0.06175374,-0.029545967,0.06437055,-0.032162778
1857,0,1,0,0,0,0,0,0,0,0.042231396,0.14685418,-0.10462278,0.09492326,-0.052691862,0.044450387,-0.0022189915,0.105580375,-0.06334898,0.07591217,-0.033680774,0.10517066,-0.062939264,0.044892292,0.14901565,-0.104123354,0.09105806,-0.046165768,0.049824964,-0.004932672,0.10623796,-0.06134567,0.094761856,-0.049869563,0.097202174,-0.052309882
1860,0,1,0,0,0,0,0,0,0,0.019859666,0.104393125,-0.08453346,0.15240118,-0.13254151,0.055791885,-0.03593222,0.0528532,-0.032993533,0.04330219,-0.023442524,0.11570157,-0.09584191,0.040346194,0.1383357,-0.097989514,0.23910885,-0.19876266,0.038809218,0.0015369765,0.15095057,-0.110604376,0.07544801,-0.035101812,0.10937129,-0.0690251
1864,1,0,1,0,0,0,1,0,1,0.5666995,0.4486554,0.11804411,0.31366143,0.25303808,0.51612765,0.05057186,0.32681423,0.23988527,0.588393,-0.021693468,0.23821685,0.32848266,0.5874993,0.2656403,0.32185903,0.36929387,0.21820545,0.6456363,-0.058137,0.38053837,0.20696095,0.41409197,0.17340735,0.41188815,0.17561117
1867,0,1,0,0,0,0,0,0,0,0.008041308,0.076279745,-0.06823844,0.063510306,-0.055469,0.041359235,-0.033317927,0.012573311,-0.004532003,0.017752415,-0.009711106,0.05665635,-0.048615042,0.015260197,0.12519056,-0.10993036,0.18559267,-0.17033246,0.035017557,-0.01975736,0.077299155,-0.062038958,0.043775722,-0.028515525,0.12663873,-0.11137853
1870,0,1,0,0,0,0,0,0,0,0.031806245,0.23899493,-0.20718868,0.18816324,-0.15635699,0.10138721,-0.069580965,0.048018567,-0.016212322,0.08260064,-0.050794393,0.16156667,-0.12976043,0.071016476,0.17243482,-0.101418346,0.27151266,-0.20049618,0.11591128,-0.044894807,0.18241954,-0.11140306,0.10603927,-0.035022795,0.25213695,-0.18112047
1885,0,1,0,0,0,0,0,0,0,0.018583054,0.097051255,-0.0784682,0.1578478,-0.13926475,0.055383872,-0.036800817,0.04124761,-0.022664556,0.04543333,-0.026850278,0.10908146,-0.09049841,0.0397647,0.12260846,-0.082843766,0.16089627,-0.12113157,0.053635646,-0.013870947,0.15095879,-0.11119409,0.08842939,-0.048664693,0.1639156,-0.1241509
1899,0,1,0,0,0,0,0,0,0,0.024196213,0.11303467,-0.08883846,0.1114856,-0.087289385,0.036488302,-0.012292089,0.04683528,-0.022639068,0.046450406,-0.022254193,0.08542751,-0.061231293,0.043850187,0.12675992,-0.08290973,0.1828641,-0.13901392,0.055041336,-0.011191148,0.11798196,-0.07413177,0.10177688,-0.057926696,0.13762811,-0.093777925
1901,0,0,0,0,1,0,0,0,0,0.035122022,0.046503022,-0.011381,0.09610588,-0.06098386,0.056678884,-0.021556862,0.03688335,-0.0017613284,0.043545943,-0.008423921,0.075071014,-0.039948992,0.035460636,0.0628453,-0.027384661,0.21815206,-0.18269143,0.038910326,-0.0034496896,0.099263206,-0.06380257,0.074499376,-0.03903874,0.10405807,-0.068597436
1920,0,0,1,0,0,0,0,0,0,0.08715952,0.2625227,-0.17536318,0.075772114,0.011387408,0.10369563,-0.01653611,0.09713673,-0.009977207,0.10045834,-0.013298817,0.08675036,0.00040916353,0.058037743,0.13641492,-0.07837717,0.070592515,-0.012554772,0.069915526,-0.011877783,0.078291066,-0.020253323,0.078107394,-0.020069651,0.0805353,-0.022497557
1933,0,1,0,0,0,0,0,0,0,0.005545889,0.07731226,-0.07176637,0.14818843,-0.14264254,0.038964484,-0.033418596,0.010039394,-0.0044935048,0.024702203,-0.019156314,0.050755158,-0.04520927,0.014535122,0.16010997,-0.14557484,0.23180586,-0.21727073,0.03455987,-0.020024747,0.10622264,-0.091687515,0.05161525,-0.037080128,0.1407663,-0.12623116
1938,0,1,0,0,0,0,0,0,0,0.04328055,0.17420311,-0.13092256,0.14535537,-0.102074824,0.11753537,-0.07425482,0.08761502,-0.04433447,0.07537104,-0.032090493,0.20409335,-0.1608128,0.06756863,0.1614221,-0.09385347,0.13402165,-0.066453025,0.08237499,-0.01480636,0.165548,-0.09797937,0.11602966,-0.048461027,0.124918364,-0.057349734
1940,0,0,1,1,0,0,0,0,0,0.36395395,0.50139844,-0.1374445,0.22224005,0.1417139,0.25286448,0.11108947,0.3064135,0.057540447,0.4444515,-0.08049756,0.27306646,0.09088749,0.24409574,0.2639006,-0.019804865,0.19847167,0.045624077,0.27577266,-0.03167692,0.22991593,0.014179811,0.25517303,-0.011077285,0.2229859,0.02110985
1944,0,0,1,0,1,0,0,0,0,0.044035427,0.41485423,-0.3708188,0.045357652,-0.0013222247,0.050109386,-0.006073959,0.052183762,-0.008148335,0.06173144,-0.017696012,0.057651617,-0.013616189,0.03999694,0.2826023,-0.24260537,0.022027139,0.017969802,0.0474726,-0.0074756593,0.036946323,0.0030506179,0.09694045,-0.05694351,0.025584394,0.0144125465
1946,0,1,0,0,0,0,0,0,0,0.047688153,0.3721351,-0.32444695,0.3730141,-0.32532594,0.16271216,-0.115024,0.09491973,-0.04723158,0.105301745,-0.057613593,0.25224602,-0.20455787,0.089448676,0.22092518,-0.1314765,0.3244467,-0.23499803,0.13162011,-0.042171434,0.16927572,-0.07982704,0.13973518,-0.0502865,0.2506831,-0.16123442
1950,0,0,0,0,1,0,0,0,0,0.04306218,0.19093692,-0.14787474,0.0641816,-0.021119423,0.06384315,-0.020780973,0.0854192,-0.04235702,0.04329089,-0.00022871047,0.08345299,-0.04039081,0.049938258,0.16644266,-0.1165044,0.076944344,-0.027006086,0.054477792,-0.0045395344,0.10404424,-0.054105986,0.09627288,-0.04633462,0.074129246,-0.024190988
1958,0,1,0,0,0,0,0,0,0,0.03470121,0.08807656,-0.053375352,0.15273708,-0.11803587,0.07625821,-0.041557003,0.051817436,-0.017116226,0.07857096,-0.043869752,0.15378207,-0.11908086,0.04191595,0.10195875,-0.060042802,0.17175114,-0.12983519,0.06836244,-0.026446488,0.11882218,-0.076906234,0.09351316,-0.05159721,0.14734386,-0.105427906
1961,1,0,0,0,1,0,1,0,0,0.03936688,0.26027784,-0.22091097,0.27711156,-0.23774469,0.088892564,-0.049525686,0.08311268,-0.0437458,0.083070986,-0.043704107,0.18611705,-0.14675018,0.15200901,0.16434747,-0.0123384595,0.3480129,-0.19600388,0.1798014,-0.027792394,0.21402718,-0.06201817,0.22048126,-0.06847225,0.24000832,-0.087999314
1972,0,1,0,0,0,0,0,0,0,0.014277745,0.10938646,-0.09510872,0.13303566,-0.11875792,0.066177525,-0.05189978,0.029925862,-0.015648117,0.027968904,-0.013691159,0.10231303,-0.088035285,0.030236628,0.14047343,-0.110236794,0.13980128,-0.10956465,0.049499243,-0.019262616,0.1470631,-0.116826475,0.07525304,-0.04501641,0.12181294,-0.09157631
1988,0,1,0,0,0,0,0,0,0,0.017779958,0.15252674,-0.13474678,0.21892205,-0.20114209,0.10857328,-0.09079333,0.06986153,-0.052081574,0.042529766,-0.024749808,0.24405456,-0.2262746,0.030254124,0.120356455,-0.09010233,0.16045052,-0.13019639,0.05283293,-0.022578808,0.088444516,-0.05819039,0.05382154,-0.023567418,0.094592996,-0.06433887
1993,0,1,0,0,0,0,0,0,0,0.05620629,0.1851584,-0.12895212,0.3074751,-0.2512688,0.13104257,-0.074836284,0.10111685,-0.04491056,0.081912205,-0.025705915,0.21446232,-0.15825604,0.08708807,0.17948757,-0.0923995,0.29980198,-0.2127139,0.12786235,-0.04077428,0.22073758,-0.1336495,0.11864251,-0.03155444,0.2427756,-0.15568754
1994,0,0,1,0,0,0,0,0,0,0.10922205,0.26199955,-0.1527775,0.3204611,-0.21123904,0.20222704,-0.093004994,0.098521486,0.010700561,0.15881626,-0.049594216,0.21782419,-0.108602144,0.12971044,0.2128018,-0.08309136,0.33367634,-0.2039659,0.19578399,-0.06607355,0.16749552,-0.037785083,0.18664357,-0.056933135,0.22582011,-0.09610967
1998,0,0,1,1,1,0,0,0,0,0.05571809,0.3715643,-0.3158462,0.060397014,-0.0046789236,0.055389315,0.0003287755,0.100901894,-0.045183804,0.086862445,-0.031144354,0.07597596,-0.020257872,0.062179327,0.27952236,-0.21734303,0.037805464,0.024373863,0.043476693,0.018702634,0.07845847,-0.016279146,0.13177371,-0.06959438,0.035028514,0.027150813
2019,0,0,0,1,1,0,0,0,0,0.15007876,0.3338083,-0.18372954,0.20003054,-0.049951777,0.14339532,0.006683439,0.22921257,-0.07913381,0.14055547,0.009523287,0.19782913,-0.04775037,0.09813548,0.16506141,-0.066925935,0.09815833,-2.285093e-05,0.10079241,-0.0026569292,0.12055244,-0.022416964,0.12648709,-0.028351612,0.11716566,-0.019030184
2039,0,0,1,0,0,0,0,0,0,0.22046308,0.26517522,-0.04471214,0.23709364,-0.01663056,0.2674105,-0.046947405,0.16855511,0.05190797,0.2553548,-0.03489171,0.27745566,-0.056992576,0.15202221,0.2039922,-0.05196999,0.088866845,0.06315537,0.14239545,0.009626761,0.15255414,-0.00053192675,0.22962026,-0.07759805,0.096449345,0.055572867
2045,0,1,0,0,0,0,0,0,0,0.006809521,0.091992125,-0.08518261,0.14927684,-0.14246732,0.053256314,-0.046446793,0.016704194,-0.009894673,0.016663758,-0.009854237,0.07663351,-0.069823995,0.013940482,0.12735225,-0.11341177,0.10742476,-0.093484275,0.035898946,-0.021958463,0.058736555,-0.044796072,0.03704316,-0.023102678,0.09253787,-0.07859739
2050,0,0,1,0,1,0,0,0,0,0.31199223,0.243844,0.068148226,0.33579558,-0.023803353,0.3430697,-0.031077474,0.22773288,0.084259346,0.3556333,-0.04364106,0.31239948,-0.00040724874,0.2095607,0.20995367,-0.00039295852,0.24310032,-0.033539608,0.27039778,-0.060837075,0.17140861,0.0381521,0.22797073,-0.018410027,0.187773,0.021787703
2055,0,0,1,0,1,0,0,0,0,0.513217,0.35215333,0.16106364,0.33116478,0.1820522,0.5509018,-0.0376848,0.44075242,0.072464556,0.5190738,-0.005856812,0.4019899,0.111227065,0.38863575,0.14196621,0.24666955,0.44273335,-0.054097593,0.48014408,-0.09150833,0.29845703,0.09017873,0.5164972,-0.12786144,0.35827312,0.030362636
2064,0,0,1,0,0,0,0,0,0,0.08075187,0.31063262,-0.22988075,0.17753,-0.09677813,0.13625093,-0.055499054,0.117183186,-0.036431313,0.10144238,-0.020690508,0.19496582,-0.11421395,0.07479464,0.21321604,-0.13842139,0.11303336,-0.03823872,0.0920185,-0.017223857,0.087819144,-0.0130245015,0.09179217,-0.016997531,0.09502273,-0.020228088
2083,0,1,0,0,0,0,0,0,0,0.0047479253,0.06965741,-0.06490948,0.15629905,-0.15155113,0.039452836,-0.03470491,0.010347188,-0.005599263,0.02040154,-0.015653614,0.0693834,-0.06463547,0.016121507,0.14484854,-0.12872703,0.24283357,-0.22671206,0.031130496,-0.01500899,0.10647848,-0.090356976,0.05024247,-0.034120962,0.15624054,-0.14011903
2101,0,0,1,0,0,0,0,0,0,0.18263884,0.37952542,-0.19688658,0.41443884,-0.2318,0.407901,-0.22526215,0.14713055,0.03550829,0.20394987,-0.02131103,0.3438158,-0.16117696,0.21408711,0.26359522,-0.04950811,0.23897213,-0.024885014,0.30220538,-0.08811827,0.18488331,0.029203802,0.22252151,-0.0084344,0.23398733,-0.019900218
2103,1,0,1,0,0,0,1,0,0,0.38535234,0.41865373,-0.033301383,0.29394165,0.0914107,0.36855698,0.016795367,0.28875208,0.096600264,0.4696728,-0.084320456,0.33472484,0.0506275,0.5093798,0.36919972,0.14018008,0.36227807,0.14710173,0.5259296,-0.016549766,0.37913114,0.13024867,0.3988201,0.1105597,0.3620946,0.1472852
2104,1,0,1,0,1,0,1,0,0,0.38555542,0.32829502,0.057260394,0.29271936,0.09283605,0.5027123,-0.11715689,0.20364313,0.18191229,0.41450348,-0.028948069,0.31431997,0.07123545,0.49632335,0.1497296,0.34659374,0.32069632,0.17562702,0.43568653,0.06063682,0.33162287,0.16470048,0.34400538,0.15231797,0.28035256,0.21597078
2110,0,0,1,0,0,0,0,0,0,0.10564521,0.28053063,-0.17488542,0.15695362,-0.05130841,0.2331558,-0.12751059,0.17854382,-0.07289861,0.19051604,-0.08487083,0.25706738,-0.15142217,0.15156753,0.20677733,-0.0552098,0.20089148,-0.049323946,0.26747474,-0.11590721,0.13417105,0.01739648,0.17233217,-0.020764634,0.22815526,-0.07658772
2119,1,0,0,0,0,1,1,0,0,0.068943396,0.17301986,-0.10407646,0.231964,-0.16302061,0.17339523,-0.104451835,0.103105865,-0.03416247,0.08471734,-0.015773945,0.19986208,-0.13091868,0.099626906,0.21551962,-0.115892716,0.19504613,-0.09541922,0.12349709,-0.023870185,0.173938,-0.0743111,0.13491224,-0.03528533,0.16642438,-0.06679747
2144,0,1,0,0,0,0,0,0,0,0.0065964703,0.043262813,-0.03666634,0.112860866,-0.1062644,0.034856208,-0.028259737,0.018406088,-0.011809617,0.011662812,-0.0050663417,0.06755621,-0.06095974,0.017911203,0.120577894,-0.10266669,0.18553421,-0.16762301,0.03214196,-0.014230758,0.07812838,-0.06021718,0.0356923,-0.017781097,0.10330581,-0.085394606
2146,0,0,0,1,0,0,0,0,0,0.038164146,0.12603118,-0.08786703,0.18504725,-0.1468831,0.10488966,-0.066725515,0.081604525,-0.04344038,0.06828265,-0.030118503,0.18730508,-0.14914092,0.059601698,0.14233947,-0.08273777,0.1625459,-0.10294421,0.10327558,-0.043673884,0.1287542,-0.069152504,0.1087977,-0.049196,0.15091763,-0.09131594
2151,0,0,1,0,0,0,0,0,0,0.0932715,0.28574666,-0.19247517,0.3606575,-0.26738602,0.24628593,-0.15301442,0.10843075,-0.015159249,0.16581291,-0.07254141,0.27602693,-0.18275544,0.15356195,0.23785861,-0.08429666,0.3835848,-0.23002285,0.29061735,-0.1370554,0.17511238,-0.021550432,0.20590998,-0.052348033,0.32586884,-0.1723069
2153,0,0,0,1,0,0,0,0,0,0.12030081,0.14331281,-0.023012005,0.14347291,-0.023172103,0.11122115,0.0090796575,0.19953753,-0.07923672,0.13276096,-0.01246015,0.1904325,-0.0701317,0.157124,0.17113961,-0.014015615,0.112289675,0.044834323,0.10711291,0.05001109,0.15632533,0.00079867244,0.15451185,0.0026121438,0.116200626,0.040923372
2158,0,1,0,0,0,0,0,0,0,0.04693781,0.25887185,-0.21193404,0.11806613,-0.07112832,0.05299991,-0.0060621016,0.093291126,-0.046353318,0.08492954,-0.037991732,0.10209843,-0.05516062,0.05883351,0.20081165,-0.14197814,0.15615726,-0.097323745,0.056289475,0.0025440343,0.08811523,-0.02928172,0.1220208,-0.06318729,0.09262189,-0.033788383
2160,0,0,1,0,0,0,0,0,0,0.15260737,0.3607174,-0.20811002,0.17565233,-0.023044959,0.2917052,-0.13909782,0.1379685,0.014638871,0.17012762,-0.017520249,0.25198328,-0.09937592,0.20768562,0.34495044,-0.13726482,0.13990682,0.067778796,0.28836894,-0.08068332,0.21825404,-0.010568425,0.22431122,-0.016625598,0.14740363,0.060281992
2170,0,0,1,0,0,0,0,0,0,0.24222913,0.39134753,-0.1491184,0.34819978,-0.10597065,0.40592578,-0.16369665,0.1541247,0.08810443,0.3010892,-0.058860064,0.32099578,-0.078766644,0.21770225,0.29890972,-0.08120747,0.26493838,-0.04723613,0.28151146,-0.0638092,0.16582312,0.051879138,0.24393766,-0.026235402,0.22312516,-0.005422905
2180,0,0,1,0,0,0,0,0,0,0.18809207,0.35139912,-0.16330706,0.21078789,-0.022695825,0.15640306,0.031689003,0.18355615,0.0045359135,0.28748438,-0.09939231,0.24828821,-0.060196146,0.117146015,0.23090898,-0.11376296,0.14758869,-0.03044267,0.16147567,-0.04432966,0.14477819,-0.027632177,0.16882145,-0.05167544,0.16222331,-0.045077294
2192,0,1,0,0,0,0,0,0,0,0.023866542,0.08151471,-0.057648167,0.10065595,-0.07678941,0.04371694,-0.0198504,0.03890321,-0.015036669,0.045422785,-0.021556243,0.06597659,-0.04211005,0.029774968,0.11626724,-0.08649227,0.22452351,-0.19474855,0.041078847,-0.011303879,0.12304662,-0.09327166,0.07967265,-0.049897682,0.16213137,-0.1323564
2193,0,1,0,0,0,0,0,0,0,0.023756677,0.07133254,-0.04757586,0.10008728,-0.0763306,0.040299993,-0.016543316,0.036897272,-0.013140595,0.047495134,-0.023738457,0.057322476,-0.033565797,0.0274053,0.11658402,-0.08917872,0.22333612,-0.19593081,0.035488486,-0.008083187,0.12742575,-0.100020446,0.07657652,-0.049171224,0.14685726,-0.11945196
2203,0,1,0,0,0,0,0,0,0,0.013029072,0.0781263,-0.06509723,0.14398876,-0.13095969,0.06155761,-0.048528537,0.028710654,-0.015681582,0.030937351,-0.017908279,0.09778099,-0.08475192,0.03396713,0.1303025,-0.096335374,0.21847431,-0.18450719,0.053160947,-0.019193817,0.13217121,-0.098204084,0.065565914,-0.031598784,0.15374434,-0.11977721
2210,0,0,1,0,0,0,0,0,0,0.081885055,0.19256616,-0.1106811,0.0873211,-0.005436048,0.18024057,-0.09835552,0.08400083,-0.0021157786,0.11257535,-0.030690297,0.13796544,-0.056080386,0.07211027,0.14304861,-0.07093834,0.07377677,-0.0016664937,0.0996146,-0.027504325,0.08557616,-0.013465889,0.13102967,-0.058919393,0.09491871,-0.02280844
2213,1,0,1,0,0,0,1,0,0,0.2227129,0.49044624,-0.26773334,0.3609843,-0.13827139,0.3883829,-0.16567001,0.225721,-0.0030080974,0.24519628,-0.022483379,0.38603124,-0.16331834,0.12959555,0.24097623,-0.11138068,0.18866646,-0.059070915,0.25975943,-0.13016388,0.13876224,-0.009166688,0.14589727,-0.016301721,0.22610933,-0.09651378
2221,0,0,1,0,1,0,0,0,0,0.083897315,0.23585325,-0.15195593,0.15699106,-0.07309375,0.15618569,-0.07228837,0.119055785,-0.03515847,0.09760256,-0.013705246,0.19219966,-0.10830235,0.07645359,0.16440228,-0.08794869,0.12264602,-0.04619243,0.1464609,-0.07000732,0.071444675,0.0050089136,0.10145896,-0.02500537,0.119094215,-0.042640626
2224,0,1,0,0,0,0,0,0,0,0.056019828,0.18618205,-0.13016222,0.23256071,-0.17654088,0.15657657,-0.100556746,0.10164378,-0.04562395,0.089302294,-0.033282466,0.20475607,-0.14873624,0.16767132,0.19189087,-0.024219543,0.36592162,-0.1982503,0.25038496,-0.082713634,0.21370211,-0.04603079,0.17770587,-0.010034546,0.2826844,-0.11501306
2226,0,1,0,0,0,0,0,0,0,0.008781462,0.1104859,-0.10170443,0.18210924,-0.17332777,0.06364113,-0.054859668,0.01770023,-0.008918769,0.015813967,-0.0070325052,0.085850224,-0.07706876,0.0222138,0.1575265,-0.13531269,0.24739864,-0.22518484,0.062231876,-0.040018074,0.15520994,-0.13299614,0.05327579,-0.03106199,0.18884258,-0.16662878
2235,0,0,0,0,1,0,0,0,0,0.15206684,0.17702264,-0.024955794,0.20136628,-0.049299434,0.22787358,-0.07580674,0.08436482,0.067702025,0.17168607,-0.019619226,0.16726658,-0.015199736,0.21216494,0.10880164,0.1033633,0.25310975,-0.040944815,0.22305949,-0.010894552,0.24976562,-0.03760068,0.20512629,0.007038653,0.2476374,-0.035472468
2238,0,1,0,0,0,0,0,0,0,0.025728434,0.102287255,-0.07655882,0.10938808,-0.08365965,0.048816323,-0.023087889,0.043486718,-0.017758284,0.052762877,-0.027034443,0.104024,-0.078295566,0.047006823,0.14502287,-0.098016046,0.23641923,-0.18941242,0.057615098,-0.0106082745,0.1572658,-0.110258974,0.075450554,-0.028443731,0.18694848,-0.13994166
2252,0,0,0,1,0,0,0,0,0,0.05955928,0.26930192,-0.20974264,0.14152047,-0.08196119,0.051751938,0.0078073405,0.120824456,-0.061265178,0.09569114,-0.03613186,0.12632929,-0.06677001,0.09531574,0.18695965,-0.091643915,0.13000356,-0.034687817,0.07231738,0.022998363,0.15361394,-0.0582982,0.14807141,-0.05275567,0.12212766,-0.02681192
2267,0,1,0,0,0,0,0,0,0,0.056111455,0.4429935,-0.38688204,0.39898345,-0.342872,0.14798893,-0.091877475,0.11978908,-0.063677624,0.22063486,-0.16452341,0.2683391,-0.21222764,0.12072398,0.29986233,-0.17913835,0.30179533,-0.18107136,0.105900645,0.014823332,0.21890606,-0.09818208,0.22055258,-0.0998286,0.21074075,-0.09001677
2270,0,1,0,0,0,0,0,0,0,0.005249373,0.041503888,-0.036254514,0.12918355,-0.12393417,0.030736985,-0.025487611,0.014716047,-0.009466674,0.012968043,-0.0077186697,0.053880725,-0.04863135,0.014099488,0.114709444,-0.10060996,0.21065897,-0.19655947,0.024218954,-0.010119466,0.08957785,-0.07547837,0.029794037,-0.01569455,0.105927326,-0.09182784
2277,0,1,0,0,0,0,0,0,0,0.068623506,0.1591738,-0.090550296,0.22810692,-0.1594834,0.108544506,-0.039921,0.13879749,-0.070173986,0.10235712,-0.033733614,0.17423339,-0.10560989,0.07318873,0.100531034,-0.027342305,0.14816058,-0.07497185,0.0689276,0.0042611286,0.18946671,-0.116277985,0.11550084,-0.042312108,0.13640207,-0.06321334
2279,0,0,1,1,0,0,0,0,0,0.12891284,0.1626127,-0.03369987,0.16662164,-0.037708804,0.13528882,-0.0063759834,0.15709773,-0.02818489,0.16401683,-0.03510399,0.16048945,-0.03157662,0.14895974,0.12061132,0.028348424,0.15326993,-0.0043101907,0.117010534,0.031949207,0.15983161,-0.010871872,0.14935346,-0.00039371848,0.1546895,-0.0057297647
2281,0,0,0,1,0,0,0,0,0,0.16847329,0.43217668,-0.2637034,0.2112215,-0.042748213,0.17888212,-0.010408834,0.19746166,-0.028988376,0.25222707,-0.08375378,0.2081352,-0.039661914,0.24263331,0.25960293,-0.016969621,0.20924419,0.03338912,0.19660932,0.046023995,0.25253382,-0.00990051,0.31712595,-0.07449263,0.1789782,0.06365511
2282,0,1,0,0,0,0,0,0,0,0.10341492,0.304242,-0.20082709,0.14151108,-0.03809616,0.11409123,-0.0106763095,0.1654244,-0.062009484,0.13514435,-0.03172943,0.17932416,-0.07590924,0.1024579,0.18601227,-0.083554365,0.20025575,-0.09779785,0.1242439,-0.021785997,0.21384081,-0.11138291,0.15740976,-0.054951854,0.17230304,-0.06984513
2285,0,0,0,1,0,0,0,0,0,0.055251744,0.21585605,-0.1606043,0.14550446,-0.09025271,0.07215526,-0.016903516,0.129879,-0.07462725,0.091141626,-0.035889883,0.12985072,-0.07459897,0.105927534,0.20222975,-0.09630222,0.15086672,-0.044939183,0.07795198,0.027975552,0.20762521,-0.101697676,0.18183097,-0.07590344,0.1338979,-0.027970366
2293,0,0,1,0,0,0,0,0,0,0.19745108,0.38193768,-0.1844866,0.100233875,0.09721721,0.1468572,0.050593883,0.21260834,-0.015157253,0.3037519,-0.1063008,0.17295215,0.02449894,0.18165094,0.26487565,-0.083224714,0.10751262,0.07413831,0.10719286,0.07445808,0.16627699,0.015373945,0.26364535,-0.081994414,0.10723512,0.07441582
2302,0,1,0,0,0,0,0,0,0,0.053395472,0.08393428,-0.030538805,0.17693561,-0.12354014,0.13714166,-0.08374619,0.09913578,-0.045740306,0.046977803,0.0064176694,0.19704905,-0.14365357,0.059550382,0.083097145,-0.023546763,0.21535781,-0.15580744,0.085521586,-0.025971204,0.120531216,-0.060980834,0.05975337,-0.00020298734,0.18733963,-0.12778926
2317,1,0,1,0,0,0,1,0,0,0.075559445,0.29310244,-0.217543,0.37929732,-0.30373788,0.19875549,-0.12319604,0.109056674,-0.03349723,0.10683897,-0.031279527,0.3027938,-0.22723436,0.10408102,0.23136923,-0.1272882,0.33048132,-0.2264003,0.25210395,-0.14802293,0.14057308,-0.036492065,0.16283482,-0.058753803,0.29746142,-0.1933804
2322,1,0,1,0,1,0,1,0,0,0.2549084,0.3999834,-0.145075,0.19515094,0.05975747,0.42896456,-0.17405614,0.104219675,0.15068874,0.26120248,-0.0062940717,0.26003733,-0.00512892,0.42552087,0.2746863,0.15083456,0.22035965,0.20516121,0.4512606,-0.02573973,0.25167698,0.17384389,0.3338397,0.09168115,0.28082243,0.14469844
2324,1,0,0,1,1,0,0,0,1,0.15721883,0.41191918,-0.25470036,0.22618246,-0.06896363,0.18518336,-0.027964532,0.2022488,-0.045029968,0.20280623,-0.045587406,0.24150431,-0.08428548,0.1338934,0.20958744,-0.07569404,0.16131553,-0.02742213,0.12940983,0.0044835657,0.1523212,-0.018427804,0.1385131,-0.0046197027,0.1764466,-0.0425532
2341,0,1,0,0,0,0,0,0,0,0.02000319,0.13495639,-0.1149532,0.17541352,-0.15541033,0.06879678,-0.04879359,0.035384826,-0.015381636,0.046910938,-0.026907748,0.12948963,-0.10948644,0.025202986,0.18182346,-0.15662047,0.14862463,-0.12342164,0.043791763,-0.018588778,0.11884793,-0.09364495,0.0739615,-0.04875851,0.118445955,-0.09324297
2345,0,0,0,1,1,0,0,0,0,0.14479084,0.24664888,-0.101858035,0.1505044,-0.0057135522,0.117978536,0.026812308,0.14359452,0.0011963248,0.1750468,-0.030255958,0.1445759,0.00021494925,0.16684526,0.13530979,0.031535476,0.13589647,0.030948788,0.17754857,-0.01070331,0.1715418,-0.004696533,0.16707622,-0.0002309531,0.18208458,-0.015239313
2355,0,1,0,0,0,0,0,0,0,0.011783532,0.03273005,-0.020946518,0.12952602,-0.11774249,0.03428043,-0.022496898,0.024943212,-0.01315968,0.019822508,-0.008038976,0.056660555,-0.044877023,0.019461732,0.068572536,-0.049110804,0.11144857,-0.091986835,0.029374244,-0.009912511,0.06310801,-0.04364628,0.043253668,-0.023791935,0.076287605,-0.056825873
2368,0,1,0,1,0,0,0,0,0,0.008265393,0.06582887,-0.057563476,0.0945974,-0.08633201,0.029294314,-0.021028921,0.017726947,-0.009461554,0.016836885,-0.0085714925,0.04746033,-0.039194934,0.029491743,0.18854229,-0.15905055,0.16349962,-0.13400789,0.030026423,-0.00053467974,0.12928137,-0.09978963,0.06577242,-0.036280677,0.097816676,-0.06832493
2369,0,1,0,0,0,0,0,0,0,0.052843943,0.14170364,-0.08885969,0.14888379,-0.09603985,0.11372658,-0.060882635,0.083156586,-0.030312642,0.07598174,-0.0231378,0.1826155,-0.12977156,0.06331512,0.14252274,-0.079207614,0.110525735,-0.04721061,0.1016846,-0.038369477,0.108265765,-0.04495064,0.10928472,-0.045969598,0.11747864,-0.054163516
2370,0,0,0,1,0,0,0,0,0,0.054013748,0.19143182,-0.13741808,0.19062313,-0.13660939,0.070349835,-0.016336087,0.08307491,-0.029061165,0.103669375,-0.049655627,0.13916473,-0.08515099,0.10366996,0.20715767,-0.103487715,0.17947714,-0.075807184,0.10362359,4.6364963e-05,0.17147207,-0.06780212,0.13490649,-0.03123653,0.1649664,-0.061296448
2375,0,0,0,1,0,0,0,0,0,0.03480765,0.19208181,-0.15727416,0.22560127,-0.19079362,0.04350994,-0.008702293,0.072064996,-0.037257347,0.07567556,-0.040867914,0.10004563,-0.065237984,0.094289996,0.24670595,-0.15241596,0.2570864,-0.16279641,0.059218604,0.03507139,0.20848392,-0.114193924,0.16338274,-0.06909274,0.20202558,-0.10773558
2379,0,1,0,0,0,0,0,0,0,0.019865125,0.16274904,-0.14288391,0.18605591,-0.16619079,0.08990163,-0.07003651,0.040378705,-0.02051358,0.038880467,-0.019015342,0.15418129,-0.13431616,0.036862075,0.16372429,-0.12686221,0.13214472,-0.095282644,0.06968926,-0.032827184,0.09748459,-0.060622513,0.100727156,-0.06386508,0.10274203,-0.065879956
2381,0,0,1,0,0,0,0,0,0,0.055120222,0.25333214,-0.19821191,0.22215872,-0.1670385,0.14198665,-0.08686643,0.07425483,-0.01913461,0.08928889,-0.034168668,0.23078893,-0.17566872,0.067580394,0.19203871,-0.12445832,0.16670273,-0.09912234,0.07868875,-0.011108354,0.1343463,-0.06676591,0.105211794,-0.0376314,0.14090407,-0.073323674
2386,0,1,0,0,0,0,0,0,0,0.04101884,0.14589617,-0.10487732,0.15731958,-0.11630073,0.08767017,-0.04665133,0.06914045,-0.02812161,0.07236233,-0.031343494,0.16624244,-0.12522359,0.053710844,0.10759515,-0.05388431,0.17768762,-0.12397677,0.08674884,-0.033037994,0.14845544,-0.09474459,0.10797296,-0.054262113,0.19205807,-0.13834722
2387,0,1,0,0,0,0,0,0,0,0.135032,0.3165172,-0.1814852,0.2142622,-0.079230204,0.19231789,-0.05728589,0.16444018,-0.029408187,0.23146343,-0.096431434,0.21381398,-0.07878198,0.1306831,0.19068046,-0.059997365,0.14538252,-0.014699429,0.1399125,-0.009229407,0.15486324,-0.024180144,0.20739543,-0.07671234,0.16801631,-0.03733322
2390,0,0,1,0,0,0,0,0,0,0.20281178,0.31065878,-0.107847005,0.35902128,-0.1562095,0.19632521,0.006486565,0.23651622,-0.033704445,0.23961148,-0.0367997,0.28436986,-0.08155808,0.12380876,0.220829,-0.09702024,0.24959098,-0.12578222,0.19903487,-0.07522611,0.14586955,-0.022060797,0.13218826,-0.008379504,0.20893998,-0.08513123
2403,0,0,1,0,0,0,0,0,0,0.10031438,0.38490984,-0.28459546,0.35553405,-0.25521967,0.20316708,-0.1028527,0.111077815,-0.010763437,0.19044654,-0.09013216,0.23712505,-0.13681068,0.15730204,0.2817763,-0.12447427,0.2495919,-0.092289865,0.1613669,-0.004064858,0.17644106,-0.019139022,0.22395584,-0.0666538,0.20518066,-0.047878623
2409,1,0,0,1,0,0,0,1,0,0.07799261,0.35262117,-0.27462855,0.101773575,-0.023780964,0.061589412,0.016403198,0.12518813,-0.047195517,0.1282502,-0.050257586,0.08568686,-0.007694252,0.057138667,0.08138908,-0.02425041,0.06865998,-0.011521317,0.048961483,0.008177184,0.09178899,-0.034650326,0.07928508,-0.022146411,0.06858947,-0.011450805
2416,0,1,0,0,0,0,0,0,0,0.010781033,0.07003608,-0.05925505,0.08631291,-0.07553188,0.039520033,-0.028739,0.033809394,-0.02302836,0.02913937,-0.018358337,0.084851936,-0.0740709,0.01631031,0.11656538,-0.100255065,0.09194683,-0.07563652,0.022162093,-0.005851783,0.071696796,-0.055386484,0.051062033,-0.03475172,0.07464897,-0.058338657
2417,1,0,0,0,0,1,0,1,0,0.12015802,0.107867435,0.012290582,0.29421586,-0.17405784,0.11626378,0.0038942397,0.2523582,-0.13220018,0.15868482,-0.038526803,0.31289575,-0.19273773,0.1820593,0.28629974,-0.10424043,0.49044085,-0.30838156,0.13831973,0.043739572,0.40990862,-0.22784932,0.34603238,-0.16397308,0.45838377,-0.27632445
2419,0,0,0,1,0,0,0,0,0,0.02910954,0.16308068,-0.13397114,0.09844746,-0.06933792,0.052640278,-0.023530738,0.05681087,-0.027701331,0.047545172,-0.018435633,0.1001373,-0.07102776,0.050118186,0.14182502,-0.091706835,0.15031725,-0.100199066,0.047185775,0.0029324107,0.13177627,-0.08165809,0.10207658,-0.051958397,0.11547161,-0.06535342
2422,0,0,0,0,1,0,0,0,0,0.06122978,0.37599602,-0.31476623,0.17389122,-0.112661436,0.11286948,-0.0516397,0.12044109,-0.059211306,0.11761093,-0.05638115,0.18687512,-0.12564534,0.06873422,0.22726871,-0.1585345,0.11811837,-0.049384147,0.109179445,-0.040445223,0.10009351,-0.031359285,0.10501594,-0.03628172,0.13660719,-0.067872964
2427,0,1,0,0,0,0,0,0,0,0.03281988,0.07701332,-0.044193443,0.12229906,-0.08947918,0.08606103,-0.053241152,0.070179224,-0.037359346,0.025270082,0.0075497963,0.16298263,-0.13016275,0.03777807,0.08467969,-0.046901625,0.08375791,-0.04597984,0.066518925,-0.028740857,0.09858483,-0.060806762,0.05628635,-0.018508282,0.12952553,-0.09174746
2432,0,1,0,0,0,0,0,0,0,0.010668952,0.11236772,-0.10169877,0.16779715,-0.1571282,0.045697335,-0.035028383,0.025980026,-0.0153110735,0.030050151,-0.019381199,0.08651257,-0.07584362,0.025576038,0.15522632,-0.12965028,0.22785175,-0.20227571,0.04945541,-0.023879373,0.10020323,-0.07462719,0.062225636,-0.0366496,0.15745504,-0.131879
2433,0,0,0,1,0,0,0,0,0,0.17328939,0.36343256,-0.19014317,0.43312475,-0.25983536,0.2728291,-0.0995397,0.2473594,-0.07407001,0.24927033,-0.07598095,0.39359194,-0.22030255,0.18346685,0.20836301,-0.02489616,0.35223892,-0.16877207,0.31644875,-0.1329819,0.19010043,-0.0066335797,0.19357347,-0.010106623,0.28756577,-0.104098916
2449,0,1,0,0,0,0,0,0,0,0.01898597,0.14476563,-0.12577966,0.125635,-0.106649026,0.09672929,-0.07774332,0.035582587,-0.016596617,0.03665324,-0.01766727,0.16070534,-0.14171937,0.03146633,0.19064999,-0.15918365,0.10813509,-0.076668754,0.069481574,-0.038015243,0.0962897,-0.064823374,0.07424785,-0.04278152,0.11531017,-0.08384384
2455,0,1,0,0,0,0,0,0,0,0.083535954,0.22200227,-0.13846631,0.10472996,-0.021194004,0.11264132,-0.029105365,0.13743606,-0.053900108,0.11193562,-0.028399669,0.12879896,-0.045263007,0.07955181,0.13903408,-0.05948227,0.09930162,-0.019749813,0.058637384,0.020914424,0.09903976,-0.019487955,0.13616854,-0.05661673,0.07594871,0.0036031008
2473,1,0,0,0,0,1,1,0,0,0.07287246,0.3722769,-0.29940444,0.15739264,-0.084520176,0.1245156,-0.05164314,0.13104008,-0.05816762,0.09102129,-0.018148832,0.17771064,-0.10483818,0.1046953,0.26980665,-0.16511136,0.16728303,-0.06258773,0.14265835,-0.037963055,0.16672094,-0.062025644,0.12890355,-0.024208255,0.1877699,-0.08307461
2476,0,1,0,0,0,0,0,0,0,0.013912528,0.111557245,-0.09764472,0.09646375,-0.08255122,0.04283148,-0.028918952,0.026609281,-0.012696753,0.02771107,-0.013798541,0.067793995,-0.053881466,0.040010586,0.1094891,-0.06947851,0.14348544,-0.103474855,0.041085865,-0.001075279,0.12274165,-0.08273106,0.08166459,-0.041654006,0.09406159,-0.054051004
2492,0,0,0,0,1,0,0,0,0,0.029680673,0.14588849,-0.11620782,0.18660706,-0.1569264,0.08536226,-0.05568159,0.06551658,-0.03583591,0.051568717,-0.021888044,0.1653559,-0.13567524,0.08487904,0.06881595,0.016063094,0.24621522,-0.16133618,0.13049148,-0.04561244,0.12625907,-0.041380033,0.10238974,-0.017510697,0.19399954,-0.1091205
2507,0,1,0,0,0,0,0,0,0,0.0205091,0.05380816,-0.03329906,0.1885731,-0.16806401,0.048114665,-0.027605565,0.03443821,-0.013929112,0.039156653,-0.018647553,0.075119436,-0.054610334,0.027395101,0.07145103,-0.04405593,0.25636536,-0.22897026,0.05043978,-0.023044677,0.13194962,-0.10455452,0.056751113,-0.029356012,0.1658971,-0.138502
2549,0,0,1,0,1,0,0,0,0,0.19197536,0.5296165,-0.33764112,0.082433015,0.10954234,0.19964847,-0.0076731145,0.17373961,0.018235743,0.26750335,-0.075527996,0.16275185,0.029223502,0.12665503,0.17648394,-0.049828917,0.10123014,0.02542489,0.17499708,-0.04834205,0.1160821,0.010572925,0.15747385,-0.03081882,0.13935232,-0.012697294
2550,0,1,0,1,0,0,0,0,0,0.025276225,0.15510961,-0.12983339,0.1392427,-0.113966465,0.04824425,-0.022968024,0.06198106,-0.036704835,0.04177327,-0.016497046,0.09251441,-0.06723818,0.0733121,0.21483874,-0.14152664,0.22636962,-0.15305752,0.05058572,0.022726376,0.18537377,-0.11206167,0.13597535,-0.06266325,0.15428981,-0.080977716
2551,0,1,0,0,0,0,0,0,0,0.07066538,0.22019188,-0.1495265,0.3096047,-0.23893932,0.14146358,-0.070798196,0.12938325,-0.05871787,0.092673466,-0.022008084,0.31891653,-0.24825114,0.10858631,0.18407722,-0.07549091,0.30362567,-0.19503936,0.16793817,-0.05935186,0.18410312,-0.075516805,0.12884995,-0.020263642,0.2865371,-0.1779508
2556,0,0,1,0,0,0,0,0,0,0.15493082,0.4258417,-0.27091086,0.10833928,0.046591535,0.2166281,-0.06169729,0.20301563,-0.04808481,0.21132484,-0.056394026,0.20754936,-0.05261855,0.14571218,0.26549962,-0.11978744,0.09244518,0.053267002,0.22577474,-0.08006255,0.1370352,0.008676976,0.18573758,-0.040025398,0.16164029,-0.015928105
2560,0,1,0,0,0,0,0,0,0,0.01194313,0.12619682,-0.114253685,0.13795012,-0.12600699,0.047302548,-0.03535942,0.02926607,-0.01732294,0.0270514,-0.015108271,0.10252464,-0.09058151,0.01543171,0.14262106,-0.12718934,0.16897523,-0.15354353,0.03447857,-0.019046862,0.06571382,-0.050282113,0.040887993,-0.025456283,0.09259639,-0.07716468
2561,0,0,0,0,1,0,0,0,0,0.18737887,0.2944619,-0.10708304,0.099524215,0.08785465,0.22521964,-0.03784077,0.15793058,0.029448286,0.1682519,0.019126967,0.17998399,0.00739488,0.13932672,0.11646699,0.02285973,0.1656722,-0.026345477,0.22563875,-0.086312026,0.11705593,0.022270791,0.15748875,-0.018162027,0.19035125,-0.051024526
2565,1,0,1,0,0,0,1,0,0,0.2727394,0.5024496,-0.22971016,0.34003958,-0.06730017,0.27025944,0.0024799705,0.32000023,-0.04726082,0.39109313,-0.118353724,0.35038516,-0.07764575,0.17110206,0.287924,-0.11682193,0.21060854,-0.03950648,0.25507414,-0.08397208,0.185627,-0.014524937,0.23762998,-0.06652792,0.24086028,-0.06975822
2569,0,0,0,0,1,0,0,0,0,0.15193765,0.3147256,-0.16278796,0.18730573,-0.035368085,0.1479941,0.0039435476,0.17909372,-0.02715607,0.19745651,-0.04551886,0.2000335,-0.048095852,0.13343576,0.19843164,-0.064995885,0.16304858,-0.029612824,0.099075794,0.03435996,0.16432579,-0.030890033,0.18847924,-0.05504349,0.13421957,-0.000783816
2579,0,1,0,0,0,0,0,0,0,0.053910997,0.3588842,-0.30497319,0.10731035,-0.05339935,0.09133304,-0.037422042,0.07937467,-0.025463674,0.063174695,-0.009263698,0.12707052,-0.073159516,0.08191087,0.21458346,-0.13267258,0.10022843,-0.018317558,0.08010869,0.0018021837,0.100477755,-0.018566884,0.13768755,-0.055776678,0.11091897,-0.029008098
2596,0,1,0,0,0,0,0,0,0,0.012589969,0.07506087,-0.062470898,0.08104755,-0.06845758,0.04103024,-0.02844027,0.029482171,-0.016892202,0.027632803,-0.015042834,0.07677802,-0.06418805,0.021025723,0.13327195,-0.11224622,0.16917506,-0.14814934,0.03668382,-0.015658097,0.10179935,-0.08077362,0.043805607,-0.022779884,0.11891432,-0.0978886
2598,0,0,1,0,1,0,0,0,0,0.28516465,0.36359277,-0.07842812,0.4934826,-0.20831794,0.31303257,-0.027867913,0.35837346,-0.07320881,0.27334493,0.01181972,0.44836253,-0.16319788,0.29512715,0.2459565,0.049170658,0.35949245,-0.0643653,0.4113956,-0.116268456,0.25561544,0.03951171,0.2940556,0.0010715425,0.39737347,-0.102246314
2602,1,0,1,0,0,0,1,0,0,0.2083889,0.3253931,-0.117004216,0.57574165,-0.36735275,0.4467489,-0.23836002,0.24151577,-0.033126876,0.20341165,0.004977241,0.4584686,-0.2500797,0.19267668,0.194867,-0.0021903217,0.4223282,-0.22965153,0.3595247,-0.16684802,0.19973254,-0.0070558637,0.18361142,0.0090652555,0.31442505,-0.12174837
2605,0,0,0,0,1,0,0,0,0,0.0714414,0.3012372,-0.2297958,0.15181197,-0.080370575,0.10143685,-0.029995456,0.08636057,-0.014919169,0.12659875,-0.05515735,0.12454074,-0.05309934,0.08201837,0.27815187,-0.1961335,0.10939633,-0.027377963,0.07595142,0.006066948,0.10509512,-0.02307675,0.21031165,-0.12829328,0.085247755,-0.003229387
2606,0,0,0,1,1,0,0,0,0,0.04264912,0.10055939,-0.05791027,0.13332666,-0.090677544,0.09533433,-0.05268521,0.07183882,-0.029189698,0.049550865,-0.0069017448,0.16185664,-0.11920752,0.08777404,0.17784998,-0.09007594,0.23386572,-0.14609168,0.13403037,-0.046256334,0.26929465,-0.18152061,0.13368683,-0.045912787,0.24188298,-0.15410894
2626,0,0,0,1,0,0,0,0,0,0.08672312,0.24668014,-0.15995702,0.08941752,-0.0026943982,0.06892542,0.017797701,0.14365716,-0.056934044,0.12275837,-0.036035255,0.1017088,-0.014985681,0.15024313,0.17825392,-0.028010786,0.068295516,0.08194762,0.059791993,0.090451136,0.17257342,-0.022330284,0.16746847,-0.01722534,0.08664914,0.06359399
2627,0,0,0,0,1,0,0,0,0,0.014766374,0.15553989,-0.1407735,0.06343827,-0.048671894,0.03611151,-0.021345139,0.031644605,-0.016878232,0.025589565,-0.010823191,0.06186193,-0.047095556,0.028241316,0.16670048,-0.13845916,0.07447128,-0.046229966,0.03846858,-0.010227265,0.06137341,-0.03313209,0.055568293,-0.027326977,0.06211778,-0.033876464
2638,0,1,0,0,0,0,0,0,0,0.027296606,0.28594807,-0.25865147,0.17762055,-0.15032394,0.12640157,-0.09910497,0.055193763,-0.027897157,0.09615203,-0.06885542,0.17675169,-0.14945509,0.053718496,0.21644343,-0.16272494,0.14425406,-0.090535566,0.07990541,-0.026186917,0.12737705,-0.073658556,0.11741055,-0.06369205,0.14191404,-0.08819555
2649,0,1,0,0,0,0,0,0,0,0.0072336537,0.087913156,-0.0806795,0.05670121,-0.049467556,0.028619735,-0.021386081,0.015733153,-0.008499499,0.016995965,-0.009762311,0.038501233,-0.03126758,0.015664082,0.14007868,-0.12441459,0.09634692,-0.080682844,0.026571564,-0.010907482,0.065639645,-0.049975563,0.036336288,-0.020672206,0.06923006,-0.053565975
2693,0,0,1,0,0,0,0,0,0,0.12197257,0.26733273,-0.14536017,0.16379352,-0.04182095,0.15575469,-0.033782117,0.11436105,0.0076115206,0.20015287,-0.078180306,0.17606387,-0.054091297,0.07826055,0.15027867,-0.072018124,0.111828044,-0.033567496,0.09550967,-0.017249122,0.12512434,-0.046863787,0.11783262,-0.039572075,0.13075757,-0.05249702
2694,0,1,0,0,0,0,0,0,0,0.031582635,0.29838264,-0.26680002,0.13461941,-0.103036776,0.066092975,-0.03451034,0.07567796,-0.044095326,0.0724284,-0.040845763,0.1299841,-0.09840146,0.04387329,0.20551577,-0.16164248,0.18806979,-0.1441965,0.04695347,-0.003080178,0.1109878,-0.0671145,0.10551859,-0.061645295,0.115415916,-0.07154262
2722,0,0,0,1,0,0,0,0,0,0.09520593,0.31891558,-0.22370964,0.16809504,-0.072889104,0.108617865,-0.013411932,0.12862684,-0.033420905,0.20970088,-0.11449495,0.1494401,-0.054234162,0.17817481,0.18219209,-0.0040172786,0.16683953,0.0113352835,0.15728955,0.020885259,0.20534456,-0.02716975,0.19751492,-0.019340113,0.19274215,-0.014567345
2734,0,0,1,0,0,0,0,0,0,0.023762926,0.076813444,-0.053050518,0.08228905,-0.05852612,0.052237846,-0.02847492,0.07269216,-0.048929237,0.04261384,-0.018850915,0.1032605,-0.079497576,0.05244705,0.11637096,-0.06392391,0.10467745,-0.052230403,0.06922667,-0.016779616,0.12562789,-0.07318084,0.107459195,-0.055012144,0.12511744,-0.072670385
2736,0,0,0,0,1,0,0,0,0,0.019459277,0.15110385,-0.13164458,0.08332255,-0.06386327,0.06900594,-0.04954666,0.029866833,-0.010407556,0.03877453,-0.019315254,0.10634714,-0.086887866,0.041512523,0.16353126,-0.12201874,0.08301672,-0.0415042,0.08545648,-0.04394396,0.09002867,-0.04851615,0.083947994,-0.04243547,0.118376665,-0.07686414
2764,0,1,0,0,0,0,0,0,0,0.01543007,0.08610128,-0.07067121,0.16394034,-0.14851028,0.05058571,-0.03515564,0.036305144,-0.020875074,0.023818433,-0.008388363,0.11506658,-0.09963651,0.02704381,0.118712194,-0.09166838,0.24418163,-0.21713783,0.05912519,-0.03208138,0.11342743,-0.08638362,0.054463603,-0.027419792,0.18310152,-0.15605772
2767,0,1,0,1,0,0,0,0,0,0.07169335,0.2344822,-0.16278884,0.11634742,-0.044654064,0.0659363,0.005757056,0.11900961,-0.047316253,0.1179434,-0.046250045,0.14744572,-0.07575237,0.12539956,0.1711013,-0.045701742,0.12929353,-0.0038939714,0.083265856,0.042133704,0.16967729,-0.044277728,0.15977162,-0.03437206,0.14599031,-0.020590752
2776,0,0,0,0,1,0,0,0,0,0.09385083,0.1613649,-0.06751407,0.15673207,-0.06288124,0.13309623,-0.039245404,0.09188496,0.0019658655,0.09705643,-0.0032056049,0.13604107,-0.042190246,0.07876649,0.067261025,0.011505462,0.18204415,-0.10327766,0.11613544,-0.037368953,0.12302722,-0.044260733,0.09509543,-0.016328946,0.1494762,-0.07070971
2779,0,1,0,0,0,0,0,0,0,0.062187593,0.12748468,-0.06529708,0.14722113,-0.085033536,0.087213084,-0.02502549,0.13501887,-0.07283127,0.08326124,-0.021073643,0.17329955,-0.111111954,0.09186934,0.13540038,-0.043531045,0.20233335,-0.11046401,0.100730695,-0.0088613555,0.22202465,-0.13015531,0.15214191,-0.060272574,0.18548644,-0.0936171
2785,0,1,0,0,0,0,0,0,0,0.047269132,0.27233967,-0.22507054,0.21916988,-0.17190075,0.13170032,-0.08443119,0.0748668,-0.02759767,0.06616652,-0.018897388,0.19948006,-0.15221092,0.1188267,0.23776484,-0.11893813,0.29790306,-0.17907636,0.18884303,-0.070016325,0.17154588,-0.052719176,0.17217514,-0.053348437,0.24430549,-0.12547879
2786,0,1,0,0,0,0,0,0,0,0.019068262,0.13883106,-0.1197628,0.11168483,-0.092616566,0.06725968,-0.048191413,0.029773466,-0.010705205,0.039740615,-0.020672353,0.10874194,-0.089673676,0.020802226,0.17411853,-0.1533163,0.10882698,-0.08802475,0.04054134,-0.019739114,0.08797577,-0.06717354,0.06108938,-0.040287156,0.10484788,-0.08404565
2789,0,1,0,0,0,0,0,0,0,0.017891001,0.06214987,-0.04425887,0.08525908,-0.067368075,0.04022128,-0.02233028,0.044140935,-0.026249934,0.033564225,-0.015673224,0.072751395,-0.054860394,0.031663,0.117775604,-0.0861126,0.12138339,-0.08972039,0.040403504,-0.008740503,0.12378184,-0.09211884,0.06384831,-0.03218531,0.09088082,-0.059217818
2791,0,1,0,0,0,0,0,0,0,0.015515004,0.17949954,-0.16398454,0.21571581,-0.20020081,0.09533304,-0.07981803,0.021704992,-0.006189988,0.038588602,-0.023073599,0.12902726,-0.113512255,0.031137826,0.18233384,-0.15119602,0.23262505,-0.20148723,0.07220246,-0.041064635,0.14436598,-0.11322816,0.064807646,-0.033669822,0.19007157,-0.15893374
2802,1,0,1,0,1,0,1,0,0,0.4520119,0.5434999,-0.091487974,0.36373866,0.08827326,0.32981655,0.12219536,0.43158743,0.020424485,0.4310247,0.020987213,0.38405606,0.06795585,0.49268937,0.4223849,0.07030448,0.33861756,0.15407181,0.5048987,-0.012209356,0.32980412,0.16288525,0.3854893,0.10720006,0.39707437,0.095615
2813,0,1,0,0,0,0,0,0,0,0.02577597,0.13594171,-0.110165745,0.18939017,-0.1636142,0.04959537,-0.0238194,0.04069649,-0.01492052,0.07274399,-0.04696802,0.10005427,-0.0742783,0.04730189,0.12935536,-0.08205347,0.18299313,-0.13569124,0.06461693,-0.017315045,0.14338629,-0.0960844,0.17014238,-0.122840494,0.1618096,-0.114507705
2819,0,1,0,0,0,0,0,0,0,0.053960502,0.115828454,-0.061867952,0.24803098,-0.19407047,0.14359637,-0.089635864,0.117261656,-0.06330115,0.04587429,0.008086212,0.29442674,-0.24046624,0.07712691,0.14162646,-0.06449955,0.22252841,-0.14540151,0.10829107,-0.031164154,0.18926197,-0.11213506,0.08355621,-0.0064292997,0.2092582,-0.13213128
2830,0,1,0,0,0,0,0,0,0,0.031492356,0.10411924,-0.07262689,0.12908544,-0.097593084,0.08029461,-0.048802253,0.058791038,-0.027298681,0.046717238,-0.0152248815,0.12356167,-0.09206931,0.05329757,0.19720599,-0.14390841,0.18513533,-0.13183776,0.052602056,0.0006955154,0.20675036,-0.15345278,0.087663345,-0.034365773,0.15893981,-0.10564224
2839,0,1,0,0,0,0,0,0,0,0.007975169,0.08881477,-0.080839604,0.11455955,-0.106584385,0.045176085,-0.037200917,0.018320868,-0.010345698,0.02057298,-0.012597811,0.07481816,-0.06684299,0.020214869,0.11753622,-0.09732135,0.13592258,-0.11570771,0.033985667,-0.013770798,0.06371073,-0.043495856,0.03661944,-0.016404571,0.09231742,-0.07210255
2848,0,1,0,0,0,0,0,0,0,0.016026463,0.066901885,-0.05087542,0.17878816,-0.16276169,0.051740132,-0.03571367,0.03913055,-0.023104087,0.03409344,-0.018066976,0.1074014,-0.09137493,0.022172999,0.13274346,-0.11057046,0.17493632,-0.15276332,0.04195248,-0.019779481,0.092384785,-0.07021178,0.0661177,-0.043944698,0.11901614,-0.09684314
2854,0,1,0,0,0,0,0,0,0,0.05428351,0.2062173,-0.15193379,0.14132933,-0.08704582,0.08144558,-0.027162071,0.091522135,-0.037238624,0.108721726,-0.054438215,0.14610699,-0.09182347,0.074869126,0.17997229,-0.105103165,0.10906979,-0.03420066,0.06322459,0.011644535,0.2005783,-0.12570918,0.14229202,-0.0674229,0.12661415,-0.051745027
2865,0,0,1,0,0,0,0,0,0,0.2490613,0.39221933,-0.14315803,0.28812134,-0.03906004,0.36992076,-0.12085946,0.1888373,0.060223997,0.3011288,-0.052067503,0.32530433,-0.07624303,0.2540018,0.23499592,0.01900588,0.24687782,0.007123977,0.31328577,-0.05928397,0.18851034,0.06549145,0.2498637,0.004138097,0.23048635,0.023515448
2867,0,0,1,0,0,0,0,0,0,0.061298523,0.25842184,-0.19712332,0.19512479,-0.13382627,0.19980295,-0.13850443,0.087362856,-0.026064333,0.08707759,-0.025779065,0.22132115,-0.16002263,0.074693255,0.20522891,-0.13053566,0.1105383,-0.03584504,0.09827838,-0.023585126,0.10382453,-0.029131278,0.14971016,-0.07501691,0.10346724,-0.028773986
2871,0,1,0,0,0,0,0,0,0,0.0125786755,0.12083398,-0.108255304,0.07825676,-0.06567809,0.04034686,-0.027768185,0.02250236,-0.009923685,0.038910806,-0.02633213,0.06267602,-0.050097346,0.029744849,0.17159002,-0.14184517,0.3005089,-0.27076405,0.048403785,-0.018658936,0.1488723,-0.11912745,0.080837645,-0.051092796,0.20883708,-0.17909223
2905,0,1,0,1,0,0,0,0,0,0.036597222,0.18489735,-0.14830013,0.20301014,-0.16641292,0.070346445,-0.033749223,0.074771434,-0.038174212,0.066142835,-0.029545613,0.1312811,-0.09468387,0.06675237,0.22809531,-0.16134295,0.24014929,-0.17339692,0.08758826,-0.020835891,0.1938424,-0.12709004,0.13255173,-0.06579936,0.20501767,-0.13826531
2909,0,1,0,1,0,0,0,0,0,0.012643032,0.10690035,-0.09425732,0.14183344,-0.12919042,0.05325968,-0.040616646,0.026509399,-0.013866367,0.023108104,-0.0104650725,0.09334589,-0.080702856,0.020768095,0.13670096,-0.11593287,0.156808,-0.13603991,0.05324807,-0.032479975,0.07536557,-0.05459748,0.05377147,-0.033003375,0.1258284,-0.10506031
2910,0,1,0,0,0,0,0,0,0,0.029749407,0.13879548,-0.10904607,0.21666221,-0.1869128,0.07524358,-0.04549417,0.094368145,-0.06461874,0.053315993,-0.023566587,0.21473387,-0.18498446,0.059537034,0.17891666,-0.119379625,0.24182256,-0.18228552,0.08275231,-0.023215275,0.19552112,-0.13598408,0.10415492,-0.044617888,0.19274864,-0.1332116
2913,0,1,0,0,0,0,0,0,0,0.021255972,0.13132718,-0.11007121,0.18109667,-0.1598407,0.066983625,-0.045727655,0.052537896,-0.031281926,0.050994627,-0.029738655,0.13176143,-0.11050546,0.04191913,0.16123983,-0.119320706,0.20490645,-0.16298732,0.06795828,-0.02603915,0.16067496,-0.11875583,0.10685143,-0.0649323,0.17504986,-0.13313073
2920,0,1,0,0,0,0,0,0,0,0.012572281,0.14133163,-0.12875935,0.18950105,-0.17692876,0.06048125,-0.04790897,0.024205668,-0.011633387,0.040480845,-0.027908564,0.10603352,-0.09346124,0.02560524,0.13255566,-0.106950425,0.17440383,-0.14879858,0.051765077,-0.026159836,0.08059026,-0.054985024,0.061307587,-0.035702348,0.122600645,-0.096995406
2921,0,1,0,0,0,0,0,0,0,0.054105345,0.2498423,-0.19573696,0.29159045,-0.23748511,0.14551714,-0.0914118,0.083796546,-0.0296912,0.07597255,-0.021867204,0.23389551,-0.17979017,0.05430773,0.18800245,-0.13369472,0.3332696,-0.27896187,0.1720526,-0.11774488,0.12083941,-0.06653168,0.097611256,-0.043303527,0.25171372,-0.197406
2922,0,0,1,0,0,0,0,0,0,0.5720659,0.5218084,0.050257504,0.43849543,0.13357046,0.50967157,0.06239432,0.35031676,0.22174913,0.58981705,-0.017751157,0.4482684,0.12379748,0.5500542,0.3091791,0.2408751,0.39940077,0.15065342,0.5234448,0.02660942,0.39112383,0.15893036,0.50071687,0.049337327,0.43937245,0.11068174
2928,0,1,0,0,0,0,0,0,0,0.021479012,0.13941859,-0.11793958,0.15806466,-0.13658565,0.07763921,-0.056160197,0.05372246,-0.032243446,0.039195493,-0.01771648,0.14375567,-0.122276664,0.03599358,0.17483215,-0.13883857,0.18232512,-0.14633155,0.063920684,-0.027927104,0.09222947,-0.05623589,0.09212712,-0.056133542,0.10790246,-0.07190888
2929,0,1,0,0,0,0,0,0,0,0.008314934,0.08435599,-0.07604106,0.13594319,-0.12762825,0.03475412,-0.026439186,0.01831639,-0.010001456,0.022170998,-0.0138560645,0.05854188,-0.050226945,0.035691768,0.15140267,-0.1157109,0.18617493,-0.15048316,0.034521665,0.0011701025,0.1939504,-0.15825863,0.09311554,-0.05742377,0.14758547,-0.1118937
2935,0,1,0,0,0,0,0,0,0,0.14060389,0.46391672,-0.32331282,0.18863648,-0.048032597,0.20509738,-0.06449349,0.21337566,-0.07277177,0.29291186,-0.15230797,0.26171035,-0.12110646,0.14066173,0.27800912,-0.13734739,0.13117868,0.009483054,0.11617229,0.02448944,0.22220692,-0.08154519,0.23029053,-0.0896288,0.155891,-0.01522927
2938,0,0,1,0,0,0,0,0,0,0.02213598,0.21579137,-0.1936554,0.10056981,-0.07843383,0.076479696,-0.054343715,0.037825607,-0.015689626,0.055034842,-0.032898862,0.10514585,-0.08300987,0.04176963,0.15632802,-0.11455839,0.1281861,-0.086416475,0.06984142,-0.028071791,0.14026783,-0.0984982,0.114923015,-0.073153384,0.14863476,-0.10686513
2939,0,1,0,0,0,0,0,0,0,0.020723602,0.18129349,-0.16056989,0.18904117,-0.16831757,0.086845994,-0.06612239,0.041559905,-0.020836303,0.06486827,-0.044144668,0.12065549,-0.09993189,0.035504762,0.14695095,-0.11144619,0.16043636,-0.1249316,0.05807645,-0.022571687,0.13657342,-0.10106866,0.08592515,-0.050420385,0.13458483,-0.09908007
2941,0,1,0,0,0,0,0,0,0,0.033119343,0.09265991,-0.05954057,0.15430604,-0.121186696,0.04677097,-0.013651628,0.080094665,-0.046975322,0.060713686,-0.027594343,0.11028764,-0.07716829,0.099324845,0.13134556,-0.03202071,0.17282657,-0.07350173,0.07662391,0.022700936,0.15734722,-0.058022372,0.15934311,-0.060018264,0.14267224,-0.043347396
2942,0,1,0,0,0,0,0,0,0,0.013130641,0.0823818,-0.06925116,0.15025324,-0.1371226,0.047463715,-0.034333073,0.028137583,-0.015006943,0.03293078,-0.01980014,0.0983383,-0.085207656,0.038602717,0.14646229,-0.107859574,0.23303802,-0.1944353,0.05255681,-0.013954092,0.16414514,-0.12554243,0.067109466,-0.028506748,0.1610456,-0.12244288
2963,0,1,0,0,0,0,0,0,0,0.011722356,0.07135939,-0.059637032,0.15281951,-0.14109716,0.059290648,-0.04756829,0.022349121,-0.010626765,0.028843446,-0.01712109,0.0834083,-0.07168595,0.019970648,0.13904992,-0.11907927,0.29362956,-0.2736589,0.043585103,-0.023614455,0.12567203,-0.10570138,0.043020856,-0.023050208,0.15876147,-0.13879082
2965,0,1,0,0,0,0,0,0,0,0.04092977,0.1687906,-0.12786083,0.12423707,-0.083307296,0.058068108,-0.01713834,0.07632317,-0.0353934,0.075897805,-0.034968037,0.09823016,-0.057300393,0.060738705,0.21476261,-0.15402392,0.21369457,-0.15295586,0.063333675,-0.0025949702,0.18594897,-0.12521026,0.16571243,-0.104973726,0.143674,-0.082935296
2987,0,1,0,0,0,0,0,0,0,0.021637559,0.07860782,-0.05697026,0.17686261,-0.15522505,0.075665325,-0.054027766,0.051033344,-0.029395785,0.04433972,-0.022702161,0.14800283,-0.12636527,0.03788524,0.17853796,-0.14065272,0.27252215,-0.2346369,0.05118269,-0.01329745,0.19660121,-0.15871596,0.07729539,-0.03941015,0.15759651,-0.11971127
3009,0,0,1,0,1,0,0,0,0,0.08484175,0.3755827,-0.29074094,0.12974405,-0.044902302,0.20836627,-0.123524524,0.076498285,0.008343466,0.11192572,-0.02708397,0.15656148,-0.07171973,0.20042548,0.30562854,-0.10520306,0.112357885,0.08806759,0.30108774,-0.10066226,0.09597751,0.10444797,0.22736764,-0.026942164,0.10850817,0.091917306
3022,0,1,0,0,0,0,0,0,0,0.01899541,0.096724,-0.07772859,0.102789626,-0.083794214,0.06518782,-0.046192408,0.037682623,-0.018687213,0.046763618,-0.027768208,0.12673523,-0.10773981,0.032390945,0.1606087,-0.12821776,0.10578544,-0.07339449,0.0505633,-0.018172354,0.09553206,-0.063141115,0.08184557,-0.049454622,0.106604464,-0.07421352
3027,0,1,0,0,0,0,0,0,0,0.008113116,0.1140451,-0.10593198,0.09611895,-0.08800583,0.038649343,-0.030536227,0.014959109,-0.006845993,0.021646231,-0.013533115,0.06150524,-0.053392123,0.020722793,0.13920845,-0.11848566,0.18750782,-0.16678503,0.037201613,-0.01647882,0.06900663,-0.048283838,0.039804015,-0.019081222,0.09612297,-0.07540018
3033,0,0,1,0,0,0,0,0,0,0.14920153,0.39574212,-0.24654059,0.13779105,0.011410475,0.15428601,-0.005084485,0.14107348,0.008128047,0.21820703,-0.069005504,0.16966496,-0.020463437,0.094112046,0.21601169,-0.12189964,0.08939114,0.004720904,0.0995539,-0.005441852,0.123283215,-0.029171169,0.14257327,-0.04846122,0.10442737,-0.010315321
3035,0,1,0,1,0,0,0,0,0,0.02773007,0.22409998,-0.19636992,0.16071567,-0.13298559,0.05990239,-0.03217232,0.047649004,-0.019918934,0.06111446,-0.03338439,0.098131195,-0.070401125,0.094671205,0.23762815,-0.14295694,0.17167479,-0.07700358,0.062388025,0.03228318,0.17865647,-0.08398527,0.14262381,-0.047952607,0.1892786,-0.0946074
3043,0,1,0,0,0,0,0,0,0,0.030407941,0.15121065,-0.12080271,0.16387413,-0.1334662,0.096972995,-0.06656505,0.051546276,-0.021138335,0.03860067,-0.008192727,0.17319152,-0.14278358,0.04373186,0.20332368,-0.15959182,0.16289636,-0.119164504,0.0757291,-0.03199724,0.13645846,-0.092726596,0.06332549,-0.019593626,0.15738003,-0.11364817
3052,0,0,0,0,1,0,0,0,0,0.074332036,0.27360258,-0.19927055,0.11301622,-0.038684182,0.07756503,-0.0032329932,0.116917215,-0.04258518,0.118382014,-0.04404998,0.1024396,-0.028107561,0.15173544,0.17437181,-0.022636369,0.118087485,0.033647954,0.095593326,0.056142114,0.16398904,-0.012253597,0.18038087,-0.028645426,0.109026775,0.042708665
3060,0,1,0,0,0,0,0,0,0,0.025172815,0.1418139,-0.11664109,0.16837248,-0.14319967,0.06313688,-0.03796407,0.07051203,-0.04533921,0.048538763,-0.023365948,0.1549163,-0.12974349,0.040514085,0.1377933,-0.09727922,0.23438397,-0.19386989,0.054093305,-0.01357922,0.11420669,-0.073692605,0.0885731,-0.048059013,0.120750725,-0.08023664
3073,0,1,0,0,0,0,0,0,0,0.036467228,0.1678729,-0.13140568,0.17228231,-0.13581508,0.1264037,-0.08993648,0.050476868,-0.01400964,0.047504216,-0.011036988,0.16763438,-0.13116716,0.09266585,0.18669714,-0.09403129,0.25067258,-0.15800673,0.1599549,-0.067289054,0.16694614,-0.07428029,0.12797433,-0.03530848,0.2703961,-0.17773026
3078,0,0,1,0,0,0,0,0,0,0.11131645,0.3616232,-0.25030676,0.2874186,-0.17610216,0.21725078,-0.10593433,0.18092114,-0.06960469,0.23773311,-0.12641665,0.28682452,-0.17550808,0.21377423,0.26639637,-0.05262214,0.30562368,-0.09184945,0.30652753,-0.09275329,0.2095291,0.004245132,0.31996363,-0.1061894,0.28713244,-0.07335821
3092,1,0,0,0,0,1,1,0,0,0.17317362,0.29731128,-0.124137655,0.23797086,-0.06479724,0.24066344,-0.06748982,0.29187453,-0.11870091,0.21869221,-0.045518592,0.32236642,-0.1491928,0.14327392,0.19101126,-0.047737345,0.3146442,-0.17137027,0.19435811,-0.05108419,0.2268359,-0.08356199,0.18708146,-0.043807536,0.28272215,-0.13944823
3103,0,1,0,0,0,0,0,0,0,0.008379942,0.043146595,-0.03476665,0.10997516,-0.101595215,0.047959976,-0.039580032,0.017288774,-0.008908832,0.01094259,-0.0025626486,0.07659494,-0.068215,0.020353494,0.09052643,-0.070172936,0.20260765,-0.18225415,0.044627655,-0.024274161,0.0639601,-0.0436066,0.031522483,-0.011168988,0.10810311,-0.087749615
3108,0,1,0,0,0,0,0,0,0,0.014425084,0.09278344,-0.07835836,0.07838199,-0.06395691,0.030814819,-0.016389735,0.045606375,-0.03118129,0.02963799,-0.0152129065,0.077583954,-0.06315887,0.023369499,0.12756872,-0.10419922,0.09383127,-0.07046177,0.03261286,-0.009243362,0.064289756,-0.040920258,0.050967015,-0.027597517,0.076647975,-0.053278476
3112,0,1,0,0,0,0,0,0,0,0.009182568,0.0741579,-0.064975336,0.118068494,-0.10888593,0.050989,-0.04180643,0.015795054,-0.006612486,0.02106144,-0.011878873,0.09048198,-0.08129942,0.020635372,0.118083306,-0.09744793,0.13381732,-0.11318194,0.042937286,-0.022301914,0.10151323,-0.080877855,0.04622822,-0.025592847,0.10331926,-0.08268388
3122,0,0,0,0,1,0,0,0,0,0.1614686,0.30890054,-0.14743194,0.09665938,0.06480922,0.11337212,0.048096478,0.14507288,0.016395718,0.20984413,-0.048375532,0.11397361,0.047494985,0.16327359,0.20995925,-0.046685666,0.102111086,0.0611625,0.12357807,0.039695516,0.16817415,-0.00490056,0.2191742,-0.05590062,0.103758514,0.059515074
3128,0,1,0,0,0,0,0,0,0,0.01659931,0.07748944,-0.06089013,0.12122726,-0.104627945,0.05355445,-0.03695514,0.02744567,-0.01084636,0.03709471,-0.020495398,0.093654364,-0.07705505,0.031610064,0.133755,-0.102144934,0.15636235,-0.12475229,0.047021925,-0.015411861,0.14562644,-0.11401638,0.10407632,-0.072466254,0.13909204,-0.10748198
3148,0,1,0,0,0,0,0,0,0,0.006435401,0.105792426,-0.099357024,0.11226078,-0.10582538,0.026075931,-0.019640531,0.018570065,-0.012134665,0.016402679,-0.009967278,0.055068266,-0.048632864,0.019395536,0.15191351,-0.13251798,0.26483256,-0.24543703,0.033299856,-0.01390432,0.09064467,-0.071249135,0.04618701,-0.026791474,0.112877026,-0.09348149
3159,0,1,0,0,0,0,0,0,0,0.02143489,0.08056096,-0.05912607,0.14572558,-0.12429069,0.07905237,-0.057617478,0.04351228,-0.02207739,0.044287845,-0.022852955,0.11401602,-0.09258113,0.033007674,0.060315803,-0.027308129,0.12809144,-0.095083766,0.05578593,-0.022778258,0.094186,-0.061178327,0.06689029,-0.033882618,0.127301,-0.09429332
3164,0,1,0,0,0,0,0,0,0,0.016338151,0.14018604,-0.12384789,0.15431027,-0.13797212,0.06926686,-0.052928712,0.030532964,-0.014194813,0.04842466,-0.03208651,0.118689,-0.102350846,0.024808299,0.13580053,-0.11099222,0.11115374,-0.086345434,0.043075357,-0.018267058,0.07416322,-0.049354922,0.071744464,-0.046936166,0.10036873,-0.075560436
3165,0,1,0,0,0,0,0,0,0,0.008095637,0.0766336,-0.068537965,0.11147337,-0.10337773,0.034092832,-0.025997195,0.02186972,-0.013774084,0.015663428,-0.0075677913,0.06755699,-0.059461355,0.016285151,0.102248006,-0.085962854,0.13387857,-0.11759342,0.026713312,-0.01042816,0.058001272,-0.04171612,0.037532065,-0.021246914,0.07646238,-0.06017723
3174,0,1,0,0,0,0,0,0,0,0.020928944,0.097258314,-0.07632937,0.14390634,-0.1229774,0.04691548,-0.025986535,0.035262942,-0.014333999,0.041500155,-0.020571211,0.089354254,-0.06842531,0.039648496,0.16349362,-0.12384512,0.19667178,-0.15702328,0.063344754,-0.023696259,0.12960657,-0.08995808,0.07836632,-0.03871782,0.14120695,-0.101558454
3201,0,0,0,1,0,0,0,0,0,0.064120494,0.20152034,-0.13739985,0.13086368,-0.06674319,0.06109412,0.0030263737,0.16363281,-0.09951232,0.115809135,-0.05168864,0.14267251,-0.078552015,0.13395151,0.20968492,-0.07573341,0.17263936,-0.03868784,0.10546797,0.028483547,0.1954319,-0.061480388,0.13522129,-0.0012697726,0.16917765,-0.035226136
3208,0,0,1,0,1,0,0,0,0,0.041050788,0.36686373,-0.32581294,0.057137072,-0.016086284,0.064482965,-0.023432177,0.050354317,-0.009303529,0.06477843,-0.023727644,0.06843492,-0.027384128,0.091542386,0.24111758,-0.1495752,0.062047385,0.029495,0.11443063,-0.022888243,0.073220216,0.01832217,0.13464035,-0.043097965,0.075499356,0.01604303
3215,1,0,1,0,0,0,1,0,0,0.1767998,0.28582242,-0.10902262,0.4389294,-0.2621296,0.40004525,-0.22324544,0.23397343,-0.057173625,0.21363136,-0.036831558,0.41961566,-0.24281585,0.121836886,0.14417703,-0.022340149,0.23576003,-0.11392315,0.2661467,-0.1443098,0.12525332,-0.003416434,0.162513,-0.040676117,0.19073577,-0.06889889
3220,0,0,1,0,0,0,0,0,0,0.13464747,0.5475238,-0.4128763,0.25619367,-0.121546194,0.24763559,-0.112988114,0.15061694,-0.01596947,0.22531576,-0.09066829,0.25561482,-0.12096734,0.12936157,0.27934337,-0.1499818,0.16021717,-0.030855596,0.15384735,-0.024485782,0.1361603,-0.0067987293,0.16490445,-0.035542876,0.1543499,-0.024988323
3235,0,1,0,0,0,0,0,0,0,0.0073762643,0.055083342,-0.047707077,0.14946401,-0.14208774,0.037250817,-0.029874552,0.016414214,-0.009037949,0.017463254,-0.010086989,0.07469875,-0.06732249,0.025800643,0.15516928,-0.12936863,0.2966638,-0.27086315,0.04756172,-0.021761077,0.18205291,-0.15625226,0.055371754,-0.02957111,0.19956106,-0.17376041
3241,0,0,0,0,1,0,0,0,0,0.10007149,0.24877785,-0.14870636,0.15660183,-0.05653034,0.11766491,-0.017593421,0.113047995,-0.012976505,0.16858509,-0.0685136,0.14219438,-0.042122886,0.13751414,0.12609877,0.011415377,0.1841099,-0.046595752,0.17206153,-0.03454739,0.1711292,-0.033615053,0.17242186,-0.034907714,0.182593,-0.04507886
3246,0,0,0,1,1,0,0,0,0,0.26459312,0.22707526,0.03751786,0.25605008,0.008543044,0.19749935,0.067093775,0.23151456,0.033078566,0.29479256,-0.030199438,0.21614486,0.048448265,0.2578835,0.13450135,0.123382136,0.32762536,-0.069741875,0.2507639,0.007119596,0.2531099,0.004773587,0.2334811,0.024402395,0.31486124,-0.05697775
3248,0,1,0,1,0,0,0,0,0,0.011997009,0.11122744,-0.09923043,0.1351537,-0.12315669,0.048996612,-0.036999606,0.029849961,-0.017852953,0.023057891,-0.011060882,0.08476799,-0.07277098,0.029116383,0.1350105,-0.10589411,0.19229987,-0.1631835,0.04168466,-0.012568278,0.11306673,-0.08395035,0.047675554,-0.01855917,0.11811796,-0.08900157
3272,0,0,1,0,1,0,0,0,0,0.31614816,0.36411875,-0.047970593,0.30727914,0.008869022,0.38570336,-0.06955519,0.20183636,0.1143118,0.414462,-0.09831384,0.216635,0.09951316,0.4788532,0.1755805,0.3032727,0.3355454,0.1433078,0.49886522,-0.020012021,0.3565332,0.12232,0.3822442,0.096609,0.3384653,0.1403879
3275,1,0,1,1,1,0,1,0,1,0.24343699,0.43178147,-0.18834448,0.15959907,0.08383793,0.30523375,-0.061796755,0.3061473,-0.062710315,0.25986788,-0.016430885,0.2669731,-0.023536116,0.29340422,0.23828508,0.055119142,0.20953082,0.083873406,0.35219863,-0.05879441,0.23445393,0.05895029,0.25041714,0.04298708,0.25804132,0.0353629
3281,1,0,1,0,0,0,1,0,0,0.3135484,0.50828457,-0.19473618,0.14733003,0.16621836,0.2806662,0.032882184,0.27859557,0.03495282,0.27403918,0.039509207,0.25783807,0.055710316,0.228508,0.3728886,-0.1443806,0.15160483,0.076903164,0.30530465,-0.07679665,0.19124809,0.037259907,0.19458085,0.033927143,0.23094521,-0.002437219
3282,0,0,1,0,0,0,0,0,0,0.07373934,0.2147407,-0.14100134,0.23244415,-0.15870482,0.22940804,-0.1556687,0.12505612,-0.051316775,0.065573245,0.008166097,0.29149047,-0.21775112,0.09933754,0.17992651,-0.080588974,0.1532201,-0.05388256,0.17713593,-0.07779839,0.13021882,-0.030881278,0.12572207,-0.026384525,0.19072597,-0.09138843
3299,0,1,0,1,0,0,0,0,0,0.02771646,0.12103256,-0.0933161,0.13131492,-0.10359846,0.05208196,-0.024365501,0.05633499,-0.028618531,0.049282644,-0.021566184,0.10174666,-0.074030206,0.09221806,0.23378807,-0.14157002,0.2499147,-0.15769665,0.05923774,0.032980315,0.21851727,-0.12629922,0.13314487,-0.040926814,0.20130292,-0.10908486
3315,0,0,0,0,1,0,0,0,0,0.14315073,0.17699094,-0.03384021,0.26653618,-0.123385444,0.22761108,-0.08446035,0.13608803,0.0070627034,0.14601146,-0.002860725,0.30140635,-0.15825562,0.25340912,0.10576433,0.14764479,0.22345363,0.029955491,0.21854039,0.034868732,0.2331851,0.02022402,0.20622814,0.04718098,0.22558297,0.027826145
3317,0,0,1,0,0,0,0,0,0,0.12529853,0.43934056,-0.31404203,0.42315027,-0.29785174,0.25521132,-0.1299128,0.13643554,-0.011137009,0.24297075,-0.11767222,0.26198286,-0.13668433,0.22819018,0.23104978,-0.0028595924,0.5548167,-0.32662654,0.44302386,-0.21483368,0.2949329,-0.06674272,0.29398957,-0.065799385,0.44166413,-0.21347395
3320,0,1,0,0,0,0,0,0,0,0.048098706,0.13789503,-0.08979633,0.3519632,-0.30386448,0.10259665,-0.054497942,0.09926275,-0.051164046,0.066666916,-0.01856821,0.21998599,-0.17188728,0.119687095,0.22064759,-0.10096049,0.33339486,-0.21370776,0.14757614,-0.027889043,0.2589925,-0.1393054,0.16828732,-0.048600227,0.32968217,-0.20999508
3326,0,0,1,0,0,0,0,0,0,0.26343036,0.40762988,-0.14419952,0.46234137,-0.19891101,0.36674428,-0.10331392,0.23710006,0.026330292,0.31610218,-0.05267182,0.4278982,-0.16446784,0.39393884,0.3059836,0.08795524,0.48275802,-0.088819176,0.47793815,-0.083999306,0.3056761,0.08826274,0.31515977,0.07877907,0.46227524,-0.0683364
3336,0,0,0,0,1,0,0,0,0,0.03600653,0.116118066,-0.08011153,0.059023175,-0.023016647,0.0742257,-0.038219173,0.06187975,-0.025873221,0.062281236,-0.026274707,0.06921746,-0.03321093,0.04492789,0.080044664,-0.035116773,0.046213612,-0.0012857206,0.05540281,-0.01047492,0.04328502,0.0016428716,0.07723172,-0.03230383,0.03852953,0.006398361
3342,0,0,1,0,0,0,0,0,0,0.086522825,0.24416366,-0.15764084,0.16282071,-0.07629789,0.23091517,-0.14439234,0.08397225,0.0025505722,0.09090023,-0.0043774024,0.23624705,-0.14972422,0.10265459,0.18481255,-0.082157955,0.12519076,-0.022536173,0.18504556,-0.082390964,0.1291246,-0.026470006,0.12119139,-0.018536799,0.17817089,-0.0755163
3350,0,1,0,0,0,0,0,0,0,0.008818695,0.05876726,-0.049948566,0.09132894,-0.08251025,0.032378886,-0.02356019,0.015733875,-0.00691518,0.023660364,-0.014841668,0.051544853,-0.04272616,0.019825501,0.115420386,-0.09559488,0.20960785,-0.18978235,0.028215718,-0.008390216,0.10371691,-0.08389141,0.05256856,-0.03274306,0.12218966,-0.10236416
3356,0,0,0,1,0,0,0,0,0,0.03867736,0.11069965,-0.07202229,0.11406448,-0.07538712,0.06392954,-0.025252182,0.070470616,-0.031793255,0.06273084,-0.02405348,0.11086133,-0.07218397,0.06935586,0.12679541,-0.05743955,0.15804277,-0.08868691,0.06853661,0.00081925094,0.17993428,-0.11057842,0.11240561,-0.043049753,0.1260915,-0.056735635
3363,0,0,1,0,0,0,0,0,0,0.11125455,0.41902936,-0.3077748,0.3472819,-0.23602736,0.2589916,-0.14773706,0.16687083,-0.055616282,0.2242443,-0.112989746,0.28860378,-0.17734924,0.2591983,0.29080865,-0.03161034,0.41641992,-0.15722162,0.33962938,-0.080431074,0.23641491,0.022783399,0.38392144,-0.12472314,0.30046898,-0.041270673
3371,1,0,0,0,0,1,1,0,0,0.049165048,0.28712133,-0.23795629,0.32141936,-0.27225432,0.20108299,-0.15191793,0.07733701,-0.028171964,0.100538865,-0.051373817,0.2511034,-0.20193836,0.12859683,0.22616994,-0.09757312,0.3335298,-0.20493297,0.21442947,-0.08583264,0.16558735,-0.036990523,0.18853627,-0.059939444,0.28572422,-0.1571274
3384,0,1,0,0,0,0,0,0,0,0.026406476,0.12321382,-0.096807346,0.20253266,-0.17612618,0.079224,-0.052817523,0.06939339,-0.042986915,0.07827572,-0.051869243,0.14865792,-0.12225144,0.05949609,0.16108596,-0.10158987,0.2887729,-0.22927682,0.098747574,-0.039251484,0.1728319,-0.1133358,0.13396989,-0.0744738,0.24391025,-0.18441416
3406,0,1,0,0,0,0,0,0,0,0.06601301,0.24907313,-0.18306012,0.1290379,-0.06302489,0.11812319,-0.05211018,0.089242026,-0.023229018,0.12032884,-0.054315835,0.16684012,-0.10082711,0.08776961,0.22868326,-0.14091365,0.09571263,-0.007943019,0.07787995,0.009889662,0.12488718,-0.03711757,0.14103962,-0.053270012,0.10604374,-0.018274128
3414,0,1,0,0,0,0,0,0,0,0.011855188,0.12509623,-0.11324105,0.11466521,-0.102810025,0.06624297,-0.05438778,0.021755425,-0.009900237,0.024570853,-0.012715665,0.12046091,-0.10860573,0.033621904,0.13078815,-0.09716624,0.15208472,-0.118462816,0.07157422,-0.037952315,0.0922366,-0.058614697,0.05803567,-0.024413768,0.176968,-0.14334609
3435,0,1,0,0,0,0,0,0,0,0.054116003,0.19410644,-0.13999045,0.35075825,-0.29664224,0.19577515,-0.14165914,0.06284987,-0.008733869,0.08035237,-0.02623637,0.22447512,-0.1703591,0.06927833,0.12901261,-0.059734285,0.35920653,-0.2899282,0.14703645,-0.07775812,0.15251309,-0.08323476,0.09096294,-0.02168461,0.25526386,-0.18598554
3452,0,0,0,1,0,0,0,0,0,0.19050695,0.44759157,-0.2570846,0.15414989,0.03635706,0.17636354,0.014143407,0.1889619,0.0015450567,0.2772603,-0.08675335,0.19269973,-0.0021927804,0.23149125,0.30893484,-0.077443585,0.15327232,0.07821894,0.22991316,0.0015780926,0.17874384,0.052747414,0.242675,-0.011183754,0.1843216,0.047169656
3454,1,0,1,0,1,0,1,0,0,0.6114453,0.56956714,0.041878164,0.26907486,0.34237045,0.49865234,0.11279297,0.48228902,0.12915629,0.65061754,-0.039172232,0.3432493,0.26819602,0.5334204,0.32203394,0.21138644,0.46743265,0.065987736,0.5165781,0.016842306,0.46976528,0.06365511,0.5269787,0.0064417124,0.4775605,0.055859894
3479,0,0,0,1,0,0,0,0,0,0.18537661,0.26979187,-0.08441526,0.23087542,-0.045498803,0.18563254,-0.00025592744,0.22506142,-0.039684802,0.25590336,-0.07052675,0.1978775,-0.012500882,0.1355457,0.14599346,-0.010447755,0.21346784,-0.077922136,0.15714349,-0.021597788,0.15503058,-0.019484878,0.1507411,-0.0151953995,0.20096175,-0.06541605
3484,0,0,1,1,0,0,0,0,0,0.34866276,0.5072962,-0.15863344,0.3535493,-0.004886538,0.31940284,0.02925992,0.3693451,-0.020682335,0.46185187,-0.1131891,0.2967464,0.05191636,0.16056907,0.20185581,-0.041286737,0.23807305,-0.07750398,0.19544269,-0.03487362,0.18112902,-0.020559952,0.15876417,0.0018049031,0.21178792,-0.051218852
3486,1,1,0,1,0,0,0,0,1,0.17973067,0.30258077,-0.122850105,0.25595695,-0.07622628,0.14307009,0.03666058,0.29789168,-0.11816101,0.19065516,-0.010924488,0.27467588,-0.09494521,0.15747733,0.18446998,-0.026992649,0.2055602,-0.048082873,0.1365681,0.020909235,0.17214921,-0.014671877,0.15536848,0.002108857,0.17612249,-0.018645152
3487,0,1,0,0,0,0,0,0,0,0.060911924,0.1082167,-0.04730478,0.14533012,-0.08441819,0.12768742,-0.0667755,0.13629237,-0.075380445,0.09657541,-0.035663486,0.2364799,-0.17556797,0.05033622,0.07527346,-0.024937242,0.09548362,-0.045147404,0.07122853,-0.020892307,0.080444,-0.030107781,0.11078093,-0.060444713,0.07848452,-0.028148301
3497,0,1,0,0,0,0,0,0,0,0.028367216,0.07910696,-0.050739743,0.15297785,-0.12461064,0.08583678,-0.05746957,0.06329355,-0.034926333,0.05640626,-0.028039044,0.1634692,-0.13510197,0.03135924,0.07777335,-0.046414107,0.16759895,-0.13623971,0.0615184,-0.03015916,0.100510366,-0.069151126,0.07044769,-0.03908845,0.1341923,-0.10283306
3507,0,1,0,0,0,0,0,0,0,0.010933356,0.11801639,-0.10708304,0.119769774,-0.10883642,0.042608473,-0.031675115,0.027948221,-0.017014865,0.029632835,-0.018699478,0.09578783,-0.084854476,0.03222506,0.18442792,-0.15220286,0.294753,-0.2625279,0.047780346,-0.015555285,0.13676324,-0.10453819,0.08898001,-0.05675495,0.18124257,-0.14901751
3508,0,0,1,0,0,0,0,0,0,0.20042457,0.32902032,-0.12859575,0.3753686,-0.17494403,0.33691084,-0.13648628,0.20065473,-0.00023016334,0.18194884,0.018475726,0.36163476,-0.1612102,0.23522972,0.27907342,-0.0438437,0.3200927,-0.08486299,0.3809404,-0.14571069,0.17240508,0.06282464,0.20853326,0.026696458,0.2587833,-0.023553595
3515,0,1,0,0,0,0,0,0,0,0.022374861,0.06087075,-0.03849589,0.10057723,-0.07820237,0.05190769,-0.029532827,0.05308001,-0.03070515,0.027687253,-0.0053123925,0.112478055,-0.090103194,0.046199888,0.145736,-0.099536106,0.13914748,-0.09294759,0.058155067,-0.011955179,0.17541678,-0.1292169,0.08935592,-0.043156035,0.11720227,-0.07100238
3521,0,1,0,0,0,0,0,0,0,0.029114308,0.18568818,-0.15657388,0.14453286,-0.11541855,0.076900445,-0.04778614,0.043761045,-0.014646737,0.092602156,-0.06348785,0.11097259,-0.081858285,0.030564541,0.15488282,-0.12431828,0.20430341,-0.17373887,0.047655452,-0.017090911,0.14011745,-0.10955291,0.10403505,-0.07347051,0.20108423,-0.17051968
3522,0,1,0,0,0,0,0,0,0,0.009564488,0.07282921,-0.06326472,0.12190677,-0.11234228,0.030067975,-0.020503487,0.023875887,-0.014311398,0.021687744,-0.012123256,0.06174711,-0.052182622,0.017668828,0.12201603,-0.1043472,0.26020032,-0.2425315,0.03533525,-0.017666422,0.07534939,-0.057680562,0.041726906,-0.024058077,0.115074314,-0.097405486
3537,0,1,0,0,0,0,0,0,0,0.018368443,0.11213299,-0.09376454,0.1614183,-0.14304987,0.07127557,-0.052907124,0.039841495,-0.021473052,0.047427982,-0.029059539,0.111194216,-0.09282577,0.029035846,0.11165543,-0.082619585,0.24109393,-0.21205808,0.049783826,-0.02074798,0.12327185,-0.09423601,0.057963155,-0.02892731,0.15524176,-0.1262059
3544,0,0,0,0,1,0,0,0,0,0.11968959,0.19302154,-0.073331945,0.22329497,-0.10360538,0.22883473,-0.10914514,0.18493968,-0.06525009,0.11179509,0.007894501,0.26945928,-0.1497697,0.16589245,0.10176248,0.06412997,0.22498393,-0.05909148,0.2491792,-0.08328675,0.22917044,-0.06327799,0.21213399,-0.046241537,0.2314029,-0.06551045
3558,0,1,0,0,0,0,0,0,0,0.033052053,0.085049294,-0.05199724,0.09133795,-0.058285896,0.0521607,-0.019108646,0.07732917,-0.04427712,0.060414184,-0.02736213,0.092433296,-0.059381243,0.06075476,0.121704794,-0.060950033,0.10541901,-0.04466425,0.056194637,0.004560124,0.10805383,-0.047299072,0.10795867,-0.047203906,0.08330811,-0.022553347
3559,0,0,0,1,1,0,0,0,0,0.101423755,0.2026775,-0.10125375,0.16711628,-0.06569253,0.130581,-0.029157251,0.11147443,-0.010050677,0.14651182,-0.045088068,0.15749492,-0.056071162,0.12939733,0.16496024,-0.035562903,0.11045297,0.01894436,0.09519801,0.03419932,0.17128707,-0.041889742,0.15256394,-0.023166612,0.116371304,0.013026029
3568,0,0,0,1,1,0,0,0,0,0.0386368,0.15640472,-0.117767915,0.08702231,-0.048385512,0.037181694,0.0014551058,0.1006052,-0.061968397,0.055890083,-0.017253283,0.09213637,-0.05349957,0.08076963,0.124644265,-0.043874636,0.08464435,-0.0038747191,0.033138067,0.04763156,0.14995216,-0.06918253,0.09870175,-0.017932124,0.057856873,0.022912756
3579,0,0,0,0,1,0,0,0,0,0.007930132,0.03966831,-0.031738177,0.11076657,-0.10283644,0.029003328,-0.021073196,0.019629138,-0.011699006,0.019976404,-0.012046272,0.07286557,-0.06493544,0.025682475,0.11573216,-0.090049684,0.14910309,-0.12342061,0.035281677,-0.009599201,0.09848071,-0.07279824,0.04558082,-0.019898344,0.10719037,-0.08150789
3582,0,0,0,1,1,0,0,0,0,0.1801792,0.50353926,-0.3233601,0.11896413,0.061215065,0.10574379,0.074435405,0.31034577,-0.13016658,0.19516873,-0.01498954,0.13954419,0.040635005,0.08556747,0.06625158,0.019315884,0.05486606,0.030701406,0.08000441,0.005563058,0.093565315,-0.007997848,0.06911637,0.016451098,0.061348677,0.02421879
3585,0,1,0,0,0,0,0,0,0,0.028877083,0.30987144,-0.28099436,0.29289228,-0.2640152,0.10439579,-0.07551871,0.06780017,-0.03892309,0.09748249,-0.06860541,0.18600821,-0.15713114,0.057771184,0.2271785,-0.16940731,0.21177621,-0.15400502,0.07967865,-0.021907464,0.15361586,-0.09584468,0.1565109,-0.09873972,0.17414051,-0.11636933
3590,0,0,1,0,0,0,0,0,0,0.14957584,0.43891993,-0.28934407,0.4356024,-0.28602654,0.2955774,-0.14600156,0.15269256,-0.003116712,0.19867316,-0.049097314,0.39802325,-0.2484474,0.270759,0.33573076,-0.064971775,0.46102002,-0.19026104,0.45924762,-0.18848863,0.26403555,0.0067234337,0.25105858,0.019700408,0.42652825,-0.15576926
3600,0,0,0,0,1,0,0,0,0,0.011676396,0.057799947,-0.04612355,0.053169034,-0.041492637,0.025301639,-0.013625243,0.02275974,-0.011083343,0.024457982,-0.012781586,0.0414201,-0.029743701,0.024021666,0.12583871,-0.10181704,0.10529777,-0.081276104,0.03447876,-0.010457095,0.071258076,-0.04723641,0.066049114,-0.042027447,0.071614355,-0.04759269
3603,1,0,0,0,0,1,1,0,0,0.025540832,0.29108447,-0.26554364,0.28277764,-0.2572368,0.094846286,-0.06930545,0.04751915,-0.021978319,0.05424852,-0.028707687,0.14717446,-0.121633634,0.041696742,0.20465326,-0.16295652,0.31985825,-0.27816153,0.07144341,-0.029746667,0.14136072,-0.09966397,0.07558146,-0.03388472,0.19575976,-0.15406302
3606,1,0,0,0,1,0,1,0,0,0.09834722,0.24110502,-0.1427578,0.2881988,-0.18985158,0.1779533,-0.079606086,0.1637447,-0.065397486,0.16306512,-0.064717904,0.2800316,-0.18168437,0.17453311,0.106590375,0.06794274,0.3458918,-0.17135869,0.22309653,-0.04856342,0.23114197,-0.056608856,0.24098395,-0.066450834,0.2705495,-0.09601639
3610,0,0,0,0,1,0,0,0,0,0.09319835,0.37161553,-0.27841717,0.08382589,0.009372458,0.09314899,4.9360096e-05,0.14727119,-0.054072835,0.15486355,-0.0616652,0.117363736,-0.024165384,0.0736206,0.17825994,-0.10463934,0.061494578,0.012126025,0.059293866,0.014326736,0.08660615,-0.01298555,0.12160344,-0.047982834,0.058886215,0.014734387
3612,0,0,1,0,0,0,0,0,0,0.063591056,0.24591154,-0.18232048,0.31124637,-0.2476553,0.17073259,-0.10714153,0.11542733,-0.051836275,0.13372013,-0.070129074,0.22448592,-0.16089487,0.089151785,0.20899852,-0.11984673,0.29809874,-0.20894696,0.11630362,-0.027151838,0.19984879,-0.110697,0.19565235,-0.106500566,0.20395894,-0.11480716
3613,0,0,0,1,1,0,0,0,0,0.3116085,0.5180308,-0.20642233,0.19598217,0.11562632,0.27628762,0.035320878,0.1671891,0.14441939,0.37980142,-0.06819293,0.19175933,0.11984916,0.16598016,0.24897751,-0.08299735,0.19479257,-0.028812408,0.1866325,-0.020652339,0.13139987,0.03458029,0.18397078,-0.017990619,0.16200253,0.0039776266
3615,0,1,0,0,0,0,0,0,0,0.035508435,0.2003408,-0.16483237,0.14029089,-0.10478245,0.13800304,-0.1024946,0.07144266,-0.03593423,0.041094694,-0.005586259,0.17332579,-0.13781735,0.039792635,0.15729983,-0.1175072,0.0853625,-0.045569867,0.06794691,-0.028154276,0.09275433,-0.052961692,0.06153032,-0.021737687,0.09305531,-0.053262673
3618,0,1,0,0,0,0,0,0,0,0.013810274,0.15296483,-0.13915455,0.16253765,-0.14872737,0.042601082,-0.02879081,0.03180291,-0.017992638,0.03959743,-0.025787156,0.07275201,-0.058941733,0.021882452,0.16822518,-0.14634272,0.1770509,-0.15516844,0.029412197,-0.007529745,0.10410772,-0.08222527,0.056798033,-0.03491558,0.10111072,-0.07922827
3625,0,1,0,0,0,0,0,0,0,0.016320182,0.10976916,-0.093448974,0.21388291,-0.19756272,0.06074427,-0.044424087,0.036765497,-0.020445315,0.031628173,-0.015307991,0.11695695,-0.100636765,0.026824133,0.17721514,-0.15039101,0.220881,-0.19405687,0.055296026,-0.028471893,0.09685174,-0.070027605,0.06534412,-0.038519986,0.13813996,-0.11131583
3629,0,0,0,1,1,0,0,0,0,0.036651615,0.11800256,-0.08135095,0.112687655,-0.076036036,0.050805416,-0.014153801,0.0881081,-0.051456485,0.052855566,-0.016203951,0.13022871,-0.0935771,0.038083974,0.09783806,-0.059754085,0.08071539,-0.042631414,0.028783813,0.009300161,0.08485837,-0.0467744,0.05777105,-0.019687075,0.050742112,-0.012658138
3632,0,0,0,0,1,0,0,0,0,0.041906204,0.1327555,-0.090849295,0.12779276,-0.08588655,0.06464412,-0.022737917,0.06677598,-0.024869774,0.07181251,-0.029906306,0.09004936,-0.04814316,0.08954215,0.11642083,-0.026878677,0.10142562,-0.011883467,0.08367929,0.005862862,0.10643239,-0.016890243,0.10455047,-0.015008323,0.10378166,-0.014239512
3634,0,1,0,0,0,0,0,0,0,0.010040043,0.07339632,-0.06335627,0.1852944,-0.17525436,0.037968997,-0.027928954,0.021182183,-0.01114214,0.01917343,-0.009133387,0.088676915,-0.07863687,0.01380787,0.12223432,-0.10842645,0.20857075,-0.19476289,0.03526168,-0.021453809,0.051868055,-0.038060185,0.039772745,-0.025964875,0.08599648,-0.07218861
3635,0,1,0,1,0,0,0,0,0,0.02843162,0.19912237,-0.17069075,0.18492573,-0.15649411,0.09431364,-0.06588201,0.06454381,-0.036112193,0.048143763,-0.019712143,0.15846463,-0.130033,0.04356079,0.17394894,-0.13038816,0.18111594,-0.13755515,0.08945412,-0.04589333,0.10588969,-0.0623289,0.111385785,-0.06782499,0.16692379,-0.123363
3641,0,0,0,1,0,0,0,0,0,0.017384475,0.09675575,-0.07937127,0.10657358,-0.089189105,0.02972846,-0.012343984,0.04889344,-0.031508967,0.04013305,-0.022748576,0.06524052,-0.04785604,0.062603414,0.16376549,-0.101162076,0.1978971,-0.13529369,0.043073393,0.01953002,0.20767023,-0.14506681,0.102281824,-0.03967841,0.13045314,-0.067849725
3652,0,1,0,0,0,0,0,0,0,0.014558035,0.030422498,-0.015864462,0.06081476,-0.046256725,0.058822103,-0.044264067,0.034880694,-0.020322658,0.015209226,-0.000651191,0.053089038,-0.038531,0.02206297,0.08165649,-0.05959352,0.13940485,-0.117341876,0.034747947,-0.012684977,0.056514956,-0.034451984,0.037766423,-0.015703453,0.07689796,-0.054834984
3657,0,1,0,0,0,0,0,0,0,0.01863302,0.12878162,-0.110148594,0.12066501,-0.10203199,0.054313682,-0.035680663,0.05012772,-0.0314947,0.02828655,-0.009653531,0.09723689,-0.07860386,0.033323966,0.13536564,-0.10204167,0.2047427,-0.17141873,0.06283095,-0.029506981,0.092856266,-0.0595323,0.067980394,-0.034656428,0.13147298,-0.09814901
3660,1,0,0,0,0,1,1,0,0,0.039621416,0.22757551,-0.1879541,0.27863637,-0.23901495,0.11163938,-0.07201797,0.0717693,-0.03214788,0.10613973,-0.06651831,0.1612656,-0.121644184,0.040908195,0.19155926,-0.15065107,0.27470675,-0.23379856,0.064193025,-0.02328483,0.1436858,-0.10277761,0.08372621,-0.042818017,0.16440514,-0.12349694
3665,0,1,0,0,0,0,0,0,0,0.04008981,0.11434055,-0.07425074,0.15210585,-0.112016045,0.08823166,-0.048141852,0.07277316,-0.03268335,0.06919479,-0.029104985,0.15628809,-0.11619828,0.04654738,0.14089124,-0.094343856,0.20575112,-0.15920374,0.08425578,-0.037708398,0.15231465,-0.105767265,0.09600502,-0.049457643,0.19479933,-0.14825195
3669,0,1,0,0,0,0,0,0,0,0.1162692,0.29056174,-0.17429253,0.25098136,-0.13471216,0.21467933,-0.09841013,0.10596463,0.01030457,0.15852717,-0.042257965,0.2404447,-0.124175504,0.108664826,0.2192852,-0.11062038,0.19758251,-0.08891769,0.12869109,-0.020026267,0.15985277,-0.051187947,0.17015567,-0.06149085,0.17005472,-0.061389893
3688,1,0,0,1,0,0,1,0,0,0.078892514,0.2428555,-0.16396299,0.13686477,-0.057972252,0.15466519,-0.07577267,0.13451742,-0.055624902,0.0873586,-0.008466087,0.22094658,-0.14205407,0.095182806,0.13848168,-0.04329887,0.1606593,-0.06547649,0.12872835,-0.03354554,0.20253529,-0.10735248,0.11874502,-0.023562215,0.19687751,-0.1016947
3689,0,0,1,0,1,0,0,0,0,0.15747245,0.3240679,-0.16659544,0.48365316,-0.3261807,0.4085194,-0.25104696,0.1506587,0.0068137497,0.15030855,0.007163897,0.39599705,-0.2385246,0.2909034,0.21142171,0.079481676,0.41057608,-0.119672686,0.5142657,-0.22336233,0.24807325,0.04283014,0.24778788,0.04311551,0.3845726,-0.093669206
3692,0,0,1,0,1,0,0,0,0,0.19036707,0.32266158,-0.1322945,0.1128703,0.077496774,0.12955618,0.060810894,0.196188,-0.00582093,0.19149618,-0.0011291057,0.13153069,0.058836386,0.118702486,0.22830495,-0.109602466,0.11063019,0.008072294,0.10180651,0.01689598,0.11428332,0.004419163,0.13008972,-0.011387229,0.10661125,0.012091234
3696,0,0,0,0,1,0,0,0,0,0.09193431,0.1651117,-0.0731774,0.1873519,-0.09541759,0.15143855,-0.05950424,0.19443698,-0.102502674,0.13418548,-0.04225117,0.19545989,-0.10352558,0.081531875,0.097567365,-0.01603549,0.16960804,-0.08807617,0.10785344,-0.026321568,0.13609323,-0.054561354,0.11888358,-0.037351705,0.17586492,-0.094333045
3699,0,0,0,1,0,0,0,0,0,0.10875042,0.23303863,-0.124288216,0.17044619,-0.06169577,0.10641779,0.0023326278,0.2048985,-0.09614809,0.16774626,-0.058995843,0.17825752,-0.06950711,0.15408136,0.20968793,-0.055606574,0.15338539,0.00069597363,0.080201164,0.073880196,0.17766578,-0.023584425,0.18361452,-0.029533163,0.10397518,0.050106183
3702,0,1,0,0,0,0,0,0,0,0.028056031,0.11678187,-0.088725835,0.08496878,-0.05691275,0.03574761,-0.007691579,0.0742374,-0.046181366,0.049172666,-0.021116635,0.10339379,-0.07533776,0.027903788,0.12312709,-0.0952233,0.13340433,-0.10550054,0.030356636,-0.0024528485,0.09414601,-0.066242225,0.058814306,-0.030910518,0.08456943,-0.056665644
3704,0,1,0,0,0,0,0,0,0,0.01602504,0.13264376,-0.11661872,0.12521666,-0.10919163,0.0483196,-0.03229456,0.038403746,-0.022378705,0.031933654,-0.015908614,0.07985993,-0.06383489,0.039697696,0.13910113,-0.09940344,0.20534752,-0.16564983,0.051531777,-0.011834081,0.112680934,-0.072983235,0.0965939,-0.056896206,0.1304688,-0.09077111
3708,0,0,0,1,0,0,0,0,0,0.22744055,0.4492358,-0.22179525,0.26928356,-0.041843012,0.21802425,0.009416297,0.24567223,-0.018231675,0.27985463,-0.052414075,0.24829532,-0.020854771,0.17901538,0.25214785,-0.07313247,0.11011346,0.06890193,0.1318263,0.047189087,0.17804644,0.000968948,0.20673226,-0.027716875,0.10491084,0.07410454
3712,0,1,0,0,0,0,0,0,0,0.031176265,0.12714782,-0.095971555,0.067383945,-0.03620768,0.070736825,-0.03956056,0.05741754,-0.026241276,0.03920738,-0.008031115,0.10034888,-0.06917262,0.064141475,0.09002288,-0.025881402,0.082331315,-0.01818984,0.07322805,-0.009086572,0.1155502,-0.051408723,0.101416446,-0.03727497,0.11460347,-0.050461993
3740,0,1,0,1,0,0,0,0,0,0.02260996,0.15267457,-0.1300646,0.15259974,-0.12998977,0.052181106,-0.029571146,0.047782235,-0.025172275,0.049343128,-0.026733167,0.090776645,-0.06816669,0.054706544,0.19845884,-0.14375229,0.1419726,-0.08726606,0.037548035,0.017158508,0.16387412,-0.109167576,0.13741696,-0.082710415,0.10127709,-0.046570547
3755,0,0,0,1,1,0,0,0,0,0.29529327,0.3997964,-0.104503125,0.20431297,0.090980306,0.25920203,0.03609124,0.35991746,-0.06462419,0.29291412,0.0023791492,0.31923392,-0.023940653,0.24042174,0.19034684,0.050074905,0.3133414,-0.07291967,0.2871432,-0.04672146,0.25334018,-0.0129184425,0.17452143,0.06590031,0.34374955,-0.10332781
3756,0,1,0,0,0,0,0,0,0,0.012930529,0.10208288,-0.08915235,0.31103262,-0.29810208,0.100397855,-0.08746733,0.028606217,-0.015675688,0.028794145,-0.015863616,0.13142432,-0.118493795,0.042421144,0.1770061,-0.13458495,0.37226522,-0.3298441,0.102243826,-0.059822682,0.19625224,-0.1538311,0.08500678,-0.042585637,0.30316198,-0.26074085
3785,1,0,0,0,0,1,1,0,0,0.041845556,0.41286197,-0.3710164,0.24477106,-0.2029255,0.16456826,-0.1227227,0.06622618,-0.02438062,0.1557465,-0.113900945,0.20443322,-0.16258766,0.093713276,0.23731466,-0.14360139,0.19663753,-0.10292425,0.108861424,-0.015148148,0.15184991,-0.058136635,0.16636664,-0.07265336,0.17580831,-0.082095034
3791,0,0,0,1,0,0,0,0,0,0.07869021,0.23786473,-0.15917453,0.20662516,-0.12793496,0.11518441,-0.036494203,0.11999191,-0.041301705,0.14462472,-0.06593452,0.1451094,-0.06641919,0.12819472,0.2284033,-0.10020858,0.13300397,-0.0048092455,0.06605657,0.062138148,0.18172318,-0.053528458,0.16088164,-0.03268692,0.14177231,-0.013577595
3805,0,0,0,0,1,0,0,0,0,0.14860952,0.27837014,-0.12976062,0.28918174,-0.14057222,0.15745935,-0.008849829,0.22972715,-0.08111763,0.20343646,-0.054826945,0.25129816,-0.10268864,0.18493293,0.24224953,-0.0573166,0.26042983,-0.0754969,0.17438601,0.010546923,0.24404198,-0.059109047,0.2246249,-0.03969197,0.2230705,-0.03813757
3827,1,0,1,1,1,0,1,0,0,0.42848796,0.57497334,-0.14648539,0.23013963,0.19834833,0.34677052,0.08171743,0.212886,0.21560195,0.50218225,-0.07369429,0.19389524,0.23459272,0.19257227,0.3133245,-0.120752245,0.18829538,0.0042768866,0.26379138,-0.07121912,0.14223382,0.050338447,0.17896244,0.013609827,0.16207838,0.030493885
3842,1,0,1,0,0,0,1,0,0,0.07866177,0.3241152,-0.24545342,0.3208794,-0.24221763,0.18942271,-0.11076094,0.14719112,-0.06852935,0.09508688,-0.01642511,0.3119284,-0.23326662,0.11564629,0.22441237,-0.10876608,0.3675023,-0.25185603,0.26342303,-0.14777674,0.18176983,-0.066123545,0.13578923,-0.020142943,0.29508165,-0.17943536
3855,0,0,0,1,1,0,0,0,0,0.15067841,0.1509011,-0.00022268295,0.15354185,-0.002863437,0.21377058,-0.06309217,0.16185443,-0.01117602,0.17938693,-0.028708518,0.19079526,-0.040116847,0.1506505,0.11304029,0.03761021,0.20990983,-0.059259325,0.1990119,-0.048361406,0.17586933,-0.02521883,0.16311769,-0.012467191,0.18437392,-0.033723414
3863,0,1,0,0,0,0,0,0,0,0.024773564,0.09442382,-0.06965026,0.16743915,-0.14266558,0.07273643,-0.047962863,0.047243338,-0.022469774,0.055569246,-0.030795682,0.13134655,-0.106572986,0.03890255,0.11000996,-0.07110741,0.2126526,-0.17375004,0.08754496,-0.04864241,0.111297816,-0.072395265,0.08747716,-0.04857461,0.17203695,-0.1331344
3867,1,0,1,0,0,0,1,0,0,0.5730013,0.6606563,-0.08765495,0.5176768,0.055324554,0.6130937,-0.04009235,0.44205466,0.13094667,0.61607915,-0.043077826,0.5392332,0.033768117,0.3593275,0.28807327,0.07125422,0.28253216,0.07679534,0.46390814,-0.10458064,0.24291618,0.11641131,0.26322922,0.096098274,0.33411044,0.025217056
3869,1,0,1,0,0,0,1,0,0,0.5407907,0.6420201,-0.10122943,0.46177736,0.07901332,0.597157,-0.056366324,0.42437625,0.11641443,0.57564324,-0.034852564,0.50644314,0.034347534,0.3245992,0.2835044,0.04109481,0.2735164,0.05108282,0.4653836,-0.14078438,0.24169645,0.08290276,0.24023004,0.08436917,0.3515709,-0.026971698
3872,0,1,0,1,0,0,0,0,0,0.02773452,0.12427373,-0.096539214,0.20672806,-0.17899354,0.07723862,-0.0495041,0.05654045,-0.028805928,0.030564709,-0.0028301887,0.12527573,-0.09754121,0.051118206,0.18556798,-0.13444977,0.22187863,-0.17076042,0.06825406,-0.017135855,0.17640053,-0.12528232,0.07950589,-0.028387684,0.17618667,-0.12506846
3875,0,0,0,0,1,0,0,0,0,0.064556666,0.093179934,-0.028623268,0.20895265,-0.14439598,0.12292633,-0.058369666,0.100300826,-0.03574416,0.07220297,-0.0076463073,0.1536669,-0.08911023,0.03501416,0.062013876,-0.026999716,0.15492958,-0.11991542,0.06808453,-0.03307037,0.07228702,-0.037272863,0.04689883,-0.011884671,0.11345347,-0.07843931
3878,0,1,0,0,0,0,0,0,0,0.032240584,0.13441001,-0.102169424,0.114139766,-0.08189918,0.062300775,-0.03006019,0.08879439,-0.056553803,0.04229675,-0.010056164,0.13456284,-0.10232225,0.040000383,0.117651284,-0.077650905,0.09473238,-0.054732,0.044925503,-0.0049251206,0.087011084,-0.0470107,0.085948035,-0.045947652,0.07732607,-0.037325684
3892,0,1,0,0,0,0,0,0,0,0.008505475,0.047495965,-0.03899049,0.109450296,-0.10094482,0.03063505,-0.022129575,0.020376833,-0.011871358,0.0147796925,-0.0062742177,0.06376848,-0.05526301,0.022504773,0.09501094,-0.072506174,0.21683627,-0.1943315,0.03451947,-0.012014698,0.07348681,-0.05098204,0.055110697,-0.032605924,0.10259014,-0.08008537
3895,1,0,1,0,0,0,1,0,0,0.39439017,0.45343268,-0.059042513,0.4068248,-0.012434632,0.4083551,-0.013964921,0.4261897,-0.031799525,0.4255922,-0.031202048,0.50064117,-0.106251,0.48699173,0.35673496,0.13025677,0.5075866,-0.020594865,0.5531939,-0.06620219,0.45219392,0.034797817,0.4276778,0.059313923,0.49650612,-0.009514391
3904,0,1,0,0,0,0,0,0,0,0.10329358,0.22663437,-0.123340786,0.29632103,-0.19302745,0.15653734,-0.053243756,0.25473183,-0.15143825,0.087054454,0.016239129,0.31072617,-0.20743258,0.14164059,0.11618831,0.025452279,0.23920141,-0.09756082,0.23636292,-0.09472233,0.19071034,-0.049069747,0.116134465,0.025506124,0.2703784,-0.12873782
3908,0,0,0,0,1,0,0,0,0,0.08479448,0.2066509,-0.12185642,0.21880159,-0.13400711,0.127223,-0.042428523,0.23262598,-0.1478315,0.07949895,0.00529553,0.27334738,-0.1885529,0.08901468,0.09277367,-0.0037589893,0.20071933,-0.11170465,0.1523067,-0.06329203,0.14936048,-0.0603458,0.0888021,0.00021257997,0.22527395,-0.13625927
3909,0,1,0,0,0,0,0,0,0,0.00785483,0.098129526,-0.0902747,0.12563005,-0.117775224,0.054213934,-0.046359103,0.017050022,-0.009195193,0.018720187,-0.010865358,0.08697868,-0.079123855,0.018407045,0.18229283,-0.16388579,0.19362046,-0.17521341,0.048023798,-0.029616753,0.09591352,-0.077506475,0.04739639,-0.028989347,0.1818107,-0.16340366
3910,1,0,1,0,1,0,1,0,0,0.37805384,0.5309565,-0.15290266,0.27754503,0.10050881,0.41563955,-0.037585706,0.22663891,0.15141493,0.4346755,-0.05662167,0.23144966,0.14660418,0.42052022,0.3389214,0.08159882,0.37621766,0.044302553,0.43190423,-0.01138401,0.2519278,0.16859242,0.3914397,0.02908051,0.3277835,0.09273672
3913,0,0,0,0,1,0,0,0,0,0.2880871,0.34709114,-0.05900404,0.31861585,-0.030528754,0.26697898,0.02110812,0.3249085,-0.036821395,0.27310455,0.014982551,0.31737852,-0.029291421,0.23725043,0.13141173,0.1058387,0.28704888,-0.049798444,0.3529573,-0.115706876,0.2217549,0.015495539,0.19532868,0.04192175,0.28644553,-0.049195096
3914,0,0,0,0,1,0,0,0,0,0.09616401,0.20744333,-0.111279316,0.2236911,-0.12752709,0.126705,-0.030540995,0.20652933,-0.11036532,0.081892125,0.014271885,0.2536399,-0.15747589,0.10498034,0.103664525,0.0013158172,0.19297753,-0.08799719,0.18059796,-0.07561762,0.14169787,-0.036717527,0.097592056,0.0073882863,0.20514762,-0.10016728
3918,0,1,0,0,0,0,0,0,0,0.051934447,0.13189803,-0.07996358,0.1641152,-0.112180755,0.1070061,-0.055071656,0.08132478,-0.029390331,0.11345406,-0.06151961,0.17656514,-0.12463069,0.04877268,0.15004785,-0.101275176,0.17293088,-0.1241582,0.07314597,-0.02437329,0.16685496,-0.118082285,0.1096282,-0.06085552,0.2016072,-0.15283452
3923,0,1,0,0,0,0,0,0,0,0.086964466,0.23565823,-0.14869377,0.2961549,-0.20919043,0.21936433,-0.13239986,0.11144966,-0.024485193,0.12177937,-0.0348149,0.30287203,-0.21590757,0.0970904,0.16744608,-0.070355676,0.28220427,-0.18511388,0.15429917,-0.05720877,0.13685827,-0.03976787,0.14415173,-0.04706133,0.19596449,-0.098874085
3925,1,0,0,1,0,0,1,0,0,0.044300042,0.23330474,-0.18900469,0.20850533,-0.16420528,0.105365664,-0.06106562,0.12693302,-0.08263298,0.12679778,-0.08249774,0.18780413,-0.14350408,0.054472554,0.12085439,-0.06638184,0.21000697,-0.15553442,0.08633134,-0.031858783,0.2030406,-0.14856805,0.10582788,-0.05135533,0.1780183,-0.12354575
3926,0,1,0,0,0,0,0,0,0,0.023164488,0.23006092,-0.20689642,0.111807905,-0.08864342,0.04776894,-0.02460445,0.047874656,-0.024710167,0.052190248,-0.02902576,0.07319421,-0.050029725,0.03648981,0.17321073,-0.13672091,0.14251769,-0.10602787,0.03357721,0.0029125996,0.09895071,-0.062460896,0.097583316,-0.061093505,0.089333825,-0.052844014
3937,0,1,0,0,0,0,0,0,0,0.015215699,0.12750553,-0.11228983,0.1814478,-0.16623211,0.053985737,-0.03877004,0.03970973,-0.02449403,0.039828405,-0.024612706,0.10425885,-0.089043155,0.03781851,0.26804408,-0.23022558,0.2229143,-0.18509579,0.05536584,-0.017547332,0.15473667,-0.11691816,0.11190079,-0.074082285,0.14163989,-0.10382138
3947,0,0,0,1,0,0,0,0,0,0.18197198,0.22296412,-0.04099214,0.34693092,-0.16495894,0.33692956,-0.15495758,0.24926125,-0.06728926,0.229046,-0.04707402,0.3373778,-0.1554058,0.17738144,0.12780093,0.049580514,0.27988103,-0.10249959,0.17221424,0.005167201,0.17695448,0.00042696297,0.18306889,-0.0056874454,0.14300515,0.034376293
3948,0,0,0,1,0,0,0,0,0,0.023390384,0.0611311,-0.037740715,0.12046984,-0.097079456,0.048285525,-0.02489514,0.05108617,-0.027695784,0.036106806,-0.012716422,0.09271489,-0.06932451,0.038918972,0.117223784,-0.07830481,0.161126,-0.12220703,0.048752166,-0.009833194,0.14681348,-0.10789451,0.08274389,-0.04382492,0.124205075,-0.0852861
3949,0,0,0,0,1,0,0,0,0,0.09506163,0.13161615,-0.036554515,0.12209623,-0.027034603,0.14971045,-0.054648817,0.054713544,0.040348087,0.09017836,0.004883267,0.08999325,0.0050683767,0.23102255,0.09184788,0.13917467,0.27708095,-0.0460584,0.27023986,-0.03921731,0.17082962,0.060192928,0.16516775,0.0658548,0.22953808,0.0014844686
3967,0,0,0,0,1,0,0,0,0,0.030338058,0.11674073,-0.08640268,0.14183302,-0.111494966,0.07115679,-0.040818736,0.053531267,-0.023193209,0.033987086,-0.003649028,0.12572819,-0.09539013,0.02662354,0.073770486,-0.047146946,0.13369167,-0.10706813,0.054265156,-0.027641617,0.059098855,-0.032475315,0.05407264,-0.027449101,0.093184434,-0.066560894
3984,0,1,0,0,0,0,0,0,0,0.03710476,0.18273573,-0.14563097,0.1586444,-0.12153964,0.0806335,-0.04352874,0.08373891,-0.04663415,0.063656874,-0.026552115,0.1684925,-0.13138774,0.035035092,0.12272154,-0.08768645,0.20505051,-0.17001542,0.060243856,-0.025208764,0.092613645,-0.057578553,0.08863417,-0.05359908,0.15269919,-0.1176641
3986,0,1,0,0,0,0,0,0,0,0.011377617,0.09345862,-0.082081005,0.22166961,-0.210292,0.043999493,-0.032621875,0.04744674,-0.03606912,0.027169395,-0.015791778,0.108037844,-0.09666023,0.023708249,0.11819999,-0.09449174,0.24345256,-0.21974431,0.04356325,-0.019855002,0.13318819,-0.10947994,0.060151964,-0.036443718,0.17244978,-0.14874153
4016,0,0,0,1,0,0,0,0,0,0.166461,0.21429966,-0.047838658,0.296463,-0.130002,0.15036723,0.016093776,0.25785235,-0.09139134,0.21341044,-0.04694943,0.23698749,-0.07052648,0.16024508,0.12154269,0.038702384,0.31611252,-0.15586744,0.16527395,-0.0050288737,0.25609684,-0.095851764,0.13725871,0.022986367,0.36417893,-0.20393385
4025,0,1,0,0,0,0,0,0,0,0.068787105,0.13523737,-0.06645026,0.086610116,-0.01782301,0.13176121,-0.0629741,0.09293077,-0.024143666,0.079952314,-0.011165209,0.13284537,-0.06405827,0.055347126,0.09800589,-0.042658765,0.06754939,-0.012202267,0.069094986,-0.01374786,0.08080571,-0.025458585,0.09735981,-0.04201268,0.06549242,-0.010145295
4059,0,1,0,0,0,0,0,0,0,0.03889528,0.29651308,-0.2576178,0.16883142,-0.12993614,0.108818166,-0.06992289,0.06645393,-0.027558655,0.06980734,-0.030912064,0.16563429,-0.12673901,0.073418245,0.23359704,-0.1601788,0.22309838,-0.14968014,0.12645152,-0.053033277,0.14867988,-0.07526164,0.14861727,-0.07519902,0.20894128,-0.13552304
4066,0,1,0,0,0,0,0,0,0,0.013761522,0.08958203,-0.07582051,0.09400281,-0.08024129,0.047669914,-0.03390839,0.031360593,-0.01759907,0.020445928,-0.0066844057,0.11207079,-0.09830927,0.030886058,0.12611824,-0.09523219,0.090558454,-0.059672397,0.04304791,-0.012161851,0.0745594,-0.04367334,0.060581747,-0.02969569,0.08015129,-0.049265232
4070,0,0,0,1,0,0,0,0,0,0.031081252,0.061698668,-0.030617416,0.07781567,-0.046734415,0.033373985,-0.0022927336,0.07042222,-0.039340965,0.062012777,-0.030931525,0.061267093,-0.030185841,0.08486536,0.12785254,-0.042987183,0.123013765,-0.038148403,0.0623015,0.02256386,0.16579373,-0.08092837,0.16142167,-0.07655631,0.08557088,-0.0007055178
4072,0,0,1,0,1,0,0,0,0,0.24613611,0.2806399,-0.034503773,0.27579874,-0.029662624,0.22862811,0.017508,0.20158863,0.044547483,0.2812994,-0.0351633,0.21929084,0.026845276,0.19689703,0.24913847,-0.052241445,0.20542853,-0.008531496,0.21535274,-0.018455714,0.20389624,-0.0069992095,0.21991828,-0.023021251,0.19937049,-0.0024734586
4079,0,1,0,0,0,0,0,0,0,0.05355552,0.1849619,-0.13140638,0.24111913,-0.18756361,0.06447137,-0.010915853,0.16536584,-0.11181033,0.09190082,-0.0383453,0.18806061,-0.1345051,0.15817401,0.14844926,0.009724751,0.2551445,-0.0969705,0.14162244,0.01655157,0.21665792,-0.058483914,0.17670174,-0.018527731,0.23550162,-0.07732761
4090,0,1,0,0,0,0,0,0,0,0.037170593,0.1302226,-0.093052015,0.1281772,-0.09100661,0.096366264,-0.05919567,0.063429214,-0.026258621,0.052979548,-0.015808955,0.13297495,-0.09580436,0.053220887,0.15512033,-0.101899445,0.09902881,-0.045807924,0.073505424,-0.020284537,0.09962693,-0.04640604,0.09034168,-0.037120793,0.093265675,-0.04004479
4097,0,1,0,0,0,0,0,0,0,0.01840533,0.07413913,-0.055733804,0.1131672,-0.09476186,0.054028418,-0.03562309,0.04626692,-0.027861591,0.029494358,-0.011089029,0.09375179,-0.075346455,0.034716196,0.12610056,-0.09138436,0.1048708,-0.07015461,0.056782275,-0.02206608,0.07778727,-0.043071076,0.069592394,-0.034876198,0.08652985,-0.051813655
4103,0,1,0,0,0,0,0,0,0,0.022699863,0.09123236,-0.0685325,0.103514336,-0.08081447,0.06001586,-0.037316,0.04047506,-0.017775197,0.0327776,-0.010077737,0.08281415,-0.060114287,0.045162737,0.13409083,-0.08892809,0.12553704,-0.0803743,0.06398639,-0.018823653,0.08247541,-0.03731267,0.071491145,-0.026328407,0.09691166,-0.051748924
4110,0,1,0,0,0,0,0,0,0,0.048385534,0.093754634,-0.0453691,0.17965813,-0.1312726,0.08769176,-0.039306227,0.086794995,-0.03840946,0.065496385,-0.01711085,0.14519401,-0.09680848,0.0560383,0.1141307,-0.058092397,0.14725904,-0.09122074,0.084797144,-0.028758842,0.10665269,-0.05061439,0.09608754,-0.040049236,0.1122783,-0.056239996
4123,0,1,0,0,0,0,0,0,0,0.06535846,0.19835491,-0.13299645,0.13688388,-0.071525425,0.14933588,-0.083977416,0.16573209,-0.100373626,0.091857016,-0.026498556,0.2459338,-0.18057534,0.12544028,0.16170129,-0.036261007,0.22123191,-0.09579162,0.1617985,-0.036358222,0.22103316,-0.09559287,0.17084254,-0.04540226,0.24854846,-0.12310818
4137,0,0,0,0,1,0,0,0,0,0.15832494,0.48696923,-0.32864428,0.16571812,-0.0073931813,0.14273278,0.015592158,0.18973461,-0.031409666,0.20251234,-0.044187397,0.18204197,-0.02371703,0.14956816,0.25102782,-0.10145967,0.18363021,-0.034062058,0.15428141,-0.004713252,0.14970368,-0.00013552606,0.19216485,-0.042596698,0.1522461,-0.0026779473
4149,0,0,1,0,0,0,0,0,0,0.38834897,0.47897542,-0.09062645,0.53517616,-0.14682719,0.5378044,-0.14945546,0.33629876,0.052050203,0.42072177,-0.032372802,0.53557754,-0.14722857,0.42835176,0.27636418,0.15198758,0.4352087,-0.006856948,0.53760713,-0.10925537,0.3366983,0.091653466,0.3665774,0.061774373,0.41617838,0.012173384
4153,0,0,0,0,1,0,0,0,0,0.033570502,0.109941125,-0.07637063,0.07817958,-0.04460908,0.05470861,-0.02113811,0.09362374,-0.06005324,0.058455538,-0.024885036,0.12335802,-0.08978751,0.042166293,0.121845596,-0.0796793,0.06726017,-0.025093876,0.049975775,-0.0078094825,0.10543419,-0.063267894,0.076652445,-0.034486152,0.07516396,-0.032997668
4167,1,1,0,1,0,0,0,0,1,0.058283117,0.33458343,-0.2763003,0.27109876,-0.21281564,0.13624956,-0.07796644,0.056031603,0.0022515133,0.13539904,-0.07711592,0.17604075,-0.11775763,0.05228937,0.15823777,-0.1059484,0.1491914,-0.09690203,0.09758618,-0.045296807,0.11198069,-0.05969132,0.104228705,-0.051939335,0.15365924,-0.10136987
4175,0,0,0,0,1,0,0,0,0,0.3021804,0.2597976,0.042382807,0.16502996,0.13715045,0.25412488,0.04805553,0.26207268,0.040107727,0.34873602,-0.04655561,0.19175135,0.11042906,0.112262264,0.1367425,-0.024480239,0.11024906,0.0020132065,0.070627,0.041635267,0.14520873,-0.032946467,0.14912117,-0.0368589,0.0949011,0.017361164
4177,0,0,0,0,1,0,0,0,0,0.04904618,0.10072901,-0.05168283,0.09086276,-0.041816577,0.08087398,-0.0318278,0.10423223,-0.05518605,0.057717297,-0.008671116,0.14516118,-0.096115,0.08406079,0.10742724,-0.023366451,0.08831519,-0.0042544007,0.07120388,0.012856908,0.14319496,-0.05913417,0.15672387,-0.07266308,0.09167103,-0.007610239
4203,0,0,0,0,1,0,0,0,0,0.38051242,0.4651306,-0.08461818,0.17109023,0.20942219,0.30951795,0.07099447,0.29110646,0.089405954,0.4257236,-0.045211196,0.20617113,0.17434129,0.409394,0.35490173,0.054492265,0.236107,0.17328699,0.3706748,0.038719207,0.2561537,0.1532403,0.35529605,0.05409795,0.23577286,0.17362113
4220,0,0,0,1,0,0,0,0,0,0.084733926,0.20805727,-0.12332334,0.17503981,-0.09030589,0.09407464,-0.009340711,0.1432586,-0.058524676,0.10240234,-0.017668411,0.16069508,-0.07596115,0.14245225,0.17627482,-0.033822566,0.13715959,0.005292669,0.13460225,0.007850006,0.18513648,-0.042684227,0.15228245,-0.009830192,0.15910907,-0.016656816
4224,0,1,0,0,0,0,0,0,0,0.01496817,0.114462815,-0.09949464,0.1472733,-0.13230513,0.060061987,-0.04509382,0.035572123,-0.020603953,0.027818672,-0.0128505025,0.11333212,-0.09836395,0.032743074,0.1210591,-0.08831602,0.1773256,-0.14458254,0.08350049,-0.050757416,0.07650613,-0.043763056,0.0646244,-0.031881325,0.14413244,-0.11138936
4225,0,0,0,0,1,0,0,0,0,0.0521017,0.11833703,-0.066235326,0.08711084,-0.03500914,0.097909234,-0.045807533,0.080247454,-0.028145753,0.08776788,-0.035666175,0.0889427,-0.036840998,0.053400546,0.094986625,-0.04158608,0.124225,-0.07082445,0.06423357,-0.010833025,0.1091026,-0.055702053,0.10080156,-0.04740101,0.12057623,-0.06717569
4226,0,0,0,1,0,0,0,0,0,0.13959579,0.23684694,-0.09725115,0.17604297,-0.036447182,0.14554767,-0.0059518814,0.16755745,-0.027961656,0.17309292,-0.033497125,0.1860977,-0.046501905,0.179269,0.19299513,-0.01372613,0.16164976,0.017619237,0.14886944,0.03039956,0.17934215,-7.31498e-05,0.17777243,0.0014965683,0.14805035,0.031218648
4229,0,1,0,0,0,0,0,0,0,0.03816623,0.18770912,-0.1495429,0.1854284,-0.14726217,0.15421706,-0.11605084,0.060101118,-0.02193489,0.05978084,-0.021614611,0.1912495,-0.15308328,0.051800925,0.1760945,-0.12429358,0.13031425,-0.078513324,0.10952369,-0.057722766,0.095700845,-0.04389992,0.10220593,-0.050405007,0.12285048,-0.071049556
4230,0,0,1,0,0,0,0,0,0,0.059440117,0.21392237,-0.15448225,0.22334953,-0.1639094,0.21407117,-0.15463105,0.06104182,-0.0016017035,0.08379076,-0.02435064,0.23704985,-0.17760973,0.08434874,0.22146279,-0.13711405,0.17896698,-0.094618246,0.17045423,-0.086105496,0.104282215,-0.019933477,0.12153556,-0.037186824,0.17184481,-0.08749607
4235,0,1,0,0,0,0,0,0,0,0.028812176,0.07878284,-0.049970664,0.08118187,-0.05236969,0.047439598,-0.018627422,0.043778647,-0.014966471,0.051764853,-0.022952678,0.08162598,-0.052813806,0.044518456,0.16145189,-0.116933435,0.15315211,-0.10863365,0.05237778,-0.007859323,0.14333372,-0.09881526,0.10188941,-0.057370953,0.12544277,-0.08092432
4238,0,0,0,1,0,0,0,0,0,0.05709274,0.15098488,-0.09389214,0.11594158,-0.058848836,0.04131331,0.015779432,0.12670745,-0.06961471,0.091229506,-0.034136765,0.089025,-0.031932257,0.117624864,0.15509471,-0.03746985,0.14182417,-0.024199307,0.080750905,0.03687396,0.16332772,-0.04570286,0.14426823,-0.026643366,0.1563119,-0.038687035
4239,0,1,0,0,0,0,0,0,0,0.02798083,0.102341786,-0.07436095,0.07526613,-0.0472853,0.048943985,-0.020963155,0.064420454,-0.036439624,0.047355093,-0.019374263,0.08334702,-0.055366192,0.05056261,0.10139201,-0.0508294,0.10382147,-0.053258862,0.051378775,-0.0008161664,0.12355483,-0.07299222,0.10466016,-0.05409755,0.08902946,-0.038466852
4245,0,1,0,1,0,0,0,0,0,0.04739273,0.35339472,-0.306002,0.14447051,-0.09707779,0.08527439,-0.03788166,0.08058145,-0.03318872,0.075254016,-0.027861286,0.12185617,-0.07446344,0.09275984,0.2924815,-0.19972166,0.15524624,-0.062486403,0.07840953,0.01435031,0.20546098,-0.11270114,0.16029644,-0.0675366,0.14340717,-0.050647326
4254,0,0,0,1,0,0,0,0,0,0.11667231,0.31685632,-0.20018402,0.22923072,-0.11255841,0.13632134,-0.019649029,0.16532235,-0.04865004,0.15294987,-0.036277562,0.2365523,-0.11987999,0.11950099,0.14184257,-0.022341587,0.20042506,-0.08092407,0.16107495,-0.041573964,0.15755972,-0.038058735,0.12397851,-0.0044775233,0.18534242,-0.06584143
4257,0,0,0,0,1,0,0,0,0,0.09729734,0.16761713,-0.07031979,0.10704082,-0.009743482,0.103927314,-0.0066299736,0.15283847,-0.055541128,0.15013863,-0.05284129,0.12713826,-0.029840916,0.11249036,0.15638669,-0.043896325,0.049099125,0.06339124,0.060905583,0.05158478,0.11744876,-0.0049583986,0.16050899,-0.048018627,0.05628902,0.056201342
4261,0,1,0,0,0,0,0,0,0,0.014200515,0.10166317,-0.087462656,0.13138807,-0.11718755,0.04860854,-0.034408025,0.027704615,-0.0135041,0.028849725,-0.01464921,0.092186704,-0.07798619,0.019480761,0.13751097,-0.118030205,0.13237487,-0.1128941,0.03653876,-0.017058,0.07235609,-0.05287533,0.043449465,-0.023968704,0.08820693,-0.06872617
4266,0,1,0,0,0,0,0,0,0,0.032902706,0.11186059,-0.078957886,0.09179146,-0.058888752,0.07052582,-0.03762311,0.068621695,-0.03571899,0.053910658,-0.021007951,0.110315785,-0.07741308,0.0717585,0.1395906,-0.067832105,0.23363525,-0.16187674,0.10517662,-0.03341812,0.26757503,-0.19581652,0.12463359,-0.052875087,0.24457769,-0.1728192
4269,0,0,0,0,1,0,0,0,0,0.012883483,0.075033575,-0.06215009,0.13045557,-0.117572084,0.04007158,-0.027188096,0.025915578,-0.013032095,0.028158916,-0.015275433,0.077273406,-0.06438992,0.03828649,0.060369197,-0.022082709,0.31595317,-0.2776667,0.07140242,-0.033115935,0.07700622,-0.038719732,0.057801686,-0.019515198,0.17277691,-0.13449042
4278,1,0,0,0,0,1,1,0,0,0.026895447,0.22690076,-0.20000531,0.11677058,-0.08987513,0.09370432,-0.06680887,0.044153128,-0.017257681,0.045274545,-0.018379098,0.14301987,-0.11612442,0.039757233,0.18329394,-0.1435367,0.12986912,-0.09011188,0.073037654,-0.03328042,0.11706732,-0.077310085,0.076632366,-0.036875132,0.15076104,-0.1110038
4295,0,1,0,0,0,0,0,0,0,0.020374568,0.13145712,-0.111082554,0.13758732,-0.11721276,0.08252282,-0.06214825,0.058104157,-0.03772959,0.055710077,-0.03533551,0.14097944,-0.12060487,0.035815217,0.10832606,-0.072510846,0.11977128,-0.08395606,0.05083519,-0.015019972,0.11631417,-0.080498956,0.081919,-0.046103783,0.099585876,-0.06377066
4329,0,0,1,0,0,0,0,0,0,0.20378272,0.29204512,-0.088262394,0.22730565,-0.023522928,0.21133433,-0.0075516105,0.25433484,-0.050552115,0.24299848,-0.03921576,0.25369525,-0.049912527,0.18567252,0.28424942,-0.0985769,0.21505272,-0.029380202,0.17401344,0.011659086,0.24107218,-0.055399656,0.22226702,-0.036594495,0.21256131,-0.026888788
4335,1,0,1,0,0,0,1,0,0,0.48787972,0.53259903,-0.04471931,0.34417602,0.1437037,0.538189,-0.05030927,0.3893936,0.098486125,0.4593116,0.028568119,0.44408098,0.043798745,0.5347641,0.41356134,0.12120277,0.32092428,0.21383983,0.59416443,-0.05940032,0.3434338,0.19133031,0.45272282,0.08204129,0.39855456,0.13620955
4336,1,0,1,1,0,0,1,0,0,0.10302236,0.26206774,-0.15904537,0.21135192,-0.10832956,0.12857467,-0.02555231,0.12250238,-0.01948002,0.1570806,-0.054058246,0.13406576,-0.031043403,0.19207308,0.23530069,-0.043227613,0.18184243,0.010230646,0.16961992,0.02245316,0.19678852,-0.0047154427,0.21562567,-0.023552597,0.15337165,0.03870143
4342,0,1,1,0,0,0,0,0,0,0.11172456,0.27679384,-0.16506928,0.09330804,0.018416524,0.096569344,0.015155219,0.15716474,-0.045440175,0.15759106,-0.045866497,0.13785934,-0.026134782,0.08669904,0.21618395,-0.1294849,0.10082574,-0.014126703,0.08231368,0.0043853596,0.116877936,-0.030178897,0.15244848,-0.06574944,0.11015215,-0.023453109
4354,0,1,0,0,0,0,0,0,0,0.016435822,0.1451455,-0.12870969,0.12298921,-0.10655338,0.048535425,-0.032099605,0.037227627,-0.020791804,0.033396002,-0.01696018,0.10361722,-0.0871814,0.02877082,0.11951619,-0.09074537,0.19436736,-0.16559654,0.052998174,-0.024227355,0.07895014,-0.050179318,0.0658164,-0.037045583,0.12873761,-0.099966794
4362,0,0,0,0,1,0,0,0,0,0.022126894,0.05726602,-0.035139125,0.089663915,-0.067537025,0.045290034,-0.02316314,0.10607945,-0.08395256,0.033968415,-0.011841521,0.11387638,-0.09174949,0.054007072,0.07962132,-0.02561425,0.12921649,-0.075209424,0.059803165,-0.0057960935,0.09357866,-0.039571587,0.07112083,-0.017113756,0.10474457,-0.050737496
4363,1,0,0,1,0,0,0,0,1,0.033219915,0.117594995,-0.08437508,0.1416314,-0.108411476,0.051274687,-0.018054772,0.07822267,-0.045002755,0.060775854,-0.027555939,0.11211129,-0.07889138,0.115883626,0.17471567,-0.058832042,0.19134882,-0.075465195,0.05452373,0.061359897,0.163988,-0.04810437,0.14134172,-0.02545809,0.118950754,-0.0030671284
4391,0,0,0,0,1,0,0,0,0,0.026393238,0.074836574,-0.048443336,0.06907754,-0.042684298,0.038818773,-0.012425534,0.06532718,-0.038933944,0.05354309,-0.027149852,0.06586434,-0.0394711,0.02661321,0.057875823,-0.031262614,0.06502441,-0.038411204,0.042240076,-0.015626866,0.056946293,-0.030333083,0.042406704,-0.015793495,0.059526138,-0.03291293
4410,0,0,1,0,0,0,0,0,0,0.32626715,0.39820847,-0.071941316,0.1466464,0.17962076,0.3974542,-0.07118705,0.16283806,0.1634291,0.36615953,-0.039892375,0.15299797,0.17326918,0.17891859,0.17514955,0.00376904,0.10783755,0.071081035,0.18650357,-0.007584989,0.1352291,0.04368949,0.15746579,0.0214528,0.113148645,0.06576994
4414,0,1,0,0,0,0,0,0,0,0.009790951,0.10246868,-0.09267773,0.06068876,-0.050897807,0.039968044,-0.030177092,0.019470226,-0.009679275,0.028680397,-0.018889446,0.051736716,-0.041945763,0.020099776,0.15002698,-0.1299272,0.120620504,-0.10052073,0.028515024,-0.008415248,0.08222397,-0.062124193,0.059260868,-0.039161094,0.08572466,-0.065624885
4417,0,1,0,0,0,0,0,0,0,0.052723717,0.11136294,-0.058639225,0.09824642,-0.0455227,0.06680688,-0.014083166,0.10693086,-0.054207142,0.089002475,-0.03627876,0.1295598,-0.07683608,0.07318909,0.14535286,-0.07216377,0.09552627,-0.022337183,0.07812067,-0.004931584,0.13831073,-0.06512164,0.14123914,-0.06805005,0.097732976,-0.024543889
4432,0,0,0,1,0,0,0,0,0,0.06181137,0.24232814,-0.18051676,0.242218,-0.18040663,0.094503365,-0.032691997,0.15091251,-0.089101136,0.11455117,-0.052739803,0.17726856,-0.11545719,0.11421588,0.13134709,-0.01713121,0.24977584,-0.13555996,0.19233505,-0.07811917,0.16752395,-0.05330807,0.121313035,-0.007097155,0.31681016,-0.20259428
4444,0,0,0,1,0,0,0,0,0,0.100072056,0.267789,-0.16771695,0.16843487,-0.06836282,0.116845116,-0.01677306,0.16485445,-0.064782396,0.13979027,-0.03971821,0.19697332,-0.09690127,0.17208223,0.17264089,-0.00055865943,0.18556996,-0.013487726,0.16180168,0.0102805495,0.18181835,-0.009736121,0.18157372,-0.009491488,0.22698292,-0.05490069
4448,0,0,0,0,1,0,0,0,0,0.11398266,0.14463963,-0.030656964,0.13845268,-0.024470016,0.12636249,-0.012379825,0.1156784,-0.0016957372,0.20675659,-0.09277393,0.1290443,-0.015061632,0.08736991,0.07476229,0.012607619,0.12196524,-0.034595326,0.075879544,0.011490367,0.076966204,0.010403708,0.1310973,-0.04372739,0.05559097,0.031778943
4458,1,0,0,0,0,1,1,0,0,0.08541598,0.24377781,-0.15836182,0.30901778,-0.22360179,0.18441047,-0.098994486,0.109463915,-0.024047934,0.17085183,-0.085435845,0.22964174,-0.14422575,0.1264958,0.17638218,-0.04988639,0.28949472,-0.16299893,0.12738997,-0.000894174,0.198785,-0.07228921,0.1387191,-0.012223303,0.2454614,-0.11896561
4476,0,0,1,0,0,0,0,0,0,0.15711369,0.3562474,-0.19913371,0.41919875,-0.26208508,0.2668707,-0.10975702,0.21112968,-0.054015994,0.2300514,-0.07293771,0.34983736,-0.19272368,0.22504056,0.22435698,0.00068357587,0.41796848,-0.19292793,0.3647597,-0.13971916,0.22580045,-0.0007598996,0.27536333,-0.05032277,0.3406686,-0.115628034
4501,0,0,1,0,0,0,0,0,0,0.25831327,0.47829977,-0.2199865,0.35873818,-0.100424916,0.404778,-0.14646474,0.19621906,0.06209421,0.31682065,-0.058507383,0.38557127,-0.127258,0.27524725,0.33281878,-0.05757153,0.21429726,0.06094998,0.34285715,-0.067609906,0.19471101,0.08053623,0.28868297,-0.013435721,0.23243894,0.04280831
4506,0,1,0,0,0,0,0,0,0,0.14486873,0.3704063,-0.22553757,0.46388826,-0.31901953,0.26662868,-0.12175995,0.21886693,-0.0739982,0.24331732,-0.09844859,0.3535265,-0.20865777,0.19055219,0.22558463,-0.035032436,0.44021544,-0.24966325,0.2880467,-0.0974945,0.22121008,-0.030657887,0.26627603,-0.07572384,0.30579495,-0.115242764
4508,0,0,1,0,0,0,0,0,0,0.044348843,0.21709666,-0.17274782,0.19033173,-0.14598289,0.13218887,-0.08784003,0.06790157,-0.023552723,0.09903851,-0.054689668,0.19958599,-0.15523714,0.104316086,0.23366114,-0.12934506,0.2534682,-0.1491521,0.117896825,-0.0135807395,0.19037142,-0.08605534,0.15812589,-0.053809807,0.21097727,-0.106661186
4518,0,0,0,0,1,0,0,0,0,0.11422339,0.3676126,-0.2533892,0.23875435,-0.124530956,0.16419591,-0.04997252,0.16506939,-0.050845996,0.17563286,-0.061409473,0.18248212,-0.06825873,0.15495168,0.21987729,-0.06492561,0.19376722,-0.038815543,0.2074109,-0.052459225,0.2143973,-0.05944562,0.18140426,-0.026452586,0.19735867,-0.04240699
4542,0,1,0,0,0,0,0,0,0,0.012484743,0.1431228,-0.13063806,0.26491064,-0.2524259,0.10454232,-0.09205758,0.024011288,-0.011526545,0.045277573,-0.03279283,0.1416898,-0.12920506,0.03667874,0.1509542,-0.11427546,0.32466143,-0.2879827,0.10473629,-0.06805755,0.1296163,-0.09293757,0.08584223,-0.04916349,0.24760644,-0.2109277
4546,1,0,0,1,0,0,0,0,0,0.037037786,0.13270734,-0.09566955,0.16029665,-0.12325886,0.054455847,-0.01741806,0.08491363,-0.04787584,0.06570043,-0.02866264,0.0942935,-0.05725571,0.07283172,0.14829172,-0.07546,0.20071319,-0.12788147,0.09130322,-0.018471502,0.17535797,-0.10252625,0.119526654,-0.046694934,0.14047861,-0.06764689
4547,1,0,0,0,0,1,1,0,0,0.043071512,0.20844522,-0.16537371,0.122486636,-0.07941513,0.0732067,-0.030135188,0.10349832,-0.060426805,0.084819406,-0.041747894,0.12133033,-0.07825881,0.070519954,0.16747989,-0.09695993,0.12806487,-0.057544917,0.0987394,-0.028219447,0.11302779,-0.042507835,0.12032248,-0.049802527,0.113592915,-0.04307296
4556,0,1,0,0,0,0,0,0,0,0.042839475,0.12287986,-0.08004039,0.10034606,-0.057506584,0.08074938,-0.037909903,0.08129525,-0.038455777,0.07484651,-0.03200704,0.10671814,-0.06387866,0.0659682,0.12158109,-0.055612892,0.105953164,-0.039984964,0.07476754,-0.008799337,0.1070672,-0.041098997,0.10475305,-0.038784847,0.11082326,-0.04485506
4560,0,0,0,1,0,0,0,0,0,0.09911509,0.43575093,-0.33663583,0.37103024,-0.27191514,0.21843235,-0.11931726,0.21803963,-0.11892454,0.27324048,-0.17412539,0.27945083,-0.18033575,0.09936796,0.2066117,-0.10724373,0.3882238,-0.28885585,0.19461556,-0.0952476,0.19598472,-0.09661676,0.13376294,-0.03439498,0.42341226,-0.3240443
4565,0,1,0,0,0,0,0,0,0,0.0102517605,0.10117787,-0.09092611,0.11585752,-0.10560576,0.046434715,-0.036182955,0.026935827,-0.016684067,0.023489714,-0.013237953,0.08407979,-0.07382803,0.020804655,0.13866965,-0.117864996,0.20474106,-0.1839364,0.046327915,-0.02552326,0.1093738,-0.08856915,0.055587977,-0.034783322,0.14776243,-0.12695777
4576,0,0,0,0,1,0,0,0,0,0.07057033,0.21995157,-0.14938125,0.2519766,-0.18140629,0.13691513,-0.066344805,0.108186424,-0.037616096,0.0860566,-0.01548627,0.16366784,-0.093097515,0.145567,0.12512392,0.020443082,0.39752066,-0.25195366,0.2994166,-0.1538496,0.330254,-0.18468699,0.13836658,0.00720042,0.43896234,-0.29339534
4602,1,0,0,1,0,0,0,1,0,0.066685684,0.17543647,-0.10875078,0.16769175,-0.10100607,0.06541131,0.0012743771,0.14179948,-0.075113796,0.116884746,-0.05019906,0.14616033,-0.07947465,0.14761724,0.12551983,0.022097409,0.1516774,-0.004060164,0.104894415,0.04272282,0.203028,-0.055410758,0.14289248,0.004724756,0.15851243,-0.010895193
4609,0,1,0,0,0,0,0,0,0,0.065230675,0.14700283,-0.081772156,0.10604948,-0.040818803,0.07731628,-0.012085602,0.12338848,-0.0581578,0.111499585,-0.04626891,0.1261314,-0.060900725,0.047772016,0.12864085,-0.080868825,0.109882735,-0.06211072,0.053738873,-0.005966857,0.10127876,-0.053506743,0.116116665,-0.06834465,0.0953797,-0.047607686
4614,1,0,1,0,1,0,1,0,0,0.30397508,0.42701477,-0.12303969,0.379864,-0.07588893,0.28400445,0.019970626,0.2610337,0.04294136,0.45156103,-0.14758596,0.25826728,0.045707792,0.4259412,0.3278287,0.098112494,0.4472844,-0.021343201,0.4157497,0.0101915,0.4217848,0.0041564107,0.34437895,0.08156225,0.41575375,0.010187447
4615,0,0,0,0,1,0,0,0,0,0.31437045,0.26190394,0.05246651,0.2188594,0.09551105,0.28626487,0.028105587,0.34167507,-0.02730462,0.2905499,0.02382055,0.20983489,0.104535565,0.24314687,0.09746443,0.14568244,0.34106538,-0.09791851,0.27286834,-0.029721469,0.39147252,-0.14832565,0.20046744,0.04267943,0.40040222,-0.15725535
4618,0,0,1,1,1,0,0,0,0,0.078346,0.1221717,-0.0438257,0.13501908,-0.05667308,0.08397549,-0.0056294873,0.11694963,-0.038603634,0.06297851,0.015367486,0.11267855,-0.03433255,0.140243,0.106698796,0.033544198,0.18898945,-0.04874645,0.101294905,0.03894809,0.15285665,-0.012613654,0.13619496,0.0040480345,0.22707458,-0.086831585
4619,0,0,0,1,0,0,0,0,0,0.032256506,0.16374429,-0.13148779,0.12190121,-0.0896447,0.036080062,-0.003823556,0.09295206,-0.06069555,0.075320244,-0.043063737,0.0940676,-0.061811097,0.07099807,0.1572016,-0.08620353,0.15661111,-0.08561304,0.052655894,0.018342178,0.16444717,-0.0934491,0.13905525,-0.06805718,0.118947774,-0.0479497
4646,0,0,1,0,1,0,0,0,0,0.11450009,0.24480696,-0.13030687,0.13274194,-0.018241853,0.13302504,-0.018524945,0.062047284,0.052452806,0.13978647,-0.025286376,0.07566563,0.03883446,0.062169094,0.09890935,-0.036740255,0.16254331,-0.10037422,0.11083804,-0.048668947,0.071022905,-0.008853812,0.08925976,-0.027090665,0.09441425,-0.032245155
4656,1,0,1,0,1,0,1,0,0,0.22306818,0.29741204,-0.07434386,0.45515916,-0.23209098,0.22396901,-0.0009008348,0.3614037,-0.13833553,0.29297045,-0.06990227,0.34411177,-0.12104359,0.30974373,0.19017477,0.11956896,0.46513185,-0.15538812,0.2827586,0.026985139,0.45367,-0.14392626,0.23843992,0.071303815,0.45821214,-0.1484684
4672,0,1,0,0,0,0,0,0,0,0.03483479,0.14017132,-0.10533653,0.2913038,-0.256469,0.08986423,-0.05502944,0.09020591,-0.055371117,0.04811936,-0.013284568,0.15360127,-0.11876649,0.072195634,0.19381744,-0.1216218,0.25753388,-0.18533824,0.07947404,-0.007278405,0.20280765,-0.13061202,0.113678716,-0.041483082,0.17420211,-0.10200648
4676,0,0,1,1,0,0,0,0,0,0.2874363,0.48390704,-0.19647074,0.37913465,-0.09169835,0.2545067,0.0329296,0.34725526,-0.059818953,0.3969363,-0.10949999,0.32855093,-0.04111463,0.21212159,0.25606596,-0.043944374,0.26539895,-0.05327736,0.23801889,-0.025897294,0.24232788,-0.030206293,0.19976698,0.012354612,0.2609317,-0.04881011
4687,0,0,1,0,0,0,0,0,0,0.1856621,0.36828202,-0.18261991,0.39306492,-0.20740281,0.3238688,-0.1382067,0.18231642,0.0033456832,0.20303515,-0.01737304,0.37587577,-0.19021367,0.23800796,0.28572866,-0.0477207,0.30838543,-0.07037747,0.3611565,-0.12314853,0.2006667,0.037341267,0.19861601,0.03939195,0.27729,-0.039282024
4704,0,1,0,0,0,0,0,0,0,0.048185352,0.30405325,-0.2558679,0.21394725,-0.1657619,0.13364013,-0.08545478,0.067179024,-0.018993672,0.10702748,-0.058842126,0.19448717,-0.14630182,0.13217379,0.21671501,-0.08454122,0.14635001,-0.01417622,0.13156371,0.00061008334,0.15222777,-0.020053983,0.16945927,-0.037285477,0.15626967,-0.024095878
4719,0,1,0,0,0,0,0,0,0,0.010829911,0.068700746,-0.057870835,0.12812942,-0.11729951,0.053368438,-0.042538527,0.018574698,-0.0077447873,0.03306954,-0.02223963,0.083272375,-0.072442465,0.02415186,0.115976855,-0.09182499,0.11232081,-0.08816895,0.04054224,-0.016390381,0.09061369,-0.06646183,0.06509931,-0.040947445,0.11248851,-0.08833665
4747,0,1,0,0,0,0,0,0,0,0.089477114,0.36483532,-0.2753582,0.18760924,-0.098132126,0.16236058,-0.072883464,0.12795728,-0.03848017,0.15659629,-0.06711917,0.24261779,-0.15314066,0.079897776,0.2185393,-0.13864152,0.26081765,-0.18091987,0.123964086,-0.04406631,0.14200984,-0.062112063,0.1255119,-0.045614123,0.23971952,-0.15982175
4749,1,0,1,0,1,0,1,0,0,0.61944366,0.5570145,0.06242913,0.4316873,0.18775636,0.5241148,0.09532887,0.48808208,0.13136157,0.6159205,0.003523171,0.34814999,0.27129367,0.53018516,0.20191059,0.32827458,0.40665922,0.12352595,0.5318363,-0.0016511083,0.42683974,0.103345424,0.3909692,0.13921598,0.38983142,0.14035374
4755,0,0,1,0,1,0,0,0,0,0.32870308,0.34736863,-0.018665552,0.2022088,0.12649427,0.4338037,-0.10510063,0.14739808,0.18130499,0.4170542,-0.08835113,0.14581391,0.18288916,0.23360907,0.11344186,0.1201672,0.27727574,-0.043666676,0.3697327,-0.13612364,0.13267499,0.10093407,0.2506926,-0.01708354,0.19515273,0.038456336
4758,0,0,0,1,0,0,0,0,0,0.14680727,0.36490372,-0.21809645,0.1620067,-0.015199438,0.15841798,-0.011610717,0.2140283,-0.06722103,0.18784179,-0.04103452,0.21418074,-0.06737347,0.14446393,0.16180083,-0.017336905,0.09589918,0.048564747,0.15881446,-0.0143505335,0.16782694,-0.02336301,0.1490115,-0.004547566,0.13506716,0.009396762
4769,0,0,1,0,0,0,0,0,0,0.3904515,0.3314291,0.059022397,0.25366265,0.13678885,0.48253247,-0.09208098,0.34458083,0.04587066,0.45408893,-0.063637435,0.40896475,-0.018513262,0.40258473,0.15889142,0.2436933,0.4577267,-0.055141956,0.50676626,-0.10418153,0.36405766,0.03852707,0.5093153,-0.10673058,0.4150879,-0.012503177
4771,0,0,0,1,0,0,0,0,0,0.18815356,0.3389624,-0.15080884,0.19870417,-0.010550603,0.18508628,0.0030672848,0.25341964,-0.06526607,0.22431782,-0.036164254,0.24027485,-0.05212128,0.17664225,0.20663941,-0.029997155,0.17244646,0.0041957945,0.14574745,0.030894801,0.17995526,-0.003313005,0.18066458,-0.00402233,0.16074231,0.015899941
4785,0,0,1,0,0,0,0,0,0,0.27618864,0.3366355,-0.06044686,0.31223246,-0.036043823,0.3336504,-0.05746177,0.25573948,0.020449162,0.22988766,0.046300977,0.3527658,-0.07657716,0.22568887,0.24285607,-0.017167196,0.2567464,-0.031057537,0.3535323,-0.12784344,0.2412224,-0.015533522,0.22630054,-0.00061166286,0.2740231,-0.04833421
4786,0,1,0,0,0,0,0,0,0,0.08542634,0.22492798,-0.13950163,0.28076625,-0.19533992,0.2194367,-0.13401037,0.10670739,-0.021281049,0.13618335,-0.050757013,0.2695418,-0.18411547,0.087093815,0.16802984,-0.08093603,0.18737598,-0.10028216,0.13201657,-0.044922754,0.12970087,-0.042607054,0.11726109,-0.030167274,0.15813102,-0.0710372
4797,0,0,1,0,0,0,0,0,0,0.3233891,0.55032897,-0.22693986,0.34743375,-0.024044633,0.29081434,0.032574773,0.35559213,-0.03220302,0.34911758,-0.025728464,0.36950657,-0.046117455,0.22127804,0.28747806,-0.06620002,0.254305,-0.033026963,0.31879142,-0.09751338,0.21374065,0.0075373948,0.21150063,0.009777412,0.24923381,-0.02795577
4805,0,1,0,0,0,0,0,0,0,0.025670052,0.14861739,-0.122947335,0.087832995,-0.062162943,0.03332776,-0.0076577067,0.056645606,-0.030975554,0.047241602,-0.02157155,0.061947986,-0.036277935,0.050227668,0.255594,-0.20536631,0.14464206,-0.09441438,0.032966226,0.017261442,0.16767424,-0.11744657,0.12446103,-0.07423337,0.09263715,-0.042409483
4809,0,0,1,0,0,0,0,0,0,0.38983288,0.5237563,-0.13392344,0.34939247,0.04044041,0.34801528,0.041817605,0.32937574,0.06045714,0.41491142,-0.025078535,0.3560194,0.033813477,0.22021297,0.295409,-0.07519603,0.22372282,-0.0035098493,0.32682493,-0.10661197,0.20868208,0.011530891,0.21521425,0.0049987137,0.22395366,-0.003740698
4820,0,1,0,0,0,0,0,0,0,0.009942106,0.077127255,-0.06718515,0.110316895,-0.10037479,0.041002963,-0.031060856,0.024206921,-0.0142648155,0.023751928,-0.013809822,0.0818541,-0.07191199,0.023265623,0.16296907,-0.13970345,0.17627811,-0.15301248,0.045440365,-0.022174742,0.096879356,-0.07361373,0.062742054,-0.039476432,0.14281616,-0.11955053
4822,0,1,0,0,0,0,0,0,0,0.10837551,0.40567005,-0.29729453,0.18856154,-0.08018603,0.19742933,-0.08905382,0.14050962,-0.03213411,0.1525459,-0.044170387,0.251221,-0.14284548,0.07644999,0.22039936,-0.14394937,0.102841094,-0.026391104,0.0931725,-0.016722508,0.12729684,-0.050846845,0.15742588,-0.08097589,0.11451284,-0.03806285
4825,0,0,0,1,0,0,0,0,0,0.25752205,0.3700939,-0.112571865,0.41710165,-0.1595796,0.23821343,0.019308612,0.28581017,-0.028288126,0.27129272,-0.01377067,0.39878976,-0.14126772,0.27477604,0.26310813,0.011667907,0.40514335,-0.13036731,0.24406932,0.030706719,0.26642865,0.008347392,0.31483224,-0.0400562,0.34178442,-0.067008376
4836,0,1,0,0,0,0,0,0,0,0.03892577,0.14300184,-0.10407607,0.070607595,-0.031681824,0.07820014,-0.03927437,0.056128882,-0.017203111,0.05794675,-0.019020978,0.10430145,-0.065375686,0.032234613,0.11414382,-0.08190921,0.055311024,-0.023076411,0.043467037,-0.0112324245,0.052457064,-0.020222452,0.064870946,-0.032636333,0.05030886,-0.018074248
4866,0,0,0,0,1,0,0,0,0,0.07474963,0.15582928,-0.08107965,0.20257254,-0.1278229,0.15472017,-0.07997054,0.12305673,-0.0483071,0.11397042,-0.039220788,0.23016146,-0.15541182,0.072222106,0.14250985,-0.07028774,0.159208,-0.08698589,0.098702595,-0.026480488,0.11568252,-0.043460414,0.14078328,-0.068561174,0.111911125,-0.03968902
4873,0,1,0,0,0,0,0,0,0,0.06821732,0.076552644,-0.008335322,0.09352403,-0.02530671,0.12001381,-0.05179649,0.10873254,-0.040515214,0.06536465,0.0028526708,0.1826863,-0.11446898,0.07251708,0.04347685,0.029040232,0.11534261,-0.042825527,0.08173829,-0.009221211,0.12259731,-0.050080225,0.07479015,-0.0022730678,0.10556828,-0.0330512
4880,0,1,0,0,0,0,0,0,0,0.026643114,0.1498346,-0.12319149,0.16949055,-0.14284743,0.05657527,-0.029932154,0.046646807,-0.020003693,0.05863853,-0.031995416,0.111257166,-0.08461405,0.07760776,0.19220999,-0.11460223,0.17212766,-0.094519906,0.064632155,0.012975603,0.20378414,-0.12617639,0.17211571,-0.094507955,0.15610091,-0.078493156
4893,0,0,0,1,0,0,0,0,0,0.022648856,0.34567243,-0.32302356,0.13730043,-0.114651576,0.09338369,-0.070734836,0.08697975,-0.06433089,0.06084385,-0.038194995,0.1423368,-0.119687945,0.065487884,0.17780453,-0.112316646,0.17791253,-0.11242465,0.14257754,-0.07708966,0.1315417,-0.066053815,0.07715285,-0.011664964,0.2727893,-0.20730141
4900,0,1,0,0,0,0,0,0,0,0.0067922766,0.07918025,-0.07238797,0.07753884,-0.07074656,0.032516338,-0.02572406,0.021790216,-0.014997939,0.020125562,-0.013333285,0.07097758,-0.06418531,0.024080034,0.091397725,-0.067317694,0.12047135,-0.09639132,0.033691768,-0.009611733,0.07446103,-0.050380994,0.050808646,-0.026728611,0.07949915,-0.055419113
4926,0,0,1,0,0,0,0,0,0,0.10073339,0.27584243,-0.17510903,0.33399102,-0.23325762,0.27197027,-0.17123687,0.09176911,0.008964285,0.11901641,-0.018283017,0.302389,-0.2016556,0.12514164,0.19222187,-0.06708023,0.22457497,-0.09943333,0.22993416,-0.10479252,0.13075012,-0.005608484,0.14109941,-0.015957773,0.21468718,-0.08954555
4945,0,1,0,0,0,0,0,0,0,0.0075946264,0.0651432,-0.05754857,0.110611126,-0.103016496,0.03707901,-0.029484384,0.014278417,-0.006683791,0.022413004,-0.014818378,0.06281027,-0.055215646,0.01699238,0.15233995,-0.13534757,0.15225026,-0.13525788,0.024733849,-0.007741468,0.099464536,-0.08247215,0.055727713,-0.03873533,0.092471205,-0.07547882
4951,0,1,0,0,0,0,0,0,0,0.077083245,0.44016495,-0.3630817,0.18505977,-0.107976526,0.17364104,-0.096557796,0.08153038,-0.0044471323,0.11663482,-0.03955158,0.21072093,-0.13363768,0.12104568,0.28526753,-0.16422185,0.20933208,-0.0882864,0.21588911,-0.09484343,0.13539901,-0.014353335,0.13894476,-0.017899081,0.21696976,-0.09592408
4960,0,1,0,0,0,0,0,0,0,0.038557213,0.11398045,-0.07542324,0.18378758,-0.14523037,0.06959499,-0.031037774,0.101445265,-0.062888056,0.06238917,-0.023831956,0.14468889,-0.10613167,0.06471235,0.12709741,-0.06238506,0.2685834,-0.20387104,0.069685794,-0.0049734414,0.21832299,-0.15361065,0.11907092,-0.054358564,0.21412808,-0.14941573
4979,0,1,1,0,0,0,0,0,0,0.075221635,0.20179752,-0.12657589,0.15419549,-0.07897385,0.099167086,-0.02394545,0.11089188,-0.035670243,0.0858622,-0.010640562,0.21355213,-0.13833049,0.11830644,0.11896089,-0.0006544441,0.18187691,-0.06357047,0.12766513,-0.009358689,0.15604614,-0.037739694,0.12160762,-0.0033011734,0.20180368,-0.08349724
4995,1,0,1,1,0,0,0,0,1,0.28070295,0.24036123,0.04034172,0.11253267,0.16817027,0.22019245,0.0605105,0.24591157,0.03479138,0.31038392,-0.029680967,0.16065949,0.12004346,0.12750517,0.11792921,0.009575956,0.10189524,0.025609925,0.10417975,0.02332542,0.1526554,-0.025150225,0.14653167,-0.019026503,0.09761616,0.02988901
5000,0,1,0,0,0,0,0,0,0,0.04650538,0.18532225,-0.13881688,0.19298752,-0.14648214,0.12622519,-0.07971981,0.08783729,-0.041331906,0.05195013,-0.00544475,0.17868692,-0.13218154,0.07495814,0.22670071,-0.15174258,0.13449225,-0.05953411,0.09265133,-0.017693192,0.1778107,-0.10285256,0.12110181,-0.046143673,0.12436072,-0.04940258
5029,0,0,0,1,1,0,0,0,0,0.11411434,0.20486443,-0.09075009,0.10113918,0.012975156,0.09376143,0.020352907,0.15140519,-0.03729085,0.16125381,-0.047139473,0.1284881,-0.014373757,0.1558048,0.14776483,0.008039966,0.07843938,0.07736542,0.08481458,0.07099022,0.14743531,0.0083694905,0.15872915,-0.002924353,0.09258113,0.06322367
5054,0,0,1,0,0,0,0,0,0,0.09793685,0.34550205,-0.24756521,0.3813024,-0.28336555,0.22599863,-0.12806177,0.14339425,-0.0454574,0.15115133,-0.053214483,0.3575628,-0.25962597,0.1647352,0.24666083,-0.08192563,0.3756275,-0.21089229,0.2943978,-0.1296626,0.23184827,-0.06711307,0.16888082,-0.0041456223,0.3565527,-0.19181749
5067,0,1,0,0,0,0,0,0,0,0.012526629,0.06332687,-0.050800245,0.055872396,-0.043345768,0.028184487,-0.015657857,0.03434684,-0.021820214,0.03097939,-0.01845276,0.050752748,-0.03822612,0.019091755,0.07007364,-0.050981887,0.10221637,-0.083124615,0.028459517,-0.009367762,0.06638492,-0.047293164,0.06153797,-0.042446215,0.06217228,-0.043080524
5087,1,0,1,0,0,0,1,0,0,0.39955416,0.33545983,0.064094335,0.5114543,-0.11190012,0.40638968,-0.0068355203,0.42003563,-0.020481467,0.39422315,0.0053310096,0.46256685,-0.06301269,0.688165,0.18996513,0.49819988,0.66366136,0.024503648,0.6941137,-0.0059486628,0.62581676,0.062348247,0.5895572,0.09860784,0.64092857,0.047236443
5099,0,1,0,0,0,0,0,0,0,0.10301242,0.27043897,-0.16742656,0.37655476,-0.27354234,0.24697766,-0.14396524,0.14882496,-0.04581254,0.18401463,-0.08100221,0.27586156,-0.17284915,0.15493286,0.23884557,-0.083912715,0.28256202,-0.12762916,0.15430944,0.0006234199,0.23957764,-0.08464478,0.2545773,-0.09964445,0.2593351,-0.104402244
5117,0,1,0,1,0,0,0,0,0,0.030124279,0.1589867,-0.12886243,0.11937637,-0.08925209,0.054076657,-0.023952378,0.061669175,-0.031544894,0.06401404,-0.033889763,0.084683515,-0.05455924,0.06990607,0.22192077,-0.1520147,0.19682801,-0.12692194,0.046076458,0.023829613,0.18732639,-0.117420316,0.14431675,-0.07441068,0.118874684,-0.048968613
5122,0,0,1,0,0,0,0,0,0,0.09219614,0.38957414,-0.297378,0.15759876,-0.06540263,0.19566087,-0.10346474,0.095018215,-0.0028220788,0.11062646,-0.018430322,0.20614997,-0.11395383,0.086027764,0.2899764,-0.20394862,0.14774323,-0.06171546,0.16924115,-0.08321338,0.11732312,-0.03129536,0.12396301,-0.03793525,0.18975359,-0.10372583
5126,0,1,0,0,0,0,0,0,0,0.010618268,0.10599527,-0.095377,0.11922573,-0.10860746,0.031075036,-0.020456769,0.027276091,-0.016657824,0.025677029,-0.015058761,0.056017254,-0.045398988,0.023697425,0.16892993,-0.14523251,0.19569229,-0.17199486,0.030361572,-0.0066641476,0.09902943,-0.075332,0.053771093,-0.030073669,0.101579085,-0.077881664
5147,0,0,0,0,1,0,0,0,0,0.048363835,0.11556463,-0.067200795,0.05436472,-0.006000884,0.07037937,-0.022015534,0.0836654,-0.035301566,0.053022984,-0.00465915,0.09350718,-0.045143344,0.0364054,0.064988256,-0.028582856,0.06486152,-0.028456122,0.03258176,0.003823638,0.0575207,-0.0211153,0.04890201,-0.012496609,0.041804604,-0.005399205
5151,0,1,0,0,0,0,0,0,0,0.034451835,0.12603486,-0.09158302,0.16919848,-0.13474664,0.053991497,-0.019539662,0.10437619,-0.069924355,0.0594359,-0.024984065,0.18731426,-0.15286243,0.06252467,0.15818022,-0.09565555,0.20600568,-0.14348102,0.06829698,-0.0057723075,0.15753005,-0.095005386,0.11683937,-0.054314703,0.13140458,-0.06887991
5154,0,0,0,1,1,0,0,0,0,0.065160446,0.14094903,-0.07578858,0.064673446,0.00048699975,0.06883129,-0.0036708415,0.09817149,-0.03301104,0.06981087,-0.0046504214,0.102749415,-0.03758897,0.052870397,0.09115397,-0.038283575,0.060962204,-0.008091807,0.028626848,0.024243549,0.07173033,-0.018859934,0.06637641,-0.013506014,0.033428345,0.019442052
5159,0,0,0,0,1,0,0,0,0,0.074108824,0.13188782,-0.057779,0.20306809,-0.12895927,0.115936376,-0.041827552,0.16347362,-0.0893648,0.080076784,-0.0059679598,0.24224827,-0.16813944,0.042578615,0.07161188,-0.029033266,0.09030892,-0.047730304,0.041335903,0.0012427121,0.05721416,-0.014635544,0.055859707,-0.013281092,0.04852186,-0.005943246
5163,1,0,1,1,1,0,1,0,0,0.5593848,0.52916926,0.030215561,0.30109322,0.2582916,0.43751284,0.12187198,0.4227514,0.13663343,0.60534894,-0.04596412,0.34006456,0.21932027,0.6650342,0.44864073,0.21639344,0.5133998,0.1516344,0.60445744,0.060576737,0.57236797,0.09266621,0.62307495,0.041959226,0.5422199,0.1228143
5170,0,0,0,1,0,0,0,0,0,0.018297354,0.08420597,-0.06590862,0.114197515,-0.09590016,0.03610712,-0.017809765,0.042519618,-0.024222264,0.03811214,-0.019814787,0.067910336,-0.049612984,0.0300571,0.17513497,-0.14507787,0.26689744,-0.23684034,0.035197563,-0.005140463,0.119926855,-0.08986975,0.0766951,-0.046637997,0.12847139,-0.09841429
5172,0,1,0,0,0,0,0,0,0,0.14096226,0.3027039,-0.16174163,0.31772596,-0.1767637,0.23227754,-0.091315284,0.17665555,-0.035693288,0.19164604,-0.05068378,0.29548192,-0.15451966,0.16602917,0.22933163,-0.06330246,0.3435107,-0.17748152,0.28556877,-0.1195396,0.2026721,-0.036642924,0.22582486,-0.059795693,0.34002692,-0.17399774
5182,0,1,0,0,0,0,0,0,0,0.026880465,0.121121585,-0.09424112,0.17313442,-0.14625394,0.06926497,-0.042384505,0.04681273,-0.019932266,0.045860108,-0.018979643,0.13177544,-0.10489497,0.03213112,0.14236592,-0.1102348,0.18091895,-0.14878783,0.058557406,-0.026426286,0.08126927,-0.04913815,0.058897328,-0.026766207,0.13320135,-0.101070225
5185,0,0,0,0,1,0,0,0,0,0.05034969,0.11270699,-0.0623573,0.0924067,-0.042057008,0.07802886,-0.027679168,0.11054877,-0.060199082,0.0811639,-0.030814208,0.12519033,-0.07484064,0.08910752,0.13167498,-0.042567454,0.108792506,-0.019684985,0.08593086,0.0031766593,0.15472569,-0.065618165,0.15206651,-0.06295899,0.12789983,-0.038792305
5212,0,0,0,1,0,0,0,0,0,0.09765393,0.30189902,-0.20424509,0.17102699,-0.07337306,0.10379947,-0.006145537,0.14074114,-0.043087207,0.15247408,-0.054820143,0.19047977,-0.09282584,0.114482045,0.1406833,-0.026201248,0.15098162,-0.036499575,0.15512434,-0.04064229,0.14447106,-0.029989019,0.116446145,-0.0019640997,0.20203146,-0.08754942
5217,0,1,0,0,0,0,0,0,0,0.020594353,0.23605949,-0.21546513,0.17425159,-0.15365723,0.05628055,-0.035686195,0.05313906,-0.03254471,0.053638976,-0.03304462,0.11393321,-0.09333886,0.033976965,0.24869382,-0.21471685,0.2022306,-0.16825363,0.036407225,-0.0024302602,0.18638137,-0.1524044,0.11186111,-0.077884145,0.16696726,-0.1329903
5219,0,0,0,1,1,0,0,0,0,0.1510704,0.41222033,-0.26114994,0.14683378,0.0042366236,0.11253582,0.03853458,0.24778935,-0.09671895,0.17856948,-0.02749908,0.16603002,-0.014959618,0.10901108,0.096227214,0.012783863,0.08898326,0.020027816,0.10942432,-0.00041324645,0.11927185,-0.010260776,0.10303397,0.005977109,0.10087138,0.0081397
5251,0,0,0,0,1,0,0,0,0,0.06339627,0.099976905,-0.036580637,0.09651773,-0.03312146,0.09127557,-0.027879305,0.06543533,-0.00203906,0.07959328,-0.01619701,0.106127225,-0.042730957,0.04304996,0.028689466,0.014360495,0.035025954,0.008024007,0.04308323,-3.3266842e-05,0.039765023,0.0032849386,0.0563696,-0.013319638,0.031377126,0.011672836
5257,0,0,0,0,1,0,0,0,0,0.09278957,0.15667808,-0.06388851,0.14815661,-0.055367045,0.074287295,0.018502273,0.14074822,-0.04795865,0.104637414,-0.011847846,0.15399367,-0.0612041,0.09824394,0.07260051,0.025643423,0.10607566,-0.0078317225,0.074208304,0.024035633,0.12925111,-0.03100717,0.13243909,-0.034195155,0.08866366,0.009580277
5269,0,1,0,0,0,0,0,0,0,0.0179804,0.1328145,-0.1148341,0.1474637,-0.1294833,0.053314168,-0.035333768,0.067999795,-0.050019395,0.040457226,-0.022476826,0.12193113,-0.103950724,0.036331028,0.12512119,-0.08879016,0.19388384,-0.15755281,0.0496821,-0.013351072,0.13015008,-0.09381905,0.067411266,-0.031080239,0.13882604,-0.102495015
5275,0,1,0,0,0,0,0,0,0,0.028719647,0.116533175,-0.08781353,0.24889548,-0.22017583,0.1000271,-0.07130745,0.058003705,-0.029284058,0.0711962,-0.04247655,0.16936295,-0.1406433,0.049906824,0.15579389,-0.10588707,0.25420356,-0.20429674,0.060232095,-0.010325272,0.19835152,-0.1484447,0.13228773,-0.082380906,0.21045284,-0.16054602
5276,0,0,0,0,1,0,0,0,0,0.15669113,0.18927571,-0.032584578,0.11560972,0.041081414,0.123326294,0.03336484,0.17551255,-0.018821418,0.1770304,-0.020339265,0.13355437,0.023136765,0.12392538,0.10004354,0.023881838,0.12124921,0.002676174,0.09786174,0.026063643,0.12213365,0.0017917305,0.12943397,-0.005508594,0.10734067,0.01658471
5278,0,0,1,0,0,0,0,0,0,0.12585674,0.27161536,-0.14575861,0.35872832,-0.23287158,0.26284957,-0.13699283,0.1206507,0.005206041,0.17246708,-0.04661034,0.33179015,-0.2059334,0.11120994,0.18677604,-0.075566106,0.19519775,-0.08398781,0.19269434,-0.0814844,0.1159583,-0.004748367,0.1438513,-0.03264136,0.16318516,-0.051975228
5281,0,1,0,0,0,0,0,0,0,0.04214979,0.43524277,-0.393093,0.24000838,-0.1978586,0.16216007,-0.12001028,0.06426724,-0.02211745,0.0710356,-0.028885812,0.21945894,-0.17730916,0.05821896,0.2626232,-0.20440423,0.1996476,-0.14142865,0.12663527,-0.06841631,0.12166171,-0.06344275,0.09181315,-0.033594187,0.21073584,-0.15251689
5289,1,0,1,0,0,0,0,0,1,0.18394579,0.42122668,-0.23728089,0.2625774,-0.078631625,0.18810874,-0.0041629523,0.26739368,-0.08344789,0.2336113,-0.04966551,0.312225,-0.12827922,0.12124486,0.16197099,-0.040726125,0.18340863,-0.06216377,0.13447203,-0.013227165,0.1846714,-0.06342654,0.16348766,-0.042242795,0.17067178,-0.049426913
5298,0,1,0,0,0,0,0,0,0,0.020221598,0.1320139,-0.1117923,0.097213335,-0.07699174,0.047960028,-0.02773843,0.034474287,-0.014252689,0.04017242,-0.019950822,0.06814151,-0.047919914,0.032877438,0.13889264,-0.1060152,0.17034395,-0.13746652,0.042399164,-0.0095217265,0.09895322,-0.06607578,0.060863897,-0.02798646,0.103723116,-0.07084568
5299,0,0,1,0,0,0,0,0,0,0.09478347,0.29133898,-0.19655551,0.29559425,-0.20081078,0.20650887,-0.111725405,0.10010796,-0.0053244904,0.12361359,-0.028830118,0.25746238,-0.16267891,0.15604363,0.25327882,-0.09723519,0.23831944,-0.08227581,0.19514935,-0.039105713,0.18674737,-0.030703738,0.16127108,-0.0052274466,0.21299139,-0.056947753
5304,0,1,0,0,0,0,0,0,0,0.054308537,0.26038498,-0.20607644,0.10297618,-0.048667643,0.089627184,-0.035318647,0.092210166,-0.03790163,0.08820654,-0.033898,0.12903579,-0.07472725,0.0802262,0.224259,-0.1440328,0.13345839,-0.053232193,0.09761236,-0.01738616,0.14909258,-0.06886639,0.14057095,-0.060344756,0.17374918,-0.09352298
5316,0,1,0,0,0,0,0,0,0,0.026182389,0.12426286,-0.09808047,0.13630888,-0.11012649,0.05461875,-0.02843636,0.04196195,-0.01577956,0.05160734,-0.025424952,0.08792602,-0.061743632,0.034636866,0.17726976,-0.14263289,0.21190503,-0.17726816,0.043963302,-0.009326436,0.17404874,-0.13941187,0.06739493,-0.03275806,0.18265033,-0.14801346
5331,0,1,0,0,0,0,0,0,0,0.072045185,0.093270876,-0.02122569,0.15235494,-0.080309756,0.094038606,-0.021993421,0.13046002,-0.05841484,0.08583914,-0.013793953,0.17186955,-0.09982436,0.07919329,0.12278736,-0.04359407,0.1933703,-0.11417701,0.09067966,-0.011486374,0.21030612,-0.13111284,0.11353402,-0.03434073,0.17004478,-0.09085149
5336,0,1,0,0,0,0,0,0,0,0.06573689,0.33623934,-0.27050245,0.22553912,-0.15980223,0.1873882,-0.12165131,0.12223793,-0.05650104,0.13182719,-0.0660903,0.2659537,-0.2002168,0.07317053,0.21626265,-0.14309213,0.12756276,-0.054392233,0.101734355,-0.028563827,0.11405191,-0.04088138,0.14271803,-0.069547504,0.14149942,-0.06832889
5337,0,0,0,1,0,0,0,0,0,0.025819588,0.20117344,-0.17535385,0.17661434,-0.15079476,0.07409069,-0.0482711,0.045150936,-0.019331347,0.055092525,-0.029272936,0.12513177,-0.099312186,0.033177324,0.1507111,-0.11753378,0.22767656,-0.19449922,0.07776615,-0.044588827,0.12933409,-0.09615677,0.079977825,-0.0468005,0.22168885,-0.18851152
5338,1,0,0,1,0,0,0,1,0,0.029124256,0.101369575,-0.072245315,0.118901215,-0.08977696,0.032592677,-0.0034684204,0.079577476,-0.05045322,0.051731173,-0.022606917,0.08953146,-0.060407203,0.082169086,0.123199694,-0.041030608,0.104712784,-0.022543699,0.059394438,0.022774648,0.10899281,-0.026823722,0.12264631,-0.040477224,0.08101267,0.0011564121
5343,1,0,0,1,1,0,0,0,1,0.12425482,0.36310995,-0.23885512,0.120979466,0.0032753572,0.18382792,-0.0595731,0.09012474,0.03413008,0.21285602,-0.0886012,0.0921336,0.032121226,0.20836091,0.1992377,0.009123206,0.14123948,0.06712143,0.24327193,-0.03491102,0.1399533,0.06840761,0.20574272,0.0026181936,0.12794164,0.08041927
5351,0,0,1,0,1,0,0,0,0,0.14182988,0.24826905,-0.10643917,0.18424268,-0.042412803,0.19493602,-0.053106144,0.13711028,0.0047196,0.1796682,-0.037838325,0.18540047,-0.043570593,0.15330766,0.14618087,0.0071267933,0.1487047,0.0046029687,0.16697383,-0.013666168,0.14842203,0.004885629,0.16175376,-0.008446097,0.1341773,0.019130364
5360,0,0,0,0,1,0,0,0,0,0.032217287,0.13953194,-0.10731465,0.10652249,-0.07430521,0.06466834,-0.032451056,0.0735976,-0.041380316,0.050764106,-0.01854682,0.11758302,-0.085365735,0.0409174,0.17575224,-0.13483484,0.08759299,-0.04667559,0.057134826,-0.016217425,0.06592457,-0.02500717,0.061079815,-0.020162415,0.07689603,-0.035978626
5370,0,1,0,0,0,0,0,0,0,0.015964858,0.1390769,-0.123112045,0.15516031,-0.13919544,0.06946052,-0.05349566,0.03242309,-0.016458232,0.033808675,-0.017843816,0.100539915,-0.08457506,0.056065686,0.15610845,-0.10004277,0.14677909,-0.090713404,0.051268406,0.00479728,0.18180619,-0.1257405,0.09622775,-0.040162064,0.08908039,-0.033014707
5373,0,1,0,0,0,0,0,0,0,0.012247568,0.100504845,-0.088257276,0.22594608,-0.21369852,0.059907813,-0.047660246,0.02684298,-0.014595412,0.03807519,-0.025827622,0.09426108,-0.08201351,0.052022938,0.16425885,-0.11223592,0.32253778,-0.27051485,0.07269117,-0.020668235,0.19273378,-0.14071085,0.12622489,-0.07420196,0.23952915,-0.18750621
5383,0,1,0,0,0,0,0,0,0,0.019268235,0.10134021,-0.082071975,0.07484635,-0.055578113,0.060508024,-0.04123979,0.028342346,-0.009074111,0.03141618,-0.012147946,0.08196362,-0.062695384,0.03213007,0.14894457,-0.1168145,0.12611614,-0.09398607,0.05073211,-0.01860204,0.081841804,-0.049711734,0.062216323,-0.030086253,0.096923605,-0.064793535
5384,0,0,1,0,0,0,0,0,0,0.43555644,0.4933809,-0.057824463,0.42493674,0.0106197,0.2527094,0.18284705,0.5341795,-0.09862307,0.5459372,-0.11038074,0.37892953,0.056626916,0.51702017,0.3107878,0.20623237,0.53796387,-0.020943701,0.35759693,0.15942323,0.5254602,-0.008440018,0.53284514,-0.015824974,0.48407537,0.0329448
5386,0,0,0,0,1,0,0,0,0,0.021634653,0.07969027,-0.058055617,0.053350613,-0.03171596,0.031798184,-0.010163531,0.034475207,-0.012840554,0.05229645,-0.030661795,0.041443706,-0.019809052,0.03748172,0.15571469,-0.118232965,0.10768389,-0.07020217,0.035605043,0.0018766783,0.11700684,-0.07952511,0.081492715,-0.044010993,0.092117526,-0.054635804
5395,0,1,0,0,0,0,0,0,0,0.13802588,0.35455853,-0.21653265,0.15765475,-0.019628868,0.16027279,-0.022246912,0.19925088,-0.061224997,0.19425522,-0.056229338,0.19640377,-0.05837789,0.1294145,0.21851479,-0.08910029,0.23113386,-0.101719365,0.16086178,-0.031447276,0.15185802,-0.022443518,0.1605897,-0.031175196,0.17052148,-0.041106984
5413,0,0,0,0,1,0,0,0,0,0.09618416,0.22701325,-0.1308291,0.123132765,-0.026948608,0.12420384,-0.028019682,0.11088149,-0.014697336,0.12282561,-0.02664145,0.1392661,-0.043081947,0.120073326,0.1572317,-0.037158377,0.13025528,-0.010181956,0.14170136,-0.02162803,0.14308521,-0.023011886,0.14204784,-0.021974511,0.12498586,-0.004912533
5428,0,1,0,0,0,0,0,0,0,0.014727916,0.14591773,-0.13118981,0.12614217,-0.11141426,0.051333953,-0.036606036,0.04011984,-0.025391925,0.03163102,-0.016903102,0.097321555,-0.08259364,0.020827252,0.14545862,-0.124631375,0.14229558,-0.121468335,0.041582838,-0.020755585,0.09317071,-0.072343454,0.040399976,-0.019572724,0.117791444,-0.096964195
5452,0,1,0,0,0,0,0,0,0,0.0067767412,0.08283677,-0.07606003,0.085767135,-0.07899039,0.030607121,-0.02383038,0.014378774,-0.0076020327,0.020897344,-0.014120603,0.04473378,-0.03795704,0.019186668,0.16378248,-0.1445958,0.27460453,-0.25541785,0.02469088,-0.0055042114,0.111461446,-0.09227478,0.05474531,-0.03555864,0.118953496,-0.09976683
5465,0,0,1,0,0,0,0,0,0,0.095487475,0.2887603,-0.19327283,0.11684164,-0.021354161,0.10527014,-0.0097826645,0.09033039,0.0051570833,0.120056875,-0.0245694,0.19120157,-0.09571409,0.041699715,0.18829371,-0.14659399,0.047021434,-0.0053217188,0.07437327,-0.032673553,0.06666951,-0.024969794,0.075366236,-0.03366652,0.07065538,-0.028955668
5479,0,0,0,1,1,0,0,0,0,0.091196746,0.11245391,-0.021257162,0.16472398,-0.07352723,0.109388925,-0.01819218,0.17202026,-0.08082351,0.08813523,0.003061518,0.21289177,-0.12169503,0.117170155,0.10358369,0.013586462,0.17032157,-0.053151414,0.09996265,0.017207503,0.15813251,-0.040962353,0.10942073,0.0077494234,0.13790569,-0.020735532
5501,0,0,1,0,1,0,0,0,0,0.15759361,0.3288633,-0.17126969,0.13567632,0.021917284,0.17374447,-0.016150862,0.09612129,0.06147232,0.20435959,-0.046765983,0.11745659,0.040137015,0.08078984,0.13644885,-0.055659004,0.12737806,-0.04658822,0.10139358,-0.020603739,0.10963167,-0.02884183,0.09236766,-0.011577815,0.09943011,-0.018640265
5519,0,1,0,0,0,0,0,0,0,0.009894601,0.07784094,-0.06794634,0.11249203,-0.10259743,0.04217667,-0.03228207,0.01787405,-0.00797945,0.02385383,-0.013959228,0.06250581,-0.05261121,0.015591271,0.1198206,-0.10422933,0.19190572,-0.17631444,0.03362492,-0.01803365,0.07859173,-0.063000455,0.04486303,-0.02927176,0.11475347,-0.0991622
5530,0,1,0,0,0,0,0,0,0,0.012776431,0.12542796,-0.11265153,0.0882389,-0.075462475,0.04274311,-0.029966678,0.026806552,-0.014030121,0.023671612,-0.010895181,0.07135522,-0.058578793,0.03139972,0.0903407,-0.058940977,0.1426443,-0.11124458,0.046031065,-0.014631346,0.062355813,-0.030956093,0.058159195,-0.026759475,0.09539999,-0.06400027
5566,0,1,0,0,0,0,0,0,0,0.017811028,0.12337078,-0.10555975,0.16175637,-0.14394534,0.046400525,-0.028589496,0.037581835,-0.019770807,0.04243548,-0.02462445,0.07869903,-0.060888,0.027637403,0.16248001,-0.1348426,0.23303753,-0.20540012,0.034990635,-0.0073532313,0.12370462,-0.09606722,0.06601952,-0.038382117,0.12271174,-0.09507434
5567,0,1,0,0,0,0,0,0,0,0.0314908,0.093974635,-0.062483836,0.16611844,-0.13462764,0.047843497,-0.016352698,0.07305282,-0.041562025,0.049626194,-0.018135395,0.09777326,-0.066282466,0.04463892,0.14107542,-0.0964365,0.18700328,-0.14236437,0.060231157,-0.015592236,0.16514167,-0.120502755,0.1066963,-0.06205738,0.14229526,-0.09765634
5572,0,0,1,0,0,0,0,0,0,0.10219784,0.21902789,-0.11683005,0.16200046,-0.05980262,0.18462482,-0.08242698,0.13771339,-0.035515547,0.11929553,-0.01709769,0.24309397,-0.14089613,0.11755262,0.16968377,-0.052131146,0.16935201,-0.051799387,0.14286084,-0.025308222,0.19091192,-0.073359296,0.1364142,-0.018861577,0.19697498,-0.079422355
5600,0,1,0,0,0,0,0,0,0,0.008880781,0.06662064,-0.05773986,0.07813087,-0.06925009,0.027071832,-0.01819105,0.019944698,-0.011063917,0.018551642,-0.009670861,0.04576361,-0.036882833,0.018045986,0.07523389,-0.057187907,0.16895157,-0.15090558,0.028579978,-0.010533992,0.056551952,-0.038505964,0.040263023,-0.022217037,0.08589264,-0.067846656
5605,0,1,0,0,0,0,0,0,0,0.00864948,0.13856934,-0.12991986,0.11572304,-0.10707356,0.03875472,-0.03010524,0.019516023,-0.010866543,0.025926463,-0.017276984,0.070084706,-0.061435226,0.02152092,0.15823856,-0.13671765,0.1919356,-0.17041469,0.037710223,-0.016189303,0.09406218,-0.07254126,0.060708273,-0.039187353,0.1222013,-0.10068038
5606,0,0,1,1,0,0,0,0,0,0.47208518,0.51304644,-0.040961266,0.21653494,0.25555024,0.3118376,0.16024756,0.2865691,0.18551609,0.45125225,0.020832926,0.2435281,0.22855708,0.19116712,0.16951306,0.021654055,0.3222606,-0.13109347,0.20527644,-0.014109328,0.22353074,-0.032363623,0.22970131,-0.038534194,0.28354165,-0.09237453
5628,0,0,0,0,1,0,0,0,0,0.09251405,0.18847443,-0.09596038,0.19167498,-0.099160925,0.11111881,-0.018604755,0.16995199,-0.07743794,0.13070862,-0.038194567,0.20692654,-0.11441249,0.11664133,0.19337356,-0.07673223,0.12580593,-0.009164602,0.07293391,0.043707415,0.21898988,-0.10234855,0.19704308,-0.08040175,0.124335386,-0.007694058
5635,0,0,0,0,1,0,0,0,0,0.10115312,0.18223247,-0.08107935,0.17282577,-0.07167265,0.11348502,-0.012331903,0.17422451,-0.07307139,0.11983167,-0.018678546,0.18048106,-0.07932794,0.13112639,0.19540465,-0.06427826,0.12848791,0.002638474,0.08094058,0.050185807,0.21014062,-0.07901423,0.19512306,-0.06399667,0.11431691,0.016809478
5725,0,1,0,0,0,0,0,0,0,0.021150045,0.27062857,-0.24947852,0.19922017,-0.17807013,0.08461119,-0.06346115,0.045551933,-0.024401888,0.04605114,-0.024901096,0.1486964,-0.12754634,0.035581917,0.18049766,-0.14491574,0.23290817,-0.19732626,0.094464675,-0.058882758,0.115300074,-0.07971816,0.07690903,-0.04132711,0.20725867,-0.17167675
5737,0,1,0,0,0,0,0,0,0,0.12378784,0.25097,-0.12718216,0.23402949,-0.110241644,0.14947961,-0.02569177,0.15443854,-0.030650698,0.21578483,-0.09199699,0.26939082,-0.14560297,0.09062672,0.17161912,-0.0809924,0.24539728,-0.15477057,0.07946053,0.011166185,0.1493153,-0.05868858,0.12721922,-0.0365925,0.14498404,-0.05435732
5738,0,1,0,1,0,0,0,0,0,0.085968696,0.25795618,-0.17198747,0.12906094,-0.043092243,0.09891273,-0.012944035,0.19651742,-0.11054873,0.11442762,-0.028458923,0.1897603,-0.1037916,0.14834489,0.2275073,-0.079162404,0.21324596,-0.06490107,0.13133974,0.017005146,0.24324203,-0.094897136,0.2175793,-0.069234416,0.20714606,-0.058801174
5743,0,1,0,0,0,0,0,0,0,0.03692178,0.32420918,-0.2872874,0.17031042,-0.13338864,0.13886641,-0.101944625,0.052489746,-0.015567966,0.059950262,-0.023028482,0.16638406,-0.12946227,0.070996605,0.21364442,-0.1426478,0.11432499,-0.043328382,0.1197796,-0.048782997,0.08954034,-0.018543735,0.108609945,-0.03761334,0.14357248,-0.072575875
5753,0,1,0,0,0,0,0,0,0,0.007477732,0.048004344,-0.040526614,0.08794107,-0.08046334,0.03305024,-0.025572507,0.01680434,-0.009326607,0.015606823,-0.008129092,0.057598002,-0.05012027,0.018017627,0.102966145,-0.08494852,0.1657248,-0.14770716,0.03102492,-0.0130072925,0.0671953,-0.04917767,0.037356976,-0.01933935,0.0930565,-0.07503887
5771,0,1,0,0,0,0,0,0,0,0.067190126,0.10603793,-0.038847804,0.13201593,-0.0648258,0.07266813,-0.005478002,0.15177047,-0.08458035,0.09329905,-0.026108928,0.13515124,-0.06796111,0.10747671,0.13141778,-0.02394107,0.14802432,-0.04054761,0.07515257,0.032324143,0.22935721,-0.1218805,0.17501578,-0.067539066,0.13482544,-0.027348727
5777,0,0,0,0,1,0,0,0,0,0.052150734,0.09849963,-0.0463489,0.16231515,-0.11016441,0.12477068,-0.072619945,0.10712167,-0.054970935,0.07086559,-0.018714853,0.19268318,-0.14053243,0.08264558,0.1317934,-0.049147815,0.116848916,-0.034203336,0.08077368,0.0018718988,0.14496544,-0.06231986,0.13068065,-0.04803507,0.0934659,-0.010820322
5784,0,1,0,0,0,0,0,0,0,0.007673463,0.07904306,-0.071369596,0.09923816,-0.09156469,0.045454636,-0.03778117,0.010561699,-0.0028882362,0.01870012,-0.011026656,0.060181268,-0.052507803,0.011982989,0.14126559,-0.1292826,0.14033121,-0.12834822,0.027060395,-0.015077407,0.07405798,-0.062074993,0.035090785,-0.023107797,0.109931946,-0.09794895
5804,1,0,0,1,0,0,0,0,1,0.07610874,0.22046582,-0.14435709,0.1507844,-0.074675664,0.07842536,-0.002316624,0.10770872,-0.031599984,0.14354244,-0.0674337,0.15195549,-0.07584675,0.110702865,0.13450457,-0.023801707,0.14779298,-0.037090115,0.1545202,-0.043817334,0.13931209,-0.028609224,0.11221065,-0.0015077889,0.20201683,-0.091313966
5806,0,0,0,0,1,0,0,0,0,0.018064886,0.18008906,-0.16202417,0.12409114,-0.106026255,0.035621323,-0.017556436,0.047058497,-0.02899361,0.03406158,-0.015996695,0.09292223,-0.07485735,0.03238483,0.11549107,-0.083106235,0.11032942,-0.07794459,0.047169734,-0.014784902,0.056136668,-0.023751836,0.05506231,-0.022677477,0.065599225,-0.033214394
5810,1,0,1,0,1,0,1,0,0,0.44112855,0.54457885,-0.1034503,0.14969516,0.2914334,0.4126465,0.02848205,0.295725,0.14540356,0.44500104,-0.003872484,0.19476451,0.24636404,0.3798881,0.27462563,0.10526246,0.18567653,0.19421156,0.4140961,-0.034208,0.19868486,0.18120323,0.2705551,0.10933298,0.25218886,0.12769923
5816,0,1,0,0,0,0,0,0,0,0.026806587,0.08404791,-0.057241328,0.15282841,-0.12602182,0.07240764,-0.045601055,0.06748479,-0.040678203,0.057545688,-0.0307391,0.16262925,-0.13582265,0.028294913,0.10731227,-0.079017356,0.18083544,-0.15254053,0.04924825,-0.020953335,0.103208,-0.074913085,0.06907824,-0.040783323,0.122256085,-0.09396117
5824,0,1,0,0,0,0,0,0,0,0.09411477,0.2812543,-0.18713951,0.09820459,-0.0040898174,0.11089649,-0.016781718,0.1405002,-0.04638543,0.14680466,-0.052689888,0.14768489,-0.053570114,0.13095869,0.2006131,-0.069654405,0.18723212,-0.05627343,0.13216071,-0.0012020171,0.19088794,-0.05992925,0.17101236,-0.040053666,0.1773787,-0.046420008
5826,0,0,0,1,1,0,0,0,0,0.08063664,0.20647734,-0.1258407,0.086011045,-0.005374402,0.069789186,0.010847457,0.14734001,-0.06670337,0.14567052,-0.065033875,0.108797215,-0.028160572,0.13304386,0.18135203,-0.04830818,0.20513442,-0.072090566,0.12185434,0.011189513,0.20507468,-0.07203083,0.14945081,-0.016406953,0.21473704,-0.08169319
5830,1,0,0,0,0,1,1,0,0,0.058906104,0.12778077,-0.06887466,0.1266388,-0.06773269,0.08103468,-0.022128578,0.121859685,-0.06295358,0.088753134,-0.02984703,0.18029852,-0.121392414,0.078294486,0.14500244,-0.066707954,0.22101909,-0.1427246,0.08693505,-0.008640565,0.2305738,-0.15227932,0.09802084,-0.01972635,0.1870908,-0.10879631
5831,0,1,0,0,0,0,0,0,0,0.033588555,0.22460441,-0.19101585,0.2797598,-0.24617124,0.11770628,-0.084117725,0.08888777,-0.05529922,0.079006836,-0.04541828,0.19495973,-0.16137117,0.055648968,0.16556056,-0.10991159,0.22033724,-0.16468827,0.07696199,-0.02131302,0.16960709,-0.11395812,0.094522074,-0.038873106,0.14171124,-0.08606227
5835,0,1,0,0,0,0,0,0,0,0.0343535,0.38811114,-0.35375765,0.1909469,-0.15659341,0.082474574,-0.048121076,0.04697733,-0.012623832,0.08507829,-0.050724793,0.110886216,-0.07653272,0.046824064,0.2541981,-0.20737404,0.19290896,-0.14608489,0.09059414,-0.04377008,0.16454108,-0.11771701,0.10608183,-0.059257764,0.19181988,-0.14499581
5837,0,1,0,0,0,0,0,0,0,0.010268214,0.055261835,-0.04499362,0.13644873,-0.12618051,0.03947928,-0.029211067,0.020504288,-0.010236074,0.024309846,-0.0140416315,0.08569252,-0.075424306,0.01938347,0.1368496,-0.11746613,0.19189976,-0.17251629,0.038320936,-0.018937467,0.07460934,-0.05522587,0.052990407,-0.03360694,0.1136771,-0.09429363
5841,0,0,1,0,0,0,0,0,0,0.02846085,0.122453295,-0.09399244,0.16133901,-0.13287817,0.15224685,-0.123786,0.042839203,-0.014378354,0.054477382,-0.026016533,0.17738298,-0.14892213,0.0436909,0.09770226,-0.054011356,0.10527793,-0.061587032,0.10769878,-0.06400788,0.06839963,-0.02470873,0.09326656,-0.04957566,0.13942719,-0.09573628
5855,0,1,0,0,0,0,0,0,0,0.020042846,0.15301721,-0.13297436,0.22333588,-0.20329303,0.08795765,-0.06791481,0.03583971,-0.015796864,0.039848,-0.019805154,0.13080372,-0.110760875,0.049682707,0.22442038,-0.17473768,0.2080551,-0.15837239,0.07283965,-0.023156941,0.15212248,-0.102439776,0.08193614,-0.032253437,0.15025212,-0.10056941
5856,0,0,0,1,1,0,0,0,0,0.12271174,0.23171416,-0.10900242,0.18705413,-0.06434239,0.14716837,-0.024456628,0.12137909,0.0013326481,0.19557168,-0.072859935,0.1603699,-0.037658162,0.14163375,0.13965884,0.0019749105,0.19310293,-0.051469177,0.18060508,-0.038971335,0.15075837,-0.009124622,0.1614685,-0.019834757,0.17072189,-0.02908814
5868,1,0,1,0,0,0,1,0,0,0.04119208,0.17764853,-0.13645644,0.3008726,-0.2596805,0.13874805,-0.097555965,0.059698224,-0.018506143,0.07161071,-0.03041863,0.21424472,-0.17305264,0.11058256,0.20359284,-0.09301028,0.3701868,-0.25960425,0.14277197,-0.032189414,0.20961161,-0.09902905,0.16064745,-0.05006489,0.26830947,-0.15772691
5873,0,0,1,0,0,0,0,0,0,0.02886687,0.16329712,-0.13443024,0.17952827,-0.1506614,0.15262842,-0.12376155,0.040407065,-0.011540195,0.060697865,-0.031830996,0.18229781,-0.15343094,0.033276986,0.200597,-0.16732001,0.13269709,-0.0994201,0.061041202,-0.027764216,0.0767509,-0.04347391,0.075893804,-0.042616818,0.10869949,-0.07542251
5881,0,0,1,0,0,0,0,0,0,0.114298046,0.4181669,-0.30386886,0.14785561,-0.033557564,0.16619974,-0.051901698,0.13990138,-0.02560334,0.13323127,-0.018933222,0.1646888,-0.05039075,0.10150248,0.2414198,-0.13991733,0.1441041,-0.042601615,0.17069286,-0.06919038,0.08542883,0.016073652,0.12477843,-0.023275949,0.14256799,-0.041065514
5885,0,0,1,0,1,0,0,0,0,0.4058749,0.48318803,-0.077313125,0.48059705,-0.07472214,0.49104762,-0.08517271,0.2639777,0.1418972,0.41545877,-0.009583861,0.3866782,0.019196719,0.503004,0.26693317,0.23607084,0.3488987,0.1541053,0.5081173,-0.0051133037,0.32052025,0.18248376,0.38265964,0.12034437,0.322202,0.18080202
5911,1,0,0,0,0,1,1,0,0,0.20093499,0.4204138,-0.2194788,0.30445156,-0.103516564,0.42086634,-0.21993135,0.16749758,0.033437416,0.2611286,-0.060193613,0.2980451,-0.09711011,0.41885397,0.3149649,0.10388908,0.36118963,0.057664335,0.5471931,-0.12833914,0.249973,0.16888097,0.34199315,0.076860815,0.34356788,0.07528609
5914,0,1,0,0,0,0,0,0,0,0.014460092,0.09229187,-0.077831775,0.12108941,-0.10662931,0.054249007,-0.039788917,0.031420603,-0.016960511,0.03363278,-0.019172689,0.10218577,-0.08772568,0.036316257,0.13150096,-0.0951847,0.2502282,-0.21391194,0.050626945,-0.014310688,0.14705092,-0.11073466,0.061507765,-0.025191508,0.17883003,-0.14251377
5915,0,1,0,0,0,0,0,0,0,0.011208847,0.16461638,-0.15340753,0.11257749,-0.10136864,0.04606375,-0.034854904,0.027990028,-0.016781181,0.033694874,-0.022486027,0.099068195,-0.08785935,0.023317374,0.17885853,-0.15554115,0.199615,-0.17629763,0.037144903,-0.013827529,0.10087521,-0.07755783,0.064971626,-0.04165425,0.1297724,-0.10645502
5916,0,1,0,0,0,0,0,0,0,0.023246136,0.09390669,-0.07066056,0.109179266,-0.085933134,0.06448748,-0.041241344,0.03676281,-0.013516676,0.04168649,-0.018440355,0.09408252,-0.07083638,0.035004362,0.1366335,-0.10162914,0.1753189,-0.14031453,0.05374244,-0.018738076,0.13375928,-0.09875491,0.058710534,-0.023706172,0.15281834,-0.117813975
5918,0,1,0,0,0,0,0,0,0,0.047966868,0.23210102,-0.18413416,0.17713165,-0.12916479,0.12158269,-0.07361582,0.07937054,-0.031403676,0.08219301,-0.034226142,0.1828149,-0.13484803,0.06403831,0.1412238,-0.0771855,0.1853482,-0.12130989,0.11962011,-0.0555818,0.118389405,-0.0543511,0.12400786,-0.05996955,0.18244961,-0.1184113
5924,0,1,0,0,0,0,0,0,0,0.005564397,0.08761024,-0.08204584,0.1672284,-0.16166401,0.047515545,-0.04195115,0.009573577,-0.00400918,0.01716949,-0.011605093,0.06650196,-0.06093756,0.019003196,0.16487916,-0.14587596,0.16591159,-0.14690839,0.048191313,-0.029188117,0.08983634,-0.07083314,0.058148462,-0.03914527,0.13834417,-0.11934097
5946,0,1,0,0,0,0,0,0,0,0.03613041,0.20326903,-0.16713862,0.17966919,-0.14353877,0.059904486,-0.023774076,0.12580343,-0.08967301,0.04980853,-0.013678119,0.17855592,-0.1424255,0.063923776,0.18854168,-0.124617904,0.13735907,-0.07343529,0.051392864,0.012530912,0.13979906,-0.07587528,0.09901688,-0.035093106,0.09762154,-0.03369776
5947,0,1,0,0,0,0,0,0,0,0.028986312,0.23094526,-0.20195895,0.14364083,-0.11465452,0.08924327,-0.060256958,0.072714716,-0.043728404,0.059866015,-0.030879702,0.142614,-0.113627695,0.054201223,0.16919294,-0.11499172,0.25583908,-0.20163786,0.10186301,-0.04766179,0.1435782,-0.08937698,0.10254702,-0.048345797,0.22462706,-0.17042583
5951,1,0,0,1,0,0,0,1,0,0.10132851,0.2838741,-0.18254559,0.20405361,-0.1027251,0.06392847,0.037400037,0.23175563,-0.13042712,0.14180382,-0.04047531,0.11731964,-0.015991136,0.11390607,0.08553971,0.028366357,0.1111033,0.0028027743,0.05926066,0.05464541,0.1639293,-0.050023228,0.100464806,0.013441265,0.08561973,0.028286338
5953,0,0,0,1,0,0,0,0,0,0.07113215,0.12365341,-0.05252126,0.120551914,-0.04941976,0.102976404,-0.03184425,0.103883535,-0.03275138,0.09657912,-0.025446966,0.15734325,-0.0862111,0.10171873,0.120407425,-0.018688694,0.11945331,-0.01773458,0.112215795,-0.010497063,0.16702098,-0.065302245,0.12928562,-0.027566887,0.12696,-0.025241263
5973,0,1,0,0,0,0,0,0,0,0.075206496,0.2001288,-0.1249223,0.1524982,-0.077291705,0.10814227,-0.032935776,0.12016303,-0.044956535,0.11670856,-0.041502066,0.17637983,-0.101173334,0.0904071,0.22965127,-0.13924417,0.1240977,-0.033690594,0.08022124,0.01018586,0.17044428,-0.08003718,0.16368333,-0.07327622,0.12338935,-0.032982245
5975,0,1,0,0,0,0,0,0,0,0.019627959,0.07703373,-0.05740577,0.13708065,-0.117452696,0.07909007,-0.059462115,0.05231271,-0.03268475,0.03993056,-0.020302601,0.1374872,-0.117859244,0.030840898,0.09662797,-0.06578708,0.1678013,-0.1369604,0.05121533,-0.02037443,0.097697996,-0.0668571,0.054074142,-0.023233244,0.107669465,-0.07682857
5977,0,1,0,0,0,0,0,0,0,0.06179278,0.2896811,-0.22788833,0.27094588,-0.2091531,0.18747985,-0.12568708,0.10157073,-0.039777953,0.08176899,-0.01997621,0.27518567,-0.2133929,0.07336332,0.20597911,-0.13261579,0.2245368,-0.15117349,0.16416402,-0.0908007,0.12193195,-0.04856863,0.11557696,-0.04221364,0.22652031,-0.153157
5992,0,1,0,0,0,0,0,0,0,0.01707271,0.09558201,-0.0785093,0.1124629,-0.09539019,0.052077744,-0.035005033,0.03950866,-0.02243595,0.031471275,-0.0143985655,0.0898773,-0.07280459,0.054883543,0.15783794,-0.1029544,0.17212425,-0.11724071,0.057489637,-0.0026060939,0.1977308,-0.14284725,0.12301834,-0.0681348,0.13480625,-0.079922706
6000,0,1,0,0,0,0,0,0,0,0.08531893,0.29422793,-0.208909,0.20593031,-0.12061138,0.11875882,-0.03343989,0.09833534,-0.01301641,0.18521856,-0.09989963,0.16299298,-0.07767405,0.09619365,0.19912791,-0.10293426,0.18269275,-0.0864991,0.12424681,-0.028053164,0.15561575,-0.059422098,0.14686376,-0.05067011,0.19049403,-0.09430038
6004,0,1,0,0,0,0,0,0,0,0.019438788,0.15545967,-0.13602088,0.15168296,-0.13224417,0.047809545,-0.028370757,0.041844983,-0.022406194,0.053755872,-0.034317084,0.079569325,-0.060130537,0.040824853,0.16971523,-0.12889037,0.23560646,-0.1947816,0.0487564,-0.007931545,0.1478825,-0.10705765,0.07898986,-0.03816501,0.16284515,-0.1220203
6042,0,0,0,1,1,0,0,0,0,0.03606522,0.15352295,-0.11745773,0.18758811,-0.15152289,0.06905027,-0.032985047,0.11211213,-0.07604691,0.047982667,-0.011917446,0.20293768,-0.16687246,0.07028546,0.16454078,-0.09425532,0.15587205,-0.085586585,0.070631556,-0.00034609437,0.19429857,-0.1240131,0.11475968,-0.04447422,0.14552635,-0.07524089
6046,0,1,0,0,0,0,0,0,0,0.07750125,0.32363012,-0.24612887,0.13957654,-0.062075287,0.09817195,-0.020670697,0.103146724,-0.025645472,0.1296081,-0.052106842,0.13736238,-0.059861124,0.10572606,0.20918617,-0.1034601,0.1422966,-0.036570534,0.07947122,0.02625484,0.21495712,-0.109231055,0.16402815,-0.05830209,0.1396598,-0.033933744
6047,0,1,0,0,0,0,0,0,0,0.053113997,0.14434473,-0.091230735,0.20895444,-0.15584044,0.096414134,-0.043300137,0.11775365,-0.06463965,0.099188775,-0.046074778,0.20011395,-0.14699996,0.055287413,0.15736252,-0.10207511,0.220708,-0.16542059,0.08534393,-0.030056514,0.14035445,-0.08506704,0.10970054,-0.054413125,0.1806124,-0.125325
6050,0,1,0,0,0,0,0,0,0,0.05206919,0.2414228,-0.18935362,0.28999224,-0.23792306,0.121495254,-0.06942606,0.08741218,-0.035342988,0.09505203,-0.042982843,0.17610458,-0.12403539,0.066497415,0.15724815,-0.09075074,0.27455705,-0.20805964,0.13937207,-0.07287465,0.13809913,-0.07160172,0.1315163,-0.06501888,0.21718697,-0.15068956
6056,0,0,0,1,1,0,0,0,0,0.0533055,0.24120691,-0.18790141,0.110788494,-0.057482995,0.035586137,0.017719362,0.13667741,-0.083371915,0.10643566,-0.053130157,0.07887853,-0.02557303,0.12748984,0.17480919,-0.047319353,0.15664878,-0.02915895,0.107597284,0.019892551,0.15787049,-0.030380651,0.152453,-0.02496317,0.17502388,-0.04753405
6075,0,1,0,0,0,0,0,0,0,0.0115934275,0.065342605,-0.053749178,0.114701115,-0.10310769,0.030102098,-0.01850867,0.04438309,-0.032789662,0.02447766,-0.012884233,0.090213776,-0.078620344,0.04577011,0.10873775,-0.06296764,0.1701723,-0.124402195,0.050221004,-0.004450895,0.1478767,-0.102106586,0.10591218,-0.06014207,0.10198468,-0.05621457
6087,0,1,0,0,0,0,0,0,0,0.03385294,0.2014983,-0.16764536,0.10195138,-0.06809844,0.05815439,-0.02430145,0.05523334,-0.021380402,0.07837737,-0.044524435,0.09419458,-0.060341645,0.040737,0.12956914,-0.08883214,0.09901888,-0.05828188,0.049067207,-0.008330207,0.07625035,-0.035513353,0.0913847,-0.050647702,0.09117092,-0.050433923
6096,0,0,0,1,0,0,0,0,0,0.10908151,0.26361713,-0.15453562,0.25395876,-0.14487725,0.11914943,-0.010067925,0.25345737,-0.14437586,0.20694046,-0.09785895,0.24241214,-0.13333063,0.20763594,0.19976592,0.0078700185,0.26758614,-0.059950203,0.17443192,0.03320402,0.25517955,-0.047543615,0.20712629,0.0005096495,0.2384389,-0.030802965
6098,1,0,1,0,0,0,1,0,0,0.31730378,0.46452573,-0.14722195,0.32829657,-0.010992795,0.28606266,0.031241119,0.42479953,-0.107495755,0.3568154,-0.03951162,0.41644135,-0.099137574,0.26720718,0.26752087,-0.00031369925,0.3390222,-0.071815014,0.28830534,-0.021098167,0.30719295,-0.039985776,0.21828726,0.048919916,0.3193068,-0.052099615
6103,0,1,0,0,0,0,0,0,0,0.074217476,0.32784048,-0.253623,0.29156467,-0.2173472,0.171008,-0.09679053,0.13160165,-0.05738417,0.1150965,-0.040879026,0.309257,-0.23503953,0.07633108,0.22720109,-0.15087001,0.18442145,-0.10809037,0.10986102,-0.033529945,0.14891411,-0.072583035,0.104298934,-0.027967855,0.1669386,-0.090607524
6126,0,0,1,1,1,0,0,0,0,0.24710034,0.18837951,0.058720827,0.32213864,-0.0750383,0.3356315,-0.08853115,0.35005987,-0.10295953,0.25839895,-0.011298612,0.3988256,-0.15172525,0.13039139,0.07927034,0.05112105,0.23653768,-0.10614629,0.15583184,-0.025440454,0.1779104,-0.047519013,0.14971115,-0.019319758,0.21162117,-0.081229776
6131,0,1,0,0,0,0,0,0,0,0.008280521,0.13297984,-0.12469932,0.12396599,-0.11568547,0.03989046,-0.031609938,0.029041719,-0.020761197,0.022393351,-0.01411283,0.08591573,-0.07763521,0.037075758,0.1452679,-0.108192146,0.16358374,-0.12650798,0.04260961,-0.0055338517,0.12690051,-0.08982475,0.07035434,-0.033278584,0.10221734,-0.06514158
6132,0,0,1,0,0,0,0,0,0,0.15039869,0.26311785,-0.11271916,0.39990622,-0.24950753,0.30196032,-0.15156163,0.18852572,-0.038127035,0.18650806,-0.036109373,0.41244662,-0.26204795,0.13430458,0.21954222,-0.08523764,0.3112097,-0.17690513,0.21403567,-0.07973109,0.19016334,-0.05585876,0.16106758,-0.026762992,0.27676442,-0.14245984
6141,1,0,1,0,0,0,1,0,0,0.23006505,0.44787332,-0.21780828,0.36979204,-0.139727,0.2920088,-0.06194374,0.27568272,-0.04561767,0.27122965,-0.041164607,0.34579208,-0.11572704,0.19874415,0.25203803,-0.053293884,0.2645556,-0.065811455,0.23073944,-0.031995296,0.19227062,0.0064735264,0.21638599,-0.017641842,0.20789278,-0.0091486275
6151,0,1,0,0,0,0,0,0,0,0.023579866,0.13756414,-0.11398427,0.06546607,-0.041886203,0.034226704,-0.010646839,0.043044187,-0.019464321,0.047513258,-0.023933392,0.054880474,-0.031300608,0.03880029,0.18298392,-0.14418364,0.11247656,-0.073676266,0.041226614,-0.0024263225,0.11999952,-0.08119923,0.097645,-0.058844708,0.12400343,-0.08520314
6154,0,0,0,1,0,0,0,0,0,0.47450313,0.56621987,-0.09171674,0.3689542,0.10554892,0.36115572,0.11334741,0.4672289,0.0072742403,0.510028,-0.035524875,0.300939,0.17356414,0.21897748,0.22216286,-0.0031853765,0.37449768,-0.1555202,0.24954212,-0.030564636,0.21114546,0.0078320205,0.20876336,0.01021412,0.27818486,-0.05920738
6174,0,0,0,1,0,0,0,0,0,0.20091547,0.4140271,-0.21311162,0.27974874,-0.07883327,0.26064953,-0.05973406,0.28422347,-0.083308,0.3902477,-0.18933223,0.21458605,-0.013670579,0.13555539,0.22713493,-0.09157954,0.50415546,-0.36860007,0.26463425,-0.12907887,0.27532336,-0.13976797,0.1764553,-0.040899917,0.5120438,-0.3764884
6180,1,0,0,0,0,1,1,0,0,0.035526183,0.15577409,-0.1202479,0.34714445,-0.31161827,0.09748582,-0.061959635,0.066698104,-0.031171922,0.05713363,-0.021607447,0.1727989,-0.13727272,0.05732255,0.1463422,-0.089019656,0.3656573,-0.30833474,0.1301018,-0.07277925,0.151097,-0.09377445,0.09456457,-0.03724202,0.27871966,-0.22139712
6186,0,0,1,0,1,0,0,0,0,0.408298,0.37925932,0.029038668,0.35124892,0.057049066,0.3473999,0.060898095,0.34930405,0.058993936,0.4189714,-0.010673404,0.27415103,0.13414696,0.4485018,0.31901398,0.12948781,0.40863955,0.039862245,0.46235904,-0.013857245,0.39685863,0.051643163,0.41630155,0.032200247,0.39492178,0.053580016
6188,0,1,0,0,0,0,0,0,0,0.0107129095,0.095578335,-0.08486543,0.118642345,-0.10792944,0.030232918,-0.019520007,0.026046153,-0.015333244,0.03352899,-0.02281608,0.066072665,-0.055359755,0.022375891,0.1198713,-0.097495414,0.19063315,-0.16825725,0.023295809,-0.0009199176,0.10717436,-0.08479847,0.056618616,-0.034242727,0.10149607,-0.07912018
6189,0,1,0,0,0,0,0,0,0,0.019223612,0.09644627,-0.07722266,0.15183738,-0.13261376,0.055181082,-0.03595747,0.048978508,-0.029754896,0.027647868,-0.008424256,0.10702488,-0.08780126,0.044958174,0.14361884,-0.09866066,0.19639802,-0.15143985,0.07113573,-0.026177555,0.15503858,-0.110080406,0.07831431,-0.033356138,0.137719,-0.09276083
6190,0,0,1,0,0,0,0,0,0,0.09234724,0.1883447,-0.09599746,0.15335128,-0.061004035,0.15686171,-0.064514466,0.13602534,-0.043678097,0.12469002,-0.032342777,0.23630452,-0.14395729,0.0672302,0.114249624,-0.047019422,0.08129595,-0.01406575,0.08275571,-0.015525505,0.082296446,-0.015066244,0.113162115,-0.045931913,0.08345403,-0.016223826
6192,0,0,1,0,0,0,0,0,0,0.023947809,0.119188,-0.09524019,0.11482404,-0.09087624,0.06421149,-0.04026368,0.026566472,-0.002618663,0.064646825,-0.040699016,0.09561431,-0.071666494,0.057127234,0.14085624,-0.083729,0.13641119,-0.07928395,0.07468935,-0.017562117,0.15477578,-0.097648546,0.13199607,-0.07486883,0.15893114,-0.1018039
6200,0,1,0,0,0,0,0,0,0,0.009020437,0.064507075,-0.055486638,0.0898876,-0.08086716,0.04261906,-0.033598624,0.016184928,-0.0071644913,0.02285169,-0.013831254,0.060808234,-0.051787797,0.018578459,0.15020059,-0.13162214,0.19619024,-0.17761178,0.035172183,-0.016593724,0.10388915,-0.0853107,0.05210825,-0.033529792,0.14600459,-0.12742613
6201,0,0,1,0,0,0,0,0,0,0.5556872,0.519992,0.035695195,0.18467489,0.3710123,0.5026775,0.05300969,0.29411748,0.2615697,0.6256492,-0.069962025,0.29528174,0.26040545,0.48620096,0.31169814,0.17450282,0.4608629,0.025338054,0.54002327,-0.05382231,0.3874885,0.098712444,0.5709391,-0.084738165,0.46221924,0.02398172
6207,0,1,0,0,0,0,0,0,0,0.01631135,0.06692993,-0.05061858,0.09324335,-0.076932006,0.051550098,-0.03523875,0.037996694,-0.021685345,0.021404127,-0.0050927773,0.098220386,-0.08190904,0.033447824,0.10895931,-0.075511485,0.1481569,-0.11470907,0.053517606,-0.020069782,0.103515156,-0.07006733,0.048244435,-0.014796611,0.12580092,-0.0923531
6208,0,1,0,0,0,0,0,0,0,0.017810661,0.08007173,-0.06226107,0.10434086,-0.08653019,0.062357053,-0.04454639,0.038998563,-0.021187901,0.02308822,-0.005277559,0.11443903,-0.09662837,0.036660668,0.1265952,-0.08993453,0.15646197,-0.1198013,0.058663413,-0.022002745,0.12433629,-0.087675616,0.04873922,-0.012078553,0.14234118,-0.10568051
6210,0,0,1,0,1,0,0,0,0,0.119425155,0.2691212,-0.14969605,0.106656134,0.012769021,0.11624858,0.0031765774,0.12357897,-0.004153818,0.16272055,-0.04329539,0.14621186,-0.026786707,0.08139064,0.1437507,-0.062360056,0.1434066,-0.062015958,0.11762687,-0.036236227,0.09810462,-0.016713977,0.12012856,-0.038737915,0.1253277,-0.043937065
6211,0,0,0,0,1,0,0,0,0,0.09715934,0.26647016,-0.16931082,0.06181508,0.03534426,0.08195884,0.015200503,0.07973165,0.01742769,0.113599665,-0.016440324,0.06503943,0.032119907,0.122905366,0.17451738,-0.051612012,0.06577092,0.05713445,0.070604205,0.05230116,0.12210085,0.0008045137,0.1662234,-0.04331804,0.05818838,0.06471699
6222,0,1,0,0,0,0,0,0,0,0.00868473,0.08484553,-0.076160796,0.19179986,-0.18311514,0.045475535,-0.036790803,0.014913702,-0.006228972,0.021816932,-0.0131322015,0.07693628,-0.06825155,0.018264718,0.16163082,-0.1433661,0.2025981,-0.18433338,0.04602685,-0.02776213,0.09753695,-0.07927223,0.060347974,-0.042083256,0.14014779,-0.12188307
6224,0,0,0,0,1,0,0,0,0,0.37900245,0.40018383,-0.021181375,0.34534675,0.033655703,0.37081343,0.008189023,0.32455978,0.054442674,0.4463478,-0.06734535,0.32575762,0.05324483,0.3354448,0.20845464,0.12699017,0.32619265,0.009252161,0.36792144,-0.032476634,0.32084683,0.014597982,0.2641272,0.07131761,0.3154601,0.019984722
6227,0,1,0,0,0,0,0,0,0,0.0939885,0.25352076,-0.15953225,0.19848345,-0.10449495,0.17137082,-0.07738232,0.12504703,-0.031058528,0.094806366,-0.00081786513,0.23250087,-0.13851237,0.073721446,0.17838983,-0.10466839,0.16959047,-0.09586903,0.12030053,-0.046579085,0.10189847,-0.028177023,0.1101108,-0.03638935,0.17984417,-0.106122725
6229,1,0,1,0,1,0,1,0,0,0.34322986,0.41118592,-0.06795606,0.38654813,-0.04331827,0.4201224,-0.076892555,0.41141203,-0.06818217,0.42270595,-0.07947609,0.4150807,-0.07185084,0.26604873,0.21076716,0.055281565,0.36342734,-0.09737861,0.3401164,-0.07406768,0.23987322,0.026175514,0.27522707,-0.00917834,0.2673914,-0.001342684
6230,0,0,0,0,1,0,0,0,0,0.1538668,0.30215892,-0.14829212,0.10806912,0.045797676,0.10751343,0.04635337,0.2442147,-0.0903479,0.1830453,-0.0291785,0.1624373,-0.008570507,0.20814668,0.22980921,-0.021662533,0.15072614,0.057420537,0.09608031,0.112066366,0.2198919,-0.011745229,0.21619514,-0.00804846,0.18170415,0.026442528
6231,0,0,0,0,1,0,0,0,0,0.073193826,0.31351438,-0.24032056,0.12859514,-0.055401318,0.12351895,-0.050325125,0.14676201,-0.07356819,0.13388434,-0.060690515,0.17856225,-0.10536843,0.07087259,0.18987074,-0.118998155,0.09662668,-0.025754087,0.08330217,-0.01242958,0.13418852,-0.06331593,0.15726605,-0.08639346,0.11378432,-0.04291173
6235,0,1,0,0,0,0,0,0,0,0.013182844,0.1619148,-0.14873195,0.2698458,-0.25666296,0.08682675,-0.07364391,0.029264903,-0.01608206,0.041275516,-0.028092671,0.15596315,-0.1427803,0.031284116,0.13235061,-0.10106649,0.34237027,-0.31108615,0.07476005,-0.043475933,0.14878082,-0.11749671,0.06351147,-0.032227352,0.24755473,-0.21627063
6239,0,1,0,0,0,0,0,0,0,0.013921087,0.18438618,-0.1704651,0.15693411,-0.14301303,0.065816216,-0.05189513,0.030606786,-0.016685698,0.040088218,-0.026167132,0.1133438,-0.09942271,0.029607322,0.15225627,-0.12264894,0.12924829,-0.099640965,0.053181738,-0.023574416,0.093486466,-0.06387915,0.065585665,-0.035978343,0.11912948,-0.08952215
6251,0,0,0,1,1,0,0,0,0,0.21443038,0.287749,-0.073318616,0.1848966,0.029533774,0.18791279,0.026517585,0.26456025,-0.050129876,0.2885245,-0.07409413,0.2227181,-0.008287728,0.12102123,0.07890734,0.042113893,0.08308129,0.037939943,0.08927866,0.031742573,0.09965204,0.021369196,0.14091343,-0.019892193,0.07090018,0.050121054
6262,0,1,0,0,0,0,0,0,0,0.051268894,0.13494664,-0.083677754,0.16214716,-0.110878274,0.092068605,-0.04079971,0.071065724,-0.01979683,0.115447,-0.06417811,0.14562942,-0.09436053,0.06024387,0.15740722,-0.09716335,0.16456336,-0.10431948,0.08066031,-0.020416442,0.15555453,-0.09531066,0.12107301,-0.060829137,0.19598217,-0.1357383
6265,0,1,0,0,0,0,0,0,0,0.06903877,0.25288242,-0.18384364,0.22657922,-0.15754044,0.16903813,-0.09999936,0.06793224,0.0011065304,0.14366493,-0.074626155,0.2041426,-0.13510382,0.03855145,0.1751754,-0.13662395,0.1283733,-0.089821845,0.066808075,-0.028256625,0.08398243,-0.04543098,0.1083713,-0.06981985,0.10168706,-0.06313561
6270,0,0,1,0,0,0,0,0,0,0.04107784,0.26349664,-0.2224188,0.16488631,-0.12380847,0.08708053,-0.04600269,0.0818782,-0.04080036,0.06498433,-0.023906488,0.15608598,-0.115008146,0.05664524,0.19194596,-0.13530071,0.16192019,-0.105274945,0.0791501,-0.022504862,0.11221399,-0.05556875,0.09575241,-0.03910717,0.12113028,-0.06448504
6283,0,0,0,0,1,0,0,0,0,0.015087622,0.11830972,-0.1032221,0.0777981,-0.06271048,0.03215444,-0.017066818,0.040323198,-0.025235575,0.034450058,-0.019362435,0.09332134,-0.07823372,0.034367837,0.17960852,-0.1452407,0.11607907,-0.08171123,0.032693084,0.0016747527,0.13650775,-0.10213991,0.07658209,-0.042214252,0.09446247,-0.060094632
6284,0,0,0,1,0,0,0,0,0,0.066095546,0.2945716,-0.22847606,0.17415373,-0.108058184,0.07928457,-0.013189025,0.1204311,-0.054335557,0.115060374,-0.04896483,0.14284393,-0.076748386,0.11228419,0.23105955,-0.11877536,0.1451513,-0.03286711,0.05117702,0.06110717,0.21756251,-0.10527832,0.16216286,-0.049878664,0.10027027,0.01201392
6295,0,1,0,0,0,0,0,0,0,0.029898584,0.15238997,-0.12249139,0.1093503,-0.07945172,0.05437906,-0.024480477,0.050668668,-0.020770084,0.056226578,-0.026327994,0.09493741,-0.06503882,0.110091805,0.2501653,-0.14007351,0.17129818,-0.06120637,0.064152904,0.0459389,0.22074497,-0.11065316,0.16517204,-0.055080235,0.19540508,-0.085313275
6304,0,0,1,0,0,0,0,0,0,0.08964805,0.30713782,-0.21748976,0.22596306,-0.136315,0.19005291,-0.10040486,0.1321203,-0.042472243,0.12700996,-0.037361905,0.24191868,-0.15227063,0.14377075,0.20016883,-0.05639808,0.18278071,-0.03900996,0.20495063,-0.061179876,0.120128006,0.023642749,0.15259936,-0.00882861,0.16055582,-0.01678507
6305,0,0,0,0,1,0,0,0,0,0.03240142,0.110027,-0.07762558,0.11424403,-0.08184261,0.07335492,-0.040953502,0.07051645,-0.038115032,0.05376026,-0.02135884,0.13037208,-0.09797066,0.099104054,0.14521277,-0.046108715,0.17929578,-0.080191724,0.1195233,-0.020419247,0.21809615,-0.1189921,0.14855061,-0.04944656,0.20907937,-0.109975316
6312,0,1,0,0,0,0,0,0,0,0.01528844,0.06453772,-0.04924928,0.09799102,-0.08270258,0.032784335,-0.017495897,0.026259843,-0.010971404,0.029380117,-0.014091677,0.061163947,-0.04587551,0.019030824,0.10755837,-0.088527545,0.18084094,-0.16181011,0.034382325,-0.0153515,0.08910203,-0.070071205,0.04251528,-0.023484457,0.12679441,-0.10776359
6313,0,0,1,1,1,0,0,0,0,0.21039906,0.36860767,-0.15820861,0.15036279,0.06003627,0.17501633,0.035382733,0.2165464,-0.00614734,0.2342951,-0.023896039,0.16914324,0.041255817,0.16998032,0.251433,-0.0814527,0.15180555,0.018174767,0.17060865,-0.00062833726,0.15052499,0.019455329,0.17934616,-0.009365842,0.1518555,0.018124819
6314,0,0,1,0,0,0,0,0,0,0.059947897,0.16922432,-0.10927643,0.30233508,-0.24238719,0.23354743,-0.17359954,0.07653384,-0.016585942,0.09693587,-0.03698797,0.2746223,-0.2146744,0.06440307,0.121359535,-0.056956463,0.19198932,-0.12758625,0.11204482,-0.047641747,0.108726375,-0.044323303,0.10359199,-0.03918892,0.16220494,-0.097801864
6337,1,0,1,0,1,0,1,0,0,0.110221274,0.29830578,-0.18808451,0.12186283,-0.011641555,0.08724773,0.022973545,0.06709039,0.043130882,0.13261288,-0.02239161,0.06266839,0.047552884,0.20120287,0.26132157,-0.060118705,0.17973258,0.021470293,0.19093965,0.0102632195,0.16631119,0.03489168,0.2492933,-0.048090428,0.13111693,0.07008594
6341,0,1,0,0,0,0,0,0,0,0.016226467,0.1440416,-0.12781513,0.13522242,-0.11899595,0.04972591,-0.033499442,0.034238182,-0.018011715,0.033549596,-0.017323129,0.08630917,-0.07008271,0.023743981,0.12442804,-0.10068406,0.120991476,-0.097247496,0.036583286,-0.012839304,0.07576237,-0.05201839,0.04618414,-0.02244016,0.08386571,-0.06012173
6350,0,0,1,0,1,0,0,0,0,0.055477437,0.14358918,-0.08811174,0.09239078,-0.036913346,0.05492151,0.0005559251,0.042967293,0.012510143,0.06298462,-0.0075071864,0.050212316,0.0052651204,0.05847453,0.06903552,-0.010560993,0.07463695,-0.016162422,0.03552977,0.02294476,0.1251383,-0.06666377,0.092877045,-0.034402516,0.052628346,0.0058461837
6352,0,0,1,1,0,0,0,0,0,0.09802524,0.34027964,-0.2422544,0.16983713,-0.07181189,0.10693448,-0.00890924,0.1272108,-0.029185556,0.16646668,-0.06844144,0.13684821,-0.03882297,0.14898057,0.250981,-0.10200043,0.17485867,-0.025878102,0.12938371,0.01959686,0.16576274,-0.016782165,0.16852407,-0.019543499,0.17254582,-0.023565248
6353,1,0,1,0,1,0,1,0,0,0.0928311,0.30183834,-0.20900723,0.1943695,-0.1015384,0.19697827,-0.10414717,0.13712938,-0.044298284,0.15158576,-0.05875466,0.25735027,-0.16451916,0.23621732,0.21283096,0.02338636,0.21280923,0.023408085,0.30756056,-0.07134324,0.19520438,0.041012943,0.20220602,0.034011304,0.24610798,-0.009890661
6355,0,0,0,1,1,0,0,0,0,0.18488863,0.1907757,-0.0058870763,0.1778194,0.00706923,0.17989318,0.0049954504,0.23954593,-0.054657295,0.21005042,-0.025161788,0.25044343,-0.0655548,0.1773244,0.13585542,0.041468978,0.19363685,-0.01631245,0.20539947,-0.02807507,0.16418143,0.013142973,0.17544597,0.0018784255,0.16916956,0.008154839
6358,0,1,0,1,0,0,0,0,0,0.14027946,0.31240508,-0.17212562,0.26882303,-0.12854357,0.1682108,-0.027931347,0.2017845,-0.06150505,0.18891405,-0.04863459,0.24863486,-0.1083554,0.13515875,0.2151981,-0.08003935,0.3046355,-0.16947675,0.2009094,-0.06575066,0.17618105,-0.0410223,0.13341695,0.0017417967,0.25701314,-0.121854395
6375,0,0,0,1,0,0,0,0,0,0.05073073,0.19372772,-0.14299698,0.1583382,-0.10760747,0.080163345,-0.029432613,0.0817815,-0.031050768,0.07364246,-0.022911731,0.12613627,-0.07540554,0.12436379,0.20345356,-0.07908977,0.143794,-0.019430213,0.061755933,0.062607855,0.20067373,-0.07630994,0.16667879,-0.042315,0.13619274,-0.011828952
6380,1,0,0,0,0,1,0,0,0,0.028022882,0.12418711,-0.09616423,0.16193952,-0.13391663,0.11649203,-0.08846915,0.049615905,-0.021593023,0.039790817,-0.011767935,0.17493564,-0.14691275,0.037004765,0.15266119,-0.11565642,0.097529635,-0.06052487,0.055138115,-0.01813335,0.09994124,-0.06293647,0.053153124,-0.016148359,0.08449287,-0.047488105
6381,0,1,0,0,0,0,0,0,0,0.020432608,0.2701184,-0.24968578,0.13546197,-0.115029365,0.06989158,-0.049458973,0.04253029,-0.022097683,0.043514404,-0.023081796,0.10967362,-0.08924101,0.036047652,0.19759484,-0.16154718,0.17139362,-0.13534597,0.059423372,-0.02337572,0.09917788,-0.06313023,0.08102929,-0.044981636,0.12010327,-0.08405562
6404,0,0,0,1,1,0,0,0,0,0.21113957,0.1839179,0.02722168,0.24458261,-0.033443034,0.20388661,0.0072529614,0.30759698,-0.09645741,0.22701278,-0.015873209,0.28820938,-0.077069804,0.15570652,0.15426038,0.0014461428,0.17674646,-0.021039933,0.15866208,-0.002955556,0.17332561,-0.017619088,0.15997092,-0.0042643994,0.1652424,-0.009535879
6427,1,0,0,0,0,1,1,0,0,0.038375035,0.13172744,-0.09335241,0.28547722,-0.24710219,0.14792895,-0.10955392,0.09488208,-0.056507044,0.04664828,-0.008273244,0.22979118,-0.19141614,0.039191436,0.17047936,-0.13128792,0.14768994,-0.1084985,0.0684254,-0.029233966,0.100741215,-0.06154978,0.072371215,-0.03317978,0.096444525,-0.05725309
6428,1,0,0,0,0,1,0,0,0,0.09561622,0.083885476,0.011730745,0.13778666,-0.042170435,0.15639314,-0.06077692,0.11423783,-0.018621609,0.10362589,-0.008009672,0.2093155,-0.11369927,0.07558939,0.06887164,0.006717749,0.070901245,0.0046881437,0.096162684,-0.020573296,0.061491165,0.014098223,0.13507663,-0.05948724,0.068536416,0.007052973
6437,0,1,0,0,0,0,0,0,0,0.02775617,0.18317968,-0.1554235,0.21989308,-0.19213691,0.16120774,-0.13345157,0.04074408,-0.012987912,0.071991295,-0.044235125,0.17838895,-0.15063278,0.04184823,0.16885062,-0.12700239,0.12541057,-0.083562344,0.05810815,-0.01625992,0.12532175,-0.08347352,0.09306213,-0.0512139,0.10922472,-0.067376494
6465,0,1,0,0,0,0,0,0,0,0.086080045,0.35207424,-0.2659942,0.2566244,-0.17054436,0.14326759,-0.057187542,0.13001594,-0.043935895,0.16334124,-0.077261195,0.24647613,-0.16039608,0.08498243,0.22290379,-0.13792136,0.1710635,-0.086081065,0.07775647,0.0072259605,0.16373722,-0.07875479,0.14932847,-0.06434604,0.14397217,-0.05898974
6471,1,0,0,1,0,0,1,0,0,0.08504558,0.13362679,-0.048581205,0.2169071,-0.13186151,0.14927661,-0.06423103,0.15781958,-0.072774,0.11240108,-0.0273555,0.27633226,-0.19128668,0.13881774,0.12915975,0.009657994,0.29350844,-0.1546907,0.17447259,-0.035654843,0.21671724,-0.0778995,0.16710678,-0.028289035,0.19966483,-0.06084709
6498,0,1,0,0,0,0,0,0,0,0.017218981,0.14924479,-0.13202581,0.18785624,-0.17063726,0.060302615,-0.043083634,0.035756312,-0.018537331,0.05267213,-0.03545315,0.10419025,-0.08697127,0.043403916,0.17232345,-0.12891954,0.35194188,-0.30853796,0.0977764,-0.054372482,0.1800721,-0.13666818,0.11725589,-0.07385197,0.2951014,-0.25169748
6528,0,1,0,0,0,0,0,0,0,0.071165666,0.33863977,-0.2674741,0.22386838,-0.15270272,0.14527643,-0.07411076,0.0884703,-0.017304637,0.1444318,-0.07326613,0.17919037,-0.1080247,0.086039595,0.2581555,-0.17211589,0.16582984,-0.07979024,0.084830515,0.0012090802,0.16210122,-0.07606163,0.18023776,-0.09419816,0.1528299,-0.066790305
6542,0,0,0,1,0,0,0,0,0,0.07754431,0.25453296,-0.17698866,0.15507159,-0.07752728,0.12708823,-0.049543925,0.11235488,-0.034810573,0.10981075,-0.032266438,0.16523062,-0.08768631,0.09289171,0.22238553,-0.12949382,0.14166197,-0.048770264,0.09580795,-0.0029162392,0.18137926,-0.08848755,0.15119702,-0.05830531,0.13597094,-0.043079227
6552,0,0,0,0,1,0,0,0,0,0.13197072,0.14640212,-0.014431402,0.1590601,-0.027089387,0.10727368,0.024697036,0.15281925,-0.020848528,0.22177099,-0.08980027,0.09334821,0.038622506,0.04649633,0.044792075,0.001704257,0.10352338,-0.05702705,0.04120347,0.0052928627,0.08991776,-0.043421425,0.05889366,-0.0123973265,0.059665654,-0.013169322
6556,0,0,0,0,1,0,0,0,0,0.12952605,0.42256317,-0.29303712,0.25652066,-0.12699461,0.23634252,-0.10681647,0.17506543,-0.04553938,0.2580763,-0.12855026,0.25744253,-0.12791649,0.06525016,0.1773206,-0.11207044,0.1912125,-0.12596235,0.10751487,-0.042264715,0.11408311,-0.048832953,0.10800183,-0.04275167,0.15516654,-0.08991638
6562,0,0,0,1,0,0,0,0,0,0.06244258,0.2220726,-0.15963003,0.21551071,-0.15306813,0.09634088,-0.0338983,0.09638562,-0.033943042,0.10075482,-0.03831224,0.14182582,-0.07938325,0.10793994,0.16519403,-0.05725409,0.11797657,-0.010036625,0.063515455,0.04442449,0.15739858,-0.049458638,0.13008416,-0.022144213,0.09271102,0.015228927
6577,0,1,0,0,0,0,0,0,0,0.062322542,0.21885297,-0.15653042,0.16013083,-0.09780829,0.089655474,-0.027332932,0.10822004,-0.0458975,0.10247014,-0.040147595,0.17923595,-0.11691341,0.15696399,0.26996726,-0.11300327,0.21048532,-0.053521335,0.11333212,0.043631867,0.24904844,-0.09208445,0.17877005,-0.021806061,0.24824956,-0.09128557
6579,0,0,0,1,0,0,0,0,0,0.030895049,0.12010291,-0.089207865,0.123293415,-0.09239837,0.036956336,-0.0060612876,0.064142644,-0.033247598,0.057986967,-0.027091919,0.08309486,-0.05219981,0.058272384,0.17999466,-0.12172227,0.18907563,-0.13080326,0.040679786,0.017592598,0.16688474,-0.10861235,0.12341271,-0.06514033,0.106196195,-0.04792381
6590,0,0,1,0,0,0,0,0,0,0.10471868,0.26904878,-0.1643301,0.17470326,-0.06998458,0.1832813,-0.078562625,0.19877876,-0.094060086,0.09127158,0.013447098,0.29203498,-0.1873163,0.11932287,0.12375725,-0.004434377,0.15763842,-0.038315542,0.26484242,-0.14551955,0.14338806,-0.024065189,0.11275188,0.006570995,0.289849,-0.17052615
6592,0,0,1,1,0,0,0,0,0,0.21574765,0.3996713,-0.18392363,0.22469956,-0.008951902,0.20695259,0.008795068,0.28295723,-0.06720957,0.29695603,-0.08120838,0.28779656,-0.0720489,0.22731534,0.42010424,-0.1927889,0.23581614,-0.0085008,0.24511747,-0.017802134,0.21155761,0.015757725,0.24670397,-0.019388631,0.23244989,-0.0051345527
6625,1,0,0,0,1,0,1,0,0,0.08684715,0.3082282,-0.22138104,0.23485087,-0.14800373,0.12793668,-0.041089527,0.13746397,-0.050616823,0.12188652,-0.035039373,0.24037889,-0.15353173,0.14711678,0.237869,-0.090752214,0.18660162,-0.039484844,0.11871063,0.02840615,0.19665654,-0.04953976,0.17242025,-0.025303468,0.16544256,-0.018325776
6666,1,0,1,0,1,0,1,0,0,0.3619739,0.35280448,0.00916943,0.31369236,0.04828155,0.45824805,-0.09627414,0.3381891,0.023784816,0.4097666,-0.047792703,0.40614,-0.044166088,0.32887676,0.16956596,0.1593108,0.3354768,-0.0066000223,0.41788694,-0.08901018,0.2576115,0.07126525,0.29934847,0.02952829,0.29988155,0.028995216
6670,0,1,0,0,0,0,0,0,0,0.043726955,0.34935024,-0.3056233,0.24966197,-0.20593502,0.1510001,-0.10727315,0.06949885,-0.025771897,0.08922192,-0.045494962,0.22666934,-0.18294239,0.13069111,0.24799548,-0.11730437,0.23352793,-0.10283682,0.21040955,-0.07971844,0.19307439,-0.06238328,0.1647722,-0.034081087,0.27642497,-0.14573386
6672,0,1,0,0,0,0,0,0,0,0.020692658,0.16333169,-0.14263903,0.1438841,-0.12319143,0.07553926,-0.054846603,0.057479665,-0.036787007,0.039733864,-0.019041207,0.15681641,-0.13612375,0.026969166,0.1501552,-0.12318604,0.12601125,-0.09904209,0.044198044,-0.017228877,0.06723932,-0.040270157,0.05062351,-0.023654344,0.09370086,-0.0667317
6683,0,0,0,0,1,0,0,0,0,0.0328757,0.114934996,-0.082059294,0.11943165,-0.08655595,0.07350565,-0.040629946,0.057807352,-0.02493165,0.05742554,-0.024549838,0.11313044,-0.08025474,0.060133334,0.08692347,-0.026790138,0.15935835,-0.099225014,0.123115376,-0.06298204,0.09650712,-0.036373783,0.07820459,-0.018071253,0.16217229,-0.10203895
6728,0,1,0,0,0,0,0,0,0,0.067320116,0.23468876,-0.16736865,0.1731442,-0.10582409,0.10500978,-0.037689663,0.10856912,-0.041249007,0.075738944,-0.008418828,0.19569491,-0.12837479,0.06972552,0.15659915,-0.08687363,0.18446784,-0.11474232,0.07958692,-0.009861402,0.11256026,-0.042834736,0.11427537,-0.044549853,0.1557633,-0.08603778
6735,0,0,1,0,0,0,0,0,0,0.34332526,0.18306081,0.16026445,0.38524243,-0.041917175,0.41164055,-0.0683153,0.2220609,0.12126435,0.31554195,0.027783304,0.33362296,0.009702295,0.37205026,0.14715321,0.22489704,0.4206533,-0.048603058,0.4915086,-0.11945835,0.2596243,0.11242595,0.33823833,0.033811927,0.30368277,0.06836748
6751,0,0,0,0,1,0,0,0,0,0.16503271,0.08492602,0.0801067,0.4610085,-0.29597577,0.24318352,-0.07815081,0.16982935,-0.004796639,0.14558654,0.01944618,0.34907922,-0.1840465,0.044941302,0.04663412,-0.0016928166,0.18336934,-0.13842803,0.056470696,-0.0115293935,0.053011496,-0.008070193,0.060705435,-0.015764132,0.1014879,-0.056546595
6776,0,1,0,0,0,0,0,0,0,0.0144938305,0.06592683,-0.051432997,0.06009404,-0.04560021,0.026363637,-0.011869807,0.02992162,-0.015427789,0.020000681,-0.005506851,0.04685422,-0.03236039,0.023057384,0.05256433,-0.029506946,0.059147336,-0.03608995,0.035605095,-0.012547711,0.041486308,-0.018428924,0.04293809,-0.019880706,0.047399763,-0.024342379
6788,1,0,1,0,1,0,1,0,0,0.39962506,0.5400638,-0.14043874,0.14070229,0.25892276,0.40871122,-0.009086162,0.18247351,0.21715155,0.41423693,-0.01461187,0.14421198,0.2554131,0.28825626,0.31334943,-0.025093168,0.15516065,0.1330956,0.39933383,-0.11107758,0.13535969,0.15289657,0.2809923,0.0072639585,0.13067424,0.15758201
6794,1,0,0,0,1,0,0,0,0,0.0129556395,0.038642965,-0.025687326,0.07499143,-0.062035788,0.024696838,-0.011741199,0.03197711,-0.01902147,0.019357098,-0.0064014588,0.053087313,-0.040131673,0.0268041,0.044016633,-0.017212532,0.0964416,-0.06963749,0.043516558,-0.016712457,0.04859281,-0.021788709,0.04553737,-0.01873327,0.06699352,-0.04018942
6796,0,0,1,0,0,0,0,0,0,0.2955675,0.4685122,-0.1729447,0.1679133,0.12765421,0.3782103,-0.08264279,0.19320017,0.10236734,0.34360588,-0.048038363,0.21979776,0.07576975,0.1453044,0.24558805,-0.10028365,0.113311194,0.031993203,0.19624703,-0.05094263,0.12729765,0.018006742,0.20664972,-0.061345324,0.13065785,0.014646545
6817,0,0,0,0,1,0,0,0,0,0.18807971,0.096460216,0.0916195,0.36232233,-0.17424262,0.19877024,-0.010690525,0.17607504,0.0120046735,0.15285593,0.035223782,0.27244136,-0.08436164,0.06985774,0.06547195,0.0043857917,0.12515438,-0.055296637,0.07282979,-0.0029720515,0.059687193,0.010170545,0.087696835,-0.017839096,0.07740168,-0.007543944
6852,0,0,1,1,1,0,0,0,0,0.13844308,0.42744926,-0.28900617,0.17691995,-0.03847687,0.15616108,-0.017718002,0.22387064,-0.08542755,0.3541798,-0.21573672,0.2245589,-0.08611582,0.16089848,0.24169767,-0.08079919,0.1264355,0.034462973,0.13943726,0.021461219,0.15420084,0.00669764,0.19189839,-0.030999914,0.12194066,0.03895782
6902,0,1,0,0,0,0,0,0,0,0.030435322,0.04751533,-0.017080007,0.09242831,-0.061992988,0.04469004,-0.014254717,0.056906648,-0.026471326,0.05708723,-0.02665191,0.09473921,-0.06430389,0.03346736,0.07950894,-0.046041578,0.09304943,-0.05958207,0.04405122,-0.010583859,0.117423326,-0.083955966,0.096256,-0.06278864,0.105775304,-0.072307944
6903,0,0,0,0,1,0,0,0,0,0.020167591,0.26036686,-0.24019927,0.07618475,-0.05601716,0.053996943,-0.033829354,0.03324442,-0.013076829,0.039886873,-0.019719282,0.069169216,-0.049001627,0.036457,0.18414688,-0.14768988,0.062290944,-0.025833946,0.050492004,-0.014035005,0.060647815,-0.024190817,0.07387863,-0.037421633,0.06624409,-0.02978709
6911,0,1,0,0,0,0,0,0,0,0.08110145,0.09567019,-0.014568746,0.10993151,-0.028830066,0.07633949,0.0047619566,0.14118189,-0.06008044,0.11035362,-0.029252172,0.115917295,-0.034815848,0.14444268,0.1334923,0.010950372,0.11006651,0.034376167,0.08144286,0.062999815,0.12985435,0.014588326,0.15854265,-0.01409997,0.073531814,0.07091086
6912,0,0,1,0,0,0,0,0,0,0.15161978,0.35112667,-0.1995069,0.2083113,-0.056691527,0.20140071,-0.049780935,0.21140246,-0.059782684,0.17238013,-0.020760357,0.26910648,-0.1174867,0.23212792,0.28101736,-0.048889443,0.28133884,-0.04921092,0.2448611,-0.012733176,0.28361437,-0.051486447,0.21176977,0.020358145,0.29263404,-0.06050612
6924,0,1,0,0,0,0,0,0,0,0.031407673,0.23877992,-0.20737225,0.1986881,-0.16728044,0.065670095,-0.034262422,0.095074385,-0.063666716,0.0763911,-0.044983428,0.17913698,-0.1477293,0.06977006,0.25202233,-0.18225226,0.21473636,-0.1449663,0.064254336,0.0055157244,0.22764432,-0.15787426,0.13588956,-0.0661195,0.17156267,-0.10179261
6925,1,0,0,0,1,0,1,0,0,0.10456435,0.35732192,-0.25275758,0.087578,0.016986348,0.123466074,-0.018901728,0.16369943,-0.059135087,0.11349973,-0.008935384,0.119448036,-0.01488369,0.08795729,0.24769163,-0.15973434,0.07432383,0.01363346,0.083734564,0.0042227283,0.14069848,-0.052741185,0.13807334,-0.050116047,0.074786074,0.013171218
6929,0,0,0,0,1,0,0,0,0,0.03324007,0.30189964,-0.26865956,0.057831507,-0.024591438,0.06918115,-0.035941083,0.043369222,-0.010129154,0.05251829,-0.01927822,0.06666795,-0.033427883,0.0372296,0.17864083,-0.14141123,0.061143994,-0.023914393,0.054651543,-0.017421942,0.034539085,0.0026905164,0.08061657,-0.04338697,0.04386558,-0.006635979
6951,0,1,0,0,0,0,0,0,0,0.010654798,0.16524535,-0.15459056,0.1643491,-0.1536943,0.04491812,-0.03426332,0.022155512,-0.011500714,0.048137188,-0.03748239,0.06802793,-0.05737313,0.040629584,0.18780185,-0.14717227,0.25907588,-0.2184463,0.056158062,-0.015528478,0.19164343,-0.15101385,0.0850685,-0.044438917,0.17694677,-0.1363172
6962,0,0,0,0,1,0,0,0,0,0.051594995,0.11315178,-0.061556786,0.07930499,-0.027709998,0.05605199,-0.004456993,0.07607191,-0.024476916,0.06410879,-0.012513794,0.08641713,-0.034822136,0.027313905,0.05830188,-0.030987976,0.04759788,-0.020283977,0.044416383,-0.017102478,0.032694798,-0.005380893,0.03685197,-0.009538064,0.04925189,-0.021937987
6992,1,0,1,0,1,0,1,0,0,0.47191414,0.46512565,0.006788492,0.36614642,0.10576773,0.5196476,-0.047733456,0.2640238,0.20789033,0.46093106,0.01098308,0.32531562,0.14659852,0.58851963,0.21969016,0.3688295,0.4536414,0.13487822,0.578347,0.0101726055,0.48381892,0.104700714,0.44813612,0.14038351,0.52409387,0.06442577
7003,0,0,1,1,1,0,0,0,0,0.3117699,0.42008868,-0.108318776,0.2177081,0.09406181,0.31131545,0.0004544556,0.10855772,0.20321217,0.3509788,-0.03920889,0.3217111,-0.0099411905,0.4878113,0.2927905,0.1950208,0.28590402,0.20190728,0.4199105,0.06790081,0.33777365,0.15003765,0.365864,0.12194729,0.32925925,0.15855205
7007,0,1,0,0,0,0,0,0,0,0.036589943,0.20342365,-0.1668337,0.1336502,-0.097060256,0.055410273,-0.01882033,0.071315244,-0.0347253,0.0844766,-0.047886655,0.13532232,-0.098732375,0.035282187,0.13562448,-0.100342296,0.12223729,-0.0869551,0.039471436,-0.004189249,0.094303794,-0.059021607,0.07839686,-0.04311467,0.10118023,-0.065898046
7016,0,0,0,0,1,0,0,0,0,0.063881464,0.37121308,-0.30733162,0.12208041,-0.058198944,0.098284096,-0.03440263,0.09859005,-0.03470859,0.11067782,-0.04679636,0.14880468,-0.084923215,0.048406437,0.19285665,-0.14445022,0.09928755,-0.05088111,0.049986348,-0.0015799105,0.0618526,-0.013446163,0.100529395,-0.052122958,0.071935534,-0.023529097
7022,0,0,1,1,0,0,0,0,0,0.118125185,0.27796924,-0.15984406,0.16289131,-0.044766128,0.1292336,-0.011108413,0.14650016,-0.02837497,0.14651382,-0.028388634,0.16711786,-0.04899268,0.13255928,0.17026575,-0.037706465,0.12954023,0.0030190498,0.12482752,0.0077317655,0.14878827,-0.016228989,0.158597,-0.026037723,0.14143199,-0.008872703
7024,0,0,1,0,0,0,0,0,0,0.45259237,0.49997044,-0.047378063,0.35150826,0.10108411,0.5182075,-0.06561512,0.38524476,0.067347616,0.48606122,-0.033468843,0.4574929,-0.004900515,0.53076786,0.3173052,0.21346265,0.26400092,0.26676694,0.511904,0.018863857,0.38871032,0.14205754,0.4913082,0.039459646,0.3420723,0.18869555
7025,0,0,1,0,0,0,0,0,0,0.41546044,0.46553317,-0.05007273,0.27551368,0.13994676,0.44563618,-0.030175745,0.29163176,0.12382868,0.49285692,-0.07739648,0.35830793,0.05715251,0.32965878,0.27128646,0.05837232,0.23256749,0.09709129,0.348386,-0.018727213,0.24407437,0.0855844,0.2957417,0.03391707,0.26288274,0.06677604
7034,0,1,0,0,0,0,0,0,0,0.0077920887,0.06416098,-0.05636889,0.11624975,-0.10845766,0.029526416,-0.021734327,0.017188458,-0.009396369,0.018468207,-0.010676118,0.052929554,-0.045137465,0.01609637,0.099751815,-0.08365545,0.21112463,-0.19502826,0.03132728,-0.015230911,0.06505976,-0.04896339,0.042533077,-0.026436707,0.11111132,-0.09501495
7053,0,1,0,0,0,0,0,0,0,0.04221217,0.056675084,-0.014462914,0.08392077,-0.0417086,0.058109116,-0.015896946,0.060081363,-0.017869193,0.07408954,-0.031877372,0.06727022,-0.02505805,0.06613637,0.1232736,-0.057137236,0.10414144,-0.03800507,0.05350275,0.012633618,0.17351457,-0.10737821,0.13192755,-0.06579118,0.09425156,-0.02811519
7054,0,0,1,0,0,0,0,0,0,0.10588502,0.4132362,-0.30735117,0.41125765,-0.30537263,0.3182604,-0.21237537,0.19076152,-0.0848765,0.16148315,-0.055598132,0.45180586,-0.34592083,0.1573431,0.27084386,-0.11350076,0.27751848,-0.12017538,0.25246623,-0.09512313,0.20732993,-0.049986824,0.18754262,-0.030199513,0.24764863,-0.09030552
7055,0,0,1,1,0,0,0,0,0,0.28569824,0.36740085,-0.08170262,0.31818914,-0.03249091,0.31690174,-0.031203508,0.30461228,-0.018914044,0.2597434,0.025954843,0.38924673,-0.1035485,0.30278337,0.20260935,0.100174025,0.21087568,0.091907695,0.27517426,0.02760911,0.2452382,0.05754517,0.3589473,-0.056163937,0.20739694,0.09538643
7069,0,1,0,0,0,0,0,0,0,0.05834545,0.3013299,-0.24298446,0.21047395,-0.1521285,0.11231896,-0.053973515,0.099635996,-0.041290548,0.09462722,-0.03628177,0.16111915,-0.102773696,0.050390445,0.20974073,-0.15935028,0.1420883,-0.09169785,0.06953411,-0.019143663,0.10047851,-0.050088063,0.10800894,-0.0576185,0.09994083,-0.049550384
7075,0,0,0,1,0,0,0,0,0,0.24592295,0.4196348,-0.17371184,0.11642434,0.12949862,0.21784826,0.028074697,0.30047762,-0.05455467,0.32906017,-0.083137214,0.2020845,0.043838456,0.06654974,0.08337351,-0.016823769,0.043584943,0.022964798,0.06021916,0.0063305795,0.10192002,-0.035370283,0.07575177,-0.009202026,0.065709576,0.0008401647
7079,0,0,0,1,0,0,0,0,0,0.29150975,0.3496519,-0.058142155,0.26052323,0.030986518,0.2740249,0.017484844,0.31076628,-0.019256532,0.2646288,0.02688095,0.35756427,-0.06605452,0.30448446,0.26564676,0.0388377,0.21466549,0.08981897,0.2628281,0.041656345,0.24146028,0.06302418,0.3469384,-0.042453945,0.20777316,0.09671129
7080,0,1,0,0,0,0,0,0,0,0.026516046,0.18670404,-0.16018799,0.25767544,-0.23115939,0.08429791,-0.057781864,0.046638243,-0.020122197,0.039040957,-0.01252491,0.124800645,-0.0982846,0.038485933,0.1684831,-0.12999716,0.27228302,-0.23379709,0.08033115,-0.041845214,0.14911613,-0.1106302,0.076569155,-0.03808322,0.1954313,-0.15694538
7130,0,0,0,0,1,0,0,0,0,0.013841748,0.10662265,-0.0927809,0.06648222,-0.052640475,0.03959296,-0.02575121,0.035893902,-0.022052154,0.028755154,-0.014913406,0.0721102,-0.05826845,0.018718146,0.11611718,-0.09739903,0.110683225,-0.09196508,0.033081867,-0.014363721,0.09086488,-0.072146736,0.03981881,-0.021100663,0.112154365,-0.09343622
7161,0,1,0,0,0,0,0,0,0,0.013938149,0.10843879,-0.09450064,0.09225027,-0.07831212,0.04492317,-0.030985022,0.022058072,-0.008119922,0.026298428,-0.0123602785,0.07099705,-0.0570589,0.029791342,0.12950702,-0.09971568,0.22497575,-0.19518441,0.0676466,-0.03785526,0.077051334,-0.047259994,0.061120536,-0.031329192,0.14930424,-0.1195129
7170,0,1,0,0,0,0,0,0,0,0.020675784,0.10327255,-0.082596764,0.15193819,-0.1312624,0.056495663,-0.03581988,0.031092636,-0.010416852,0.04251765,-0.021841867,0.10193127,-0.08125548,0.02661016,0.12777643,-0.10116627,0.16666073,-0.14005056,0.05714499,-0.030534828,0.08150735,-0.05489719,0.055277124,-0.028666964,0.14491731,-0.11830715
7190,0,1,0,0,0,0,0,0,0,0.030117547,0.11361717,-0.08349962,0.1068732,-0.07675565,0.05345617,-0.023338621,0.045171067,-0.01505352,0.053504106,-0.023386559,0.093002684,-0.062885135,0.037298188,0.14549603,-0.10819784,0.19498517,-0.15768698,0.03883171,-0.0015335232,0.12645249,-0.0891543,0.079324126,-0.04202594,0.122648016,-0.08534983
7213,0,1,0,0,0,0,0,0,0,0.027498445,0.08792694,-0.060428493,0.08869216,-0.061193712,0.04664663,-0.019148184,0.06020052,-0.032702073,0.04181936,-0.014320916,0.099562235,-0.07206379,0.048806116,0.13813633,-0.08933021,0.12718534,-0.07837923,0.04103744,0.0077686757,0.13113333,-0.08232722,0.07702764,-0.028221525,0.10664493,-0.057838812
7217,0,1,0,0,0,0,0,0,0,0.013405299,0.075049795,-0.061644495,0.13101718,-0.11761188,0.056050804,-0.042645507,0.025492627,-0.012087328,0.023303544,-0.009898245,0.09416351,-0.08075821,0.042084653,0.14096475,-0.0988801,0.1884598,-0.14637515,0.0766458,-0.034561146,0.08040449,-0.038319837,0.06940157,-0.027316917,0.14251742,-0.10043277
7243,1,0,1,0,0,0,1,0,0,0.17539425,0.5672722,-0.39187795,0.2930451,-0.11765085,0.24932982,-0.07393557,0.18201667,-0.0066224188,0.32050782,-0.14511357,0.26692697,-0.09153272,0.18016666,0.3225898,-0.14242315,0.2910894,-0.110922724,0.2725754,-0.09240875,0.17703843,0.0031282306,0.33933702,-0.15917036,0.24506156,-0.0648949
7258,0,1,0,0,0,0,0,0,0,0.024446435,0.11927286,-0.09482642,0.110191025,-0.08574459,0.071685225,-0.04723879,0.043323547,-0.018877111,0.037328806,-0.0128823705,0.12196414,-0.09751771,0.023306802,0.124667875,-0.10136107,0.1327194,-0.109412596,0.044949356,-0.021642555,0.08307304,-0.05976624,0.051418222,-0.02811142,0.12061664,-0.097309835
7323,0,1,0,0,0,0,0,0,0,0.015492851,0.12642588,-0.11093303,0.14182286,-0.12633,0.064339094,-0.048846245,0.042790778,-0.027297927,0.036857337,-0.021364486,0.12322378,-0.10773093,0.03426523,0.13855568,-0.10429044,0.13951243,-0.1052472,0.0438274,-0.009562168,0.11320483,-0.0789396,0.06290463,-0.028639402,0.09254015,-0.05827492
7328,0,1,0,0,0,0,0,0,0,0.08482937,0.1947018,-0.10987244,0.23095441,-0.14612505,0.17095675,-0.08612738,0.151068,-0.066238634,0.096869364,-0.012039997,0.26785728,-0.18302792,0.10921954,0.20473377,-0.09551423,0.30821073,-0.19899118,0.22908123,-0.119861685,0.19736949,-0.08814994,0.13817854,-0.028958999,0.28959098,-0.18037143
7348,0,1,0,0,0,0,0,0,0,0.020929564,0.054180324,-0.03325076,0.09783979,-0.07691023,0.06345224,-0.042522673,0.04245894,-0.021529377,0.04012099,-0.019191425,0.10228976,-0.08136019,0.024702882,0.04362584,-0.018922957,0.09748033,-0.07277744,0.04948708,-0.024784198,0.06270434,-0.038001455,0.036234107,-0.0115312245,0.10100121,-0.076298326
7354,1,0,0,0,0,1,1,0,0,0.033747055,0.24732485,-0.2135778,0.2579211,-0.22417405,0.11200823,-0.078261174,0.076232634,-0.04248558,0.086301446,-0.05255439,0.18981591,-0.15606886,0.07834681,0.1931007,-0.114753895,0.28238958,-0.20404276,0.123234056,-0.044887245,0.15905206,-0.08070525,0.16107593,-0.08272912,0.22022814,-0.14188132
7363,0,1,0,0,0,0,0,0,0,0.026588503,0.15001911,-0.12343061,0.14057684,-0.11398834,0.1225814,-0.09599289,0.042040568,-0.015452065,0.05934364,-0.032755136,0.16924219,-0.14265369,0.045399666,0.1682805,-0.12288083,0.17286354,-0.12746388,0.10087843,-0.055478767,0.13032989,-0.084930226,0.07206423,-0.026664563,0.20056656,-0.1551669
7374,0,0,1,0,0,0,0,0,0,0.4568417,0.41766885,0.039172858,0.46862146,-0.011779755,0.3646801,0.092161596,0.35677192,0.10006979,0.44090262,0.015939087,0.46773577,-0.01089406,0.29617414,0.1790691,0.11710504,0.37070256,-0.074528426,0.29169396,0.004480183,0.22795415,0.06821999,0.23605996,0.060114175,0.2946087,0.0015654266
7376,0,1,0,0,0,0,0,0,0,0.012612674,0.07379112,-0.061178442,0.14150915,-0.12889647,0.06206081,-0.049448136,0.027710319,-0.015097644,0.022985179,-0.010372505,0.11076083,-0.09814815,0.024797479,0.12984075,-0.10504327,0.19229627,-0.16749878,0.05298361,-0.028186133,0.07897046,-0.054172985,0.045561552,-0.020764073,0.13031703,-0.105519556
7414,0,1,0,1,0,0,0,0,0,0.016038325,0.116251655,-0.100213334,0.13455985,-0.11852153,0.03952761,-0.023489285,0.026554938,-0.010516614,0.029960567,-0.013922242,0.060816243,-0.04477792,0.053368893,0.20647243,-0.15310353,0.18482372,-0.13145483,0.04662166,0.006747231,0.18501537,-0.13164647,0.10761926,-0.05425037,0.1500768,-0.09670791
7438,0,0,1,0,0,0,0,0,0,0.24080212,0.20664422,0.034157902,0.10213311,0.13866901,0.28417948,-0.043377355,0.23518701,0.005615115,0.23385565,0.0069464743,0.24478804,-0.0039859116,0.17499456,0.21442409,-0.03942953,0.08357009,0.091424465,0.10953288,0.06546168,0.18469834,-0.009703785,0.2059442,-0.030949637,0.092010364,0.082984194
7443,0,1,0,0,0,0,0,0,0,0.015913455,0.113558106,-0.09764465,0.13164063,-0.11572717,0.03875932,-0.022845866,0.059660744,-0.04374729,0.032691088,-0.016777633,0.11607073,-0.100157276,0.021393294,0.1320244,-0.110631116,0.17667896,-0.15528566,0.032827742,-0.011434449,0.10649983,-0.08510654,0.043562934,-0.02216964,0.10685167,-0.085458376
7471,0,0,1,0,1,0,0,0,0,0.22126894,0.42214313,-0.2008742,0.29762658,-0.07635765,0.1868774,0.034391537,0.1324175,0.08885144,0.3417405,-0.12047155,0.12779343,0.093475506,0.430791,0.35022983,0.08056116,0.26039046,0.17040053,0.38545036,0.045340627,0.28925392,0.14153707,0.44283915,-0.012048155,0.20086327,0.22992772
7491,0,1,0,0,0,0,0,0,0,0.007877151,0.0791157,-0.071238555,0.08653149,-0.07865434,0.0347157,-0.02683855,0.02082516,-0.01294801,0.018061161,-0.0101840105,0.0718596,-0.06398245,0.021527654,0.112780645,-0.09125299,0.15442559,-0.13289794,0.03517772,-0.013650065,0.06946511,-0.047937453,0.045136023,-0.02360837,0.09442185,-0.07289419
7529,1,0,1,0,1,0,1,0,0,0.066740714,0.2645193,-0.19777858,0.06706207,-0.00032135844,0.1074594,-0.04071869,0.054199588,0.012541126,0.08088175,-0.014141038,0.057621267,0.009119447,0.13491316,0.27804717,-0.14313401,0.054233816,0.08067934,0.13712093,-0.002207771,0.051872652,0.083040506,0.12950917,0.0054039955,0.036328174,0.09858499
7530,0,1,0,0,0,0,0,0,0,0.020801391,0.14380176,-0.12300037,0.2634447,-0.2426433,0.087023914,-0.06622252,0.036359154,-0.015557762,0.033227652,-0.012426261,0.12620677,-0.105405375,0.035353664,0.14759706,-0.1122434,0.2445433,-0.20918964,0.07490919,-0.039555524,0.14993791,-0.11458425,0.06321506,-0.027861398,0.18690003,-0.15154637
7534,0,0,1,0,0,0,0,0,0,0.22968575,0.30029088,-0.07060513,0.3172458,-0.08756006,0.31471205,-0.085026294,0.21237662,0.01730913,0.18623774,0.043448016,0.29191932,-0.062233567,0.19350277,0.18746783,0.0060349405,0.18543369,0.008069083,0.3051689,-0.11166613,0.1491795,0.044323266,0.2058088,-0.012306035,0.170371,0.023131773
7543,0,1,0,0,0,0,0,0,0,0.049631536,0.13178933,-0.08215779,0.13025182,-0.08062029,0.11761439,-0.06798285,0.06473832,-0.015106782,0.07482061,-0.025189072,0.1753113,-0.12567976,0.06439534,0.1537726,-0.08937727,0.07842087,-0.014025532,0.066553235,-0.0021578968,0.10585507,-0.04145973,0.11083665,-0.04644131,0.074418865,-0.010023527
7560,0,1,0,0,0,0,0,0,0,0.013177065,0.067350835,-0.054173768,0.081478335,-0.06830127,0.02784641,-0.014669346,0.031309098,-0.018132033,0.024454093,-0.011277027,0.06300723,-0.04983016,0.029989932,0.117574215,-0.08758429,0.11657904,-0.08658911,0.03785079,-0.007860858,0.0944475,-0.064457566,0.06568763,-0.035697695,0.089923136,-0.059933204
7561,0,1,0,0,0,0,0,0,0,0.0067590186,0.13443999,-0.12768097,0.23645993,-0.22970091,0.054443624,-0.047684606,0.012904812,-0.006145793,0.022523373,-0.015764356,0.079558074,-0.07279906,0.021862874,0.1799162,-0.15805332,0.2550811,-0.23321821,0.048492197,-0.026629323,0.13897233,-0.117109455,0.051769573,-0.0299067,0.1717383,-0.14987542
7597,0,1,0,0,0,0,0,0,0,0.027518133,0.16235353,-0.13483539,0.18324383,-0.15572569,0.08050397,-0.05298584,0.053893026,-0.026374893,0.034788832,-0.0072706994,0.15269767,-0.12517953,0.028844822,0.14139877,-0.112553954,0.16423191,-0.1353871,0.06752678,-0.038681958,0.08908165,-0.06023683,0.050242785,-0.021397963,0.13385807,-0.10501325
7598,1,0,1,1,0,0,0,0,1,0.27290553,0.3983223,-0.12541679,0.39946103,-0.1265555,0.2863232,-0.013417661,0.32399744,-0.05109191,0.32299274,-0.050087214,0.30135107,-0.028445542,0.3035284,0.25953913,0.04398927,0.31823888,-0.014710486,0.3279211,-0.024392694,0.28012392,0.023404479,0.2371064,0.066422,0.24897827,0.054550126
7619,1,0,1,1,0,0,1,0,0,0.41781822,0.4820333,-0.064215094,0.4036989,0.014119327,0.44404224,-0.026224017,0.3851106,0.03270763,0.4660793,-0.048261076,0.3674175,0.050400704,0.19898733,0.200606,-0.0016186684,0.269824,-0.07083666,0.25219786,-0.053210527,0.25000784,-0.051020503,0.21909034,-0.020103008,0.2443905,-0.045403168
7621,0,1,0,0,0,0,0,0,0,0.09458772,0.12038651,-0.02579879,0.11421344,-0.019625716,0.1722367,-0.077648975,0.086961195,0.007626526,0.12258607,-0.02799835,0.19808823,-0.10350051,0.0779931,0.153914,-0.0759209,0.07051867,0.00747443,0.10707791,-0.02908481,0.09821529,-0.020222187,0.12706512,-0.04907202,0.09300169,-0.015008591
7644,0,1,0,0,0,0,0,0,0,0.011425812,0.07001067,-0.058584858,0.10686068,-0.095434874,0.0381411,-0.02671529,0.01236435,-0.00093853846,0.031438645,-0.020012833,0.05352304,-0.04209723,0.01969503,0.10158963,-0.0818946,0.09083417,-0.07113914,0.03453794,-0.014842911,0.09803907,-0.07834404,0.061678816,-0.041983783,0.10481631,-0.08512128
7661,1,0,0,1,1,0,0,0,1,0.094607934,0.273409,-0.17880107,0.2526024,-0.15799446,0.10265819,-0.0080502555,0.15896936,-0.06436142,0.13229842,-0.03769049,0.17190841,-0.077300474,0.13597971,0.15460868,-0.01862897,0.156724,-0.020744294,0.15501837,-0.019038662,0.14768863,-0.011708915,0.14162286,-0.0056431442,0.15324618,-0.017266467
7668,0,0,0,1,1,0,0,0,0,0.08787546,0.26560852,-0.17773306,0.17728484,-0.08940937,0.11753821,-0.029662743,0.09120872,-0.0033332556,0.15358754,-0.06571207,0.13702203,-0.04914657,0.11717342,0.1335705,-0.016397089,0.14436993,-0.027196512,0.113564804,0.0036086142,0.13820623,-0.02103281,0.13058949,-0.013416067,0.11684144,0.00033197552
7670,1,0,0,0,0,1,1,0,0,0.043476038,0.19098708,-0.14751104,0.1663484,-0.12287236,0.09939952,-0.055923484,0.07120484,-0.027728803,0.08514777,-0.04167173,0.15259911,-0.10912307,0.054649808,0.20469274,-0.15004292,0.1659731,-0.11132329,0.083464496,-0.028814688,0.14638488,-0.09173507,0.11209463,-0.057444826,0.16555125,-0.11090144
7684,1,0,0,0,0,1,1,0,0,0.1378388,0.19721137,-0.059372574,0.088885844,0.048952952,0.1491278,-0.0112890005,0.19107604,-0.053237244,0.14922586,-0.011387065,0.15363549,-0.015796691,0.19810821,0.18606976,0.012038454,0.13288292,0.06522529,0.14986518,0.04824303,0.2152318,-0.017123595,0.1987361,-0.00062789023,0.13741475,0.060693458
7692,0,0,1,0,1,0,0,0,0,0.43242,0.5777876,-0.1453676,0.21335599,0.219064,0.39859852,0.033821464,0.24763994,0.18478005,0.47319692,-0.04077694,0.25197825,0.18044174,0.30514225,0.26582763,0.039314628,0.32364786,-0.018505603,0.32357678,-0.018434525,0.24408682,0.061055437,0.3439832,-0.03884095,0.2581236,0.047018647
7700,1,0,1,1,1,0,1,0,0,0.39217964,0.3912001,0.0009795427,0.46497086,-0.07279122,0.3751775,0.017002136,0.35216337,0.040016264,0.41879156,-0.026611924,0.36326957,0.02891007,0.3058195,0.23599988,0.06981963,0.31006673,-0.0042472184,0.3552431,-0.049423575,0.26491064,0.040908873,0.28119826,0.024621248,0.27601117,0.029808342
7744,0,0,0,0,1,0,0,0,0,0.07554099,0.11937515,-0.043834157,0.09659863,-0.021057643,0.106814906,-0.031273916,0.106786594,-0.031245604,0.11061073,-0.03506974,0.13366742,-0.058126435,0.07304806,0.15745206,-0.084404,0.054998744,0.018049318,0.0667432,0.00630486,0.10878282,-0.035734758,0.14926355,-0.07621548,0.06792308,0.005124986
7747,0,0,0,0,1,0,0,0,0,0.021224774,0.079204135,-0.05797936,0.12220029,-0.10097551,0.040547863,-0.019323088,0.041407805,-0.02018303,0.045585174,-0.0243604,0.10094951,-0.07972474,0.037763424,0.17085974,-0.13309631,0.12539278,-0.087629355,0.03289344,0.0048699826,0.11497158,-0.077208154,0.10223801,-0.06447458,0.08028767,-0.04252425
7751,0,0,0,0,1,0,0,0,0,0.13667785,0.11901622,0.017661624,0.22831805,-0.091640204,0.18024284,-0.04356499,0.21251726,-0.075839415,0.13127004,0.00540781,0.19255082,-0.055872977,0.18817616,0.09858569,0.08959047,0.2710611,-0.08288494,0.1531037,0.03507246,0.33024037,-0.14206421,0.17350136,0.014674798,0.2657272,-0.07755104
7756,0,0,1,0,0,0,0,0,0,0.091085255,0.32564646,-0.2345612,0.23704599,-0.14596073,0.18262711,-0.09154186,0.18619466,-0.0951094,0.08759885,0.0034864023,0.3314382,-0.24035296,0.08885872,0.22024518,-0.13138646,0.22013105,-0.13127233,0.17903651,-0.09017779,0.14777072,-0.058911994,0.105372004,-0.01651328,0.23318893,-0.1443302
7769,1,0,0,1,0,0,0,1,0,0.1409485,0.2391253,-0.09817679,0.15936679,-0.018418282,0.15438937,-0.013440862,0.18983802,-0.048889518,0.17181765,-0.030869141,0.202441,-0.061492503,0.1521253,0.16123396,-0.009108663,0.14375006,0.008375242,0.12816003,0.02396527,0.1688257,-0.016700402,0.16119844,-0.009073138,0.12805116,0.024074137
7770,0,1,0,0,0,0,0,0,0,0.012708922,0.078055516,-0.06534659,0.11528553,-0.102576606,0.04807391,-0.03536499,0.02946245,-0.016753528,0.017195806,-0.004486884,0.074510336,-0.061801415,0.021594912,0.14712377,-0.12552886,0.11132968,-0.08973477,0.033020947,-0.011426035,0.07722592,-0.05563101,0.047919977,-0.026325066,0.072105326,-0.050510414
7793,0,1,0,0,0,0,0,0,0,0.06519613,0.15891875,-0.09372263,0.3232877,-0.25809157,0.121503256,-0.05630713,0.106831916,-0.04163579,0.11339242,-0.048196293,0.21948041,-0.15428428,0.09015121,0.2128692,-0.122717984,0.26890522,-0.178754,0.1129745,-0.022823289,0.18714872,-0.09699751,0.15413497,-0.06398376,0.23651396,-0.14636275
7797,0,1,0,0,0,0,0,0,0,0.015596109,0.11244073,-0.09684462,0.19162112,-0.17602502,0.059202697,-0.043606587,0.02826416,-0.01266805,0.036699604,-0.021103494,0.095040776,-0.07944467,0.029572265,0.109289646,-0.07971738,0.30366915,-0.27409688,0.06383318,-0.034260914,0.11073466,-0.08116239,0.0842849,-0.05471264,0.1562734,-0.12670113
7811,0,0,0,1,0,0,0,0,0,0.15280356,0.3857931,-0.23298953,0.21994828,-0.06714472,0.14129296,0.011510596,0.25641993,-0.10361637,0.24216363,-0.08936007,0.22660904,-0.07380548,0.16037673,0.15783606,0.002540663,0.21663105,-0.056254327,0.12300664,0.037370086,0.19984326,-0.03946653,0.16671726,-0.0063405335,0.16514984,-0.00477311
7812,1,0,0,0,0,1,1,0,0,0.081594445,0.20343386,-0.12183941,0.17216456,-0.090570115,0.10762526,-0.026030816,0.15711296,-0.07551851,0.13143523,-0.049840786,0.20328923,-0.12169478,0.15209225,0.18620653,-0.034114286,0.20787962,-0.05578737,0.15324816,-0.0011559129,0.22906618,-0.07697393,0.16914572,-0.01705347,0.22450708,-0.07241483
7813,0,0,0,1,1,0,0,0,0,0.31033197,0.36090696,-0.050574988,0.3969901,-0.08665812,0.2915626,0.018769383,0.31323367,-0.0029017031,0.33511442,-0.024782449,0.30604047,0.0042915046,0.1995995,0.18857944,0.011020064,0.21242338,-0.01282388,0.21625344,-0.01665394,0.1884827,0.011116803,0.20533371,-0.0057342052,0.17288114,0.026718363
7819,0,1,0,0,0,0,0,0,0,0.057959523,0.22567168,-0.16771215,0.17294972,-0.11499019,0.08763479,-0.029675264,0.10094034,-0.042980816,0.11193348,-0.053973954,0.13917431,-0.081214786,0.072214596,0.25507274,-0.18285814,0.13617204,-0.063957445,0.06859087,0.003623724,0.1621077,-0.08989311,0.13568082,-0.06346623,0.12495549,-0.052740894
7822,1,0,1,0,1,0,1,0,0,0.40866238,0.40753213,0.0011302531,0.42013568,-0.011473298,0.42647526,-0.017812878,0.22732165,0.18134072,0.3919129,0.016749471,0.30115706,0.10750532,0.37370852,0.22482508,0.14888343,0.3296998,0.044008702,0.43859875,-0.064890236,0.2750005,0.098708004,0.28150272,0.09220579,0.30055997,0.07314855
7837,0,0,0,1,0,0,0,0,0,0.06370276,0.27156144,-0.20785868,0.15182461,-0.08812185,0.085122384,-0.021419622,0.09907765,-0.035374887,0.11669791,-0.052995145,0.1535031,-0.08980034,0.06853277,0.15077691,-0.082244135,0.1807678,-0.11223503,0.09764269,-0.029109918,0.16252196,-0.093989186,0.11226475,-0.04373198,0.20154873,-0.13301596
7842,0,1,0,0,0,0,0,0,0,0.025230542,0.13110507,-0.10587452,0.07806708,-0.052836537,0.033386894,-0.008156352,0.041580576,-0.016350035,0.06334331,-0.038112767,0.060569722,-0.03533918,0.044256963,0.12971392,-0.08545696,0.13507639,-0.090819426,0.05043221,-0.006175246,0.122692555,-0.07843559,0.11463543,-0.07037847,0.12403717,-0.079780206
7848,0,1,0,0,0,0,0,0,0,0.04473965,0.21945262,-0.17471297,0.20703427,-0.16229463,0.11194319,-0.067203544,0.06944332,-0.024703674,0.06388766,-0.019148014,0.16440569,-0.11966604,0.048771553,0.20021324,-0.1514417,0.28330278,-0.23453122,0.11282196,-0.064050406,0.10433944,-0.05556789,0.10148867,-0.05271712,0.17415339,-0.12538183
7861,1,0,1,0,1,0,1,0,0,0.39267686,0.5686868,-0.17600992,0.1935344,0.19914246,0.5049381,-0.112261266,0.22588356,0.1667933,0.4996631,-0.106986254,0.25754738,0.13512948,0.33065435,0.2870094,0.043644965,0.22344033,0.10721402,0.37415534,-0.04350099,0.20457585,0.1260785,0.29861423,0.03204012,0.18562834,0.14502601
7865,0,0,0,1,0,0,0,0,0,0.06959153,0.20469806,-0.13510653,0.15637141,-0.086779885,0.054785702,0.014805827,0.18467909,-0.11508756,0.111730926,-0.042139396,0.11082829,-0.04123676,0.119489715,0.15663703,-0.037147313,0.16236544,-0.042875722,0.063091494,0.05639822,0.14060342,-0.021113709,0.14556912,-0.026079401,0.103518195,0.015971519
7873,1,0,1,1,0,0,1,0,0,0.47500676,0.42767295,0.047333807,0.2979328,0.17707396,0.41716155,0.057845205,0.32836547,0.14664128,0.50270617,-0.02769941,0.2530487,0.22195807,0.5159036,0.23910049,0.2768031,0.29785743,0.21804616,0.50943154,0.006472051,0.4015213,0.1143823,0.3533696,0.162534,0.3409136,0.17499
7876,1,0,1,0,1,0,1,0,1,0.12485271,0.21730663,-0.09245392,0.12534113,-0.0004884228,0.09181012,0.033042587,0.11049695,0.014355756,0.14359868,-0.018745966,0.07775384,0.047098868,0.16535205,0.17254317,-0.0071911216,0.22732694,-0.061974898,0.15542167,0.009930372,0.21199125,-0.046639204,0.19137627,-0.026024222,0.16695657,-0.0016045272
7877,0,0,0,1,1,0,0,0,0,0.16878062,0.47413355,-0.30535293,0.258886,-0.090105385,0.20225848,-0.033477858,0.18941474,-0.020634115,0.18989201,-0.021111384,0.2502306,-0.081449986,0.17480308,0.24640721,-0.07160413,0.31641403,-0.14161095,0.2656218,-0.09081873,0.20758305,-0.032779977,0.22804748,-0.053244397,0.28450444,-0.109701365
7880,0,1,0,0,0,0,0,0,0,0.040623114,0.08425196,-0.04362885,0.08455489,-0.043931775,0.056920584,-0.01629747,0.08430406,-0.043680944,0.0893192,-0.048696086,0.10027411,-0.059650995,0.0477582,0.14755493,-0.099796735,0.20398101,-0.15622282,0.06590068,-0.018142484,0.2246765,-0.1769183,0.11691602,-0.069157824,0.19680196,-0.14904377
7881,0,0,1,0,1,0,0,0,0,0.33627132,0.38699436,-0.050723046,0.4459733,-0.10970199,0.32080624,0.015465081,0.33458415,0.0016871691,0.3924509,-0.056179583,0.33406386,0.002207458,0.22743215,0.18579695,0.0416352,0.27140707,-0.04397492,0.26393896,-0.036506817,0.21331051,0.014121637,0.23253451,-0.005102366,0.23480101,-0.0073688626
7882,1,0,0,1,0,0,0,1,0,0.04998338,0.15998667,-0.11000329,0.22894,-0.17895661,0.06856562,-0.018582243,0.12174546,-0.071762085,0.09855796,-0.048574578,0.16606207,-0.11607869,0.12646192,0.19171476,-0.06525284,0.14833651,-0.021874592,0.11739916,0.00906276,0.18409614,-0.05763422,0.15519153,-0.028729603,0.17573701,-0.049275085
7892,0,1,0,0,0,0,0,0,0,0.04886221,0.36264247,-0.31378025,0.20840558,-0.15954337,0.120964244,-0.07210203,0.07312341,-0.024261199,0.097468704,-0.048606493,0.18540065,-0.13653845,0.04509458,0.17732127,-0.13222669,0.16517125,-0.12007667,0.076644704,-0.031550124,0.110539086,-0.06544451,0.0894742,-0.04437962,0.13781731,-0.09272273
7895,0,0,0,0,1,0,0,0,0,0.019113377,0.12754203,-0.10842866,0.22086811,-0.20175473,0.08016129,-0.06104791,0.041572995,-0.022459619,0.063366145,-0.04425277,0.12927793,-0.11016455,0.02972444,0.15265965,-0.12293521,0.2046308,-0.17490637,0.046286628,-0.016562188,0.12877825,-0.09905381,0.0709969,-0.04127246,0.13898103,-0.10925659
7905,0,1,0,0,0,0,0,0,0,0.019260732,0.10998039,-0.090719655,0.16370538,-0.14444464,0.072825864,-0.05356513,0.045701742,-0.02644101,0.04454332,-0.025282586,0.12990238,-0.11064164,0.04249728,0.14418595,-0.10168867,0.26720393,-0.22470665,0.058256842,-0.015759561,0.16715151,-0.12465423,0.076160535,-0.033663254,0.19384004,-0.15134276
7916,1,0,0,0,0,1,1,0,0,0.18476832,0.30977616,-0.12500784,0.37986028,-0.19509196,0.32520255,-0.14043424,0.19798951,-0.013221189,0.2018806,-0.017112285,0.3746873,-0.189919,0.2736141,0.16989511,0.103718996,0.36440435,-0.09079024,0.38335803,-0.10974392,0.19137338,0.08224073,0.24254711,0.031066999,0.2824875,-0.008873403
7919,1,0,1,1,0,0,1,0,0,0.2700256,0.55760527,-0.28757966,0.3343179,-0.06429228,0.29508665,-0.025061041,0.33389476,-0.06386915,0.45882216,-0.18879655,0.25317943,0.01684618,0.1407217,0.26613328,-0.12541158,0.3193707,-0.178649,0.28603503,-0.14531334,0.24240267,-0.10168098,0.186903,-0.046181306,0.42394948,-0.2832278
7946,0,0,1,1,0,0,0,0,0,0.26639363,0.45654476,-0.19015113,0.18296133,0.0834323,0.20414951,0.062244117,0.21644719,0.049946442,0.37729138,-0.11089775,0.17257275,0.093820885,0.1710456,0.22103558,-0.049989983,0.19328241,-0.02223681,0.19126885,-0.020223245,0.16360824,0.0074373633,0.16654035,0.004505247,0.17371102,-0.0026654154
7950,0,1,0,0,0,0,0,0,0,0.17310068,0.3868337,-0.21373302,0.3206181,-0.14751741,0.18836835,-0.01526767,0.19146544,-0.018364757,0.23435514,-0.061254457,0.31648034,-0.14337966,0.15159194,0.262877,-0.111285046,0.2751543,-0.12356235,0.2256843,-0.07409236,0.20566064,-0.0540687,0.17006567,-0.01847373,0.2734861,-0.121894166
7951,0,0,1,0,0,0,0,0,0,0.15938513,0.5391202,-0.37973505,0.33054712,-0.171162,0.21034865,-0.05096352,0.18442123,-0.025036097,0.25211477,-0.09272964,0.3105787,-0.15119357,0.14267758,0.3173835,-0.17470592,0.26130795,-0.11863038,0.2330418,-0.09036422,0.1744496,-0.031772017,0.1933549,-0.05067733,0.24053949,-0.097861916
7961,1,0,1,1,0,0,1,0,0,0.345902,0.57094944,-0.22504744,0.24472214,0.10117985,0.2944782,0.051423788,0.2836722,0.062229782,0.46355397,-0.11765197,0.22557531,0.12032668,0.20473652,0.27340433,-0.068667814,0.23376791,-0.029031396,0.24939398,-0.04465747,0.20277102,0.001965493,0.19513628,0.009600237,0.24398476,-0.039248243
7967,0,0,0,1,0,0,0,0,0,0.31243587,0.5134369,-0.20100105,0.5223777,-0.20994186,0.40130532,-0.08886945,0.48130462,-0.16886875,0.46323788,-0.15080202,0.49720535,-0.18476948,0.19225906,0.13364102,0.05861804,0.537847,-0.3455879,0.39036885,-0.19810979,0.37667698,-0.18441792,0.17222637,0.020032689,0.5595236,-0.3672645
7990,0,0,1,0,0,0,0,0,0,0.14187367,0.25280836,-0.11093469,0.12796153,0.013912141,0.1388215,0.003052175,0.13867873,0.003194943,0.13288604,0.008987635,0.14431988,-0.0024462044,0.10603278,0.18522988,-0.0791971,0.097297594,0.008735187,0.103727765,0.002305016,0.13932109,-0.033288307,0.13953777,-0.033504985,0.11517975,-0.009146966
7998,0,0,0,0,1,0,0,0,0,0.08878502,0.1384046,-0.04961957,0.13017441,-0.04138939,0.09448925,-0.005704224,0.14018907,-0.051404044,0.11601166,-0.027226634,0.16639943,-0.07761441,0.15265816,0.21065487,-0.057996705,0.17597356,-0.0233154,0.10745074,0.045207426,0.23969111,-0.087032944,0.18032032,-0.027662158,0.17945611,-0.02679795
8000,0,0,1,0,0,0,0,0,0,0.05955316,0.27900916,-0.219456,0.08834557,-0.028792411,0.108120695,-0.048567533,0.07658514,-0.017031975,0.07716013,-0.017606966,0.12447758,-0.06492442,0.04999418,0.21730718,-0.167313,0.0798748,-0.029880617,0.08097884,-0.030984659,0.058751922,-0.00875774,0.08531296,-0.03531878,0.08075318,-0.030758996
8032,0,0,1,0,1,0,0,0,0,0.19764757,0.31477603,-0.11712846,0.26982173,-0.07217416,0.20842032,-0.01077275,0.22215508,-0.024507508,0.2265404,-0.02889283,0.23083326,-0.03318569,0.12336039,0.13927609,-0.0159157,0.13475345,-0.011393063,0.13017523,-0.006814845,0.16485001,-0.041489623,0.17859645,-0.055236064,0.14998677,-0.026626386
8036,0,0,1,0,0,0,0,0,0,0.30026752,0.344704,-0.044436485,0.43931088,-0.13904336,0.4117689,-0.111501396,0.19868349,0.10158403,0.32630962,-0.026042104,0.29680505,0.0034624636,0.41741657,0.2039114,0.21350518,0.43046716,-0.013050586,0.47396785,-0.056551278,0.24655889,0.17085768,0.37511793,0.042298645,0.32669112,0.09072545
8041,0,0,0,1,1,0,0,0,0,0.1499921,0.2980846,-0.1480925,0.37284327,-0.22285117,0.1896981,-0.039706007,0.19485675,-0.044864655,0.18905549,-0.039063394,0.27265996,-0.122667864,0.15474887,0.15780385,-0.0030549765,0.21745402,-0.062705144,0.14096245,0.01378642,0.15808557,-0.0033366978,0.1511878,0.0035610646,0.14065982,0.014089048
8062,1,0,1,1,0,0,1,0,0,0.40972716,0.48670354,-0.07697639,0.26548386,0.1442433,0.42063874,-0.010911584,0.35663462,0.05309254,0.48329476,-0.0735676,0.33402476,0.0757024,0.29107168,0.25918105,0.03189063,0.2825103,0.008561373,0.4124029,-0.121331215,0.26189783,0.029173851,0.28160286,0.009468824,0.30338943,-0.012317747
8065,0,0,0,1,0,0,0,0,0,0.12566093,0.3265415,-0.20088059,0.17330869,-0.04764776,0.11758455,0.008076377,0.18523876,-0.059577838,0.19070129,-0.065040365,0.16137572,-0.03571479,0.17847052,0.19449855,-0.016028032,0.2486194,-0.070148885,0.18040024,-0.0019297153,0.18577947,-0.007308945,0.19419561,-0.015725091,0.20156355,-0.02309303
8076,0,1,0,0,0,0,0,0,0,0.008480137,0.077918574,-0.069438435,0.098147705,-0.089667566,0.034640558,-0.02616042,0.021387722,-0.012907585,0.018280715,-0.009800578,0.06513881,-0.05665867,0.022230335,0.08377863,-0.061548293,0.31471303,-0.2924827,0.038833313,-0.016602978,0.07731587,-0.055085532,0.039567545,-0.01733721,0.15494445,-0.13271412
8083,1,0,0,0,0,1,1,0,0,0.010390869,0.08472385,-0.07433298,0.13438891,-0.12399804,0.041958902,-0.03156803,0.031256903,-0.020866033,0.029040368,-0.0186495,0.08840049,-0.07800962,0.030458117,0.10567338,-0.075215265,0.27809155,-0.24763343,0.04798603,-0.017527914,0.10412413,-0.073666014,0.060053643,-0.029595526,0.13230456,-0.10184645
8114,0,0,1,0,0,0,0,0,0,0.11902538,0.19384335,-0.07481797,0.22367679,-0.10465141,0.21429092,-0.09526554,0.14158157,-0.022556186,0.1121445,0.0068808794,0.23146313,-0.112437755,0.113898635,0.13489999,-0.021001354,0.20740725,-0.093508616,0.20722489,-0.093326256,0.13864434,-0.024745703,0.11891639,-0.0050177574,0.17516045,-0.061261818
8116,0,1,0,0,0,0,0,0,0,0.01600875,0.07995797,-0.06394922,0.13508339,-0.11907464,0.03504107,-0.019032322,0.038937494,-0.022928745,0.037627745,-0.021618996,0.10424509,-0.08823634,0.036046676,0.12810446,-0.09205779,0.14420421,-0.10815754,0.04748931,-0.011442635,0.12182607,-0.08577939,0.06853267,-0.03248599,0.10541676,-0.06937008
8121,1,0,0,0,0,1,1,0,0,0.043936092,0.12921911,-0.085283026,0.12519398,-0.081257895,0.07617894,-0.032242846,0.09970031,-0.055764217,0.06636332,-0.022427227,0.15645415,-0.11251806,0.07151181,0.15893371,-0.0874219,0.24416572,-0.17265391,0.08545277,-0.01394096,0.20977123,-0.13825941,0.12593271,-0.054420896,0.19769812,-0.12618631
8123,0,0,0,1,1,0,0,0,0,0.1660178,0.22402954,-0.05801174,0.1665772,-0.0005594045,0.16560204,0.0004157573,0.1708979,-0.0048801005,0.2276617,-0.0616439,0.18689378,-0.020875975,0.12830503,0.15871005,-0.030405015,0.13979554,-0.011490509,0.10991489,0.018390141,0.16468064,-0.036375612,0.15636821,-0.028063178,0.14625782,-0.017952785
8126,0,1,0,0,0,0,0,0,0,0.09264801,0.35214603,-0.25949803,0.17515132,-0.08250331,0.18174312,-0.08909511,0.14198568,-0.049337678,0.14266744,-0.050019436,0.24275675,-0.15010875,0.115053795,0.2708912,-0.15583739,0.122760214,-0.0077064186,0.14518867,-0.030134879,0.15829211,-0.04323832,0.18815541,-0.07310162,0.17711033,-0.062056534
8130,0,0,0,1,1,0,0,0,0,0.09070188,0.18206926,-0.09136738,0.13104467,-0.040342793,0.09705547,-0.0063535944,0.17536189,-0.08466001,0.13822654,-0.04752466,0.13772361,-0.04702173,0.1496426,0.16834308,-0.01870048,0.081059925,0.06858268,0.08389999,0.06574261,0.19454528,-0.044902682,0.1498615,-0.00021889806,0.10857291,0.041069694
8133,0,1,0,0,0,0,0,0,0,0.05762173,0.10059411,-0.042972382,0.11685868,-0.059236955,0.07764019,-0.020018462,0.09808894,-0.040467214,0.0694795,-0.011857774,0.10541721,-0.04779548,0.052153226,0.08466635,-0.032513123,0.15469533,-0.1025421,0.059551667,-0.0073984414,0.190321,-0.13816777,0.0848389,-0.03268567,0.1651897,-0.11303647
8136,0,0,1,0,0,0,0,0,0,0.09701072,0.15208544,-0.05507472,0.0853403,0.011670418,0.108080775,-0.011070058,0.10814252,-0.011131801,0.14696561,-0.04995489,0.13555402,-0.0385433,0.10531522,0.18986139,-0.08454616,0.054224767,0.051090457,0.075150564,0.030164659,0.1245658,-0.01925058,0.15395564,-0.048640415,0.07345538,0.031859845
8138,0,1,0,0,0,0,0,0,0,0.010637942,0.08073639,-0.07009845,0.18453912,-0.17390119,0.04583298,-0.035195038,0.02039007,-0.009752127,0.023049213,-0.012411271,0.09939508,-0.08875714,0.025592847,0.12147358,-0.09588073,0.2908192,-0.26522636,0.052536484,-0.026943637,0.099016264,-0.073423415,0.06400102,-0.038408168,0.15325657,-0.12766372
8139,0,0,1,1,0,0,0,0,0,0.33835056,0.49820396,-0.1598534,0.19754829,0.14080228,0.25370932,0.08464125,0.17660233,0.16174823,0.46825582,-0.12990525,0.17693254,0.16141802,0.2518878,0.32409245,-0.07220465,0.20540884,0.046478957,0.28616834,-0.03428054,0.18959321,0.062294587,0.21474242,0.037145376,0.22806826,0.023819536
8140,0,1,0,0,0,0,0,0,0,0.075679965,0.34440297,-0.268723,0.30279335,-0.2271134,0.21167201,-0.13599205,0.08278228,-0.007102318,0.16358905,-0.08790908,0.24956615,-0.17388618,0.067108475,0.17057201,-0.10346354,0.22560365,-0.15849519,0.11334919,-0.046240717,0.118063234,-0.05095476,0.14181681,-0.074708335,0.1805027,-0.11339422
8147,0,1,0,0,0,0,0,0,0,0.0065484745,0.05468426,-0.048135784,0.08801771,-0.08146924,0.027207924,-0.02065945,0.016698375,-0.010149901,0.023515932,-0.016967457,0.052995913,-0.046447437,0.02345217,0.12486646,-0.10141429,0.152129,-0.12867683,0.034088682,-0.010636512,0.11297239,-0.08952022,0.08034894,-0.05689677,0.094466284,-0.07101411
8153,0,0,0,0,1,0,0,0,0,0.030001454,0.13885123,-0.10884977,0.16907473,-0.13907328,0.08089251,-0.050891057,0.08969927,-0.059697814,0.04513784,-0.015136387,0.18029298,-0.15029153,0.041981403,0.10147468,-0.059493277,0.21214227,-0.17016087,0.070506856,-0.028525453,0.10307003,-0.061088625,0.060414024,-0.01843262,0.13200304,-0.09002164
8164,0,1,0,0,0,0,0,0,0,0.024652543,0.117297255,-0.092644714,0.13452761,-0.10987507,0.04434767,-0.019695127,0.053591456,-0.028938914,0.04288269,-0.018230146,0.09249358,-0.06784104,0.045956697,0.16776104,-0.12180434,0.200812,-0.1548553,0.052643396,-0.0066866986,0.15211573,-0.10615903,0.08344756,-0.037490863,0.14572567,-0.09976897
8170,0,1,0,0,0,0,0,0,0,0.016609097,0.08864452,-0.072035424,0.11676291,-0.10015381,0.060220227,-0.04361113,0.026665261,-0.010056164,0.03156611,-0.014957013,0.09681913,-0.08021004,0.022615567,0.12826134,-0.105645776,0.16234855,-0.13973299,0.041165214,-0.018549647,0.09710258,-0.074487016,0.044057053,-0.021441486,0.116524644,-0.09390908
8178,0,0,0,1,1,0,0,0,0,0.35783914,0.33326897,0.024570167,0.3083344,0.049504727,0.31722766,0.040611476,0.26330015,0.09453899,0.38523853,-0.027399391,0.33730218,0.02053696,0.29402724,0.23175347,0.06227377,0.21923693,0.074790314,0.26290047,0.031126767,0.25333658,0.04069066,0.29189608,0.002131164,0.22996938,0.06405786
8185,0,0,0,1,0,0,0,0,0,0.09717788,0.38439414,-0.28721625,0.17875585,-0.08157797,0.1603373,-0.06315942,0.14553574,-0.04835786,0.117337815,-0.020159937,0.23790859,-0.14073071,0.10665854,0.26726055,-0.160602,0.14194101,-0.03528247,0.10464811,0.0020104274,0.1746344,-0.06797586,0.1689453,-0.062286757,0.14441961,-0.03776107
8195,0,0,0,0,1,0,0,0,0,0.03753766,0.15555222,-0.11801456,0.10353011,-0.065992445,0.09734162,-0.05980396,0.07143903,-0.033901367,0.057772096,-0.020234436,0.15491997,-0.1173823,0.054102927,0.13913997,-0.08503704,0.0915487,-0.037445776,0.0887555,-0.034652576,0.118758954,-0.06465603,0.096548796,-0.04244587,0.12790969,-0.07380676
8203,0,1,0,0,0,0,0,0,0,0.10246615,0.34744975,-0.2449836,0.27701402,-0.17454787,0.1975993,-0.095133156,0.19016054,-0.08769439,0.21709126,-0.11462511,0.27776602,-0.17529987,0.1328363,0.18897125,-0.056134954,0.41726622,-0.2844299,0.21814084,-0.08530454,0.21611978,-0.083283484,0.2691042,-0.13626792,0.31016567,-0.17732938
8208,0,1,0,0,0,0,0,0,0,0.026539108,0.13016899,-0.10362988,0.13630621,-0.1097671,0.11142281,-0.0848837,0.0553789,-0.028839791,0.048006784,-0.021467676,0.18250486,-0.15596576,0.041220397,0.14444666,-0.10322626,0.102713004,-0.061492607,0.077624395,-0.036404,0.12211021,-0.08088981,0.087499134,-0.046278737,0.111389644,-0.07016925
8209,1,0,1,0,0,0,1,0,0,0.49266553,0.56646585,-0.073800325,0.448074,0.044591516,0.59265924,-0.099993706,0.38189694,0.11076859,0.49023184,0.0024336874,0.45664442,0.036021113,0.6515579,0.49144855,0.16010937,0.44125736,0.21030056,0.6187832,0.032774746,0.4934845,0.15807343,0.6061372,0.045420706,0.44796985,0.20358807
8212,0,0,1,0,0,0,0,0,0,0.2111672,0.4590347,-0.24786751,0.35923225,-0.14806505,0.33462572,-0.12345852,0.21460392,-0.0034367144,0.24343419,-0.03226699,0.33909637,-0.12792917,0.31447807,0.37653536,-0.062057287,0.2612801,0.05319798,0.32437912,-0.009901047,0.21966648,0.09481159,0.3269614,-0.012483329,0.24278747,0.071690604
8218,0,0,0,1,1,0,0,0,0,0.37801585,0.30928782,0.06872803,0.16692814,0.2110877,0.31474307,0.063272774,0.3136029,0.06441295,0.3946358,-0.01661995,0.19120999,0.18680586,0.22454566,0.118490316,0.10605534,0.19715334,0.027392313,0.20787019,0.016675472,0.20409234,0.020453319,0.19536836,0.029177293,0.19357012,0.030975536
8219,0,1,0,0,0,0,0,0,0,0.015412587,0.07179602,-0.056383435,0.100635834,-0.08522325,0.052134093,-0.036721505,0.03974173,-0.02432914,0.02839897,-0.012986383,0.093752116,-0.07833953,0.040465966,0.17272393,-0.13225797,0.19452392,-0.15405795,0.05544841,-0.014982443,0.14059463,-0.100128666,0.09899759,-0.058531627,0.14271274,-0.102246776
8224,0,1,0,0,0,0,0,0,0,0.012239085,0.12506796,-0.11282888,0.12987737,-0.11763829,0.057242073,-0.04500299,0.026026035,-0.01378695,0.030438606,-0.018199522,0.100216046,-0.08797696,0.020096894,0.1361505,-0.116053596,0.21156298,-0.19146608,0.03346596,-0.013369065,0.08445805,-0.064361155,0.05377057,-0.033673674,0.11261851,-0.09252162
8241,1,0,1,0,1,0,1,0,0,0.29554433,0.46291822,-0.1673739,0.24357998,0.051964343,0.32712102,-0.031576693,0.23784873,0.057695597,0.31465086,-0.019106537,0.23006685,0.065477476,0.16325603,0.23816647,-0.07491043,0.20786183,-0.04460579,0.25489664,-0.09164061,0.13380854,0.029447496,0.20269126,-0.039435223,0.15801029,0.005245745
8242,0,0,1,0,0,0,0,0,0,0.28326616,0.3794857,-0.09621954,0.45299253,-0.16972637,0.40129054,-0.11802438,0.19785056,0.0854156,0.37007564,-0.086809486,0.3469903,-0.06372413,0.19974996,0.2562892,-0.056539252,0.30137178,-0.10162182,0.3061249,-0.106374934,0.17415401,0.025595948,0.24115479,-0.04140483,0.23841587,-0.038665906
8244,1,0,0,1,0,0,1,0,0,0.11234119,0.31837735,-0.20603615,0.12857778,-0.016236596,0.12199548,-0.009654291,0.141464,-0.029122807,0.14046687,-0.028125681,0.17177597,-0.05943478,0.19424617,0.24113244,-0.046886265,0.1413824,0.052863777,0.1501791,0.04406707,0.22119589,-0.026949719,0.18195888,0.012287289,0.15899125,0.035254925
8246,0,1,0,0,0,0,0,0,0,0.015313184,0.097957365,-0.08264418,0.108322814,-0.09300963,0.05657712,-0.041263938,0.03951114,-0.024197957,0.02320624,-0.007893056,0.12506364,-0.10975046,0.040842596,0.14773414,-0.10689154,0.14562833,-0.10478574,0.09000721,-0.04916461,0.122403964,-0.08156137,0.07167539,-0.030832794,0.18929388,-0.14845128
8254,0,1,0,0,0,0,0,0,0,0.03163261,0.106914856,-0.075282246,0.09890334,-0.06727073,0.050009537,-0.018376928,0.06361832,-0.031985708,0.059799973,-0.028167363,0.096165895,-0.064533286,0.04605428,0.0975347,-0.05148042,0.24882336,-0.20276907,0.06350902,-0.017454736,0.17124003,-0.12518576,0.0984964,-0.05244212,0.18622065,-0.14016637
8256,0,0,0,0,1,0,0,0,0,0.07297566,0.236702,-0.16372633,0.107118495,-0.034142837,0.14506075,-0.07208509,0.10947954,-0.03650388,0.09318466,-0.020209,0.17557766,-0.102602,0.04055313,0.103428274,-0.062875144,0.05191129,-0.0113581605,0.052081488,-0.011528358,0.06292218,-0.02236905,0.08544503,-0.0448919,0.064476475,-0.023923345
8259,1,0,1,0,0,0,1,0,1,0.53674334,0.5733072,-0.036563873,0.42938185,0.107361495,0.50613034,0.030613005,0.45677093,0.079972416,0.56307584,-0.026332498,0.47772127,0.05902207,0.63698864,0.43670288,0.20028576,0.5688629,0.068125725,0.68512446,-0.048135817,0.49428874,0.1426999,0.6239353,0.013053358,0.5594508,0.077537835
8261,0,1,0,1,0,0,0,0,0,0.084502526,0.27717718,-0.19267467,0.19804324,-0.11354072,0.13317464,-0.048672117,0.15656655,-0.07206402,0.12028553,-0.035783008,0.18645257,-0.10195004,0.07220021,0.18499696,-0.11279675,0.14733721,-0.075137004,0.12852257,-0.056322366,0.14640306,-0.07420285,0.1362546,-0.064054385,0.16574965,-0.093549445
8277,0,1,0,0,0,0,0,0,0,0.024501942,0.10234391,-0.07784197,0.12797126,-0.10346932,0.060591254,-0.036089312,0.045579575,-0.021077633,0.05037706,-0.025875118,0.1013463,-0.07684436,0.031142954,0.14779665,-0.116653696,0.19846202,-0.16731907,0.04465571,-0.013512757,0.106380746,-0.075237796,0.067091495,-0.03594854,0.12853909,-0.097396135
8278,0,0,0,1,1,0,0,0,0,0.10068503,0.2956417,-0.19495666,0.12583105,-0.025146022,0.06711433,0.0335707,0.22117737,-0.12049234,0.1540399,-0.053354874,0.11807674,-0.017391711,0.12268426,0.17080854,-0.048124276,0.07723079,0.045453474,0.071187966,0.051496297,0.13157712,-0.008892857,0.12870257,-0.0060183033,0.0876219,0.035062365
8281,0,0,0,1,1,0,0,0,0,0.037439898,0.19057685,-0.15313695,0.18057193,-0.14313203,0.05088628,-0.013446383,0.086042725,-0.048602827,0.084682316,-0.047242418,0.117575034,-0.08013514,0.09150424,0.118711516,-0.027207278,0.19421695,-0.10271271,0.085790046,0.005714193,0.19937049,-0.10786625,0.112262234,-0.020757996,0.17162208,-0.080117844
8284,1,0,0,0,0,1,1,0,0,0.045070346,0.13433845,-0.0892681,0.1046281,-0.059557755,0.119398795,-0.07432845,0.13614666,-0.091076314,0.09356147,-0.048491124,0.19099507,-0.14592472,0.08734063,0.11323042,-0.025889792,0.2388268,-0.15148616,0.16860746,-0.08126683,0.18431216,-0.096971534,0.13634595,-0.049005322,0.28321254,-0.19587192
8344,0,0,0,0,1,0,0,0,0,0.040115003,0.10685256,-0.06673756,0.10724542,-0.06713042,0.060939807,-0.020824805,0.07441216,-0.034297157,0.06760447,-0.027489465,0.09158571,-0.051470708,0.08772631,0.080242775,0.0074835345,0.21482608,-0.12709977,0.10533676,-0.017610453,0.21313435,-0.12540804,0.115566604,-0.027840294,0.20231672,-0.11459041
8406,1,0,1,1,1,0,1,0,0,0.43041953,0.5480768,-0.117657274,0.19787021,0.23254932,0.32828996,0.10212958,0.1866402,0.24377933,0.6087147,-0.17829517,0.18845819,0.24196135,0.35179585,0.2438235,0.10797235,0.2795639,0.07223195,0.44412988,-0.09233403,0.2331616,0.118634254,0.34774426,0.004051596,0.23835644,0.11343941
8410,0,1,0,0,0,0,0,0,0,0.012291324,0.16340019,-0.15110886,0.105021074,-0.09272975,0.064173736,-0.051882412,0.01915255,-0.0068612257,0.031106863,-0.01881554,0.1013618,-0.08907048,0.03557321,0.19822316,-0.16264994,0.14883709,-0.113263875,0.059140194,-0.023566984,0.06182131,-0.026248101,0.06425216,-0.02867895,0.114412285,-0.07883908
8415,0,0,0,0,1,0,0,0,0,0.061216544,0.40112713,-0.3399106,0.11626862,-0.055052076,0.07140922,-0.010192674,0.06139279,-0.00017624721,0.100274995,-0.03905845,0.102923475,-0.04170693,0.07866222,0.19762442,-0.1189622,0.1285382,-0.04987599,0.09565636,-0.016994141,0.07421281,0.004449405,0.1418155,-0.06315328,0.11667985,-0.03801763
8442,0,0,1,0,1,0,0,0,0,0.23680407,0.3231279,-0.08632383,0.094042905,0.14276117,0.15274984,0.08405423,0.23085661,0.0059474558,0.232722,0.004082069,0.15944356,0.07736051,0.20355543,0.26266232,-0.059106886,0.16437148,0.03918396,0.13160281,0.071952626,0.2206771,-0.017121658,0.20179245,0.0017629862,0.14887647,0.05467896
8446,0,0,0,1,1,0,0,0,0,0.03824555,0.056201607,-0.017956056,0.1337836,-0.09553804,0.040155984,-0.0019104332,0.11695221,-0.07870666,0.05219794,-0.013952389,0.10090011,-0.06265456,0.11532643,0.10854965,0.00677678,0.21985039,-0.104523964,0.06416649,0.051159933,0.27214092,-0.15681449,0.1630432,-0.047716774,0.17057918,-0.055252753
8450,0,0,1,0,0,0,0,0,0,0.35241863,0.45205265,-0.09963402,0.30554742,0.046871215,0.40367037,-0.05125174,0.24039534,0.112023294,0.37274954,-0.020330906,0.33595827,0.01646036,0.38227084,0.33125457,0.05101627,0.3119623,0.07030854,0.41146672,-0.029195875,0.28498352,0.09728733,0.33181584,0.050455004,0.30626288,0.07600796
8460,0,0,1,0,0,0,0,0,0,0.12562458,0.28037927,-0.15475468,0.19202118,-0.066396594,0.12976436,-0.004139781,0.21316199,-0.08753741,0.19897848,-0.0733539,0.2501222,-0.12449761,0.08695074,0.18709414,-0.100143395,0.10830624,-0.021355495,0.10012093,-0.01317019,0.1638451,-0.076894365,0.13972329,-0.052772544,0.14291364,-0.055962898
8473,0,0,0,1,1,0,0,0,0,0.03628006,0.07254584,-0.036265783,0.054088563,-0.017808504,0.051003583,-0.014723524,0.050782964,-0.014502905,0.061583232,-0.025303174,0.056350604,-0.020070545,0.023206023,0.06963787,-0.046431847,0.035693236,-0.012487212,0.02207591,0.0011301134,0.05439452,-0.031188497,0.056562353,-0.03335633,0.02954197,-0.006335946
8475,1,0,1,0,0,0,1,0,0,0.3744911,0.32909366,0.04539743,0.3043455,0.07014561,0.36230558,0.012185514,0.19857867,0.17591242,0.36255646,0.011934638,0.3109804,0.063510686,0.5638419,0.23147412,0.33236778,0.5188604,0.04498148,0.5435536,0.020288289,0.5215529,0.04228896,0.41927406,0.14456782,0.5132172,0.05062467
8482,0,0,0,1,0,0,0,0,0,0.033342157,0.04582362,-0.012481462,0.061540816,-0.02819866,0.0841541,-0.050811943,0.046842445,-0.013500288,0.03821964,-0.0048774816,0.093497194,-0.060155038,0.0589738,0.0401365,0.0188373,0.050633356,0.008340444,0.061490048,-0.0025162473,0.034196164,0.024777636,0.10447695,-0.04550315,0.03909372,0.019880079
8492,0,1,0,0,0,0,0,0,0,0.043795,0.109475315,-0.06568031,0.1844823,-0.1406873,0.11113878,-0.06734379,0.091848604,-0.048053604,0.07978772,-0.035992723,0.19199504,-0.14820004,0.07378385,0.093694784,-0.019910932,0.20233546,-0.1285516,0.10735787,-0.033574015,0.17244373,-0.09865988,0.11229179,-0.03850794,0.21558875,-0.1418049
8496,0,1,0,0,0,0,0,0,0,0.0046208184,0.052255057,-0.047634237,0.087629855,-0.083009034,0.018492302,-0.0138714835,0.013561225,-0.008940406,0.016627364,-0.012006545,0.03458117,-0.029960351,0.015660597,0.13402137,-0.11836077,0.2155587,-0.1998981,0.020263968,-0.004603371,0.08958408,-0.07392348,0.054583013,-0.038922414,0.09875678,-0.083096184
8501,1,0,1,0,0,0,1,0,0,0.22046939,0.21948932,0.0009800643,0.20366366,0.016805723,0.2251875,-0.00471811,0.15601628,0.06445311,0.23344976,-0.012980372,0.23255359,-0.012084201,0.34576967,0.21789412,0.12787555,0.33926362,0.0065060556,0.2688438,0.076925874,0.32267055,0.023099124,0.25062126,0.095148414,0.3406768,0.0050928593
8504,0,0,0,1,0,0,0,0,0,0.026089972,0.16284801,-0.13675804,0.15810679,-0.13201682,0.044466812,-0.01837684,0.06749493,-0.041404955,0.05538309,-0.029293118,0.086341724,-0.06025175,0.10541013,0.19684279,-0.09143266,0.2486862,-0.14327607,0.05230796,0.05310217,0.16728206,-0.06187193,0.14078219,-0.035372064,0.176763,-0.07135287
8507,0,1,0,0,0,0,0,0,0,0.10242317,0.15106234,-0.04863917,0.12747887,-0.025055699,0.10587376,-0.0034505948,0.16572835,-0.06330518,0.113408916,-0.010985747,0.16064413,-0.05822096,0.10225766,0.12054487,-0.018287212,0.08217661,0.02008105,0.09562721,0.0066304505,0.107328795,-0.0050711334,0.14126647,-0.039008804,0.08733064,0.014927022
8509,0,0,0,0,1,0,0,0,0,0.17133324,0.17183106,-0.000497818,0.25055248,-0.07921924,0.3414612,-0.17012797,0.1525398,0.018793434,0.19630353,-0.024970293,0.29944015,-0.1281069,0.26296756,0.13635965,0.12660791,0.2518703,0.011097252,0.3202113,-0.057243735,0.24932086,0.013646692,0.25907812,0.0038894415,0.23547834,0.027489215
8524,1,0,0,0,0,1,1,0,0,0.117191315,0.2556979,-0.13850659,0.18861562,-0.071424305,0.13568483,-0.018493518,0.14626037,-0.029069051,0.16363214,-0.046440825,0.22067976,-0.103488445,0.15335442,0.19760938,-0.04425496,0.16332278,-0.009968355,0.091127366,0.062227055,0.16689232,-0.013537899,0.18231528,-0.028960854,0.14307807,0.010276347
8533,0,0,1,0,0,0,0,0,0,0.15638828,0.24300297,-0.08661468,0.14234605,0.014042228,0.18321654,-0.02682826,0.16192968,-0.005541399,0.1847579,-0.02836962,0.22492325,-0.06853497,0.12355317,0.18656169,-0.06300852,0.14338824,-0.01983507,0.14250886,-0.018955693,0.16220243,-0.03864926,0.18391268,-0.060359508,0.15777454,-0.034221366
8535,0,1,0,0,0,0,0,0,0,0.15974778,0.315263,-0.15551522,0.21860754,-0.058859766,0.16360277,-0.00385499,0.19930805,-0.039560273,0.22501904,-0.06527126,0.26076606,-0.10101828,0.11877208,0.26584873,-0.14707664,0.1132973,0.0054747835,0.07737285,0.041399233,0.20602776,-0.08725568,0.17161554,-0.05284346,0.13430393,-0.015531845
8538,0,1,0,0,0,0,0,0,0,0.009467671,0.06859767,-0.059129998,0.15860938,-0.1491417,0.033496525,-0.024028854,0.022803677,-0.013336007,0.030444307,-0.020976637,0.069780566,-0.060312897,0.022540485,0.129296,-0.10675552,0.31085464,-0.28831416,0.03382518,-0.011284696,0.1457259,-0.12318542,0.066732325,-0.044191837,0.16045049,-0.13791001
8541,0,1,0,0,0,0,0,0,0,0.045517053,0.20993185,-0.1644148,0.14826626,-0.1027492,0.08323309,-0.037716035,0.09273668,-0.047219623,0.0801005,-0.034583446,0.16205321,-0.116536155,0.093902916,0.22808397,-0.13418105,0.20302401,-0.1091211,0.09522841,-0.0013254955,0.18541099,-0.091508076,0.13039647,-0.036493555,0.20238069,-0.10847777
8555,0,1,0,0,0,0,0,0,0,0.024684196,0.20954166,-0.18485747,0.17984731,-0.15516312,0.07673865,-0.05205445,0.043927602,-0.019243406,0.048029736,-0.02334554,0.147369,-0.1226848,0.055869907,0.18447919,-0.12860928,0.33016607,-0.27429616,0.10154313,-0.04567322,0.17157672,-0.11570682,0.09560929,-0.039739385,0.2538896,-0.19801968
8591,0,0,1,0,0,0,0,0,0,0.104946986,0.33678785,-0.23184086,0.22615387,-0.12120688,0.20179771,-0.09685072,0.13740627,-0.03245929,0.12906756,-0.02412057,0.24782862,-0.14288163,0.1261304,0.25993788,-0.13380748,0.22230104,-0.096170634,0.16360247,-0.03747207,0.16213568,-0.036005273,0.16522971,-0.039099306,0.22772363,-0.101593226
8609,0,0,0,0,1,0,0,0,0,0.25987625,0.50039595,-0.2405197,0.13746892,0.12240733,0.22563288,0.034243375,0.26893398,-0.00905773,0.3470299,-0.08715364,0.1329722,0.12690406,0.34216046,0.26376244,0.07839802,0.1760077,0.16615276,0.25450712,0.08765334,0.31853426,0.023626208,0.2814724,0.06068805,0.1807611,0.16139936
8622,0,0,0,1,0,0,0,0,0,0.17127265,0.40131196,-0.23003931,0.09331569,0.07795696,0.12380562,0.04746703,0.19709857,-0.025825918,0.25716755,-0.0858949,0.13913774,0.032134905,0.1834564,0.20551986,-0.022063449,0.10118865,0.082267754,0.11089298,0.072563425,0.17330337,0.01015304,0.17154828,0.011908129,0.10347887,0.079977535
8625,0,0,1,0,0,0,0,0,0,0.45478198,0.46585214,-0.011070162,0.46857077,-0.0137887895,0.4226769,0.03210509,0.27127844,0.18350354,0.5448423,-0.09006032,0.36776528,0.0870167,0.3600175,0.2864562,0.07356131,0.43582723,-0.07580972,0.5263848,-0.16636726,0.21733077,0.14268674,0.40086383,-0.040846318,0.3654767,-0.0054591894
8632,0,0,0,1,0,0,0,0,0,0.04863831,0.21304484,-0.16440652,0.11467715,-0.06603885,0.040489763,0.008148547,0.09787984,-0.04924153,0.10409622,-0.05545791,0.09180696,-0.043168653,0.12674883,0.20301962,-0.07627079,0.13627543,-0.0095265955,0.06332918,0.06341965,0.19223699,-0.06548816,0.16579354,-0.039044708,0.108732276,0.018016554
8645,0,1,0,0,0,0,0,0,0,0.017508212,0.06264951,-0.0451413,0.069039784,-0.051531572,0.04644308,-0.028934866,0.03072903,-0.013220817,0.035257123,-0.017748911,0.098127164,-0.08061895,0.026038159,0.14371164,-0.11767349,0.056399804,-0.030361645,0.027962277,-0.001924118,0.07142798,-0.04538982,0.05606782,-0.030029662,0.055277847,-0.029239688
8663,0,1,0,0,0,0,0,0,0,0.017683094,0.10407608,-0.086392984,0.09478014,-0.07709704,0.035417613,-0.017734518,0.038921114,-0.02123802,0.046580747,-0.028897652,0.05156598,-0.033882886,0.030586801,0.096426986,-0.065840185,0.2547077,-0.22412089,0.036198255,-0.005611453,0.11880168,-0.08821488,0.052449763,-0.021862961,0.14757402,-0.11698722
8680,0,0,0,1,1,0,0,0,0,0.12311484,0.228903,-0.10578816,0.28940752,-0.16629268,0.16250633,-0.039391488,0.2441579,-0.121043056,0.1929309,-0.06981607,0.29186735,-0.1687525,0.13692212,0.14752427,-0.010602146,0.20436664,-0.06744452,0.16513088,-0.028208762,0.16155075,-0.024628624,0.14730741,-0.01038529,0.20575456,-0.06883244
8688,0,1,0,0,0,0,0,0,0,0.037236966,0.2176874,-0.18045044,0.15468006,-0.11744309,0.1131603,-0.07592333,0.04156742,-0.0043304525,0.10706764,-0.06983067,0.12797956,-0.090742595,0.05280746,0.07466391,-0.021856446,0.1369534,-0.08414593,0.07850327,-0.025695812,0.12032334,-0.06751588,0.08453804,-0.03173058,0.13223258,-0.07942511
8704,1,0,1,0,0,0,1,0,0,0.25229013,0.3785736,-0.12628347,0.24048057,0.011809558,0.18210104,0.07018909,0.26781535,-0.015525222,0.24785796,0.0044321716,0.29100546,-0.038715333,0.31078222,0.26167715,0.049105078,0.29723194,0.0135502815,0.3540005,-0.043218285,0.25528455,0.055497676,0.24552785,0.065254375,0.32266197,-0.011879742
8712,0,0,0,1,0,0,0,0,0,0.16261353,0.3689787,-0.20636518,0.22332159,-0.06070806,0.18350552,-0.020891994,0.18131775,-0.01870422,0.22206762,-0.0594541,0.22756706,-0.064953536,0.1504201,0.2006611,-0.050240993,0.10620459,0.044215508,0.09512991,0.055290192,0.16513664,-0.014716536,0.1553386,-0.004918501,0.10494965,0.045470446
8727,0,1,0,0,0,0,0,0,0,0.15328863,0.42529586,-0.27200723,0.29724917,-0.14396054,0.13973367,0.0135549605,0.23029299,-0.07700436,0.22254053,-0.069251895,0.20153555,-0.04824692,0.20783927,0.1978496,0.009989664,0.30931774,-0.10147847,0.2191843,-0.011345029,0.2264344,-0.01859513,0.19886318,0.008976087,0.25548434,-0.047645077
8733,0,0,1,0,1,0,0,0,0,0.34398988,0.2390905,0.10489938,0.15653874,0.18745114,0.30875447,0.035235405,0.33175817,0.012231708,0.40236154,-0.058371663,0.21757542,0.12641446,0.15373854,0.11773531,0.036003232,0.088654295,0.06508425,0.1234959,0.030242644,0.13910127,0.0146372765,0.17740197,-0.023663431,0.09267433,0.061064214
8736,0,0,1,0,0,0,0,0,0,0.1590609,0.29401428,-0.13495338,0.23834822,-0.07928732,0.24752888,-0.088467985,0.24188867,-0.08282778,0.1440177,0.015043199,0.27743894,-0.11837804,0.13118213,0.17526965,-0.044087514,0.1710614,-0.039879262,0.13822493,-0.0070427954,0.15322065,-0.02203852,0.14964667,-0.018464535,0.17798755,-0.04680541
8744,1,0,1,1,0,0,1,0,0,0.38739684,0.49287337,-0.10547653,0.31133518,0.076061666,0.3986252,-0.011228353,0.32404828,0.06334856,0.38123134,0.0061655045,0.32860813,0.058788717,0.3550928,0.3433331,0.011759698,0.25942376,0.09566903,0.38686284,-0.03177005,0.23397617,0.12111662,0.2936582,0.061434597,0.25109613,0.103996664
8765,0,1,0,0,0,0,0,0,0,0.029637238,0.15191054,-0.1222733,0.15153754,-0.1219003,0.14709777,-0.11746053,0.059252977,-0.02961574,0.054241206,-0.024603968,0.18410143,-0.1544642,0.0521321,0.18817882,-0.13604672,0.13125093,-0.07911883,0.06053423,-0.0084021315,0.10395915,-0.05182705,0.10920974,-0.05707764,0.095095314,-0.042963214
8772,1,0,0,0,1,0,1,0,0,0.48060146,0.29849923,0.18210223,0.45065972,0.029941738,0.397765,0.08283645,0.49065462,-0.010053158,0.44192117,0.038680285,0.4348974,0.045704067,0.26691663,0.0799583,0.18695834,0.34826773,-0.0813511,0.29215685,-0.025240213,0.26457164,0.0023449957,0.19936968,0.06754695,0.22806762,0.03884901
8774,0,1,0,0,0,0,0,0,0,0.020043386,0.15568608,-0.13564269,0.12689112,-0.10684773,0.06865908,-0.048615694,0.047034577,-0.02699119,0.043185677,-0.023142291,0.117488034,-0.097444646,0.039608717,0.15397899,-0.11437027,0.084345244,-0.044736527,0.041816268,-0.0022075512,0.096515246,-0.05690653,0.099721335,-0.060112618,0.081392765,-0.041784048
8777,1,0,0,0,0,1,1,0,0,0.025018273,0.12286001,-0.09784173,0.19392762,-0.16890934,0.081865914,-0.05684764,0.059331436,-0.034313165,0.035804383,-0.010786111,0.18737121,-0.16235293,0.05305357,0.12027434,-0.06722078,0.2579748,-0.20492123,0.10616748,-0.05311391,0.16953145,-0.11647788,0.079969056,-0.026915487,0.21832788,-0.1652743
8778,0,1,0,0,0,0,0,0,0,0.024517693,0.095179066,-0.07066137,0.17526643,-0.15074873,0.0569304,-0.032412708,0.042213213,-0.01769552,0.04835107,-0.02383338,0.10083013,-0.07631244,0.023991484,0.13196032,-0.10796884,0.23146737,-0.20747589,0.042917654,-0.01892617,0.09170116,-0.06770967,0.058695592,-0.034704108,0.1199303,-0.09593882
8795,0,0,1,0,0,0,0,0,0,0.08603146,0.29099077,-0.2049593,0.23909198,-0.15306053,0.13606727,-0.050035812,0.14556491,-0.059533454,0.1804189,-0.094387434,0.24082638,-0.15479493,0.07565667,0.19998536,-0.12432869,0.30207303,-0.22641636,0.09211946,-0.016462795,0.1765667,-0.10091004,0.13157837,-0.055921704,0.22861229,-0.15295562
8808,0,0,1,0,0,0,0,0,0,0.23323768,0.4249638,-0.19172612,0.3017693,-0.0685316,0.34198657,-0.10874888,0.25498793,-0.021750242,0.24409324,-0.010855556,0.4167292,-0.18349153,0.21284032,0.28689668,-0.07405636,0.16571996,0.047120363,0.24129814,-0.02845782,0.20965596,0.0031843632,0.22266497,-0.0098246485,0.18897204,0.023868278
8813,0,0,1,1,0,0,0,0,0,0.21903674,0.50835174,-0.289315,0.13724193,0.08179481,0.16959159,0.049445152,0.1826283,0.03640844,0.31100634,-0.091969594,0.16263238,0.056404367,0.11994046,0.23956473,-0.11962427,0.114148274,0.0057921857,0.12904766,-0.009107202,0.11809596,0.001844503,0.14178436,-0.021843895,0.11395524,0.0059852228
8815,0,1,0,1,0,0,0,0,0,0.063428916,0.26141903,-0.19799012,0.15838195,-0.09495304,0.10640404,-0.04297512,0.09814086,-0.034711942,0.09429861,-0.030869693,0.18627207,-0.122843154,0.069425516,0.15039708,-0.08097156,0.21275613,-0.1433306,0.09780786,-0.028382346,0.13867116,-0.069245644,0.121698454,-0.05227294,0.17934872,-0.109923206
8833,0,1,0,0,0,0,0,0,0,0.015273551,0.17067139,-0.15539783,0.13070631,-0.11543276,0.048613682,-0.03334013,0.030131131,-0.01485758,0.033796854,-0.018523302,0.094088525,-0.078814976,0.018777577,0.1478082,-0.12903062,0.18675826,-0.16798069,0.040873796,-0.022096219,0.07942634,-0.06064876,0.042966057,-0.02418848,0.12966175,-0.110884175
8834,0,0,1,0,0,0,0,0,0,0.052176226,0.14680143,-0.094625205,0.1101419,-0.057965677,0.059883412,-0.007707186,0.07975267,-0.027576443,0.09827242,-0.046096195,0.12691773,-0.07474151,0.075101346,0.15183432,-0.07673298,0.15686446,-0.08176312,0.07482843,0.00027291477,0.18547636,-0.11037502,0.13112599,-0.05602464,0.1793151,-0.10421376
8844,0,1,0,0,0,0,0,0,0,0.034743946,0.30751044,-0.2727665,0.3093267,-0.27458277,0.16080849,-0.12606454,0.062871605,-0.02812766,0.11819285,-0.0834489,0.21299174,-0.1782478,0.095526226,0.2103394,-0.11481317,0.3005417,-0.20501548,0.14050886,-0.044982634,0.17646699,-0.08094076,0.1768591,-0.08133287,0.24930666,-0.15378043
8853,0,1,0,0,0,0,0,0,0,0.006293375,0.071198314,-0.06490494,0.1441058,-0.13781244,0.04006109,-0.033767715,0.016913906,-0.010620531,0.018088326,-0.011794951,0.08139877,-0.0751054,0.016782414,0.11700598,-0.10022357,0.13544078,-0.118658364,0.037188582,-0.020406168,0.090606205,-0.073823795,0.046651546,-0.029869132,0.106341094,-0.089558676
8860,1,0,1,1,1,0,1,0,0,0.5003143,0.62872,-0.12840569,0.22956224,0.27075207,0.4518386,0.048475683,0.46285734,0.03745696,0.63719136,-0.13687706,0.29149085,0.20882344,0.26052395,0.31453535,-0.054011405,0.41619432,-0.15567037,0.3478539,-0.087329954,0.2568977,0.0036262572,0.49315548,-0.23263153,0.4848209,-0.22429696
8864,1,0,1,0,0,0,0,0,0,0.1626349,0.27844733,-0.115812436,0.17697278,-0.014337882,0.28082797,-0.118193075,0.1356637,0.026971191,0.13690862,0.025726274,0.23394465,-0.07130976,0.19755405,0.3270969,-0.12954286,0.14565997,0.051894084,0.2454163,-0.047862247,0.18366407,0.013889983,0.19449586,0.003058195,0.1758058,0.021748245
8873,1,0,0,0,1,0,1,0,0,0.17124344,0.4982703,-0.32702684,0.28776547,-0.11652203,0.32455575,-0.15331231,0.1535012,0.017742246,0.21170391,-0.040460467,0.30982685,-0.1385834,0.25601476,0.3474704,-0.09145564,0.23650044,0.019514322,0.36842066,-0.112405896,0.2150773,0.04093747,0.2545157,0.0014990568,0.26865247,-0.012637705
8880,1,0,0,1,0,0,1,0,0,0.15156963,0.2888508,-0.13728118,0.51544154,-0.3638719,0.23300125,-0.08143161,0.2929257,-0.14135605,0.17930551,-0.027735874,0.37449113,-0.22292149,0.19216762,0.18154852,0.010619104,0.3980855,-0.20591788,0.25235474,-0.060187116,0.21724117,-0.025073543,0.20763059,-0.015462965,0.27242002,-0.080252394
8902,0,1,0,0,0,0,0,0,0,0.020032927,0.12626877,-0.10623585,0.1079056,-0.08787267,0.043697096,-0.023664169,0.044048328,-0.0240154,0.042919245,-0.022886317,0.073863804,-0.053830877,0.04676063,0.18734851,-0.14058788,0.29311913,-0.2463585,0.04717729,-0.00041665882,0.1692219,-0.12246126,0.102669254,-0.055908624,0.16724832,-0.12048769
8916,0,1,0,0,0,0,0,0,0,0.03535593,0.15377198,-0.118416056,0.124642625,-0.0892867,0.100543536,-0.0651876,0.05149988,-0.016143952,0.04737676,-0.01202083,0.153807,-0.118451074,0.046984397,0.13251098,-0.08552658,0.1333213,-0.0863369,0.0864052,-0.039420806,0.085876815,-0.03889242,0.08778502,-0.040800624,0.15334603,-0.106361635
8922,0,1,0,0,0,0,0,0,0,0.061631463,0.22520508,-0.16357362,0.2770276,-0.21539614,0.102302805,-0.04067134,0.10676476,-0.0451333,0.13810736,-0.076475896,0.2113967,-0.14976522,0.045775115,0.16107336,-0.11529824,0.3151296,-0.2693545,0.07998779,-0.03421267,0.18712814,-0.14135303,0.09211863,-0.046343513,0.22698504,-0.18120992
8963,0,1,0,0,0,0,0,0,0,0.021424167,0.116518065,-0.0950939,0.13004074,-0.10861657,0.045388844,-0.023964677,0.037516013,-0.016091846,0.06082596,-0.039401792,0.101522684,-0.08009852,0.02805819,0.123651385,-0.0955932,0.12629071,-0.09823252,0.029306166,-0.001247976,0.12452359,-0.096465394,0.059669252,-0.031611063,0.10783012,-0.079771936
8981,0,0,0,0,1,0,0,0,0,0.025586592,0.10842255,-0.08283596,0.100898385,-0.075311795,0.032248203,-0.0066616107,0.07171087,-0.04612428,0.05126451,-0.025677918,0.08587986,-0.060293272,0.039582822,0.14763944,-0.10805662,0.18302894,-0.14344612,0.035904612,0.00367821,0.13704646,-0.09746364,0.093946725,-0.054363903,0.1034687,-0.06388588
9002,0,1,0,0,0,0,0,0,0,0.17592098,0.35071397,-0.17479299,0.22720739,-0.051286414,0.19114864,-0.015227661,0.1957829,-0.019861922,0.2171899,-0.041268915,0.27405357,-0.098132595,0.20973684,0.2849149,-0.07517807,0.23300281,-0.023265973,0.15780546,0.05193138,0.26195946,-0.052222624,0.24608465,-0.036347806,0.25221065,-0.042473808
9010,0,1,0,0,0,0,0,0,0,0.024230678,0.16956927,-0.1453386,0.09173381,-0.06750314,0.06449654,-0.040265862,0.030593105,-0.006362427,0.053259585,-0.029028907,0.08860854,-0.06437786,0.034510955,0.16188553,-0.12737457,0.107646264,-0.07313531,0.05631698,-0.021806024,0.076392,-0.041881047,0.078651816,-0.04414086,0.09811356,-0.063602604
9021,0,0,1,0,1,0,0,0,0,0.33927926,0.3750909,-0.035811633,0.35802406,-0.018744797,0.43469584,-0.095416576,0.3828611,-0.043581843,0.39021158,-0.050932318,0.39822587,-0.05894661,0.3365986,0.27030718,0.06629142,0.37953287,-0.04293427,0.41138664,-0.074788034,0.31468388,0.02191472,0.31156826,0.025030345,0.31881723,0.017781377
9024,1,0,0,0,0,1,1,0,0,0.027810084,0.114108466,-0.086298384,0.12644184,-0.098631755,0.051061634,-0.02325155,0.053212836,-0.025402753,0.04953532,-0.021725236,0.09105504,-0.06324496,0.043492105,0.165192,-0.121699885,0.18118528,-0.13769317,0.054818146,-0.011326041,0.13889073,-0.09539862,0.08824746,-0.04475536,0.15651062,-0.11301851
9036,0,1,0,0,0,0,0,0,0,0.0134541225,0.12108209,-0.107627966,0.09639142,-0.08293729,0.043785136,-0.030331014,0.017507892,-0.0040537696,0.031218052,-0.01776393,0.06697054,-0.053516418,0.023793958,0.1447652,-0.12097124,0.1493541,-0.12556013,0.035107642,-0.011313684,0.06833072,-0.044536762,0.05772575,-0.03393179,0.083685435,-0.059891477
9056,0,1,0,0,0,0,0,0,0,0.012532952,0.11053939,-0.09800644,0.10879946,-0.09626651,0.045051828,-0.032518875,0.019887943,-0.0073549906,0.025151687,-0.0126187345,0.06705396,-0.054521006,0.020873258,0.123874255,-0.103001,0.186749,-0.16587573,0.03992664,-0.019053383,0.07171421,-0.05084095,0.0507303,-0.029857041,0.11043609,-0.08956283
9063,1,0,0,1,0,0,0,0,1,0.038065653,0.14056344,-0.10249779,0.14995405,-0.111888394,0.052465763,-0.01440011,0.082761735,-0.04469608,0.07134599,-0.03328034,0.11022993,-0.07216428,0.123035766,0.2185767,-0.09554093,0.21191785,-0.08888208,0.1354415,-0.012405731,0.18572956,-0.0626938,0.15007502,-0.027039252,0.2097721,-0.08673633
9094,0,0,0,1,1,0,0,0,0,0.10804136,0.25804937,-0.15000801,0.14321601,-0.035174653,0.1130933,-0.0050519407,0.18028416,-0.0722428,0.14181933,-0.033777967,0.18007885,-0.07203749,0.12843405,0.17520265,-0.046768606,0.15766115,-0.029227108,0.14251204,-0.014077991,0.14422251,-0.015788466,0.13177751,-0.003343463,0.15646483,-0.028030783
9095,1,0,1,0,0,0,1,0,0,0.19478789,0.38030487,-0.18551698,0.34376457,-0.14897668,0.3718397,-0.17705181,0.16896859,0.025819302,0.24922025,-0.054432362,0.3761863,-0.18139842,0.33550835,0.3430699,-0.0075615644,0.38284603,-0.04733768,0.45805812,-0.12254977,0.24763024,0.08787811,0.3978007,-0.062292367,0.34313524,-0.007626891
9108,0,0,0,1,0,0,0,0,0,0.06738018,0.2107512,-0.14337102,0.1659442,-0.09856402,0.09286331,-0.025483124,0.1101037,-0.042723514,0.11185948,-0.044479296,0.16206345,-0.09468327,0.11801048,0.16060172,-0.042591237,0.26680902,-0.14879853,0.14488977,-0.026879288,0.19587317,-0.07786269,0.18270989,-0.064699404,0.2386237,-0.12061321
9110,1,0,0,1,0,0,1,0,0,0.2510511,0.5159107,-0.2648596,0.32400942,-0.07295832,0.12659924,0.12445186,0.4810114,-0.2299603,0.46713904,-0.21608794,0.34566265,-0.094611555,0.18916714,0.26331717,-0.074150026,0.40006906,-0.21090192,0.16733135,0.02183579,0.2802457,-0.09107855,0.19938046,-0.0102133155,0.35745153,-0.16828439
9115,0,0,1,0,0,0,0,0,0,0.11773752,0.24581327,-0.12807575,0.23055497,-0.11281745,0.21229903,-0.09456152,0.14802049,-0.030282974,0.10493545,0.012802064,0.2448888,-0.12715128,0.13080782,0.20977893,-0.07897112,0.15397125,-0.023163438,0.18922812,-0.0584203,0.12321492,0.007592894,0.15976468,-0.02895686,0.18211558,-0.051307768
9133,0,1,0,0,0,0,0,0,0,0.07287356,0.15464671,-0.08177315,0.1114664,-0.038592838,0.12449789,-0.051624328,0.117406026,-0.044532463,0.13774407,-0.06487051,0.2027648,-0.12989123,0.07665044,0.086625144,-0.009974703,0.08637733,-0.009726889,0.10463027,-0.027979828,0.09489638,-0.018245943,0.15847583,-0.08182539,0.083344676,-0.006694235
9144,0,0,0,1,1,0,0,0,0,0.6096509,0.4813056,0.12834531,0.15772274,0.45192817,0.46230426,0.14734665,0.42607898,0.18357193,0.635464,-0.025813103,0.14626263,0.46338826,0.24763983,0.1715772,0.076062635,0.34086904,-0.093229204,0.30149767,-0.053857833,0.18591344,0.06172639,0.38938215,-0.14174232,0.25094792,-0.0033080876
9164,0,1,0,0,0,0,0,0,0,0.0077671153,0.05959938,-0.051832266,0.086181454,-0.078414336,0.038934797,-0.031167682,0.013813638,-0.006046523,0.025129791,-0.017362677,0.044218868,-0.036451753,0.01935104,0.110572055,-0.09122102,0.22220351,-0.20285247,0.030548947,-0.011197908,0.08959194,-0.0702409,0.045634348,-0.026283309,0.12365196,-0.104300916
9167,0,0,1,0,0,0,0,0,0,0.20860666,0.36592817,-0.15732151,0.16397,0.044636667,0.19708374,0.011522919,0.2824034,-0.07379675,0.22827488,-0.019668221,0.26199442,-0.05338776,0.19134904,0.2460258,-0.054676756,0.16250817,0.02884087,0.1838207,0.0075283498,0.18604292,0.0053061247,0.1919774,-0.00062835217,0.16882135,0.022527695
9174,0,1,0,0,0,0,0,0,0,0.00833857,0.06567574,-0.057337172,0.17287609,-0.16453752,0.047012202,-0.03867363,0.015983755,-0.007645185,0.013249277,-0.0049107075,0.07360108,-0.06526251,0.020197399,0.11475446,-0.09455706,0.24174318,-0.22154579,0.04769295,-0.027495552,0.11095873,-0.09076133,0.038078647,-0.017881248,0.14534554,-0.12514815
9176,0,0,1,0,0,0,0,0,0,0.13057187,0.42769277,-0.2971209,0.088318944,0.042252928,0.13725466,-0.0066827834,0.10996905,0.020602822,0.161331,-0.030759126,0.10574637,0.024825498,0.08114966,0.22706506,-0.14591539,0.08843162,-0.007281959,0.11598386,-0.0348342,0.074554555,0.006595105,0.121811025,-0.040661365,0.093207404,-0.012057744
9178,0,1,0,0,0,0,0,0,0,0.01415717,0.14893788,-0.1347807,0.10188961,-0.08773244,0.054733746,-0.040576577,0.02164296,-0.00748579,0.025777804,-0.011620633,0.08054934,-0.06639217,0.023799783,0.15720037,-0.13340059,0.116148844,-0.09234906,0.03804455,-0.014244767,0.0672786,-0.043478817,0.053194724,-0.029394941,0.09764771,-0.07384793
9180,1,0,1,0,1,0,1,0,0,0.33927503,0.40072408,-0.06144905,0.5231011,-0.18382606,0.4722958,-0.13302076,0.33706078,0.002214253,0.35639897,-0.017123938,0.45729297,-0.11801794,0.47987002,0.26355597,0.21631405,0.4571002,0.022769809,0.5170079,-0.037137866,0.3405927,0.13927731,0.4303631,0.049506932,0.43105793,0.04881209
9183,0,0,0,1,0,0,0,0,0,0.0747917,0.38522157,-0.31042987,0.39226282,-0.31747112,0.15490356,-0.08011186,0.120060444,-0.045268744,0.14990418,-0.07511248,0.21681619,-0.14202449,0.12512971,0.26526666,-0.14013694,0.26918218,-0.14405246,0.14093511,-0.015805393,0.18835364,-0.06322393,0.18608478,-0.060955063,0.22074157,-0.095611855
9187,0,1,0,0,0,0,0,0,0,0.040587932,0.39428496,-0.35369703,0.08552032,-0.044932388,0.0501739,-0.009585969,0.05436473,-0.013776798,0.06981744,-0.029229507,0.08123938,-0.040651448,0.08197133,0.21826284,-0.1362915,0.14901431,-0.06704298,0.08488698,-0.0029156506,0.1067292,-0.02475787,0.14449733,-0.062526,0.12917966,-0.047208324
9196,0,1,0,0,0,0,0,0,0,0.022315992,0.16470015,-0.14238416,0.18863313,-0.16631714,0.11774824,-0.095432244,0.037809342,-0.01549335,0.030158456,-0.007842464,0.16669157,-0.14437558,0.048424125,0.17023474,-0.121810615,0.15812658,-0.10970245,0.11509255,-0.06666843,0.09335642,-0.0449323,0.08389233,-0.035468206,0.12631774,-0.077893615
9211,0,0,1,0,0,0,0,0,0,0.31275207,0.35356826,-0.040816188,0.422356,-0.10960394,0.33838508,-0.025633007,0.30478194,0.0079701245,0.3498992,-0.037147135,0.4312636,-0.11851153,0.3064307,0.19382629,0.11260441,0.42969802,-0.12326732,0.3399901,-0.03355941,0.35110548,-0.044674784,0.25429314,0.052137554,0.42130682,-0.11487612
9217,0,0,0,1,0,0,0,0,0,0.22620454,0.35699442,-0.13078988,0.25606143,-0.02985689,0.30416584,-0.077961296,0.17253073,0.05367382,0.31742612,-0.09122157,0.27573106,-0.049526513,0.19713648,0.2116571,-0.01452063,0.24790247,-0.05076599,0.20439154,-0.0072550625,0.2503959,-0.053259417,0.20076014,-0.0036236644,0.25355268,-0.0564162
9229,0,1,0,0,0,0,0,0,0,0.04152406,0.35112378,-0.30959973,0.18296784,-0.14144379,0.12263374,-0.08110968,0.08744695,-0.04592289,0.10398566,-0.0624616,0.17929399,-0.13776994,0.05740843,0.19518194,-0.13777351,0.15434973,-0.0969413,0.088524394,-0.031115964,0.12670887,-0.069300435,0.10311689,-0.045708463,0.14942952,-0.092021085
9246,0,0,1,0,0,0,0,0,0,0.12017777,0.3217754,-0.20159763,0.30756694,-0.18738917,0.19481504,-0.07463727,0.18769868,-0.06752091,0.19290465,-0.07272688,0.26831895,-0.14814118,0.16844761,0.2402319,-0.07178429,0.30802497,-0.13957736,0.16416676,0.0042808503,0.1930827,-0.024635091,0.22532398,-0.05687636,0.20831268,-0.03986506
9248,1,0,0,0,1,0,0,0,1,0.113771595,0.14111155,-0.027339958,0.05863898,0.055132616,0.08259189,0.031179704,0.06113477,0.052636825,0.108142704,0.0056288913,0.045694258,0.06807734,0.04387025,0.08781311,-0.043942858,0.057728425,-0.013858173,0.03508192,0.008788332,0.055592746,-0.011722494,0.07708655,-0.0332163,0.04221273,0.0016575232
9260,0,0,1,0,0,0,0,0,0,0.0953848,0.26979485,-0.17441005,0.33271927,-0.23733446,0.18928109,-0.09389629,0.107076205,-0.011691406,0.16065884,-0.06527404,0.26165193,-0.16626713,0.12202631,0.1957784,-0.07375209,0.39080358,-0.26877725,0.21347864,-0.09145233,0.16058931,-0.038563,0.19004992,-0.06802361,0.26120093,-0.13917463
9265,0,0,0,1,1,0,0,0,0,0.28113028,0.31729195,-0.03616166,0.31372842,-0.032598138,0.32063332,-0.039503038,0.28500384,-0.0038735569,0.26914424,0.011986047,0.38584498,-0.10471469,0.19138938,0.20715684,-0.015767455,0.2006816,-0.009292215,0.22128129,-0.029891908,0.20330472,-0.011915341,0.17659833,0.0147910565,0.22540244,-0.034013063
9272,0,1,0,0,0,0,0,0,0,0.062548086,0.24210878,-0.17956069,0.13621013,-0.07366204,0.10636586,-0.043817773,0.11602914,-0.053481057,0.118031606,-0.05548352,0.15150431,-0.08895622,0.07486137,0.17870025,-0.10383888,0.121483825,-0.046622455,0.10728144,-0.03242007,0.15206784,-0.07720647,0.14424734,-0.06938597,0.14326532,-0.06840395
9282,0,1,0,0,0,0,0,0,0,0.10214664,0.13595803,-0.03381139,0.12882532,-0.026678681,0.09049262,0.011654019,0.17680357,-0.07465693,0.1373943,-0.035247654,0.1795702,-0.07742356,0.08048934,0.16137628,-0.080886945,0.19046406,-0.10997473,0.074880145,0.005609192,0.2240831,-0.14359376,0.15806483,-0.07757549,0.18799002,-0.10750069
9286,0,1,0,0,0,0,0,0,0,0.043249533,0.17052141,-0.12727188,0.09318298,-0.04993345,0.044220805,-0.0009712726,0.085731946,-0.042482413,0.0923985,-0.04914897,0.093661524,-0.05041199,0.096230075,0.208233,-0.112002924,0.19435933,-0.09812926,0.08631697,0.009913102,0.1596224,-0.063392326,0.12711316,-0.030883089,0.18394928,-0.0877192
9299,1,0,0,0,0,1,1,0,0,0.021779288,0.09315323,-0.07137394,0.1959322,-0.17415291,0.06813827,-0.046358984,0.060650982,-0.038871694,0.026108896,-0.0043296088,0.13310461,-0.11132532,0.028996643,0.11915669,-0.09016004,0.18435834,-0.1553617,0.05093298,-0.021936338,0.08123612,-0.052239474,0.0481516,-0.019154958,0.105060674,-0.076064035
9301,0,0,1,0,0,0,0,0,0,0.16383646,0.32262892,-0.15879245,0.34500974,-0.18117328,0.3122258,-0.14838932,0.28065878,-0.11682232,0.23497984,-0.071143374,0.3943955,-0.23055904,0.13516231,0.20020054,-0.065038234,0.25716347,-0.122001156,0.20963503,-0.074472725,0.19898179,-0.06381948,0.18079683,-0.045634523,0.22291777,-0.08775546
9303,0,1,0,0,0,0,0,0,0,0.014730074,0.11066482,-0.09593475,0.13115588,-0.116425805,0.036540706,-0.021810632,0.027036382,-0.012306307,0.05101995,-0.03628988,0.06696443,-0.05223436,0.029254692,0.14717689,-0.1179222,0.2484746,-0.21921991,0.043682057,-0.014427366,0.1337232,-0.10446851,0.075528786,-0.046274096,0.16421169,-0.134957
9306,1,0,0,1,1,0,0,0,1,0.2187297,0.34970266,-0.13097295,0.19924182,0.019487888,0.19269434,0.026035368,0.28655246,-0.067822754,0.2691072,-0.050377488,0.22705261,-0.0083229095,0.20350243,0.19920929,0.0042931437,0.2061626,-0.0026601702,0.1889788,0.014523625,0.22338559,-0.019883156,0.21044967,-0.0069472343,0.19331422,0.010188207
9338,0,1,0,0,0,0,0,0,0,0.060454484,0.30325156,-0.24279708,0.27787083,-0.21741635,0.1751125,-0.11465801,0.086116135,-0.025661651,0.07022918,-0.009774696,0.19303726,-0.13258277,0.09117523,0.22222373,-0.1310485,0.22212544,-0.13095021,0.15471871,-0.06354348,0.14353585,-0.052360624,0.14396855,-0.052793324,0.16463768,-0.07346246
9346,0,0,0,1,1,0,0,0,0,0.09001844,0.21929635,-0.12927791,0.12507746,-0.03505902,0.107254505,-0.017236069,0.11450289,-0.024484456,0.14506237,-0.055043936,0.13975345,-0.04973501,0.096174374,0.16943721,-0.07326284,0.097417,-0.0012426227,0.084139496,0.012034878,0.11020605,-0.014031678,0.11629851,-0.020124137,0.0968419,-0.0006675273
9353,0,1,0,0,0,0,0,0,0,0.009080754,0.12519021,-0.11610946,0.1439511,-0.13487035,0.037389327,-0.028308574,0.018370576,-0.009289823,0.029132672,-0.020051919,0.0666841,-0.057603344,0.0230882,0.16382411,-0.14073591,0.24315017,-0.22006197,0.033998635,-0.010910435,0.12625691,-0.10316871,0.07549678,-0.052408576,0.16482146,-0.14173326
9366,0,0,1,0,1,0,0,0,0,0.11785792,0.19881251,-0.0809546,0.19653493,-0.07867701,0.25689533,-0.13903742,0.1322653,-0.014407381,0.15594132,-0.038083404,0.22202367,-0.10416575,0.087760545,0.14158387,-0.05382333,0.13598417,-0.048223622,0.18279703,-0.095036484,0.093963034,-0.006202489,0.13762197,-0.049861424,0.15336514,-0.06560459
9396,0,1,0,0,0,0,0,0,0,0.01702664,0.11983938,-0.10281274,0.16701241,-0.14998576,0.058187496,-0.041160855,0.051566012,-0.03453937,0.043031637,-0.026004996,0.1181868,-0.10116016,0.030631002,0.11598746,-0.08535646,0.11203913,-0.08140813,0.039417002,-0.008786,0.09266072,-0.062029716,0.09793942,-0.06730841,0.0910867,-0.0604557
9410,0,1,0,0,0,0,0,0,0,0.008538084,0.046079803,-0.037541717,0.10965223,-0.10111415,0.032288652,-0.023750568,0.02288919,-0.014351105,0.014833606,-0.0062955217,0.06621826,-0.057680175,0.014315126,0.05680096,-0.042485833,0.16402406,-0.14970893,0.029104013,-0.0147888865,0.06841875,-0.05410362,0.031929366,-0.01761424,0.09830049,-0.08398536
9416,0,0,0,1,1,0,0,0,0,0.26853707,0.25184253,0.016694546,0.17069058,0.09784649,0.3128871,-0.044350028,0.23106834,0.03746873,0.24591734,0.02261974,0.3052484,-0.036711335,0.22691622,0.12849854,0.098417684,0.22492494,0.0019912869,0.29144585,-0.06452963,0.20958921,0.01732701,0.1892501,0.037666127,0.26690328,-0.039987057
9422,0,0,0,0,1,0,0,0,0,0.07126566,0.25243694,-0.18117127,0.07093301,0.00033265352,0.09939583,-0.028130166,0.10832671,-0.03706105,0.11736479,-0.046099126,0.09459166,-0.023326002,0.11871684,0.19529817,-0.07658132,0.10373506,0.014981784,0.108314134,0.010402709,0.1728616,-0.054144762,0.16629086,-0.04757402,0.10814252,0.010574326
9449,0,1,0,0,0,0,0,0,0,0.00865282,0.098764636,-0.090111814,0.19472884,-0.18607602,0.03673029,-0.028077468,0.020948216,-0.012295396,0.024808574,-0.016155753,0.06751681,-0.05886399,0.030459547,0.16375811,-0.13329856,0.26286733,-0.23240778,0.049866784,-0.019407237,0.15138833,-0.12092879,0.0867871,-0.05632755,0.17659034,-0.14613079
9453,0,0,0,0,1,0,0,0,0,0.13294701,0.30245826,-0.16951124,0.11468463,0.018262386,0.18581884,-0.052871823,0.17742898,-0.044481963,0.1256947,0.0072523057,0.22758855,-0.09464154,0.17589393,0.25060806,-0.074714124,0.14276144,0.033132493,0.16436608,0.011527851,0.18853568,-0.012641743,0.20149767,-0.025603741,0.14391264,0.03198129
9458,0,0,0,1,0,0,0,0,0,0.28688878,0.50855565,-0.22166687,0.2933542,-0.006465435,0.37162122,-0.08473244,0.22512844,0.061760336,0.3135225,-0.02663371,0.28402936,0.0028594136,0.21806906,0.3287317,-0.110662624,0.14378217,0.07428689,0.22575305,-0.0076839924,0.17690377,0.041165292,0.23849064,-0.02042158,0.15987146,0.058197603
9461,0,1,0,0,0,0,0,0,0,0.03882724,0.12930441,-0.09047717,0.19806339,-0.15923615,0.13186292,-0.09303568,0.07523454,-0.0364073,0.048852857,-0.010025617,0.20709272,-0.16826548,0.075459264,0.12954137,-0.054082103,0.18499509,-0.10953582,0.13051409,-0.05505482,0.12763986,-0.052180596,0.11368714,-0.03822788,0.17464353,-0.09918427
9475,0,1,0,0,0,0,0,0,0,0.013409954,0.10672211,-0.09331216,0.10319466,-0.08978471,0.03542852,-0.022018567,0.029240692,-0.015830738,0.02871858,-0.015308626,0.06349933,-0.050089378,0.021500703,0.12067075,-0.099170044,0.29772523,-0.27622452,0.0324331,-0.010932397,0.09672496,-0.07522425,0.049901884,-0.028401181,0.11118758,-0.08968687
9543,0,0,1,1,1,0,0,0,0,0.066716716,0.17166352,-0.10494681,0.08919208,-0.022475362,0.093156636,-0.02643992,0.06347902,0.0032376945,0.07207517,-0.0053584576,0.075494565,-0.008777849,0.045844253,0.049079467,-0.0032352135,0.10210226,-0.056258004,0.047420703,-0.0015764497,0.04239988,0.0034443736,0.05916352,-0.013319265,0.04540445,0.00043980405
9562,0,0,0,1,0,0,0,0,0,0.15952018,0.28252208,-0.1230019,0.14552823,0.013991952,0.16877827,-0.009258091,0.18634962,-0.026829436,0.33624378,-0.1767236,0.13995853,0.019561648,0.16365173,0.09287883,0.0707729,0.3440888,-0.18043706,0.22542386,-0.061772123,0.24200606,-0.07835433,0.14621182,0.017439917,0.35241288,-0.18876114
9570,0,0,0,1,1,0,0,0,0,0.06462342,0.12769973,-0.06307631,0.098206215,-0.03358279,0.055873882,0.008749541,0.056516953,0.00810647,0.077552855,-0.012929432,0.045029514,0.01959391,0.06342872,0.08021383,-0.016785108,0.13167465,-0.068245925,0.03952078,0.02390794,0.11040028,-0.04697156,0.08001324,-0.016584516,0.0681817,-0.0047529787
9582,0,1,0,0,0,0,0,0,0,0.030733634,0.11800541,-0.08727178,0.07233302,-0.04159939,0.033132307,-0.0023986734,0.047987755,-0.017254122,0.05854746,-0.027813826,0.04931901,-0.018585376,0.05098803,0.15543084,-0.104442805,0.18728945,-0.13630141,0.049158126,0.0018299036,0.15994504,-0.10895701,0.12631242,-0.07532439,0.12918492,-0.07819688
9583,0,0,0,1,1,0,0,0,0,0.09449522,0.13489349,-0.04039827,0.107477605,-0.012982383,0.08714573,0.007349491,0.09925144,-0.0047562197,0.1133244,-0.018829174,0.07163565,0.022859573,0.05688296,0.054387838,0.0024951212,0.12825963,-0.07137667,0.036131192,0.020751767,0.12286326,-0.0659803,0.0750326,-0.01814964,0.08303531,-0.026152354
9589,0,1,0,0,0,0,0,0,0,0.029013947,0.13279267,-0.10377872,0.08824622,-0.059232272,0.035989907,-0.00697596,0.040852647,-0.011838701,0.060845103,-0.031831156,0.055772394,-0.026758447,0.038377307,0.13043426,-0.09205695,0.13679925,-0.09842194,0.035735194,0.0026421137,0.105743945,-0.06736664,0.08912414,-0.050746836,0.10527639,-0.06689908
9613,1,0,1,0,1,0,1,0,0,0.24676964,0.50227606,-0.25550643,0.34525943,-0.09848979,0.20854916,0.03822048,0.33367017,-0.08690053,0.31851944,-0.07174981,0.37922484,-0.1324552,0.39961812,0.42908314,-0.02946502,0.48491704,-0.085298926,0.4206905,-0.021072388,0.43665835,-0.037040234,0.46597943,-0.06636131,0.4730522,-0.073434085
9616,0,1,0,0,0,0,0,0,0,0.026216397,0.1060172,-0.07980081,0.13197394,-0.10575754,0.051493686,-0.025277289,0.045130126,-0.01891373,0.061224494,-0.035008095,0.08175328,-0.05553688,0.04235729,0.20848949,-0.16613221,0.32984582,-0.28748852,0.051078554,-0.008721266,0.20882745,-0.16647017,0.10922555,-0.06686826,0.23342907,-0.19107178
9689,0,1,0,0,0,0,0,0,0,0.02330413,0.091049656,-0.06774552,0.18499014,-0.161686,0.06045313,-0.037149,0.063388646,-0.040084515,0.048775148,-0.025471017,0.10246751,-0.07916337,0.038405523,0.09970775,-0.06130223,0.22264959,-0.18424407,0.056890044,-0.018484522,0.11425522,-0.0758497,0.07109047,-0.032684945,0.1269809,-0.08857538
9702,0,1,0,0,0,0,0,0,0,0.020428402,0.11856303,-0.09813463,0.27271256,-0.25228417,0.07561555,-0.055187143,0.06632788,-0.045899473,0.04178881,-0.021360407,0.14937627,-0.12894787,0.048686597,0.1299147,-0.08122811,0.28324997,-0.23456338,0.074644394,-0.025957797,0.18306382,-0.13437723,0.09023256,-0.04154596,0.19537488,-0.14668828
9730,0,0,1,0,0,0,0,0,0,0.069932446,0.26739568,-0.19746323,0.16142243,-0.091489986,0.16445255,-0.09452011,0.07728749,-0.007355042,0.10609165,-0.036159202,0.20491336,-0.13498092,0.08924015,0.24310268,-0.15386254,0.09941189,-0.010171741,0.12812756,-0.03888741,0.096626535,-0.0073863864,0.16334549,-0.07410534,0.12232548,-0.03308533
9732,0,0,1,0,1,0,0,0,0,0.2422607,0.21427628,0.02798441,0.07678436,0.16547634,0.18335827,0.058902428,0.1865777,0.055683002,0.25184298,-0.009582281,0.09559126,0.14666943,0.1395235,0.13469198,0.0048315227,0.0751546,0.0643689,0.09271335,0.046810158,0.15756495,-0.018041447,0.1694398,-0.029916286,0.084769614,0.054753892
9740,0,1,0,0,0,0,0,0,0,0.036252268,0.18594049,-0.14968821,0.35973108,-0.32347882,0.08526046,-0.04900819,0.077571295,-0.041319028,0.066886835,-0.030634567,0.1792482,-0.14299592,0.07436493,0.1947722,-0.12040727,0.3127558,-0.23839086,0.12740546,-0.053040534,0.16383198,-0.08946705,0.12868208,-0.054317147,0.23166673,-0.1573018
9744,0,1,0,0,0,0,0,0,0,0.009030801,0.08002601,-0.070995204,0.19388813,-0.18485732,0.041499384,-0.032468583,0.030426951,-0.021396149,0.014443181,-0.00541238,0.107269,-0.09823819,0.022190291,0.123491764,-0.10130148,0.26098016,-0.23878987,0.055457138,-0.033266846,0.108924195,-0.08673391,0.046137102,-0.02394681,0.17370853,-0.15151824
9749,0,0,1,0,0,0,0,0,0,0.1846823,0.36196092,-0.17727862,0.41184005,-0.22715776,0.36166328,-0.17698099,0.16466661,0.020015687,0.21880025,-0.034117952,0.40191567,-0.21723337,0.2123359,0.24592511,-0.033589214,0.35026327,-0.13792737,0.45134676,-0.23901086,0.18949886,0.022837043,0.2211959,-0.008860007,0.32792106,-0.11558516
9752,0,1,0,0,0,0,0,0,0,0.061773792,0.2307595,-0.16898571,0.29558122,-0.23380743,0.12798943,-0.066215634,0.089586474,-0.027812682,0.1454874,-0.083713606,0.1706466,-0.1088728,0.083544746,0.20918658,-0.12564184,0.3560205,-0.27247578,0.123310484,-0.039765738,0.20904775,-0.125503,0.1356075,-0.05206275,0.2556527,-0.17210795
9753,0,1,0,0,0,0,0,0,0,0.026874213,0.08508039,-0.05820618,0.089249685,-0.06237547,0.03512128,-0.008247068,0.036647204,-0.009772992,0.05515485,-0.028280636,0.062558904,-0.03568469,0.037105765,0.15907869,-0.12197292,0.18192805,-0.14482228,0.050897107,-0.013791341,0.15205099,-0.11494522,0.108982526,-0.071876764,0.14256682,-0.105461046
9756,1,0,1,0,1,0,1,0,0,0.46300057,0.40655047,0.0564501,0.32282606,0.14017451,0.40499637,0.0580042,0.3946186,0.068381965,0.5256929,-0.062692314,0.33940563,0.12359494,0.27326027,0.21801041,0.055249855,0.28663066,-0.013370395,0.36325365,-0.08999339,0.21463616,0.058624104,0.3380955,-0.06483522,0.27650806,-0.0032477975
9765,0,0,0,1,1,0,0,0,0,0.12335351,0.14924972,-0.025896206,0.14311695,-0.01976344,0.16008577,-0.036732256,0.07525408,0.04809943,0.15174858,-0.028395072,0.10125457,0.022098944,0.080408014,0.0435049,0.036903113,0.08076046,-0.00035244226,0.08200838,-0.0016003624,0.073838755,0.006569259,0.098005064,-0.01759705,0.068063825,0.012344189
9773,0,1,0,0,0,0,0,0,0,0.01822813,0.09227361,-0.07404548,0.14136301,-0.12313488,0.06581611,-0.047587983,0.046019394,-0.027791264,0.026569584,-0.008341454,0.1166566,-0.09842847,0.032113183,0.15810475,-0.12599157,0.2205158,-0.18840262,0.040150363,-0.00803718,0.13250108,-0.1003879,0.0615383,-0.029425118,0.118479185,-0.086366
9791,0,0,1,0,0,0,0,0,0,0.48023552,0.6038221,-0.123586595,0.2016245,0.278611,0.5334517,-0.05321616,0.33462584,0.14560968,0.5254827,-0.045247197,0.284717,0.19551852,0.32188088,0.34562343,-0.023742557,0.27559724,0.046283633,0.45264357,-0.1307627,0.20197122,0.11990966,0.29098067,0.03090021,0.25565788,0.066222996
9794,0,0,0,0,1,0,0,0,0,0.032575164,0.11914746,-0.08657229,0.10605391,-0.07347874,0.061450407,-0.028875243,0.046939902,-0.014364738,0.05403881,-0.021463647,0.11645024,-0.083875075,0.038435895,0.12957543,-0.09113954,0.14663072,-0.10819483,0.058486238,-0.020050343,0.121007755,-0.082571864,0.056493793,-0.018057898,0.1377792,-0.099343315
9803,0,1,0,0,0,0,0,0,0,0.014744198,0.11514743,-0.10040323,0.190382,-0.17563781,0.04529775,-0.030553551,0.041638963,-0.026894765,0.03862014,-0.023875942,0.10483752,-0.09009332,0.024328288,0.17382926,-0.14950097,0.17314264,-0.14881435,0.034403887,-0.010075599,0.12583864,-0.101510346,0.06324219,-0.038913902,0.118903704,-0.09457542
9819,0,0,0,0,1,0,0,0,0,0.058059216,0.24956392,-0.1915047,0.06795397,-0.009894751,0.085591085,-0.02753187,0.08097911,-0.022919893,0.09598489,-0.037925676,0.080267064,-0.022207849,0.035551295,0.20446174,-0.16891044,0.06356779,-0.028016493,0.05666315,-0.021111857,0.040705845,-0.00515455,0.07070936,-0.035158068,0.055052526,-0.019501232
9823,0,0,0,1,0,0,0,0,0,0.5620786,0.58483475,-0.02275616,0.18111904,0.38095957,0.43475536,0.12732324,0.44487938,0.11719921,0.57412887,-0.012050271,0.25591493,0.30616367,0.46701753,0.271763,0.19525453,0.34331983,0.1236977,0.4197021,0.04731542,0.39602792,0.07098961,0.35690266,0.11011487,0.3214882,0.14552933
9833,0,0,1,0,0,0,0,0,0,0.16384771,0.39713532,-0.2332876,0.18888988,-0.025042161,0.29389495,-0.13004723,0.13365172,0.030195996,0.27700606,-0.113158345,0.22937934,-0.06553163,0.19241562,0.2994494,-0.10703379,0.35729942,-0.16488379,0.34209394,-0.14967832,0.20754708,-0.015131459,0.39252564,-0.20011002,0.31985867,-0.12744305
9850,0,1,0,0,0,0,0,0,0,0.045243874,0.14236543,-0.09712155,0.17643352,-0.13118964,0.08586414,-0.040620267,0.10246649,-0.057222612,0.0692694,-0.024025522,0.18063557,-0.1353917,0.07013113,0.1702783,-0.100147165,0.21461613,-0.144485,0.11729367,-0.04716254,0.19147609,-0.12134496,0.110302344,-0.040171213,0.24888432,-0.1787532
9860,0,0,0,0,1,0,0,0,0,0.20119119,0.21798027,-0.016789079,0.23000278,-0.028811589,0.3387172,-0.137526,0.25465143,-0.05346024,0.19732986,0.003861323,0.33829737,-0.13710618,0.13722362,0.164335,-0.027111381,0.15726103,-0.020037413,0.24058384,-0.10336022,0.16249347,-0.025269851,0.14065099,-0.0034273714,0.20022173,-0.062998116
9863,0,0,1,0,0,0,0,0,0,0.24090885,0.42313188,-0.18222304,0.22233026,0.018578589,0.2672907,-0.026381865,0.204924,0.035984844,0.29797256,-0.057063714,0.25267825,-0.011769399,0.17642911,0.233105,-0.056675896,0.21808675,-0.04165764,0.25596625,-0.07953714,0.15266712,0.023761988,0.23013864,-0.053709537,0.21650833,-0.04007922
9865,0,1,0,0,0,0,0,0,0,0.012094647,0.047969863,-0.035875216,0.104291275,-0.09219663,0.038700495,-0.026605848,0.023439571,-0.011344925,0.022535466,-0.010440819,0.06476605,-0.052671403,0.023241686,0.10767511,-0.08443343,0.23921812,-0.21597643,0.041981917,-0.018740231,0.08080569,-0.057564005,0.057911295,-0.034669608,0.13508645,-0.11184476
9867,0,0,1,0,0,0,0,0,0,0.24210945,0.3524504,-0.11034095,0.18414092,0.057968527,0.23070738,0.0114020705,0.23266469,0.009444758,0.305645,-0.06353554,0.24105605,0.0010533929,0.13688995,0.13693438,-4.4435263e-05,0.16286723,-0.025977284,0.14475097,-0.007861018,0.1704211,-0.033531144,0.18377429,-0.046884343,0.18302941,-0.046139464
9869,1,0,1,1,0,0,1,0,0,0.4848097,0.5046041,-0.019794405,0.5468226,-0.06201291,0.57128453,-0.086474836,0.40624478,0.07856491,0.4011705,0.083639205,0.5173604,-0.032550693,0.67301595,0.46399027,0.20902568,0.5115273,0.16148865,0.70453954,-0.031523585,0.48869932,0.18431664,0.5529632,0.120052755,0.5293957,0.14362025
9873,0,0,0,0,1,0,0,0,0,0.09768487,0.44865072,-0.35096586,0.18553354,-0.08784867,0.10964448,-0.011959612,0.19979382,-0.10210895,0.0934562,0.0042286664,0.24289945,-0.14521459,0.08302315,0.20651583,-0.12349268,0.12369325,-0.040670097,0.066778414,0.01624474,0.1689039,-0.08588075,0.08021937,0.0028037801,0.1336227,-0.050599553
9875,0,0,0,1,1,0,0,0,0,0.07831364,0.36929572,-0.29098207,0.11853899,-0.04022535,0.08536557,-0.00705193,0.111215316,-0.032901675,0.12907855,-0.05076491,0.120219074,-0.041905433,0.115482725,0.19130713,-0.0758244,0.0856158,0.029866926,0.07289605,0.042586677,0.11928565,-0.0038029253,0.13693382,-0.021451093,0.08228902,0.033193707
9891,0,0,0,0,1,0,0,0,0,0.0451317,0.13840927,-0.09327757,0.124188684,-0.079056986,0.0864184,-0.0412867,0.13015041,-0.08501871,0.049222577,-0.004090879,0.20700145,-0.16186975,0.03363073,0.09230892,-0.058678195,0.12125849,-0.08762776,0.051125642,-0.017494913,0.10739322,-0.07376249,0.054973606,-0.021342877,0.13223006,-0.09859933
9892,0,1,0,0,0,0,0,0,0,0.018896746,0.087431274,-0.06853453,0.11485371,-0.09595697,0.043669,-0.024772255,0.041633,-0.022736253,0.04333129,-0.024434546,0.10287794,-0.08398119,0.034228083,0.12943685,-0.095208764,0.19920641,-0.16497833,0.050838422,-0.01661034,0.13589875,-0.10167067,0.083247095,-0.049019013,0.17299603,-0.13876794
9897,0,0,1,0,0,0,0,0,0,0.06926211,0.28373677,-0.21447465,0.15375812,-0.084496014,0.086447455,-0.017185345,0.19177093,-0.12250882,0.097502165,-0.028240055,0.20458044,-0.13531834,0.12819423,0.20296566,-0.074771434,0.21053895,-0.082344726,0.11363056,0.014563665,0.19430673,-0.0661125,0.21897729,-0.09078306,0.16594924,-0.037755013
9929,0,0,0,1,1,0,0,0,0,0.13167396,0.32879964,-0.19712567,0.22718956,-0.095515594,0.1590519,-0.027377933,0.20760424,-0.07593028,0.16292343,-0.031249464,0.18676431,-0.055090353,0.16498056,0.16886288,-0.0038823187,0.29771787,-0.13273731,0.1947191,-0.029738545,0.18935214,-0.02437158,0.18309464,-0.018114075,0.2281651,-0.063184544
9930,0,1,0,0,0,0,0,0,0,0.0596882,0.15518034,-0.09549214,0.11598304,-0.05629484,0.07592973,-0.016241532,0.096603684,-0.036915485,0.10682064,-0.047132444,0.13095748,-0.07126929,0.08320753,0.16324711,-0.080039576,0.20935798,-0.12615044,0.113874406,-0.030666873,0.16861527,-0.085407734,0.12121439,-0.038006857,0.20879152,-0.12558399
9943,0,0,1,0,0,0,0,0,0,0.2206437,0.43541798,-0.21477428,0.24877824,-0.02813454,0.24817124,-0.02752754,0.18463126,0.03601244,0.29874334,-0.07809964,0.21837433,0.0022693723,0.21096578,0.28733912,-0.07637334,0.25119194,-0.04022616,0.267093,-0.05612722,0.17977412,0.031191662,0.26291594,-0.051950157,0.20191593,0.009049848
9952,0,1,0,0,0,0,0,0,0,0.015927797,0.08954823,-0.07362043,0.092446156,-0.07651836,0.03999922,-0.024071423,0.030837223,-0.014909426,0.029504556,-0.013576759,0.06447472,-0.048546918,0.022594707,0.14891635,-0.12632164,0.18007016,-0.15747546,0.03282324,-0.010228531,0.10615119,-0.08355649,0.06262469,-0.040029988,0.11803083,-0.095436126
9953,0,0,0,0,1,0,0,0,0,0.05709537,0.14365223,-0.08655686,0.08769082,-0.030595452,0.077982076,-0.020886704,0.035247765,0.021847606,0.11720422,-0.060108848,0.045019325,0.012076046,0.02078677,0.081401356,-0.060614586,0.079619065,-0.058832295,0.04069353,-0.01990676,0.028221404,-0.0074346345,0.031146076,-0.010359306,0.03925616,-0.01846939
9962,0,0,0,1,0,0,0,0,0,0.08313054,0.26448566,-0.18135512,0.116550766,-0.033420227,0.063491635,0.019638903,0.16545077,-0.08232023,0.108609766,-0.025479227,0.13960016,-0.05646962,0.1482767,0.1794266,-0.031149894,0.11051837,0.037758328,0.08404272,0.06423398,0.17185389,-0.023577183,0.16060369,-0.012326986,0.12698962,0.021287084
9979,0,1,0,0,0,0,0,0,0,0.014069017,0.07419324,-0.060124222,0.11639032,-0.1023213,0.040718313,-0.026649296,0.02276245,-0.008693432,0.03601185,-0.021942832,0.059792485,-0.045723468,0.02524203,0.10010025,-0.07485822,0.20638257,-0.18114054,0.036716785,-0.011474755,0.09636739,-0.07112536,0.0671349,-0.04189287,0.11070359,-0.08546156
9981,0,1,0,0,0,0,0,0,0,0.08537365,0.24087869,-0.15550503,0.15729903,-0.07192538,0.11362445,-0.028250806,0.1262642,-0.040890552,0.13983065,-0.054457,0.16135049,-0.07597684,0.10901811,0.27441734,-0.16539922,0.13861567,-0.029597558,0.076568566,0.032449543,0.17076646,-0.06174835,0.169669,-0.060650893,0.13907792,-0.030059807
9982,0,1,0,0,0,0,0,0,0,0.010150361,0.09506208,-0.08491172,0.11357805,-0.10342769,0.041468397,-0.031318035,0.017481238,-0.007330877,0.022674117,-0.012523756,0.067914866,-0.057764504,0.017244635,0.14023006,-0.12298542,0.1909352,-0.17369056,0.035359543,-0.018114908,0.10556374,-0.0883191,0.04652765,-0.029283015,0.15284611,-0.13560148
9992,0,1,0,0,0,0,0,0,0,0.020125186,0.09814551,-0.07802032,0.10396269,-0.0838375,0.054840732,-0.03471555,0.04549223,-0.025367046,0.038554065,-0.018428879,0.096921586,-0.0767964,0.030581499,0.14105323,-0.11047173,0.102155186,-0.07157369,0.035238504,-0.004657006,0.095451854,-0.06487036,0.06751494,-0.036933444,0.07024629,-0.03966479
9994,0,1,0,0,0,0,0,0,0,0.065497614,0.16463292,-0.0991353,0.19396795,-0.12847033,0.07973153,-0.014233917,0.081725135,-0.016227521,0.12302405,-0.057526432,0.12636647,-0.06086885,0.12588571,0.19145603,-0.065570325,0.18814787,-0.062262163,0.11600171,0.009884,0.23044011,-0.1045544,0.17936622,-0.053480506,0.20700291,-0.0811172
9995,0,1,0,0,0,0,0,0,0,0.07259994,0.23845322,-0.16585329,0.33973902,-0.26713908,0.21469602,-0.14209607,0.08639398,-0.013794042,0.121256664,-0.048656724,0.25538886,-0.18278891,0.11599849,0.2223659,-0.10636741,0.32196325,-0.20596476,0.17290606,-0.056907564,0.15672985,-0.040731356,0.16453707,-0.04853858,0.22026122,-0.104262725
10029,0,1,0,0,0,0,0,0,0,0.014779518,0.07706657,-0.06228705,0.18297413,-0.1681946,0.053709563,-0.038930044,0.029139401,-0.014359883,0.039863598,-0.025084078,0.09230361,-0.077524096,0.024692716,0.11150683,-0.08681411,0.26336917,-0.23867646,0.05035315,-0.025660435,0.09706625,-0.07237354,0.057108436,-0.032415718,0.15336312,-0.12867041
10054,0,0,1,0,0,0,0,0,0,0.39885265,0.42182392,-0.022971272,0.41613817,-0.017285526,0.51118904,-0.1123364,0.29174247,0.10711017,0.4046688,-0.0058161616,0.39178056,0.007072091,0.5361679,0.309945,0.22622293,0.47356477,0.062603146,0.5657436,-0.029575706,0.42032215,0.11584577,0.40674722,0.1294207,0.44835418,0.087813735
10061,1,0,1,1,0,0,1,0,0,0.27445704,0.4109365,-0.13647947,0.22131057,0.053146467,0.23227456,0.042182475,0.2919406,-0.017483562,0.35922623,-0.08476919,0.2688109,0.0056461394,0.20622864,0.26613286,-0.059904218,0.16454035,0.041688293,0.23532604,-0.029097393,0.17996578,0.026262864,0.20944117,-0.0032125264,0.16634299,0.039885655
10076,0,0,1,0,1,0,0,0,0,0.11411588,0.26122352,-0.14710765,0.14668301,-0.03256713,0.16995117,-0.05583529,0.12246266,-0.008346781,0.14197715,-0.027861267,0.19121352,-0.07709764,0.09304215,0.14636284,-0.05332069,0.19458893,-0.10154678,0.16416304,-0.07112089,0.12854168,-0.035499528,0.105707586,-0.012665436,0.17928563,-0.08624348
10093,0,1,0,0,0,0,0,0,0,0.020964662,0.06429607,-0.043331407,0.25118193,-0.23021726,0.060196765,-0.039232105,0.074064866,-0.053100206,0.04268641,-0.021721749,0.15381353,-0.13284886,0.03223989,0.096112825,-0.06387293,0.23611115,-0.20387125,0.05180733,-0.019567437,0.10970498,-0.07746509,0.069137394,-0.036897503,0.15309596,-0.12085607
10102,0,0,1,0,0,0,0,0,0,0.19181447,0.41047364,-0.21865918,0.40492845,-0.21311398,0.32177094,-0.12995647,0.18015346,0.011661008,0.22284822,-0.031033754,0.3206362,-0.12882175,0.14870326,0.28320035,-0.13449709,0.27605295,-0.12734969,0.24975848,-0.10105522,0.16441192,-0.015708655,0.17007513,-0.021371871,0.24728495,-0.09858169
10115,1,0,1,0,0,0,1,0,0,0.23834425,0.54532593,-0.30698168,0.34804893,-0.10970467,0.31109518,-0.072750926,0.23048855,0.0078556985,0.32640928,-0.08806503,0.36113188,-0.122787625,0.1239284,0.24078001,-0.11685161,0.24682836,-0.122899964,0.17244135,-0.04851295,0.13796729,-0.014038891,0.17519324,-0.051264837,0.21671179,-0.09278339
10130,0,0,0,1,0,0,0,0,0,0.14731376,0.545478,-0.3981642,0.40164435,-0.25433058,0.26819724,-0.12088348,0.29148543,-0.14417167,0.33044997,-0.18313621,0.3140046,-0.16669084,0.10414074,0.21451846,-0.110377714,0.2993314,-0.19519065,0.196787,-0.092646256,0.20469368,-0.10055293,0.13632692,-0.03218618,0.40320286,-0.29906213
10131,0,0,0,1,0,0,0,0,0,0.108517356,0.2956351,-0.18711776,0.15910938,-0.050592028,0.11516898,-0.006651625,0.19257884,-0.08406148,0.16048728,-0.051969923,0.22760075,-0.1190834,0.16217546,0.15245996,0.0097154975,0.15615463,0.006020829,0.10230622,0.059869245,0.21062793,-0.048452467,0.16802852,-0.005853057,0.14996393,0.012211531
10141,0,1,0,0,0,0,0,0,0,0.046649076,0.14774853,-0.101099454,0.23110546,-0.18445638,0.096399784,-0.049750708,0.091128156,-0.04447908,0.07182208,-0.025173001,0.17611268,-0.12946361,0.049019415,0.13199845,-0.08297904,0.13957146,-0.09055205,0.06712959,-0.018110175,0.14696555,-0.09794614,0.077706784,-0.02868737,0.14602105,-0.09700164
10143,0,1,0,0,0,0,0,0,0,0.044132885,0.17146386,-0.12733097,0.17308637,-0.12895349,0.099031664,-0.05489878,0.08897157,-0.044838686,0.0772957,-0.033162814,0.21966267,-0.17552978,0.061330147,0.17946595,-0.1181358,0.20848423,-0.1471541,0.08375654,-0.022426397,0.15530619,-0.09397604,0.10300561,-0.041675463,0.16630818,-0.10497803
10151,0,1,0,0,0,0,0,0,0,0.101418085,0.30575284,-0.20433477,0.23434044,-0.13292235,0.15838455,-0.05696646,0.20290396,-0.10148587,0.18761612,-0.08619804,0.26296547,-0.1615474,0.10317761,0.23137237,-0.12819476,0.20269544,-0.09951784,0.092413,0.010764606,0.23045535,-0.12727775,0.19949129,-0.096313685,0.19667052,-0.09349291
10152,0,1,0,0,0,0,0,0,0,0.015035022,0.109525874,-0.094490856,0.14973088,-0.13469586,0.040359084,-0.025324062,0.027817193,-0.012782171,0.030616673,-0.015581651,0.05672719,-0.041692168,0.03438471,0.17642197,-0.14203726,0.13098024,-0.096595526,0.036524434,-0.0021397248,0.12682103,-0.09243631,0.08419643,-0.049811725,0.09469409,-0.060309384
10160,0,0,1,0,0,0,0,0,0,0.2466793,0.25470254,-0.008023232,0.19902158,0.04765773,0.31303483,-0.06635553,0.2227733,0.023906007,0.23666412,0.01001519,0.35071325,-0.10403395,0.20202479,0.20040204,0.0016227514,0.20470978,-0.0026849955,0.2172319,-0.015207112,0.20557806,-0.0035532713,0.19490755,0.0071172416,0.25708732,-0.055062532
10177,1,0,1,0,0,0,1,0,0,0.4318368,0.39827597,0.033560842,0.49114862,-0.059311807,0.5643134,-0.1324766,0.32787475,0.103962064,0.41480786,0.017028958,0.45710754,-0.02527073,0.562839,0.27531147,0.2875275,0.47532016,0.08751881,0.574765,-0.011926055,0.40965602,0.15318295,0.4393188,0.123520166,0.37251106,0.19032791
10180,1,0,0,0,0,1,1,0,0,0.07736857,0.30792132,-0.23055275,0.33721247,-0.2598439,0.19537164,-0.11800307,0.10021594,-0.02284737,0.08459388,-0.007225305,0.28631333,-0.20894475,0.22155042,0.2172707,0.004279718,0.38644797,-0.16489755,0.36905956,-0.14750914,0.1981466,0.023403823,0.19355524,0.027995184,0.33435595,-0.11280553
10181,0,1,0,0,0,0,0,0,0,0.02537002,0.13065372,-0.10528371,0.09237199,-0.06700197,0.03232638,-0.0069563612,0.04796953,-0.02259951,0.051492754,-0.026122734,0.055505414,-0.030135393,0.037698243,0.18408395,-0.14638571,0.20085123,-0.163153,0.02756357,0.010134673,0.13890721,-0.10120897,0.0916527,-0.053954456,0.11153322,-0.07383497
10196,0,0,1,0,0,0,0,0,0,0.37102798,0.28684804,0.08417994,0.4475899,-0.07656193,0.5013336,-0.13030562,0.32157168,0.0494563,0.39265072,-0.021622747,0.44405305,-0.07302508,0.40781814,0.25064692,0.15717122,0.28172368,0.12609446,0.41056615,-0.0027480125,0.2749489,0.13286924,0.4065645,0.0012536347,0.207166,0.20065214
10200,0,0,1,0,0,0,0,0,0,0.084379114,0.20337646,-0.11899734,0.14504485,-0.060665734,0.10211275,-0.017733634,0.19162352,-0.10724441,0.12871827,-0.044339158,0.20535111,-0.120972,0.13554357,0.19545001,-0.059906438,0.14847195,-0.012928382,0.12249994,0.013043627,0.19606815,-0.060524583,0.18241155,-0.04686798,0.17931187,-0.0437683
10205,1,0,0,0,0,1,1,0,0,0.054745458,0.11820847,-0.06346301,0.14272377,-0.08797831,0.08864004,-0.033894584,0.11628496,-0.0615395,0.106408775,-0.051663317,0.16495055,-0.11020509,0.096376464,0.066550024,0.02982644,0.26689932,-0.17052285,0.10427804,-0.007901579,0.24507006,-0.14869359,0.11968969,-0.023313224,0.19360618,-0.09722972
10206,0,1,0,0,0,0,0,0,0,0.07565786,0.22878602,-0.15312816,0.1312679,-0.055610046,0.11439334,-0.03873548,0.11896769,-0.04330983,0.10813197,-0.032474108,0.18115187,-0.10549401,0.07275463,0.18316571,-0.110411085,0.1447744,-0.07201978,0.09492506,-0.022170432,0.13305484,-0.06030021,0.13391687,-0.06116224,0.15205793,-0.0793033
10207,0,0,0,1,1,0,0,0,0,0.39511055,0.48397008,-0.08885953,0.13753033,0.25758022,0.27523792,0.11987263,0.12903267,0.26607788,0.4832967,-0.088186145,0.10570251,0.28940803,0.43477076,0.25618753,0.17858323,0.21833253,0.21643823,0.46482575,-0.030054986,0.23415907,0.2006117,0.29901192,0.13575885,0.27225575,0.16251501
10210,0,0,0,0,1,0,0,0,0,0.016782617,0.11698583,-0.10020321,0.06515737,-0.04837475,0.04011131,-0.023328694,0.031855635,-0.015073018,0.031318612,-0.014535995,0.059038907,-0.04225629,0.034795918,0.14161953,-0.106823616,0.060106367,-0.02531045,0.04271095,-0.007915031,0.06440482,-0.029608905,0.07068308,-0.03588716,0.061209656,-0.026413739
10214,0,1,0,0,0,0,0,0,0,0.032263316,0.23974904,-0.20748574,0.18102595,-0.14876264,0.09963277,-0.06736945,0.06889742,-0.036634102,0.0833832,-0.051119886,0.17576624,-0.14350292,0.044926263,0.20483817,-0.1599119,0.1002034,-0.05527714,0.05771334,-0.012787078,0.12363723,-0.078710966,0.10408331,-0.059157044,0.10754508,-0.062618814
10215,0,1,0,0,0,0,0,0,0,0.05082073,0.37020332,-0.31938258,0.19142033,-0.14059961,0.070413634,-0.019592904,0.07523356,-0.024412826,0.12388485,-0.07306412,0.117451794,-0.066631064,0.13935128,0.28112182,-0.14177054,0.15170184,-0.012350559,0.1491764,-0.009825125,0.22183967,-0.08248839,0.16821185,-0.028860569,0.19147585,-0.052124575
10238,0,1,0,0,0,0,0,0,0,0.029389616,0.17285423,-0.14346461,0.06682845,-0.037438836,0.052392334,-0.023002718,0.06380084,-0.034411225,0.05262618,-0.023236565,0.073794834,-0.04440522,0.054869257,0.23011948,-0.17525023,0.08857516,-0.033705905,0.050164025,0.0047052316,0.10869042,-0.05382116,0.10846284,-0.053593583,0.09130192,-0.03643266
10240,0,1,0,0,0,0,0,0,0,0.088404186,0.22456631,-0.13616213,0.20340939,-0.1150052,0.06924763,0.019156553,0.29530326,-0.20689908,0.12319945,-0.034795262,0.26740324,-0.17899907,0.092285655,0.12346738,-0.031181723,0.22973736,-0.13745171,0.07928964,0.012996018,0.17794316,-0.0856575,0.10151429,-0.009228632,0.17632206,-0.0840364
10244,0,0,0,0,1,0,0,0,0,0.014550102,0.057242535,-0.042692434,0.07939382,-0.064843714,0.029720673,-0.015170571,0.03257809,-0.018027987,0.036161393,-0.021611292,0.047733508,-0.033183407,0.055569794,0.12138312,-0.06581333,0.14700505,-0.09143525,0.07032132,-0.014751527,0.10398628,-0.048416484,0.12447432,-0.06890452,0.1131658,-0.05759601
10250,0,1,0,0,0,0,0,0,0,0.017339187,0.27340364,-0.25606444,0.20547353,-0.18813434,0.08749475,-0.07015557,0.027346402,-0.010007216,0.03697258,-0.019633392,0.12092687,-0.10358769,0.031979743,0.20643216,-0.17445242,0.18091138,-0.14893164,0.06564835,-0.033668604,0.086630166,-0.054650422,0.08503494,-0.053055193,0.1262038,-0.094224066
10255,0,1,0,1,0,0,0,0,0,0.064881794,0.38566595,-0.32078415,0.2423462,-0.1774644,0.11034763,-0.045465834,0.10891548,-0.044033684,0.11529292,-0.050411128,0.17360339,-0.10872159,0.066135004,0.24367899,-0.17754398,0.16639413,-0.100259125,0.07143884,-0.0053038374,0.16731136,-0.10117635,0.16203552,-0.09590052,0.16230388,-0.096168876
10261,0,1,0,0,0,0,0,0,0,0.031138277,0.19755203,-0.16641375,0.13835385,-0.107215576,0.08266056,-0.051522285,0.07064134,-0.03950306,0.07322982,-0.04209154,0.15769418,-0.1265559,0.053544108,0.12277315,-0.06922904,0.21126202,-0.15771791,0.063889876,-0.010345768,0.17927757,-0.12573346,0.09367815,-0.04013404,0.1485615,-0.09501739
10268,0,1,0,0,0,0,0,0,0,0.038526643,0.27779496,-0.23926832,0.20503892,-0.16651228,0.14144853,-0.10292189,0.05430855,-0.015781906,0.07950519,-0.040978547,0.19370441,-0.15517777,0.092175506,0.19303453,-0.10085902,0.23982285,-0.14764735,0.18810113,-0.09592562,0.15027848,-0.058102973,0.14499292,-0.05281741,0.2590293,-0.16685379
10272,0,1,0,0,0,0,0,0,0,0.054185554,0.29365376,-0.2394682,0.29482266,-0.24063711,0.1787601,-0.12457454,0.09211243,-0.037926875,0.08272712,-0.028541565,0.30128056,-0.247095,0.12377576,0.209252,-0.08547624,0.20530388,-0.08152812,0.18044923,-0.056673475,0.14266944,-0.018893681,0.1431126,-0.019336842,0.20791464,-0.08413888
10283,0,0,0,1,0,0,0,0,0,0.05604828,0.37796456,-0.32191628,0.25777614,-0.20172787,0.17768824,-0.12163996,0.13954242,-0.083494134,0.21624283,-0.16019455,0.18866807,-0.1326198,0.07882073,0.20271295,-0.123892225,0.338386,-0.25956526,0.17589752,-0.097076796,0.15736394,-0.07854321,0.11034258,-0.03152185,0.3702541,-0.29143336
10318,0,1,0,0,0,0,0,0,0,0.11253522,0.32512486,-0.21258964,0.25469214,-0.14215691,0.25304988,-0.14051466,0.20892483,-0.09638961,0.1973668,-0.08483158,0.3156318,-0.20309658,0.2147919,0.22651465,-0.011722758,0.24257585,-0.02778396,0.26273564,-0.04794374,0.26618543,-0.05139354,0.33177295,-0.11698106,0.28273493,-0.06794304
10327,0,1,0,0,0,0,0,0,0,0.027077649,0.30157283,-0.27449518,0.16025133,-0.13317369,0.09071786,-0.06364021,0.05470048,-0.02762283,0.062482174,-0.035404526,0.16508515,-0.1380075,0.046209123,0.21410425,-0.16789512,0.15492168,-0.108712554,0.058573708,-0.012364585,0.11609792,-0.0698888,0.07618676,-0.029977638,0.1201981,-0.073988974
10336,0,0,1,1,0,0,0,0,0,0.1536348,0.5068313,-0.3531965,0.20465203,-0.051017225,0.15211841,0.0015163869,0.21104984,-0.05741504,0.2171432,-0.06350839,0.23364738,-0.080012575,0.14148694,0.25934818,-0.11786124,0.16688155,-0.025394604,0.14720468,-0.0057177395,0.18587226,-0.044385314,0.1538715,-0.012384564,0.1755419,-0.03405495
10342,0,0,1,0,0,0,0,0,0,0.08065478,0.10362379,-0.022969015,0.18327047,-0.10261569,0.16865967,-0.088004895,0.08477858,-0.0041237995,0.14030404,-0.059649266,0.18669073,-0.106035955,0.08819415,0.10591695,-0.0177228,0.2088868,-0.120692655,0.1096249,-0.021430753,0.17994371,-0.091749564,0.13552298,-0.04732883,0.1828813,-0.09468715
10344,1,0,1,1,0,0,1,0,0,0.18241534,0.2528105,-0.07039517,0.2400088,-0.057593465,0.15326895,0.029146388,0.2972642,-0.11484885,0.23147298,-0.049057648,0.23703699,-0.05462165,0.2688262,0.26410624,0.004719943,0.3400916,-0.0712654,0.2521785,0.016647696,0.45117518,-0.182349,0.20448887,0.06433731,0.4031488,-0.13432261
10356,0,1,0,0,0,0,0,0,0,0.07721366,0.1833096,-0.10609594,0.16635756,-0.0891439,0.23185655,-0.1546429,0.06640134,0.01081232,0.14349318,-0.066279516,0.20420955,-0.12699589,0.0383228,0.07450779,-0.03618499,0.03425542,0.00406738,0.051504586,-0.013181787,0.045231897,-0.0069090985,0.056427278,-0.018104479,0.0455394,-0.0072166026
10358,0,1,0,0,0,0,0,0,0,0.033962585,0.12774742,-0.09378483,0.17154533,-0.13758275,0.07913117,-0.045168586,0.0758255,-0.041862912,0.06394925,-0.029986665,0.16042182,-0.12645924,0.044328053,0.15020181,-0.10587376,0.1913381,-0.14701006,0.06261956,-0.018291507,0.15019517,-0.10586712,0.09034696,-0.04601891,0.15250552,-0.10817747
10359,0,0,0,1,0,0,0,0,0,0.1199741,0.22507226,-0.105098166,0.20911512,-0.08914102,0.100493945,0.019480154,0.18434805,-0.06437395,0.1620618,-0.042087696,0.2066026,-0.086628504,0.13518731,0.1549523,-0.01976499,0.107153505,0.028033808,0.07931957,0.055867746,0.15721603,-0.022028714,0.14443544,-0.009248123,0.14756113,-0.01237382
10380,0,1,0,0,0,0,0,0,0,0.056728233,0.30492485,-0.24819662,0.190678,-0.13394977,0.11616465,-0.059436414,0.07185225,-0.015124019,0.10037047,-0.043642234,0.17130925,-0.11458102,0.106838,0.19617613,-0.089338124,0.2664824,-0.15964441,0.13195577,-0.02511777,0.23237851,-0.12554051,0.17448919,-0.06765118,0.28236848,-0.17553048
10383,0,0,0,1,0,0,0,0,0,0.05402303,0.16138813,-0.1073651,0.1015331,-0.04751007,0.045576848,0.008446183,0.13635692,-0.08233389,0.091615014,-0.037591983,0.10416626,-0.05014323,0.12065884,0.19187234,-0.071213506,0.078677304,0.041981533,0.05013329,0.07052554,0.19969861,-0.079039775,0.18383189,-0.06317305,0.07582004,0.044838794
10388,1,0,0,0,0,1,1,0,0,0.019975737,0.1564673,-0.13649157,0.1355357,-0.115559965,0.049973555,-0.029997818,0.04467969,-0.024703953,0.03495745,-0.014981713,0.10295065,-0.08297491,0.03348686,0.17184353,-0.13835667,0.16372511,-0.13023825,0.052657496,-0.019170634,0.084901415,-0.051414553,0.069910765,-0.036423903,0.10860373,-0.07511687
10401,0,0,1,1,0,0,0,0,0,0.24299051,0.38824356,-0.14525305,0.1470128,0.09597771,0.16605544,0.07693507,0.30728254,-0.06429203,0.2938302,-0.050839677,0.16969448,0.073296025,0.18220718,0.2102244,-0.028017223,0.1258003,0.056406885,0.12468621,0.05752097,0.22544439,-0.04323721,0.2117658,-0.029558614,0.1403398,0.041867375
10431,0,1,0,0,0,0,0,0,0,0.01836008,0.15591866,-0.13755858,0.1183578,-0.09999772,0.047641616,-0.029281536,0.039253645,-0.020893564,0.043688025,-0.025327945,0.07673841,-0.05837833,0.030111324,0.15950777,-0.12939644,0.14394382,-0.11383249,0.0345865,-0.0044751763,0.104112655,-0.07400133,0.07040197,-0.040290643,0.09613446,-0.06602314
10484,0,1,0,0,0,0,0,0,0,0.022529228,0.10840266,-0.08587343,0.12680617,-0.10427694,0.043258335,-0.020729108,0.074395165,-0.051865935,0.046988625,-0.024459397,0.104215756,-0.08168653,0.049670555,0.13793273,-0.08826218,0.25427735,-0.2046068,0.049775373,-0.00010481849,0.17956665,-0.1298961,0.09701826,-0.047347702,0.16090292,-0.11123236
10489,0,1,0,1,0,0,0,0,0,0.026755769,0.33056226,-0.30380648,0.24028222,-0.21352646,0.077268176,-0.050512407,0.055504065,-0.028748296,0.08747247,-0.0607167,0.11346879,-0.086713016,0.10473098,0.28545785,-0.18072687,0.23866142,-0.13393044,0.06956611,0.03516487,0.20819078,-0.103459805,0.1981172,-0.09338622,0.18831845,-0.08358747
10501,0,0,0,1,0,0,0,0,0,0.04248928,0.11680016,-0.074310884,0.22119252,-0.17870325,0.06585109,-0.023361813,0.09902056,-0.056531284,0.059638865,-0.017149586,0.15164714,-0.10915786,0.117538475,0.2092811,-0.09174263,0.21079697,-0.09325849,0.11668673,0.0008517429,0.2303442,-0.11280573,0.15021284,-0.032674365,0.20025377,-0.082715295
10517,0,0,1,0,0,0,0,0,0,0.38693738,0.5010461,-0.11410874,0.26782987,0.119107515,0.33504894,0.051888436,0.33504492,0.05189246,0.46751997,-0.08058259,0.28393063,0.10300675,0.18440194,0.20482454,-0.020422593,0.2021356,-0.017733648,0.17451759,0.009884357,0.20831837,-0.023916423,0.1874799,-0.003077954,0.19144852,-0.0070465803
10519,0,1,0,0,0,0,0,0,0,0.011450604,0.09720319,-0.085752584,0.119027056,-0.10757645,0.03903402,-0.027583417,0.032667212,-0.021216609,0.028315617,-0.016865013,0.07736063,-0.06591003,0.030985659,0.14136729,-0.110381626,0.2597968,-0.22881114,0.046965122,-0.015979463,0.10135556,-0.0703699,0.06560883,-0.03462317,0.11627989,-0.08529423
10537,0,1,0,0,0,0,0,0,0,0.03434529,0.1735951,-0.1392498,0.24976592,-0.21542063,0.13042545,-0.09608016,0.09125899,-0.056913696,0.05441075,-0.020065457,0.23130885,-0.19696355,0.063348845,0.13568132,-0.07233247,0.26998693,-0.20663808,0.12950137,-0.06615253,0.14995618,-0.08660734,0.10020371,-0.036854863,0.21556152,-0.15221268
10547,0,1,0,0,0,0,0,0,0,0.009805904,0.054263003,-0.0444571,0.13822842,-0.12842251,0.05804101,-0.048235107,0.015583794,-0.00577789,0.0212929,-0.011486997,0.08087336,-0.07106746,0.02416882,0.118151315,-0.093982495,0.0924095,-0.06824068,0.0490857,-0.02491688,0.07467998,-0.05051116,0.037228763,-0.013059944,0.098042086,-0.07387327
10563,1,0,1,1,0,0,1,0,0,0.15321365,0.39332443,-0.24011078,0.12437311,0.028840542,0.11349655,0.0397171,0.22144118,-0.06822753,0.20787044,-0.05465679,0.14614029,0.0070733577,0.112066984,0.2654365,-0.15336952,0.09921523,0.012851752,0.07296824,0.039098747,0.13587509,-0.023808107,0.13748841,-0.025421426,0.10152424,0.010542743
10585,0,1,0,0,0,0,0,0,0,0.025165373,0.13557383,-0.11040846,0.12405419,-0.09888882,0.052060317,-0.026894944,0.03349787,-0.0083324965,0.040709186,-0.015543813,0.093774445,-0.068609074,0.043757994,0.19157861,-0.14782062,0.17420861,-0.13045062,0.07444064,-0.03068265,0.14361908,-0.099861085,0.082342,-0.038584005,0.18187653,-0.13811854
10589,0,1,0,0,0,0,0,0,0,0.017205205,0.108337596,-0.09113239,0.1304477,-0.11324249,0.06597754,-0.04877234,0.024197137,-0.006991932,0.053339053,-0.036133848,0.106917284,-0.08971208,0.03336447,0.13280493,-0.099440455,0.11618812,-0.08282365,0.06778723,-0.03442276,0.101563185,-0.06819871,0.067867,-0.034502532,0.13678776,-0.10342328
10594,1,0,1,0,0,0,1,0,0,0.3690359,0.4298371,-0.060801208,0.45838866,-0.08935276,0.47634727,-0.10731137,0.22742474,0.14161116,0.43642047,-0.06738457,0.37769207,-0.008656174,0.4551538,0.26526457,0.18988922,0.51359445,-0.058440655,0.5702272,-0.11507341,0.33795926,0.11719453,0.4945958,-0.039442003,0.49187365,-0.03671986
10596,0,1,0,0,0,0,0,0,0,0.03747106,0.10317366,-0.0657026,0.13987789,-0.10240683,0.07606127,-0.03859021,0.096972704,-0.059501644,0.07029924,-0.03282818,0.20174646,-0.16427541,0.034766085,0.118045926,-0.08327984,0.13661703,-0.10185095,0.051257797,-0.016491711,0.12937595,-0.094609864,0.07030516,-0.035539076,0.14084734,-0.106081255
10614,0,0,0,0,1,0,0,0,0,0.052934323,0.1298107,-0.07687639,0.08160799,-0.028673667,0.06922695,-0.016292628,0.09081605,-0.03788173,0.09119787,-0.03826355,0.11462924,-0.061694916,0.11374143,0.16020536,-0.046463937,0.08205751,0.031683914,0.073665045,0.040076382,0.13965343,-0.025912002,0.16532938,-0.051587954,0.09252083,0.021220595
10615,0,0,1,0,1,0,0,0,0,0.35283005,0.45723495,-0.1044049,0.493203,-0.14037296,0.47849393,-0.12566388,0.31648475,0.036345303,0.4276892,-0.07485914,0.49615672,-0.14332667,0.27854437,0.32509053,-0.04654616,0.38950264,-0.11095828,0.4660036,-0.18745923,0.22789495,0.05064942,0.31751588,-0.038971514,0.419811,-0.14126664
10624,0,0,1,0,0,0,0,0,0,0.13672486,0.36371842,-0.22699356,0.14926222,-0.01253736,0.14804843,-0.011323571,0.16558374,-0.028858885,0.2622656,-0.12554073,0.18926404,-0.052539185,0.1915389,0.228327,-0.036788106,0.20174184,-0.010202944,0.24827193,-0.056733027,0.19406883,-0.002529934,0.17866877,0.012870133,0.21360782,-0.022068918
10640,1,0,1,0,0,0,1,0,0,0.2986098,0.3544339,-0.0558241,0.20855455,0.09005524,0.2923527,0.006257087,0.25855055,0.04005924,0.32861903,-0.03000924,0.25241286,0.046196938,0.22916426,0.26540294,-0.036238685,0.14904001,0.080124244,0.20092571,0.02823855,0.24044035,-0.011276096,0.22288956,0.0062747,0.18692434,0.04223992
10660,0,0,0,1,1,0,0,0,0,0.031014238,0.12503465,-0.09402041,0.071134925,-0.040120687,0.04953673,-0.018522494,0.05935752,-0.028343283,0.05408628,-0.023072042,0.0796724,-0.048658166,0.029254142,0.12663065,-0.09737651,0.05029675,-0.021042608,0.034289062,-0.00503492,0.056632195,-0.027378052,0.054852635,-0.025598492,0.04841356,-0.019159418
10661,0,0,1,1,0,0,0,0,0,0.23834792,0.53090334,-0.29255542,0.20351619,0.034831733,0.2726337,-0.034285784,0.26287654,-0.024528623,0.32579073,-0.087442815,0.26833305,-0.02998513,0.23123315,0.30650365,-0.075270504,0.26979527,-0.03856212,0.221202,0.010031149,0.23682028,-0.005587131,0.2629489,-0.03171575,0.22907461,0.0021585375
10666,0,1,0,0,0,0,0,0,0,0.013169186,0.08420406,-0.07103488,0.105571665,-0.09240248,0.038394317,-0.02522513,0.026765255,-0.013596069,0.030222412,-0.017053226,0.071279,-0.058109812,0.0234805,0.10075216,-0.07727166,0.20570284,-0.18222234,0.038999002,-0.015518503,0.089073084,-0.06559259,0.064498305,-0.041017808,0.121166795,-0.0976863
10675,0,0,1,0,0,0,0,0,0,0.1517881,0.33363667,-0.18184857,0.081371926,0.070416175,0.16804917,-0.016261071,0.17324321,-0.02145511,0.1705054,-0.018717304,0.15757294,-0.0057848394,0.10789871,0.12772064,-0.019821927,0.0923897,0.015509009,0.12985078,-0.021952063,0.12295719,-0.01505848,0.14969622,-0.041797504,0.11234939,-0.004450679
10687,0,1,0,0,0,0,0,0,0,0.06538469,0.27030617,-0.20492148,0.17129163,-0.10590694,0.10863749,-0.043252796,0.12731186,-0.061927162,0.10909396,-0.043709263,0.17167072,-0.10628603,0.13094927,0.24133098,-0.11038171,0.16358083,-0.03263156,0.09485243,0.03609684,0.20762199,-0.07667272,0.19624172,-0.06529245,0.13712873,-0.006179452
10691,0,1,0,0,0,0,0,0,0,0.043539736,0.19048104,-0.1469413,0.3342906,-0.29075086,0.120817065,-0.07727733,0.078783266,-0.03524353,0.070544645,-0.027004909,0.25731972,-0.21377999,0.068702534,0.13643305,-0.067730516,0.26688942,-0.19818689,0.1408629,-0.07216036,0.19590566,-0.12720312,0.08561642,-0.016913883,0.30648944,-0.2377869
10731,0,1,0,0,0,0,0,0,0,0.028668638,0.19354321,-0.16487457,0.3696336,-0.34096494,0.1093208,-0.08065216,0.073887736,-0.045219097,0.058415122,-0.029746484,0.19680564,-0.168137,0.07427454,0.23820193,-0.16392739,0.30168712,-0.22741258,0.115997605,-0.041723065,0.17253408,-0.09825954,0.120175466,-0.045900926,0.23370627,-0.15943173
10743,0,0,1,0,0,0,0,0,0,0.10993739,0.2855169,-0.17557949,0.28432631,-0.17438892,0.27002487,-0.16008747,0.08402616,0.025911234,0.19494765,-0.08501025,0.23802297,-0.12808558,0.10769882,0.23646982,-0.128771,0.19236381,-0.08466499,0.16420129,-0.05650247,0.13273339,-0.02503457,0.21472201,-0.10702319,0.15895304,-0.05125422
10755,0,0,1,0,1,0,0,0,0,0.14928757,0.35773236,-0.20844479,0.23686634,-0.08757877,0.17770343,-0.028415859,0.21633568,-0.06704812,0.26101017,-0.1117226,0.22399142,-0.07470386,0.15925491,0.19798298,-0.038728073,0.18307737,-0.023822457,0.18479025,-0.025535345,0.17269957,-0.013444662,0.2255506,-0.0662957,0.17578371,-0.0165288
10760,0,1,0,0,0,0,0,0,0,0.017383253,0.123014964,-0.10563171,0.13361618,-0.116232924,0.06185927,-0.044476017,0.033932086,-0.016548833,0.0254585,-0.008075247,0.14062645,-0.12324319,0.03690573,0.17819779,-0.14129207,0.19258165,-0.15567592,0.06460355,-0.027697824,0.13474843,-0.0978427,0.06453562,-0.02762989,0.18386748,-0.14696175
10766,1,0,1,1,0,0,1,0,0,0.080908306,0.2594234,-0.1785151,0.26602292,-0.18511462,0.1766415,-0.09573319,0.12043539,-0.03952708,0.14923418,-0.06832587,0.20180134,-0.12089304,0.11426502,0.21528287,-0.101017855,0.35273385,-0.23846883,0.18353742,-0.06927241,0.167409,-0.053143986,0.16863577,-0.054370753,0.24129428,-0.12702927
10806,0,1,0,0,0,0,0,0,0,0.20033653,0.43342844,-0.2330919,0.14234743,0.057989106,0.22488157,-0.024545044,0.24465294,-0.04431641,0.3767202,-0.17638366,0.2063409,-0.0060043633,0.10658162,0.21847704,-0.11189542,0.08449454,0.022087082,0.10385391,0.0027277097,0.13779637,-0.031214751,0.16580795,-0.059226327,0.10854453,-0.0019629076
10807,0,0,0,1,1,0,0,0,0,0.095191255,0.27421165,-0.17902039,0.19066921,-0.09547795,0.08812829,0.007062964,0.18466966,-0.0894784,0.13885722,-0.04366596,0.15262057,-0.057429314,0.06103877,0.10462923,-0.043590464,0.1002044,-0.03916563,0.050915983,0.010122787,0.10485364,-0.043814868,0.07962693,-0.018588163,0.08345263,-0.022413857
10822,0,0,0,1,0,0,0,0,0,0.4248325,0.46294072,-0.03810823,0.37992173,0.04491076,0.23626453,0.18856797,0.46029073,-0.035458237,0.52136314,-0.096530646,0.3155764,0.10925609,0.34619012,0.31993097,0.026259154,0.5471478,-0.20095769,0.3099269,0.036263227,0.3342428,0.011947334,0.44036716,-0.09417704,0.4698487,-0.12365857
10824,0,1,0,0,0,0,0,0,0,0.038372915,0.16397409,-0.12560117,0.12575631,-0.08738339,0.049906157,-0.011533242,0.093937285,-0.05556437,0.085682414,-0.0473095,0.1059685,-0.067595586,0.04074654,0.12960644,-0.0888599,0.13151112,-0.09076458,0.05025204,-0.009505499,0.12638555,-0.085639015,0.10547964,-0.0647331,0.1130217,-0.07227516
10828,0,0,0,0,1,0,0,0,0,0.013885537,0.122312956,-0.10842742,0.16541968,-0.15153414,0.049081005,-0.03519547,0.035312366,-0.021426829,0.026262945,-0.012377407,0.09778008,-0.08389454,0.037068404,0.08871519,-0.051646784,0.24885248,-0.21178406,0.06076178,-0.023693375,0.07319074,-0.036122337,0.059201755,-0.02213335,0.15541036,-0.11834196
10837,1,0,1,1,1,0,1,0,0,0.35873875,0.42530692,-0.066568166,0.34876746,0.009971291,0.26994327,0.08879548,0.4144678,-0.05572906,0.3756839,-0.016945153,0.29301742,0.06572133,0.5098834,0.26964018,0.24024323,0.54110366,-0.031220257,0.47518274,0.034700662,0.51222324,-0.00233984,0.50862586,0.0012575388,0.512968,-0.0030846
10846,0,1,0,0,0,0,0,0,0,0.16352965,0.23358029,-0.07005064,0.26892656,-0.10539691,0.16358514,-5.5491924e-05,0.2379613,-0.07443166,0.20878682,-0.045257166,0.28741816,-0.12388851,0.16203764,0.18068814,-0.018650502,0.2392951,-0.077257454,0.16286585,-0.00082820654,0.18376713,-0.021729484,0.16358753,-0.0015498847,0.21029907,-0.048261434
10847,0,1,0,0,0,0,0,0,0,0.013776299,0.081610456,-0.067834154,0.15301245,-0.13923615,0.045376968,-0.03160067,0.043525185,-0.029748887,0.021965325,-0.008189026,0.11595872,-0.10218242,0.028547583,0.11602648,-0.0874789,0.24892609,-0.2203785,0.055410776,-0.026863193,0.1202272,-0.09167962,0.06463746,-0.036089875,0.14593385,-0.11738627
10860,0,0,0,1,0,0,0,0,0,0.091742955,0.1336122,-0.041869245,0.15190591,-0.060162954,0.086987525,0.00475543,0.13958903,-0.04784607,0.11331498,-0.021572024,0.15656477,-0.06482182,0.1528201,0.13049388,0.022326216,0.21046898,-0.057648882,0.1491146,0.0037055016,0.24592575,-0.09310566,0.18157938,-0.028759286,0.20496221,-0.052142113
10878,0,0,0,1,1,0,0,0,0,0.07875285,0.124165244,-0.04541239,0.12167916,-0.042926304,0.072869375,0.0058834776,0.098690085,-0.019937232,0.09544401,-0.016691156,0.111314766,-0.032561913,0.06751715,0.095451355,-0.027934209,0.088801555,-0.021284409,0.043440428,0.024076719,0.09028548,-0.022768334,0.08992735,-0.022410206,0.07234888,-0.0048317313
10887,0,1,0,0,0,0,0,0,0,0.024215259,0.08119421,-0.05697895,0.10021968,-0.07600442,0.04640356,-0.022188302,0.055034097,-0.030818839,0.03690854,-0.012693282,0.0872195,-0.06300424,0.035116155,0.04902568,-0.013909526,0.11623197,-0.08111581,0.05240653,-0.017290376,0.057194434,-0.02207828,0.03936511,-0.0042489544,0.0816042,-0.046488043
10888,0,0,0,1,1,0,0,0,0,0.07403341,0.09616337,-0.02212996,0.09753297,-0.023499563,0.068151474,0.0058819354,0.090075485,-0.016042076,0.09098547,-0.01695206,0.09157258,-0.017539173,0.06407131,0.0764839,-0.012412585,0.061612908,0.0024584047,0.041891288,0.022180025,0.064996324,-0.00092501193,0.0868747,-0.022803389,0.046198353,0.01787296
10902,0,0,1,1,1,0,0,0,0,0.38122195,0.50154585,-0.1203239,0.106120884,0.27510107,0.27911296,0.102108985,0.10999861,0.27122334,0.4571926,-0.07597065,0.08403406,0.2971879,0.25776115,0.18467814,0.07308301,0.14810082,0.10966033,0.2880576,-0.030296445,0.17568895,0.0820722,0.20472574,0.05303541,0.1388987,0.11886245
10925,0,0,1,0,0,0,0,0,0,0.21157716,0.44504082,-0.23346366,0.33738834,-0.12581117,0.36013627,-0.14855911,0.19542538,0.016151786,0.24728823,-0.035711065,0.34497756,-0.1334004,0.23046188,0.29809177,-0.06762989,0.22918612,0.0012757629,0.33074453,-0.100282654,0.1818628,0.04859908,0.22011939,0.010342494,0.22813043,0.0023314506
10950,1,0,1,1,1,0,1,0,1,0.12386595,0.27212378,-0.14825784,0.21874194,-0.09487599,0.12022577,0.0036401749,0.119738124,0.004127823,0.14556752,-0.021701574,0.14918788,-0.02532193,0.16142966,0.20531736,-0.043887705,0.25457367,-0.093144014,0.15954188,0.0018877834,0.17483181,-0.013402149,0.18468392,-0.02325426,0.20041884,-0.038989186
10965,0,0,0,1,1,0,0,0,0,0.16980582,0.48066926,-0.31086344,0.1393918,0.03041403,0.1282619,0.04154393,0.22048469,-0.050678864,0.32536805,-0.15556222,0.18512471,-0.015318885,0.14503741,0.18771423,-0.04267682,0.09212879,0.05290862,0.079559855,0.06547756,0.1674579,-0.02242048,0.1629052,-0.017867789,0.107430235,0.037607178
10970,0,1,0,0,0,0,0,0,0,0.008225176,0.079166025,-0.07094085,0.09955822,-0.09133305,0.033132996,-0.02490782,0.026270019,-0.018044844,0.022426747,-0.014201571,0.071722664,-0.06349749,0.023885338,0.13460286,-0.11071752,0.14717072,-0.12328538,0.035518765,-0.011633428,0.1248996,-0.101014264,0.048284553,-0.024399215,0.12759492,-0.10370958
10984,0,0,1,0,1,0,0,0,0,0.33849797,0.31183714,0.02666083,0.43322456,-0.09472659,0.4304429,-0.09194493,0.3774557,-0.038957745,0.29130688,0.047191083,0.4062461,-0.06774813,0.30359745,0.15761818,0.14597927,0.37649858,-0.07290113,0.4369921,-0.13339466,0.2769383,0.02665916,0.20009373,0.10350372,0.3752291,-0.07163164
10990,0,1,0,0,0,0,0,0,0,0.02402706,0.22033156,-0.1963045,0.1423979,-0.11837083,0.060402635,-0.036375575,0.038583275,-0.014556214,0.058411226,-0.034384165,0.08317546,-0.059148397,0.048683595,0.26356024,-0.21487664,0.1648639,-0.1161803,0.047172133,0.001511462,0.12740149,-0.07871789,0.1059776,-0.057294007,0.10849828,-0.059814688
11010,0,0,0,0,1,0,0,0,0,0.05344307,0.08493146,-0.031488393,0.07528222,-0.021839153,0.075911686,-0.022468615,0.05864111,-0.005198039,0.07860708,-0.025164012,0.07203101,-0.018587943,0.0319866,0.057701968,-0.025715366,0.059982367,-0.027995765,0.033685636,-0.0016990341,0.06537981,-0.03339321,0.069430426,-0.037443824,0.055345006,-0.023358405
11020,1,0,0,1,0,0,0,0,1,0.07734022,0.27237326,-0.19503304,0.1095739,-0.032233678,0.060275707,0.017064516,0.15032256,-0.07298233,0.1465987,-0.069258474,0.117034055,-0.039693832,0.1711513,0.23081042,-0.059659123,0.22697647,-0.055825174,0.07289138,0.09825992,0.2697274,-0.09857611,0.21588808,-0.044736788,0.24724962,-0.07609832
11030,0,0,1,0,0,0,0,0,0,0.23304172,0.29284012,-0.059798405,0.15428326,0.07875846,0.23707935,-0.0040376335,0.24419792,-0.011156201,0.24350254,-0.010460824,0.2069197,0.026122019,0.21076146,0.20651712,0.0042443424,0.21411596,-0.0033545047,0.28409177,-0.07333031,0.1997722,0.010989264,0.1895189,0.021242559,0.2353,-0.024538547
11055,0,1,0,0,0,0,0,0,0,0.065222375,0.30025363,-0.23503125,0.2384202,-0.17319784,0.09137367,-0.026151292,0.11423112,-0.049008742,0.099057116,-0.03383474,0.20212078,-0.1368984,0.080332175,0.17656855,-0.09623638,0.31784633,-0.23751415,0.14547019,-0.06513801,0.1798128,-0.09948063,0.14493562,-0.06460345,0.26086575,-0.18053357
11077,0,1,0,0,0,0,0,0,0,0.024108116,0.12776491,-0.1036568,0.1300679,-0.10595979,0.069788955,-0.04568084,0.055376217,-0.0312681,0.0546815,-0.030573383,0.1443955,-0.12028739,0.030950334,0.12062776,-0.08967742,0.101623826,-0.070673496,0.05171774,-0.020767406,0.0987415,-0.067791164,0.09266035,-0.06171002,0.102588125,-0.071637794
11102,0,1,0,0,0,0,0,0,0,0.03475272,0.13913672,-0.104384,0.15369849,-0.11894577,0.07464835,-0.03989563,0.08226159,-0.047508873,0.051854316,-0.017101597,0.13873757,-0.103984855,0.08098705,0.14237617,-0.06138912,0.19789897,-0.11691192,0.07373497,0.007252082,0.19962895,-0.1186419,0.14980899,-0.06882194,0.16726395,-0.086276904
11103,0,0,0,1,0,0,0,0,0,0.046378985,0.2825792,-0.23620023,0.15686984,-0.11049086,0.046158846,0.00022013858,0.11800344,-0.07162446,0.08724847,-0.04086948,0.107105434,-0.06072645,0.12280445,0.19745271,-0.07464826,0.19509955,-0.0722951,0.06436418,0.058440268,0.16635072,-0.043546274,0.15429308,-0.031488627,0.17591201,-0.05310756
11108,0,0,1,1,1,0,0,0,0,0.65003675,0.5294205,0.12061626,0.16082215,0.4892146,0.48985854,0.16017821,0.37544507,0.27459168,0.62095135,0.029085398,0.19209954,0.4579372,0.60619855,0.35645154,0.24974701,0.32685223,0.27934632,0.60672396,-0.00052541494,0.38068187,0.22551668,0.47746286,0.12873569,0.3626441,0.24355444
11113,0,1,0,0,0,0,0,0,0,0.008306005,0.09983611,-0.09153011,0.09437153,-0.08606552,0.031962175,-0.02365617,0.015553398,-0.007247393,0.022367842,-0.014061837,0.056355663,-0.04804966,0.026839063,0.15570164,-0.12886257,0.13763618,-0.11079712,0.040547416,-0.013708353,0.09278152,-0.06594246,0.0734825,-0.046643436,0.105718315,-0.07887925
11124,0,1,0,0,0,0,0,0,0,0.032605104,0.26294428,-0.23033917,0.09434516,-0.061740056,0.07442233,-0.041817226,0.030292662,0.0023124423,0.08575673,-0.053151622,0.08101499,-0.048409887,0.07248917,0.24024542,-0.16775624,0.18281361,-0.11032444,0.077126965,-0.0046377927,0.09886907,-0.026379898,0.14901894,-0.07652977,0.10816347,-0.035674296
11125,0,0,0,0,1,0,0,0,0,0.028954187,0.13068888,-0.10173469,0.091982506,-0.06302832,0.049955357,-0.02100117,0.04901426,-0.020060072,0.039344106,-0.010389918,0.0649444,-0.035990216,0.03662361,0.1682083,-0.13158469,0.1550036,-0.118379995,0.053873226,-0.017249618,0.0788302,-0.04220659,0.062018517,-0.02539491,0.079669654,-0.043046046
11126,0,1,0,0,0,0,0,0,0,0.012371241,0.16471455,-0.1523433,0.08639936,-0.07402812,0.062429305,-0.050058063,0.019534687,-0.0071634455,0.028002458,-0.015631218,0.084140174,-0.07176893,0.023153864,0.16122407,-0.1380702,0.09629614,-0.073142275,0.0494305,-0.026276637,0.068448216,-0.045294352,0.05785635,-0.034702487,0.105042025,-0.08188816
11129,0,1,0,0,0,0,0,0,0,0.012552938,0.07339347,-0.060840532,0.10442445,-0.09187151,0.060820367,-0.048267428,0.016425211,-0.0038722726,0.03052542,-0.01797248,0.07121045,-0.058657512,0.02054633,0.1323255,-0.11177917,0.16933091,-0.14878458,0.04685017,-0.02630384,0.07286171,-0.052315377,0.065089904,-0.04454357,0.102477156,-0.08193082
11132,1,0,1,0,0,0,1,0,0,0.031540167,0.10370532,-0.07216515,0.12877215,-0.097231984,0.052672103,-0.021131936,0.09559431,-0.06405415,0.05901838,-0.027478214,0.1060568,-0.07451664,0.053064015,0.17775671,-0.12469269,0.19275737,-0.13969335,0.06392426,-0.010860246,0.15182126,-0.09875724,0.118104406,-0.065040395,0.1251398,-0.072075784
11139,1,0,1,0,1,0,1,0,0,0.5426862,0.50833225,0.03435397,0.28718817,0.25549805,0.3519284,0.19075781,0.47045416,0.07223207,0.56915075,-0.026464522,0.3355962,0.20709002,0.38216037,0.37557733,0.006583035,0.30798718,0.07417318,0.32542905,0.056731313,0.26034048,0.12181988,0.389091,-0.0069306493,0.27229267,0.10986769
11144,0,1,0,0,0,0,0,0,0,0.03506938,0.12884185,-0.09377247,0.14758626,-0.11251688,0.058716543,-0.023647163,0.056647815,-0.021578435,0.044634853,-0.009565473,0.11301088,-0.07794151,0.054567706,0.14236514,-0.08779743,0.23605406,-0.18148635,0.07448838,-0.019920673,0.21632417,-0.16175646,0.101052575,-0.04648487,0.21438073,-0.15981302
11152,0,1,0,0,0,0,0,0,0,0.02672709,0.21496886,-0.18824176,0.083445296,-0.056718208,0.05027316,-0.023546072,0.06999535,-0.043268263,0.036667697,-0.0099406075,0.104433276,-0.07770619,0.04151906,0.15172455,-0.11020549,0.05580657,-0.014287509,0.041788485,-0.00026942417,0.08813994,-0.046620876,0.072923124,-0.031404063,0.06909986,-0.027580798
11170,0,0,0,1,1,0,0,0,0,0.059025835,0.2041252,-0.14509936,0.12344397,-0.06441814,0.046172403,0.012853432,0.13987833,-0.08085249,0.109205164,-0.05017933,0.08900273,-0.029976893,0.13803431,0.15998772,-0.021953404,0.15115914,-0.013124824,0.07711521,0.060919106,0.18459418,-0.04655987,0.1461216,-0.008087292,0.16501525,-0.026980937
11182,0,1,0,0,0,0,0,0,0,0.046822306,0.14124736,-0.09442505,0.23096995,-0.18414764,0.08386335,-0.037041042,0.06006336,-0.013241053,0.104274645,-0.05745234,0.19553348,-0.14871117,0.049207177,0.2083252,-0.15911803,0.18362118,-0.134414,0.06513328,-0.015926104,0.17425433,-0.12504715,0.12287276,-0.07366559,0.15064922,-0.10144204
11212,0,0,0,0,1,0,0,0,0,0.058110688,0.2651585,-0.20704782,0.32039538,-0.2622847,0.09478719,-0.0366765,0.1699579,-0.11184722,0.11406258,-0.05595189,0.20163263,-0.14352195,0.103995964,0.18358909,-0.07959312,0.34481007,-0.2408141,0.09651995,0.007476017,0.218476,-0.11448003,0.16317673,-0.059180766,0.21196114,-0.10796517
11226,0,0,1,1,0,0,0,0,0,0.13935909,0.42766476,-0.28830567,0.32527977,-0.18592069,0.21167023,-0.07231115,0.1867961,-0.047437012,0.2152383,-0.075879216,0.27247217,-0.13311309,0.15433903,0.30114344,-0.1468044,0.1919586,-0.037619576,0.14404155,0.010297477,0.17816922,-0.02383019,0.16928491,-0.01494588,0.1868136,-0.032474563
11230,0,1,0,0,0,0,0,0,0,0.023182256,0.09412103,-0.07093877,0.08149789,-0.058315635,0.03774212,-0.014559863,0.08843256,-0.0652503,0.031959977,-0.008777721,0.09773949,-0.07455723,0.025664821,0.1011977,-0.075532876,0.11168392,-0.0860191,0.033770878,-0.008106057,0.07423763,-0.04857281,0.048859306,-0.023194484,0.08194373,-0.056278907
11238,0,0,0,0,1,0,0,0,0,0.054701213,0.41632536,-0.36162415,0.048683397,0.0060178153,0.05497825,-0.00027703866,0.05765532,-0.0029541068,0.096453235,-0.04175202,0.055408604,-0.00070739165,0.024533996,0.22998038,-0.20544638,0.037089344,-0.012555348,0.04967083,-0.025136834,0.026523082,-0.0019890852,0.044427607,-0.01989361,0.040616676,-0.01608268
11285,0,0,0,0,1,0,0,0,0,0.067874186,0.3141009,-0.2462267,0.05114095,0.016733237,0.06409672,0.0037774667,0.07189023,-0.0040160418,0.092788965,-0.024914779,0.05544088,0.012433305,0.027222272,0.20185427,-0.174632,0.032168645,-0.0049463734,0.042658087,-0.015435815,0.03081493,-0.0035926588,0.041549537,-0.014327265,0.039434846,-0.0122125745
11286,0,0,0,0,1,0,0,0,0,0.16374163,0.23390469,-0.070163056,0.203459,-0.03971736,0.18267983,-0.018938199,0.24972035,-0.08597872,0.158478,0.0052636266,0.24614067,-0.08239904,0.2245895,0.16685,0.057739496,0.23446783,-0.009878337,0.20623657,0.018352926,0.23124157,-0.006652072,0.20603016,0.018559337,0.2502415,-0.025651991
11319,0,0,0,0,1,0,0,0,0,0.2550956,0.3472682,-0.09217259,0.40968955,-0.15459394,0.30835316,-0.053257555,0.35736346,-0.10226786,0.30015823,-0.04506263,0.42936373,-0.17426813,0.18687668,0.22396904,-0.037092358,0.33043963,-0.14356294,0.2741665,-0.08728981,0.24047768,-0.053600997,0.22134764,-0.03447096,0.28383496,-0.09695828
11336,0,0,0,1,1,0,0,0,0,0.10256646,0.4263242,-0.32375774,0.09809991,0.0044665486,0.09189885,0.010667607,0.12608962,-0.02352316,0.17942007,-0.07685361,0.1353661,-0.03279964,0.068321094,0.2287114,-0.1603903,0.098931044,-0.03060995,0.10124754,-0.032926448,0.07521827,-0.006897174,0.11203379,-0.043712698,0.08544437,-0.017123275
11359,0,0,0,0,1,0,0,0,0,0.04410264,0.07945517,-0.035352528,0.091738485,-0.047635846,0.09848094,-0.0543783,0.06773735,-0.02363471,0.06076851,-0.016665872,0.13047764,-0.086375,0.0479438,0.11792867,-0.06998487,0.085716605,-0.037772804,0.06211501,-0.014171209,0.09736498,-0.049421176,0.08203096,-0.03408716,0.11360896,-0.065665156
11364,0,1,0,0,0,0,0,0,0,0.011917992,0.11560748,-0.103689484,0.12948,-0.11756201,0.03786304,-0.025945047,0.027047498,-0.015129507,0.031118402,-0.01920041,0.068759225,-0.056841232,0.024382494,0.16181315,-0.13743067,0.19749925,-0.17311674,0.039336666,-0.014954172,0.11902433,-0.094641834,0.06970783,-0.04532534,0.12876023,-0.10437774
11372,0,1,0,0,0,0,0,0,0,0.012777719,0.14906524,-0.13628753,0.14672899,-0.13395128,0.049487296,-0.036709577,0.031230561,-0.018452842,0.029516922,-0.016739205,0.096457094,-0.08367938,0.039891742,0.16380493,-0.12391319,0.26698408,-0.22709233,0.042250823,-0.002359081,0.14480652,-0.10491478,0.096394524,-0.05650278,0.15869763,-0.11880589
11406,0,0,0,0,1,0,0,0,0,0.046605803,0.11680267,-0.07019687,0.17640549,-0.1297997,0.10702101,-0.06041521,0.076085,-0.029479198,0.06504172,-0.018435918,0.17292912,-0.12632331,0.045742877,0.11684786,-0.07110498,0.14544967,-0.09970679,0.07821744,-0.032474563,0.101194724,-0.055451848,0.10288549,-0.057142615,0.11899271,-0.07324983
11411,0,1,0,0,0,0,0,0,0,0.071702585,0.1555377,-0.08383511,0.18086083,-0.10915825,0.10912793,-0.037425347,0.13847671,-0.06677413,0.09114431,-0.019441724,0.143908,-0.07220541,0.060869403,0.1366017,-0.0757323,0.16543257,-0.10456317,0.095548086,-0.034678683,0.1702984,-0.109428994,0.096663706,-0.035794303,0.13985427,-0.078984864
11418,0,0,0,1,0,0,0,0,0,0.27260348,0.3057208,-0.033117324,0.1311905,0.14141299,0.22665729,0.045946196,0.2404076,0.03219588,0.41484827,-0.14224479,0.15481283,0.117790654,0.15076756,0.12671508,0.024052486,0.16639669,-0.015629128,0.20651583,-0.05574827,0.18049754,-0.029729977,0.1501892,0.00057835877,0.22059466,-0.069827095
11420,0,0,1,0,0,0,0,0,0,0.111156635,0.21892937,-0.10777273,0.09224702,0.018909618,0.13588218,-0.024725549,0.13107622,-0.019919582,0.095171206,0.01598543,0.19754268,-0.08638605,0.12743261,0.17794012,-0.0505075,0.13713416,-0.00970155,0.15128854,-0.023855925,0.14711098,-0.01967837,0.16361189,-0.036179274,0.14479437,-0.01736176
11441,1,0,0,1,0,0,0,0,1,0.3326458,0.5519287,-0.2192829,0.24552307,0.08712274,0.20970488,0.12294093,0.4059348,-0.07328901,0.44835034,-0.11570454,0.24491508,0.08773072,0.23526877,0.25705323,-0.021784455,0.3916728,-0.15640402,0.1828081,0.05246067,0.23862332,-0.0033545494,0.2795463,-0.04427752,0.2880942,-0.05282542
11453,0,0,0,0,1,0,0,0,0,0.03198154,0.11325488,-0.08127335,0.1226263,-0.09064476,0.061982885,-0.030001346,0.07059907,-0.038617533,0.05377945,-0.02179791,0.10855648,-0.07657494,0.05919968,0.08268917,-0.023489494,0.150462,-0.091262326,0.06948151,-0.010281827,0.10940098,-0.0502013,0.10655669,-0.04735701,0.084651,-0.025451321
11474,0,0,0,1,0,0,0,0,0,0.30900517,0.59734535,-0.28834018,0.1969297,0.11207548,0.26822925,0.040775925,0.23070806,0.07829711,0.44128066,-0.13227549,0.19060622,0.11839895,0.15892988,0.25598937,-0.09705949,0.21232022,-0.05339034,0.22378053,-0.06485064,0.19491158,-0.0359817,0.16780207,-0.008872181,0.25504908,-0.096119195
11477,0,0,0,0,1,0,0,0,0,0.0170502,0.13576636,-0.11871616,0.15200515,-0.13495496,0.057797156,-0.040746957,0.049125567,-0.032075368,0.04267141,-0.02562121,0.1444095,-0.1273593,0.044358455,0.16834672,-0.12398826,0.23249878,-0.18814033,0.07265744,-0.028298989,0.1788892,-0.13453075,0.08690852,-0.042550065,0.1967249,-0.15236646
11489,0,1,0,0,0,0,0,0,0,0.027978264,0.11948661,-0.091508344,0.13615745,-0.10817919,0.07214523,-0.044166967,0.04229161,-0.014313348,0.060807623,-0.03282936,0.09621355,-0.068235286,0.028284991,0.13010326,-0.10181827,0.26877367,-0.24048868,0.037515488,-0.009230496,0.107413955,-0.079128966,0.062344693,-0.034059703,0.13589618,-0.10761119
11490,0,1,0,0,0,0,0,0,0,0.018972076,0.048564635,-0.029592559,0.095882624,-0.07691055,0.0480331,-0.029061023,0.025447665,-0.0064755883,0.025021926,-0.006049849,0.067095585,-0.04812351,0.02680882,0.090023845,-0.063215025,0.17289263,-0.1460838,0.046140157,-0.019331336,0.12556034,-0.09875152,0.052341532,-0.025532711,0.14271143,-0.11590261
11500,0,0,0,1,1,0,0,0,0,0.121938445,0.3233531,-0.20141467,0.20627639,-0.08433794,0.13380337,-0.011864923,0.16834505,-0.046406604,0.16689576,-0.044957317,0.19434835,-0.072409905,0.1159275,0.12746042,-0.011532918,0.13984263,-0.023915127,0.095123075,0.020804428,0.14257166,-0.026644155,0.13210139,-0.016173884,0.13265947,-0.016731963
11520,0,1,0,0,0,0,0,0,0,0.042717576,0.14357834,-0.10086076,0.11788292,-0.075165346,0.1119006,-0.06918302,0.066220686,-0.02350311,0.060758773,-0.018041197,0.17622074,-0.13350317,0.050655395,0.16198187,-0.11132647,0.14197107,-0.09131567,0.073903106,-0.023247711,0.14480759,-0.0941522,0.104584485,-0.05392909,0.10945699,-0.0588016
11530,0,1,0,0,0,0,0,0,0,0.008627241,0.14229232,-0.13366508,0.10161895,-0.09299171,0.050375313,-0.041748073,0.017020928,-0.008393687,0.027065974,-0.018438734,0.07090621,-0.062278967,0.018189484,0.17423709,-0.1560476,0.1630141,-0.14482461,0.03240546,-0.014215974,0.08476514,-0.06657566,0.04900281,-0.030813327,0.115857914,-0.09766843
11532,0,1,0,0,0,0,0,0,0,0.008626906,0.060859248,-0.05223234,0.12861657,-0.11998966,0.047232095,-0.03860519,0.023146553,-0.014519647,0.016301025,-0.0076741185,0.089342766,-0.08071586,0.024338895,0.12575881,-0.10141992,0.21458842,-0.19024952,0.034153692,-0.009814797,0.110546194,-0.0862073,0.044360083,-0.020021187,0.12661694,-0.10227805
11533,0,1,0,0,0,0,0,0,0,0.013723114,0.13984048,-0.12611736,0.19165011,-0.17792699,0.05900009,-0.045276977,0.031049412,-0.0173263,0.03228615,-0.018563036,0.11649486,-0.102771744,0.03326595,0.1561735,-0.12290755,0.25134858,-0.21808264,0.0782605,-0.044994555,0.12050761,-0.087241665,0.07170973,-0.03844378,0.1990627,-0.16579676
11550,0,0,1,0,0,0,0,0,0,0.2643604,0.3399915,-0.07563111,0.4190713,-0.15471089,0.33878866,-0.07442826,0.26668838,-0.0023279786,0.30738702,-0.043026626,0.40804973,-0.14368933,0.23611705,0.21450485,0.021612197,0.3426143,-0.10649724,0.30829552,-0.07217847,0.1936246,0.04249245,0.21862309,0.017493963,0.26196653,-0.025849476
11564,0,1,0,0,0,0,0,0,0,0.011673354,0.07335505,-0.061681695,0.09040502,-0.07873166,0.043776214,-0.03210286,0.027904572,-0.016231218,0.017406775,-0.005733421,0.07508767,-0.06341431,0.022871302,0.1141461,-0.0912748,0.14873122,-0.12585992,0.032375135,-0.009503832,0.08988161,-0.067010306,0.037901085,-0.015029782,0.08982239,-0.06695109
11575,0,1,0,0,0,0,0,0,0,0.014739404,0.056077547,-0.041338142,0.061340056,-0.04660065,0.033510655,-0.01877125,0.027878985,-0.01313958,0.035029933,-0.020290527,0.06733763,-0.052598227,0.01900164,0.103604674,-0.084603034,0.09567638,-0.07667474,0.03182584,-0.0128242,0.08453787,-0.06553623,0.053923402,-0.03492176,0.09350403,-0.074502386
11601,0,1,0,0,0,0,0,0,0,0.013132161,0.13210493,-0.11897277,0.11723845,-0.104106285,0.06906378,-0.05593162,0.022661563,-0.009529402,0.03506864,-0.021936476,0.1091739,-0.09604174,0.025700685,0.15006168,-0.12436099,0.09044428,-0.06474359,0.044506017,-0.018805332,0.069471955,-0.04377127,0.055949226,-0.030248541,0.096051715,-0.070351034
11605,0,0,0,1,1,0,0,0,0,0.09923047,0.2483112,-0.14908074,0.18483114,-0.085600674,0.15715727,-0.057926804,0.0904461,0.008784369,0.11818582,-0.01895535,0.121385105,-0.022154637,0.1232374,0.12597646,-0.002739057,0.20303509,-0.079797685,0.13548109,-0.012243688,0.12831406,-0.0050766617,0.13526206,-0.012024656,0.12169887,0.00153853
11616,0,0,1,0,1,0,0,0,0,0.5194274,0.28805825,0.23136917,0.5505823,-0.031154871,0.5633047,-0.043877304,0.28743768,0.23198974,0.42495015,0.094477266,0.5022705,0.017156899,0.59322965,0.245513,0.34771663,0.48347914,0.10975051,0.62080574,-0.027576089,0.39448774,0.19874191,0.5108073,0.082422376,0.4142517,0.17897797
11644,0,0,1,0,0,0,0,0,0,0.10871389,0.322129,-0.21341512,0.28760567,-0.17889178,0.24864653,-0.13993263,0.120120384,-0.011406496,0.15300533,-0.044291444,0.24615142,-0.13743752,0.18983512,0.21759528,-0.027760163,0.40949652,-0.2196614,0.27850586,-0.088670745,0.20357189,-0.01373677,0.24514973,-0.055314615,0.3053242,-0.11548908
11645,0,0,0,0,1,0,0,0,0,0.04190854,0.08060328,-0.03869474,0.095723934,-0.053815395,0.07092311,-0.029014573,0.08618041,-0.04427187,0.06732595,-0.02541741,0.123681195,-0.081772655,0.0530696,0.06249617,-0.009426571,0.093449034,-0.040379435,0.081372134,-0.028302535,0.09041365,-0.037344053,0.09097068,-0.03790108,0.12689029,-0.07382069
11664,0,0,0,0,1,0,0,0,0,0.11374172,0.26888013,-0.1551384,0.27437964,-0.16063792,0.23691154,-0.12316982,0.1435443,-0.029802583,0.15836644,-0.044624723,0.286428,-0.17268628,0.18861166,0.10683897,0.081772685,0.29725465,-0.108642995,0.24703573,-0.05842407,0.1722711,0.016340554,0.2036863,-0.0150746405,0.24819084,-0.05957918
11679,0,1,0,0,0,0,0,0,0,0.023484835,0.21125478,-0.18776993,0.074402,-0.050917163,0.044540934,-0.021056099,0.04026176,-0.016776925,0.04328659,-0.019801756,0.07615227,-0.05266744,0.050086007,0.22159626,-0.17151025,0.17585471,-0.1257687,0.056669552,-0.0065835454,0.1732243,-0.12313829,0.1192704,-0.06918439,0.14615966,-0.09607366
11681,1,0,1,1,0,0,1,0,0,0.089326166,0.3845694,-0.29524323,0.26719028,-0.1778641,0.17525287,-0.085926704,0.13859394,-0.049267776,0.18341498,-0.094088815,0.19574265,-0.106416486,0.20122169,0.27653933,-0.075317636,0.22531435,-0.02409266,0.16720635,0.034015343,0.21411777,-0.012896076,0.3005031,-0.099281415,0.18851848,0.01270321
11686,0,0,1,1,1,0,0,0,0,0.19681656,0.4572866,-0.26047003,0.24243876,-0.0456222,0.2030147,-0.006198138,0.29237148,-0.09555492,0.22179091,-0.024974346,0.27996716,-0.083150595,0.15070005,0.2394744,-0.08877435,0.1457033,0.004996747,0.15491363,-0.0042135864,0.17319629,-0.022496238,0.14632928,0.004370764,0.1818745,-0.031174451
11705,0,1,0,0,0,0,0,0,0,0.021907,0.12354828,-0.101641275,0.19628692,-0.17437991,0.053645097,-0.031738095,0.03591656,-0.0140095595,0.062318858,-0.04041186,0.08662598,-0.06471898,0.023735378,0.15830341,-0.13456804,0.28257108,-0.2588357,0.040589362,-0.016853984,0.14427264,-0.120537266,0.0686307,-0.044895325,0.17961858,-0.15588321
11711,0,1,0,0,0,0,0,0,0,0.1024188,0.30257377,-0.20015496,0.31809306,-0.21567425,0.16308679,-0.060667984,0.15145145,-0.04903265,0.1363121,-0.033893295,0.2735502,-0.1711314,0.103795655,0.17570603,-0.071910374,0.22228567,-0.11849002,0.17839569,-0.07460003,0.19496779,-0.09117214,0.14860834,-0.044812687,0.2722095,-0.16841385
11723,0,1,0,0,0,0,0,0,0,0.070962146,0.1667732,-0.095811054,0.16478476,-0.09382261,0.16102016,-0.090058014,0.12160815,-0.050646007,0.085759625,-0.014797479,0.21095376,-0.13999161,0.052598268,0.1334615,-0.08086324,0.11023119,-0.057632923,0.09226866,-0.039670393,0.079115346,-0.026517078,0.06909144,-0.016493171,0.114401974,-0.061803706
11727,0,1,0,0,0,0,0,0,0,0.09884696,0.21944459,-0.12059763,0.26037902,-0.16153206,0.17653441,-0.07768746,0.13217354,-0.03332658,0.1453116,-0.046464637,0.18272966,-0.083882704,0.0711211,0.1538675,-0.0827464,0.21036491,-0.13924381,0.08285082,-0.011729725,0.14457738,-0.07345629,0.1330072,-0.061886102,0.15609236,-0.084971264
11738,0,0,0,1,0,0,0,0,0,0.13925505,0.3470148,-0.20775977,0.25595704,-0.11670199,0.18908569,-0.049830645,0.12623943,0.013015613,0.21692647,-0.07767142,0.16915537,-0.029900327,0.114812486,0.18980011,-0.07498763,0.12292733,-0.008114845,0.06882453,0.045987956,0.1390458,-0.024233319,0.18957192,-0.07475943,0.122957885,-0.008145399
11739,0,1,0,0,0,0,0,0,0,0.010404332,0.083676584,-0.07327225,0.11076918,-0.10036485,0.037502587,-0.027098255,0.019660555,-0.009256223,0.025881903,-0.015477572,0.058563117,-0.048158787,0.01767805,0.15507157,-0.13739352,0.23812445,-0.2204464,0.03702351,-0.01934546,0.10991705,-0.092239,0.045707036,-0.028028985,0.15110163,-0.13342358
11755,1,0,1,0,1,0,1,0,0,0.3905656,0.32402462,0.06654099,0.1971884,0.1933772,0.30359143,0.086974174,0.2273513,0.16321431,0.43443403,-0.043868423,0.16776338,0.22280222,0.18655285,0.10784316,0.07870969,0.13618273,0.050370127,0.2501256,-0.063572735,0.12226486,0.06428799,0.1416539,0.044898957,0.124962695,0.061590157
11758,0,0,1,0,0,0,0,0,0,0.1683384,0.45180795,-0.28346956,0.20484693,-0.03650853,0.21441391,-0.046075508,0.20741038,-0.039071977,0.25581443,-0.08747603,0.28227147,-0.11393307,0.21028322,0.26455697,-0.054273754,0.23491113,-0.024627909,0.27622595,-0.065942734,0.19864675,0.011636466,0.20038976,0.009893462,0.2533764,-0.043093175
11788,0,0,1,0,0,0,0,0,0,0.11135915,0.39412153,-0.28276238,0.31725806,-0.20589891,0.26826587,-0.15690672,0.116473965,-0.005114816,0.13945654,-0.028097391,0.2759739,-0.16461474,0.10888026,0.23196855,-0.12308829,0.22633566,-0.1174554,0.20449007,-0.09560981,0.12115224,-0.012271978,0.15382169,-0.044941433,0.20802522,-0.09914496
11789,0,1,0,0,0,0,0,0,0,0.011928395,0.09867179,-0.08674339,0.13133924,-0.11941084,0.03421566,-0.022287264,0.029650569,-0.017722175,0.02648603,-0.0145576345,0.06541948,-0.053491086,0.032240547,0.17394704,-0.1417065,0.3110684,-0.27882785,0.055117566,-0.022877019,0.1138653,-0.081624754,0.0642639,-0.032023355,0.17468928,-0.14244872
11799,0,0,0,0,1,0,0,0,0,0.043795176,0.20125437,-0.1574592,0.14357592,-0.099780746,0.06476578,-0.020970605,0.086330265,-0.04253509,0.06947448,-0.025679305,0.17547883,-0.13168365,0.05318789,0.19068316,-0.13749526,0.17055571,-0.11736782,0.06771215,-0.014524259,0.20255817,-0.14937028,0.10745894,-0.05427105,0.17457233,-0.12138444
11802,0,1,0,1,0,0,0,0,0,0.022415746,0.17327096,-0.15085521,0.1294098,-0.10699406,0.050284524,-0.027868778,0.044033565,-0.021617819,0.044612616,-0.02219687,0.08372208,-0.06130633,0.08435278,0.24562429,-0.16127151,0.14178447,-0.057431698,0.043186665,0.04116611,0.18453038,-0.1001776,0.13803925,-0.05368647,0.11941809,-0.035065316
11803,0,1,0,0,0,0,0,0,0,0.013449452,0.101800345,-0.08835089,0.15435591,-0.14090647,0.0366481,-0.023198646,0.03741443,-0.023964979,0.023330703,-0.0098812515,0.08833634,-0.07488689,0.034732644,0.13273071,-0.09799807,0.34894365,-0.314211,0.06485691,-0.030124266,0.12828374,-0.0935511,0.067823835,-0.03309119,0.21897985,-0.18424721
11805,0,1,0,0,0,0,0,0,0,0.0095778415,0.15615071,-0.14657287,0.13615273,-0.12657489,0.04609305,-0.03651521,0.029174455,-0.019596614,0.03551629,-0.025938451,0.08667516,-0.07709732,0.026957678,0.17101593,-0.14405826,0.2219539,-0.19499622,0.052700046,-0.025742369,0.09903617,-0.072078496,0.078609236,-0.05165156,0.17445786,-0.14750019
11832,0,0,0,1,1,0,0,0,0,0.14175896,0.25836024,-0.11660127,0.11260343,0.02915553,0.1372123,0.004546657,0.22353384,-0.081774876,0.17411964,-0.032360673,0.19010173,-0.048342764,0.15135154,0.13956158,0.011789963,0.17200008,-0.020648539,0.16669,-0.015338466,0.21031348,-0.058961943,0.17302099,-0.021669447,0.19967346,-0.048321918
11834,0,0,0,1,0,0,0,0,0,0.07068172,0.23642853,-0.16574681,0.20021899,-0.12953727,0.08574524,-0.015063517,0.15581709,-0.08513537,0.11800044,-0.04731872,0.18479826,-0.114116535,0.11927215,0.22559339,-0.10632124,0.17282501,-0.05355286,0.09903449,0.020237662,0.2252017,-0.105929546,0.19274119,-0.073469035,0.1968538,-0.07758165
11842,0,1,0,0,0,0,0,0,0,0.0835352,0.28099155,-0.19745636,0.29173857,-0.20820338,0.18278782,-0.09925262,0.12002088,-0.03648568,0.13931106,-0.05577586,0.20818314,-0.12464794,0.078818835,0.19801152,-0.11919268,0.24078107,-0.16196224,0.12406017,-0.045241334,0.1637697,-0.08495087,0.113578305,-0.03475947,0.16469485,-0.08587601
11843,0,1,0,0,0,0,0,0,0,0.15088691,0.2890538,-0.13816689,0.2949991,-0.14411218,0.22422291,-0.073336005,0.12193959,0.028947316,0.2127507,-0.061863795,0.20835787,-0.057470962,0.14844118,0.16398284,-0.015541658,0.24509798,-0.0966568,0.1530521,-0.004610926,0.16323717,-0.014795989,0.18535323,-0.036912054,0.16586557,-0.01742439
11853,0,1,0,0,0,0,0,0,0,0.08162718,0.25980482,-0.17817762,0.11721727,-0.03559009,0.109099746,-0.027472563,0.13156222,-0.049935035,0.11246604,-0.030838855,0.12634592,-0.044718735,0.09993214,0.21732569,-0.117393546,0.05942009,0.04051205,0.08518854,0.014743604,0.12905636,-0.029124223,0.15726069,-0.057328545,0.07552148,0.024410665
11855,0,0,1,0,1,0,0,0,0,0.19034459,0.33305085,-0.14270626,0.30965763,-0.11931305,0.19497462,-0.004630029,0.30258554,-0.112240955,0.2248241,-0.034479514,0.3325782,-0.14223363,0.16495998,0.23416261,-0.06920263,0.29294914,-0.12798916,0.17652759,-0.0115676075,0.16034992,0.0046100616,0.20617265,-0.041212663,0.22415636,-0.059196383
11868,0,0,1,0,0,0,0,0,0,0.06762058,0.43109953,-0.36347896,0.1584632,-0.09084261,0.18991786,-0.12229728,0.05538254,0.012238044,0.1429594,-0.07533882,0.16562825,-0.09800767,0.06324017,0.2550206,-0.19178042,0.1297519,-0.066511735,0.098250106,-0.035009935,0.09611787,-0.0328777,0.08710735,-0.023867182,0.13562773,-0.07238756
11872,1,0,0,0,1,0,0,1,0,0.031649895,0.23593424,-0.20428434,0.082895964,-0.05124607,0.04402171,-0.012371816,0.06097032,-0.029320426,0.05382652,-0.022176623,0.08425224,-0.052602343,0.070644885,0.23443957,-0.16379468,0.2321943,-0.16154942,0.07101888,-0.0003739968,0.16710445,-0.09645957,0.12948923,-0.058844343,0.20234062,-0.13169573
11884,0,1,0,0,0,0,0,0,0,0.058050163,0.15362468,-0.09557452,0.24650991,-0.18845975,0.11395406,-0.055903897,0.11564375,-0.057593584,0.1211713,-0.06312114,0.21051946,-0.1524693,0.08191057,0.15909913,-0.07718856,0.29526848,-0.2133579,0.09663915,-0.014728576,0.20710923,-0.12519866,0.13189825,-0.04998768,0.24718836,-0.16527778
11885,0,1,0,0,0,0,0,0,0,0.031027555,0.1055643,-0.07453675,0.23757285,-0.2065453,0.13396896,-0.10294141,0.05456988,-0.023542326,0.072259516,-0.04123196,0.16414598,-0.13311842,0.057380326,0.189591,-0.13221067,0.26013163,-0.20275131,0.08687913,-0.0294988,0.16083133,-0.103451006,0.11423187,-0.056851543,0.14181186,-0.08443154
11896,0,0,0,0,1,0,0,0,0,0.4373962,0.43369824,0.0036979616,0.50651383,-0.069117635,0.3814992,0.055896997,0.45678133,-0.01938513,0.48015636,-0.042760164,0.45417142,-0.01677522,0.512087,0.2965935,0.2154935,0.6033793,-0.09129232,0.5230723,-0.010985315,0.459276,0.052810997,0.48126605,0.030820936,0.522601,-0.010514021
11899,0,0,0,0,1,0,0,0,0,0.060116146,0.05773788,0.0023782663,0.08508828,-0.024972137,0.08978514,-0.02966899,0.09299498,-0.032878835,0.08387426,-0.023758117,0.10742847,-0.047312323,0.05832064,0.07857895,-0.020258307,0.10620441,-0.04788377,0.07945569,-0.021135047,0.11996682,-0.06164618,0.116645746,-0.058325104,0.11506052,-0.05673988
11901,1,0,1,0,0,0,1,0,0,0.4072312,0.35386163,0.05336958,0.4678576,-0.060626388,0.33238116,0.07485005,0.39813098,0.009100229,0.44846576,-0.041234553,0.4010669,0.0061643124,0.44609216,0.25424644,0.19184572,0.5187377,-0.072645515,0.456456,-0.010363847,0.36033773,0.085754424,0.44189698,0.0041951835,0.46888334,-0.022791177
11916,0,0,1,0,0,0,0,0,0,0.11360801,0.2958467,-0.1822387,0.17337443,-0.05976642,0.14474154,-0.031133525,0.12183434,-0.008226328,0.1695135,-0.055905484,0.17090085,-0.05729284,0.1392272,0.18962908,-0.05040188,0.20301883,-0.06379163,0.17391217,-0.03468497,0.18347026,-0.044243068,0.1618811,-0.022653908,0.2118141,-0.07258691
11932,0,1,0,1,0,0,0,0,0,0.031033704,0.12199288,-0.09095918,0.08150352,-0.050469816,0.048002515,-0.01696881,0.05803124,-0.026997535,0.06826479,-0.037231088,0.07272523,-0.041691527,0.0738787,0.17929226,-0.10541356,0.23340943,-0.15953073,0.067342065,0.006536633,0.19633143,-0.12245273,0.127992,-0.054113306,0.21364558,-0.13976687
11933,0,1,0,0,0,0,0,0,0,0.060477022,0.19815846,-0.13768144,0.20495394,-0.14447692,0.13812417,-0.07764715,0.08916399,-0.028686967,0.0656944,-0.005217377,0.234242,-0.17376499,0.09531459,0.15231653,-0.057001933,0.24140918,-0.14609459,0.14738196,-0.05206737,0.19290623,-0.09759164,0.11705585,-0.021741256,0.24398978,-0.14867519
11934,0,1,0,0,0,0,0,0,0,0.03537939,0.19497076,-0.15959136,0.26803264,-0.23265325,0.115709916,-0.08033052,0.06432063,-0.02894124,0.04793016,-0.0125507675,0.20918638,-0.17380698,0.07271976,0.19445477,-0.121735014,0.23015939,-0.15743962,0.12277779,-0.05005803,0.14189078,-0.06917102,0.107492566,-0.034772806,0.20066316,-0.1279434
11937,0,0,1,1,1,0,0,0,0,0.23396502,0.33500725,-0.101042226,0.13734472,0.09662031,0.18712653,0.046838492,0.15176237,0.08220266,0.30923545,-0.07527043,0.17064911,0.06331591,0.12341854,0.18323888,-0.05982034,0.13726518,-0.013846636,0.14279847,-0.019379929,0.118678935,0.004739605,0.12510924,-0.0016907007,0.13203435,-0.008615807
11956,0,1,0,0,0,0,0,0,0,0.012916399,0.10553605,-0.09261965,0.14420305,-0.13128665,0.047163237,-0.03424684,0.023948807,-0.011032408,0.031379357,-0.018462958,0.08534709,-0.07243069,0.029134154,0.1596231,-0.13048895,0.12080007,-0.091665916,0.040753398,-0.011619244,0.11163099,-0.08249684,0.07057749,-0.041443333,0.11020033,-0.08106618
12028,0,0,1,1,0,0,0,0,0,0.07235683,0.24227099,-0.16991416,0.1587346,-0.08637778,0.12962268,-0.057265855,0.12324374,-0.050886914,0.10606279,-0.033705965,0.19007541,-0.117718585,0.11744579,0.16009778,-0.04265199,0.15285896,-0.03541317,0.123235345,-0.0057895556,0.16255455,-0.045108758,0.17119516,-0.053749375,0.13962707,-0.02218128
12031,1,0,0,0,0,1,1,0,0,0.16799632,0.2719199,-0.10392359,0.25260946,-0.084613144,0.19212742,-0.024131104,0.20117454,-0.033178225,0.21644059,-0.04844427,0.29181024,-0.12381393,0.23248748,0.2650761,-0.032588616,0.25837234,-0.025884852,0.30573428,-0.07324679,0.1944606,0.038026884,0.22149302,0.010994464,0.26308078,-0.03059329
12033,0,1,0,0,0,0,0,0,0,0.06517824,0.23351389,-0.16833565,0.09358287,-0.02840463,0.05995075,0.0052274875,0.11074221,-0.045563973,0.12637931,-0.061201073,0.107773684,-0.042595446,0.12914836,0.1946408,-0.06549244,0.110695586,0.018452778,0.106323786,0.022824578,0.17927317,-0.05012481,0.1362354,-0.007087037,0.14127904,-0.012130678
12034,0,1,0,0,0,0,0,0,0,0.032814432,0.092595346,-0.059780914,0.16003647,-0.12722205,0.07977687,-0.046962436,0.07431652,-0.041502085,0.037739262,-0.00492483,0.12919286,-0.09637843,0.045605544,0.112648495,-0.06704295,0.19746225,-0.1518567,0.075981975,-0.03037643,0.13757658,-0.09197104,0.07463845,-0.029032905,0.15562788,-0.110022336
12074,0,1,0,0,0,0,0,0,0,0.020990085,0.09002,-0.06902991,0.18698873,-0.16599864,0.08803541,-0.06704533,0.033009715,-0.0120196305,0.049854156,-0.02886407,0.113866344,-0.092876256,0.026358265,0.124507144,-0.09814888,0.15254666,-0.1261884,0.050151758,-0.023793492,0.113320194,-0.086961925,0.054474108,-0.028115842,0.14411733,-0.117759064
12082,0,1,0,1,0,0,0,0,0,0.0140090985,0.10221749,-0.08820839,0.10334402,-0.08933493,0.03781641,-0.02380731,0.033913486,-0.019904386,0.03338706,-0.019377962,0.07454469,-0.06053559,0.05124939,0.19702181,-0.14577243,0.2675919,-0.21634251,0.04276513,0.008484259,0.18875767,-0.13750829,0.09666794,-0.04541855,0.15052925,-0.099279866
12112,0,0,0,0,1,0,0,0,0,0.11472107,0.31898555,-0.20426449,0.20160957,-0.0868885,0.22423331,-0.10951225,0.12287681,-0.008155741,0.15447198,-0.03975091,0.26085094,-0.14612988,0.11762911,0.18846138,-0.07083227,0.1864737,-0.06884459,0.18554774,-0.06791863,0.15747252,-0.03984341,0.16114812,-0.043519005,0.19419833,-0.076569214
12122,1,0,0,0,0,1,1,0,0,0.16866022,0.2074675,-0.038807273,0.14028022,0.028380007,0.15716346,0.011496767,0.19697069,-0.028310463,0.19129337,-0.02263315,0.17273757,-0.004077345,0.22290723,0.18032078,0.042586446,0.15535899,0.067548245,0.18896356,0.033943668,0.24673572,-0.023828492,0.19363189,0.029275343,0.18590847,0.036998764
12124,0,0,0,0,1,0,0,0,0,0.036811568,0.16934673,-0.13253516,0.10482703,-0.06801546,0.06310359,-0.026292019,0.08654683,-0.049735263,0.065786436,-0.028974868,0.15222766,-0.11541609,0.041238237,0.12832934,-0.0870911,0.08785364,-0.046615403,0.047378343,-0.0061401054,0.084214665,-0.042976428,0.07362273,-0.032384496,0.080527715,-0.03928948
12126,0,0,1,0,0,0,0,0,0,0.15288347,0.4667721,-0.31388864,0.27515575,-0.12227228,0.25788873,-0.105005264,0.14500101,0.007882461,0.25849262,-0.10560915,0.28168485,-0.12880138,0.22862877,0.3337372,-0.105108425,0.21004875,0.01858002,0.29285645,-0.064227685,0.23042542,-0.0017966479,0.26996207,-0.041333303,0.26844227,-0.039813504
12137,0,0,0,0,1,0,0,0,0,0.031260785,0.045267828,-0.014007043,0.09160283,-0.060342047,0.06289496,-0.031634178,0.04380366,-0.012542874,0.047017973,-0.015757188,0.095367774,-0.064106986,0.05160322,0.07556958,-0.023966357,0.18047,-0.12886679,0.07571019,-0.024106972,0.19306731,-0.14146408,0.09360601,-0.04200279,0.17116828,-0.11956506
12143,0,0,0,1,1,0,0,0,0,0.17963783,0.28917608,-0.10953824,0.13812986,0.041507974,0.16624041,0.013397425,0.18560492,-0.0059670806,0.21982333,-0.040185496,0.19087404,-0.011236206,0.19252612,0.124670126,0.06785599,0.19112632,0.0013998002,0.19892646,-0.0064003468,0.19017701,0.0023491085,0.20813441,-0.015608296,0.19063216,0.0018939525
12144,0,1,0,0,0,0,0,0,0,0.029810226,0.28728628,-0.25747606,0.16963814,-0.13982792,0.06850169,-0.03869146,0.07217609,-0.042365864,0.058384128,-0.028573902,0.17454718,-0.14473696,0.060517132,0.22870225,-0.16818511,0.23005354,-0.16953641,0.09032152,-0.029804386,0.18957151,-0.12905438,0.10884938,-0.048332244,0.22353777,-0.16302064
12147,0,1,0,0,0,0,0,0,0,0.054364152,0.10503976,-0.05067561,0.14410858,-0.08974443,0.113637656,-0.059273504,0.08323116,-0.028867006,0.08690595,-0.032541797,0.16816913,-0.11380497,0.060792703,0.13730569,-0.07651299,0.14083482,-0.080042124,0.08642585,-0.025633145,0.16499826,-0.10420556,0.105963014,-0.04517031,0.12567261,-0.06487991
12156,0,0,0,0,1,0,0,0,0,0.034491114,0.18813808,-0.15364698,0.06502031,-0.030529194,0.07566915,-0.041178033,0.051088862,-0.016597748,0.033031885,0.0014592297,0.08667331,-0.052182198,0.051966976,0.17712522,-0.12515824,0.07455903,-0.022592057,0.079560414,-0.027593438,0.070376724,-0.018409748,0.07888797,-0.026920993,0.08325252,-0.031285543
12169,0,0,0,0,1,0,0,0,0,0.13695508,0.094648115,0.042306967,0.1298155,0.0071395785,0.12778652,0.009168565,0.06687843,0.07007665,0.15694223,-0.019987151,0.08072666,0.05622842,0.0782307,0.07571523,0.0025154725,0.18999797,-0.11176727,0.09819756,-0.019966856,0.06053045,0.017700251,0.073353834,0.004876867,0.07342541,0.004805289
12172,0,1,0,0,0,0,0,0,0,0.10860671,0.37295073,-0.26434404,0.22953957,-0.12093286,0.17176674,-0.06316003,0.17342468,-0.064817965,0.19446051,-0.0858538,0.25926366,-0.15065695,0.13082969,0.24908876,-0.11825907,0.23401031,-0.10318062,0.20523871,-0.07440902,0.1735425,-0.042712808,0.17556827,-0.044738576,0.2300598,-0.09923011
12176,0,0,0,1,1,0,0,0,0,0.10141278,0.12836184,-0.026949055,0.093006305,0.008406475,0.12513117,-0.023718394,0.17250407,-0.07109129,0.12307426,-0.021661483,0.1500996,-0.048686825,0.14519401,0.10199368,0.04320033,0.13907127,0.006122738,0.14612183,-0.0009278208,0.17681183,-0.03161782,0.18041945,-0.035225436,0.14653486,-0.0013408512
12178,0,0,0,1,0,0,0,0,0,0.08768647,0.4787533,-0.39106682,0.24153636,-0.1538499,0.18437693,-0.09669045,0.21234295,-0.124656476,0.26091668,-0.1732302,0.22290474,-0.13521826,0.11268904,0.26638559,-0.15369654,0.33088857,-0.21819952,0.23353375,-0.120844714,0.21099897,-0.09830993,0.13868256,-0.025993519,0.4411889,-0.32849985
12179,0,1,0,1,0,0,0,0,0,0.06742463,0.35773134,-0.29030672,0.15280764,-0.085383005,0.089768164,-0.022343531,0.078818455,-0.011393823,0.11959379,-0.05216916,0.1350227,-0.06759807,0.09202532,0.22291626,-0.13089094,0.112296745,-0.020271428,0.10232884,-0.01030352,0.15628055,-0.06425523,0.15553124,-0.063505925,0.15434298,-0.062317662
12181,0,1,0,0,0,0,0,0,0,0.0391456,0.15104496,-0.11189936,0.10758695,-0.06844135,0.08568376,-0.046538163,0.07520528,-0.03605968,0.0788029,-0.0396573,0.14059821,-0.101452604,0.05786393,0.17503405,-0.11717012,0.16870576,-0.11084183,0.08769031,-0.02982638,0.14836082,-0.09049689,0.11034042,-0.052476488,0.15935767,-0.10149374
12189,0,0,0,1,1,0,0,0,0,0.087897025,0.09364963,-0.005752608,0.11156813,-0.023671106,0.09009153,-0.0021945015,0.09269819,-0.0048011616,0.102480315,-0.01458329,0.095709614,-0.007812589,0.11746929,0.10062816,0.016841128,0.07750806,0.039961226,0.07215296,0.04531633,0.12395163,-0.0064823404,0.11380003,0.003669262,0.059658896,0.057810392
12190,0,0,0,0,1,0,0,0,0,0.14441814,0.13207798,0.012340158,0.031442277,0.11297586,0.15886283,-0.014444694,0.05885009,0.08556804,0.15410994,-0.009691805,0.05699445,0.08742368,0.08643957,0.05894445,0.027495123,0.028105812,0.058333762,0.086424924,1.4647841e-05,0.070513956,0.015925616,0.08468627,0.0017533004,0.054759324,0.03168025
12192,1,0,0,1,0,0,0,0,1,0.123796366,0.31187266,-0.18807629,0.15477717,-0.030980803,0.12810624,-0.0043098703,0.16285075,-0.039054386,0.15737227,-0.0335759,0.18258512,-0.058788754,0.12920573,0.1620596,-0.03285387,0.10520048,0.024005257,0.11832297,0.010882765,0.13858737,-0.009381637,0.1326596,-0.0034538656,0.121940285,0.0072654486
12195,0,0,0,1,0,0,0,0,0,0.1776017,0.16701359,0.0105881095,0.25306794,-0.075466245,0.16501911,0.012582585,0.3501661,-0.17256442,0.21483184,-0.03723015,0.29977128,-0.122169584,0.14353374,0.11777833,0.025755405,0.09988617,0.043647565,0.10915499,0.034378745,0.14285399,0.00067974627,0.13614073,0.0073930025,0.09205157,0.051482163
12197,0,0,0,0,1,0,0,0,0,0.071286336,0.06087429,0.010412045,0.04376911,0.027517226,0.10616873,-0.034882396,0.061625905,0.00966043,0.074701756,-0.0034154207,0.07005027,0.0012360662,0.056829654,0.03885943,0.017970223,0.057612255,-0.00078260154,0.07693378,-0.020104125,0.07455195,-0.017722294,0.07524697,-0.018417314,0.07455571,-0.017726056
12199,0,1,0,0,0,0,0,0,0,0.05471429,0.18082367,-0.12610938,0.28883383,-0.23411953,0.10820193,-0.05348764,0.12547645,-0.07076216,0.083656564,-0.028942276,0.27456632,-0.21985203,0.053788785,0.16410322,-0.11031444,0.19518803,-0.14139925,0.076220326,-0.022431541,0.15072352,-0.096934736,0.07217363,-0.018384848,0.1809965,-0.12720773
12201,0,0,0,0,1,0,0,0,0,0.033210024,0.437406,-0.40419596,0.16175118,-0.12854116,0.07673051,-0.043520488,0.11009059,-0.07688057,0.043483693,-0.010273669,0.21924894,-0.18603891,0.039126933,0.25944227,-0.22031534,0.086148545,-0.047021613,0.090616494,-0.05148956,0.06143567,-0.022308737,0.04982848,-0.010701548,0.09359864,-0.05447171
12216,0,1,0,0,0,0,0,0,0,0.08419983,0.2667117,-0.18251188,0.2617778,-0.17757796,0.11976135,-0.035561517,0.13739118,-0.05319135,0.1126133,-0.028413467,0.19941217,-0.115212336,0.10079736,0.19280049,-0.09200313,0.18342608,-0.08262872,0.090642825,0.010154538,0.16800621,-0.06720885,0.16358922,-0.06279186,0.16807675,-0.06727939
12220,0,1,0,0,0,0,0,0,0,0.019442925,0.11327039,-0.09382746,0.10203752,-0.082594596,0.045027062,-0.025584137,0.045763455,-0.02632053,0.037254494,-0.017811568,0.0758755,-0.056432575,0.0510642,0.18640673,-0.13534254,0.20396158,-0.15289739,0.051000204,6.399676e-05,0.1616168,-0.1105526,0.08193842,-0.030874223,0.13381754,-0.08275334
12221,0,0,0,1,1,0,0,0,0,0.13579266,0.14298749,-0.007194832,0.1632951,-0.027502447,0.18291591,-0.047123253,0.19249834,-0.056705683,0.12246426,0.013328396,0.20784622,-0.07205357,0.13456234,0.10564942,0.028912924,0.2102145,-0.07565215,0.15205099,-0.017488644,0.18547456,-0.050912216,0.1572802,-0.022717863,0.18585658,-0.051294237
12223,0,0,0,1,1,0,0,0,0,0.5456855,0.55396956,-0.008284032,0.41948777,0.12619776,0.5307279,0.014957607,0.46301916,0.08266637,0.5519399,-0.006254375,0.47558025,0.070105284,0.5153628,0.2819012,0.23346159,0.4381957,0.077167094,0.5830289,-0.06766611,0.45300466,0.06235814,0.46634462,0.049018174,0.45729926,0.058063537
12224,0,0,0,0,1,0,0,0,0,0.055626076,0.08304998,-0.027423907,0.13422628,-0.0786002,0.107420675,-0.0517946,0.07420653,-0.018580455,0.06727417,-0.011648092,0.1574022,-0.10177612,0.04020424,0.045112498,-0.00490826,0.12102344,-0.080819204,0.07727703,-0.03707279,0.04487319,-0.004668951,0.05795921,-0.017754972,0.08205225,-0.041848015
12230,0,1,0,0,0,0,0,0,0,0.13311882,0.4021439,-0.2690251,0.22111244,-0.08799362,0.2723208,-0.13920198,0.11871206,0.014406763,0.11721727,0.01590155,0.2516615,-0.118542686,0.14841448,0.30185783,-0.15344335,0.16828324,-0.019868761,0.23905453,-0.09064005,0.18317357,-0.03475909,0.15601267,-0.0075981915,0.22393526,-0.07552078
12235,0,0,0,1,1,0,0,0,0,0.08575665,0.15565188,-0.06989523,0.16255972,-0.076803066,0.10632347,-0.020566821,0.11618625,-0.030429594,0.10747188,-0.021715231,0.14458865,-0.058831997,0.09855374,0.14704539,-0.04849165,0.14880827,-0.05025453,0.09804647,0.0005072728,0.12842618,-0.02987244,0.10772505,-0.009171307,0.1359668,-0.037413053
12241,0,0,0,1,1,0,0,0,0,0.06231014,0.18200599,-0.11969584,0.1045533,-0.042243157,0.08101446,-0.018704321,0.11103129,-0.048721146,0.12750606,-0.06519592,0.12650329,-0.064193144,0.12046556,0.1427542,-0.022288635,0.0924377,0.028027862,0.07690263,0.043562934,0.16551238,-0.04504682,0.16897744,-0.048511878,0.1161734,0.0042921603
12252,1,0,1,0,0,0,1,0,0,0.5156509,0.5206846,-0.005033672,0.46208185,0.05356908,0.58376324,-0.068112314,0.39376873,0.1218822,0.5260307,-0.010379791,0.47833636,0.037314564,0.47330916,0.29583025,0.17747891,0.2993731,0.17393607,0.5224967,-0.04918754,0.31132174,0.16198742,0.3373457,0.13596347,0.3393366,0.13397256
12254,0,1,0,0,0,0,0,0,0,0.09420099,0.35464618,-0.26044518,0.18068114,-0.08648015,0.16074502,-0.06654403,0.12929615,-0.035095163,0.10932517,-0.015124179,0.20533727,-0.11113628,0.10848798,0.20813112,-0.09964314,0.13393946,-0.025451481,0.1585769,-0.050088927,0.14789382,-0.039405838,0.13506259,-0.026574612,0.18207453,-0.07358655
12262,0,0,0,1,1,0,0,0,0,0.15250176,0.3202527,-0.16775092,0.17259617,-0.02009441,0.12685551,0.025646254,0.2263151,-0.073813334,0.21100932,-0.05850756,0.18951547,-0.03701371,0.15846197,0.18928558,-0.030823603,0.25728533,-0.09882335,0.13668425,0.02177772,0.23620489,-0.07774292,0.1412455,0.017216474,0.26184916,-0.10338719
12276,0,1,0,1,0,0,0,0,0,0.04018505,0.23095019,-0.19076514,0.1405575,-0.10037245,0.051581815,-0.011396766,0.09203095,-0.0518459,0.0938426,-0.053657554,0.106643476,-0.06645843,0.094984666,0.20624658,-0.11126192,0.22370982,-0.12872516,0.04579667,0.049187995,0.3000213,-0.20503663,0.16520643,-0.07022177,0.12963761,-0.03465295
12277,0,1,0,0,0,0,0,0,0,0.0116539,0.17673995,-0.16508605,0.13939047,-0.12773657,0.07484452,-0.06319062,0.026164923,-0.014511023,0.037069764,-0.025415864,0.115275055,-0.103621155,0.03338529,0.17272672,-0.13934143,0.11218666,-0.07880137,0.058643866,-0.025258575,0.09521548,-0.061830185,0.07422255,-0.040837258,0.1188423,-0.085457005
12281,0,0,1,1,0,0,0,0,0,0.23085643,0.26092094,-0.030064508,0.21753159,0.013324842,0.19182062,0.039035812,0.24863799,-0.017781556,0.2822849,-0.051428452,0.22816424,0.0026921928,0.23538566,0.19897225,0.0364134,0.28814307,-0.052757412,0.29528323,-0.05989757,0.2955518,-0.06016615,0.18929264,0.046093017,0.3134223,-0.078036636
12285,0,0,0,0,1,0,0,0,0,0.11113521,0.1860528,-0.07491759,0.19460592,-0.08347071,0.15856232,-0.04742711,0.26370245,-0.15256724,0.09642861,0.014706597,0.329628,-0.21849278,0.16846736,0.12458836,0.043878995,0.20326869,-0.034801334,0.15291263,0.015554726,0.27873647,-0.110269114,0.16714913,0.0013182312,0.24269256,-0.0742252
12301,1,0,0,0,0,1,1,0,0,0.017937921,0.071813144,-0.053875223,0.11857868,-0.10064076,0.063098654,-0.045160733,0.057293072,-0.03935515,0.03173756,-0.013799638,0.13835427,-0.12041635,0.032330822,0.124244235,-0.09191342,0.12928337,-0.09695254,0.060720634,-0.028389812,0.098712206,-0.06638138,0.08203142,-0.0497006,0.09917426,-0.066843435
12310,0,1,0,0,0,0,0,0,0,0.096873805,0.15713052,-0.06025672,0.07847184,0.018401965,0.105421476,-0.008547671,0.17618199,-0.07930818,0.1214677,-0.024593897,0.16363741,-0.06676361,0.09010128,0.12653893,-0.036437653,0.06417796,0.02592332,0.05635543,0.033745848,0.16721833,-0.07711705,0.1577561,-0.067654826,0.081878625,0.008222654
12328,0,0,0,0,1,0,0,0,0,0.043019798,0.06965247,-0.02663267,0.108325444,-0.06530565,0.08247372,-0.03945392,0.08660349,-0.043583695,0.04680622,-0.0037864223,0.1438384,-0.100818604,0.05244468,0.058344495,-0.005899813,0.10248197,-0.050037287,0.06895568,-0.016511,0.08224171,-0.029797025,0.068433635,-0.015988953,0.10150577,-0.04906109
12336,0,1,0,0,0,0,0,0,0,0.048509438,0.22265096,-0.17414153,0.21932724,-0.1708178,0.11453328,-0.06602384,0.08649167,-0.03798223,0.08600246,-0.037493024,0.19333388,-0.14482445,0.09652494,0.17645413,-0.07992919,0.31272712,-0.21620218,0.1333606,-0.036835656,0.19149499,-0.09497005,0.15383792,-0.05731298,0.26087174,-0.1643468
12338,1,0,1,0,0,0,1,0,0,0.14906012,0.44130987,-0.29224974,0.30719185,-0.15813173,0.28846288,-0.13940276,0.14016475,0.008895367,0.1986699,-0.04960978,0.33114418,-0.18208407,0.15854377,0.28180093,-0.12325716,0.23228143,-0.073737666,0.26092762,-0.10238385,0.15017204,0.008371726,0.18485214,-0.026308373,0.21547881,-0.056935042
12340,0,0,0,0,1,0,0,0,0,0.024526237,0.13313553,-0.10860929,0.06219743,-0.037671193,0.040135995,-0.015609758,0.036761783,-0.0122355465,0.04169098,-0.017164743,0.04802467,-0.023498433,0.023572331,0.13318343,-0.1096111,0.12833467,-0.10476234,0.04394002,-0.020367688,0.048474465,-0.024902133,0.043642435,-0.020070104,0.06835782,-0.044785485
12345,0,1,0,0,0,0,0,0,0,0.0075091952,0.10481519,-0.097306,0.22757502,-0.22006582,0.065397255,-0.05788806,0.018426292,-0.010917096,0.018788137,-0.011278941,0.10806005,-0.10055085,0.021753982,0.14295824,-0.12120426,0.18713757,-0.16538359,0.057283085,-0.035529103,0.09598498,-0.074231,0.055626903,-0.03387292,0.1240418,-0.10228782
12348,0,1,0,0,0,0,0,0,0,0.022739068,0.11524921,-0.09251014,0.0879079,-0.065168835,0.045721754,-0.022982687,0.052852176,-0.030113108,0.040931847,-0.01819278,0.09122965,-0.06849058,0.045175128,0.12014585,-0.07497072,0.18131459,-0.13613945,0.072161674,-0.026986547,0.09735546,-0.052180335,0.08077587,-0.035600744,0.13323717,-0.08806204
12353,0,0,1,0,0,0,0,0,0,0.085728094,0.09591046,-0.010182366,0.10921488,-0.023486786,0.1089481,-0.023220003,0.13375017,-0.048022076,0.14520665,-0.05947855,0.21863972,-0.13291162,0.09525458,0.07400991,0.021244667,0.060335938,0.03491864,0.06730965,0.02794493,0.12496411,-0.029709533,0.13861257,-0.04335799,0.06459689,0.030657686
12355,0,1,0,0,0,0,0,0,0,0.12961458,0.19354035,-0.06392577,0.16399987,-0.034385294,0.18882151,-0.059206933,0.16733819,-0.037723616,0.19008924,-0.060474664,0.20911708,-0.07950251,0.1075062,0.14868923,-0.041183025,0.17020601,-0.06269981,0.13909939,-0.03159319,0.19043984,-0.082933635,0.1796037,-0.072097495,0.18694848,-0.07944228
12376,0,1,0,0,0,0,0,0,0,0.06214971,0.15255737,-0.09040766,0.09421473,-0.03206502,0.036387797,0.025761914,0.13654439,-0.07439468,0.10403441,-0.041884698,0.08144044,-0.01929073,0.12833197,0.23991317,-0.11158119,0.20701545,-0.07868348,0.07794738,0.050384596,0.2617322,-0.13340022,0.2089803,-0.08064833,0.23010752,-0.10177554
12400,0,0,0,1,0,0,0,0,0,0.037473354,0.14325167,-0.10577832,0.16922945,-0.1317561,0.082599945,-0.04512659,0.07325583,-0.035782475,0.058876548,-0.021403193,0.18034106,-0.14286771,0.058403976,0.12857445,-0.07017047,0.23243225,-0.17402828,0.10090901,-0.042505033,0.17391624,-0.11551226,0.09272572,-0.03432174,0.2600678,-0.20166382
12407,0,1,0,0,0,0,0,0,0,0.010816959,0.08434533,-0.07352837,0.07601296,-0.065196,0.037631854,-0.026814897,0.0307221,-0.019905142,0.026853887,-0.016036928,0.07806948,-0.06725252,0.03150669,0.14045025,-0.10894357,0.10884755,-0.077340856,0.052122135,-0.020615444,0.112230204,-0.08072351,0.08501759,-0.0535109,0.117879435,-0.08637275
12409,0,1,0,0,0,0,0,0,0,0.13471918,0.25498497,-0.1202658,0.17506506,-0.040345877,0.1784242,-0.043705016,0.1718447,-0.037125528,0.16586787,-0.031148687,0.23467557,-0.09995639,0.08594092,0.1972976,-0.11135668,0.1120495,-0.026108578,0.088583186,-0.0026422665,0.10102228,-0.015081361,0.1030098,-0.017068878,0.1474748,-0.061533876
12426,0,0,0,0,1,0,0,0,0,0.23223084,0.3582794,-0.12604856,0.34752873,-0.115297884,0.31536922,-0.08313838,0.35917294,-0.1269421,0.2971007,-0.06486985,0.38701585,-0.154785,0.20976384,0.2174098,-0.0076459646,0.31751266,-0.10774882,0.27020967,-0.06044583,0.25865412,-0.048890278,0.22822051,-0.018456668,0.27914983,-0.06938599
12451,0,1,0,0,0,0,0,0,0,0.023933206,0.12914391,-0.10521071,0.23109128,-0.20715807,0.09159345,-0.06766024,0.05107043,-0.027137224,0.049920876,-0.02598767,0.12894715,-0.10501395,0.04276067,0.16537312,-0.12261245,0.255329,-0.21256834,0.088875614,-0.046114944,0.10083242,-0.058071747,0.08957662,-0.046815947,0.19333631,-0.15057564
12475,0,1,0,0,0,0,0,0,0,0.012745885,0.113935255,-0.10118937,0.10802466,-0.09527877,0.045840196,-0.03309431,0.029937645,-0.01719176,0.032666065,-0.01992018,0.07770076,-0.06495487,0.020032132,0.11926378,-0.09923165,0.116396494,-0.096364364,0.04083208,-0.020799948,0.07099897,-0.050966837,0.053690273,-0.03365814,0.09568814,-0.07565601
12478,0,1,0,0,0,0,0,0,0,0.03224847,0.073145084,-0.040896613,0.15330352,-0.12105505,0.051712327,-0.019463856,0.081781484,-0.049533013,0.06539076,-0.033142287,0.13814718,-0.10589871,0.060173247,0.120622866,-0.06044962,0.12088139,-0.060708147,0.047493488,0.012679759,0.2023351,-0.14216186,0.08988444,-0.02971119,0.11828717,-0.05811392
12480,0,1,0,0,0,0,0,0,0,0.026775753,0.07487283,-0.048097074,0.1991849,-0.17240915,0.07265601,-0.045880258,0.049944267,-0.023168514,0.045661237,-0.018885484,0.15328245,-0.1265067,0.03718375,0.09554924,-0.05836549,0.2385818,-0.20139806,0.07808709,-0.04090334,0.13898097,-0.10179722,0.0661764,-0.02899265,0.20663896,-0.16945522
12519,0,0,1,0,0,0,0,0,0,0.1744942,0.3112763,-0.13678208,0.20943661,-0.034942403,0.18358248,-0.009088278,0.20904459,-0.034550384,0.22363277,-0.04913856,0.2526941,-0.07819989,0.19565438,0.2309165,-0.035262123,0.21508308,-0.0194287,0.19429654,0.0013578385,0.22003484,-0.02438046,0.15909556,0.03655882,0.23323523,-0.037580848
12520,0,1,0,0,0,0,0,0,0,0.032297235,0.21242313,-0.18012589,0.083924435,-0.0516272,0.05761423,-0.025316995,0.0652616,-0.032964367,0.055225678,-0.022928443,0.08975866,-0.057461422,0.064488746,0.20001568,-0.13552693,0.08889327,-0.024404526,0.06503998,-0.0005512312,0.12491384,-0.060425095,0.13213603,-0.067647286,0.10915855,-0.044669807
12521,0,0,0,0,1,0,0,0,0,0.31476298,0.3926257,-0.07786271,0.22961934,0.08514364,0.31706277,-0.0022997856,0.18544427,0.12931871,0.35618952,-0.04142654,0.18328686,0.13147612,0.20124663,0.14040273,0.0608439,0.2311099,-0.029863268,0.20638253,-0.005135894,0.1984797,0.002766937,0.21593748,-0.014690846,0.19878674,0.0024598986
12528,0,1,0,0,0,0,0,0,0,0.008884408,0.07215681,-0.0632724,0.13362065,-0.12473624,0.03904026,-0.030155852,0.016998006,-0.008113598,0.02453913,-0.015654722,0.07792772,-0.069043316,0.020802766,0.12777913,-0.10697636,0.16890128,-0.14809851,0.041299976,-0.02049721,0.09870223,-0.07789946,0.05420799,-0.033405226,0.12447696,-0.103674196
12529,0,1,0,0,0,0,0,0,0,0.038103823,0.15535195,-0.11724813,0.10148722,-0.0633834,0.08206887,-0.043965045,0.05378389,-0.015680067,0.058923196,-0.020819373,0.1312143,-0.09311049,0.05801181,0.17505422,-0.11704241,0.11409254,-0.056080732,0.07207468,-0.01406287,0.09792351,-0.0399117,0.096508764,-0.038496953,0.10532845,-0.047316637
12533,0,0,1,0,1,0,0,0,0,0.16597235,0.40905824,-0.24308589,0.15816274,0.007809609,0.15892793,0.0070444196,0.22544815,-0.059475794,0.19494307,-0.028970718,0.17716917,-0.011196822,0.14669332,0.2989581,-0.15226477,0.224759,-0.07806568,0.17372979,-0.027036473,0.1912712,-0.04457788,0.18430835,-0.03761503,0.21881191,-0.072118595
12545,0,0,1,0,1,0,0,0,0,0.19808409,0.32337746,-0.12529337,0.18144357,0.016640514,0.23105533,-0.032971248,0.13931009,0.058773994,0.2930246,-0.09494051,0.18316042,0.014923662,0.35334376,0.2559572,0.09738657,0.23739533,0.115948424,0.24748996,0.105853796,0.3489393,0.0044044554,0.3616896,-0.008345842,0.2336014,0.11974235
12552,0,0,0,1,0,0,0,0,0,0.1110919,0.4120484,-0.3009565,0.127233,-0.016141102,0.11310182,-0.0020099208,0.20277494,-0.091683045,0.17773375,-0.06664185,0.17817408,-0.06708218,0.12796581,0.16890989,-0.040944085,0.09572285,0.03224296,0.12695652,0.0010092854,0.13964173,-0.011675924,0.12437073,0.0035950765,0.13478321,-0.0068174005
12568,0,0,1,0,0,0,0,0,0,0.11906921,0.30636853,-0.18729931,0.091465995,0.027603216,0.1381982,-0.019128986,0.16195947,-0.042890258,0.16882662,-0.049757414,0.1582278,-0.03915859,0.113568336,0.20747668,-0.09390834,0.061351698,0.052216638,0.07692729,0.036641046,0.119296946,-0.00572861,0.15312567,-0.039557338,0.06704809,0.046520248
12576,0,0,0,1,0,0,0,0,0,0.08533056,0.089493066,-0.0041625053,0.2468469,-0.16151634,0.1657591,-0.08042854,0.16026168,-0.074931115,0.085237995,9.256601e-05,0.22066146,-0.1353309,0.07557247,0.07483994,0.0007325262,0.23284784,-0.15727538,0.113493554,-0.037921086,0.18218665,-0.10661418,0.11922059,-0.043648124,0.17339776,-0.097825296
12577,0,1,0,0,0,0,0,0,0,0.043857582,0.1698193,-0.12596172,0.08383432,-0.03997674,0.04148431,0.0023732707,0.09020067,-0.04634309,0.08891805,-0.04506047,0.06546805,-0.021610469,0.043581735,0.16217299,-0.11859125,0.1275682,-0.08398646,0.039534993,0.004046742,0.110863544,-0.06728181,0.082925335,-0.0393436,0.093760766,-0.05017903
12585,1,0,1,0,0,0,1,0,0,0.13346343,0.3007858,-0.16732238,0.31311107,-0.17964764,0.30129832,-0.1678349,0.119980276,0.013483152,0.13196513,0.0014982969,0.29736683,-0.1639034,0.18111847,0.25518695,-0.07406847,0.2564323,-0.07531382,0.26886916,-0.08775069,0.14833519,0.032783285,0.22611202,-0.04499355,0.20498513,-0.023866653
12596,0,0,1,0,0,0,0,0,0,0.087138735,0.17262365,-0.085484914,0.070133775,0.01700496,0.09833537,-0.011196636,0.19890939,-0.11177065,0.1294192,-0.042280458,0.115727745,-0.02858901,0.078516155,0.13340294,-0.054886788,0.058590315,0.01992584,0.059168212,0.019347943,0.1324618,-0.053945646,0.14267288,-0.064156726,0.0669058,0.011610359
12607,0,1,0,0,0,0,0,0,0,0.024116341,0.13064668,-0.10653034,0.15152405,-0.12740771,0.0643239,-0.04020756,0.061349142,-0.0372328,0.06669947,-0.042583127,0.13061827,-0.10650194,0.04628527,0.15820536,-0.11192009,0.17515264,-0.12886737,0.05244629,-0.006161019,0.14474751,-0.09846224,0.09559594,-0.04931067,0.13744937,-0.0911641
12609,0,1,0,0,0,0,0,0,0,0.113231644,0.20441513,-0.09118348,0.10362612,0.009605527,0.12453033,-0.011298686,0.22508997,-0.11185832,0.15820768,-0.04497604,0.19208473,-0.078853086,0.18232489,0.24289629,-0.060571402,0.109342076,0.07298281,0.09437597,0.08794892,0.23694545,-0.054620564,0.21967818,-0.037353292,0.13419397,0.048130915
12618,0,0,0,0,1,0,0,0,0,0.19387253,0.34517393,-0.1513014,0.19738732,-0.0035147965,0.14029342,0.053579107,0.26788592,-0.0740134,0.1993424,-0.0054698735,0.17697312,0.016899407,0.12571633,0.12449124,0.0012250915,0.19622746,-0.07051113,0.12934451,-0.0036281794,0.1804577,-0.054741368,0.107784554,0.017931774,0.17565842,-0.04994209
12619,0,1,0,0,0,0,0,0,0,0.024851514,0.10453315,-0.079681635,0.15399042,-0.1291389,0.045163803,-0.020312289,0.05392883,-0.029077316,0.052855924,-0.02800441,0.09483716,-0.06998564,0.053964384,0.18195547,-0.12799108,0.20204945,-0.14808506,0.054949347,-0.000984963,0.17574638,-0.121782,0.12327808,-0.0693137,0.15368219,-0.0997178
12620,0,1,0,0,0,0,0,0,0,0.05608992,0.10336568,-0.047275763,0.077698395,-0.021608476,0.07919613,-0.023106214,0.18594743,-0.12985751,0.076001406,-0.019911487,0.13227715,-0.07618722,0.0767475,0.11697884,-0.04023134,0.049658228,0.027089272,0.039629713,0.037117787,0.12668417,-0.049936675,0.16204803,-0.08530053,0.051672053,0.025075447
12631,0,0,0,0,1,0,0,0,0,0.041029338,0.09775413,-0.05672479,0.0725966,-0.031567264,0.07485285,-0.03382351,0.054043405,-0.013014067,0.06945397,-0.028424632,0.071829714,-0.030800376,0.045170356,0.08852737,-0.04335701,0.07691082,-0.031740468,0.058898743,-0.013728388,0.052384667,-0.0072143115,0.08951006,-0.044339705,0.059567053,-0.014396697
12641,0,0,0,1,1,0,0,0,0,0.1233981,0.14851856,-0.02512046,0.31554422,-0.19214612,0.17486069,-0.051462583,0.24711724,-0.12371913,0.14833374,-0.02493564,0.29014412,-0.16674602,0.1427437,0.13410361,0.008640096,0.19818652,-0.05544281,0.14574106,-0.0029973537,0.15310864,-0.010364935,0.15909764,-0.016353935,0.16222976,-0.019486055
12646,1,0,1,0,0,0,1,0,0,0.37803715,0.33450162,0.04353553,0.25858185,0.11945531,0.49098682,-0.11294967,0.20575184,0.17228532,0.34706843,0.030968726,0.38701615,-0.008978993,0.37469363,0.3141973,0.06049633,0.2534597,0.12123394,0.510248,-0.13555437,0.21914051,0.15555312,0.34127018,0.033423454,0.25638783,0.1183058
12649,1,0,1,0,0,0,1,0,0,0.37495303,0.44662705,-0.07167402,0.4839859,-0.10903287,0.48172903,-0.106776,0.2813563,0.09359673,0.33145913,0.043493897,0.45332727,-0.07837424,0.47296897,0.34265956,0.1303094,0.3894356,0.08353338,0.5276138,-0.054644853,0.27791145,0.19505751,0.3654084,0.107560575,0.38103572,0.09193325
12677,0,1,0,0,0,0,0,0,0,0.034945894,0.13520402,-0.10025813,0.27331495,-0.23836906,0.14484577,-0.10989988,0.07451408,-0.03956819,0.061475325,-0.026529431,0.25219956,-0.21725367,0.06732002,0.18004753,-0.11272751,0.30647713,-0.23915711,0.16192329,-0.09460327,0.13640217,-0.069082156,0.11915887,-0.051838852,0.26906317,-0.20174316
12679,1,0,1,1,0,0,1,0,0,0.5414148,0.52702785,0.014386952,0.25048417,0.29093063,0.4367816,0.10463321,0.41671878,0.12469602,0.5617218,-0.020307004,0.32743984,0.21397495,0.3994705,0.3639297,0.03554082,0.3060786,0.093391895,0.35700798,0.042462528,0.33654556,0.06292495,0.44444415,-0.04497364,0.30485588,0.094614625
12692,1,0,0,0,0,1,1,0,1,0.02345582,0.08690366,-0.06344784,0.12048483,-0.09702901,0.05452094,-0.03106512,0.06707171,-0.043615893,0.036245897,-0.012790078,0.16520739,-0.14175157,0.047477946,0.17397258,-0.12649463,0.18776886,-0.14029092,0.08074626,-0.033268318,0.16960928,-0.12213133,0.104620464,-0.05714252,0.17066523,-0.12318729
12699,0,1,0,0,0,0,0,0,0,0.02903386,0.25699213,-0.22795828,0.2640549,-0.23502104,0.093905956,-0.06487209,0.05891884,-0.029884981,0.09222989,-0.063196026,0.16163896,-0.1326051,0.051091958,0.18247396,-0.131382,0.25406033,-0.20296837,0.07951739,-0.028425429,0.13892806,-0.0878361,0.120932184,-0.06984022,0.19268085,-0.1415889
12702,0,1,0,0,0,0,0,0,0,0.010168419,0.13173687,-0.12156846,0.18995413,-0.17978571,0.038584497,-0.028416079,0.02981635,-0.01964793,0.033175755,-0.023007337,0.083385155,-0.07321674,0.029770952,0.18518482,-0.15541387,0.18220831,-0.15243736,0.038245272,-0.00847432,0.11502263,-0.085251674,0.07167087,-0.041899916,0.11484651,-0.08507556
12703,0,0,0,1,0,0,0,0,0,0.11159143,0.10508193,0.0065094978,0.090682276,0.020909153,0.13209455,-0.020503119,0.1038081,0.007783331,0.16633089,-0.05473946,0.108896956,0.0026944727,0.09499053,0.08543086,0.009559669,0.11181984,-0.016829312,0.1107047,-0.015714169,0.15552579,-0.06053526,0.11453153,-0.019541003,0.146861,-0.051870473
12709,0,1,0,0,0,0,0,0,0,0.019782329,0.18115215,-0.16136982,0.10738666,-0.08760434,0.06909281,-0.049310483,0.035601128,-0.015818799,0.039592788,-0.019810459,0.108170964,-0.08838864,0.04683968,0.1364295,-0.08958982,0.11956135,-0.072721675,0.0726045,-0.02576482,0.08694815,-0.04010847,0.09028559,-0.04344591,0.12245359,-0.075613916
12710,0,0,0,1,1,0,0,0,0,0.07261361,0.21512118,-0.14250757,0.21827571,-0.1456621,0.085279964,-0.012666352,0.14444968,-0.07183607,0.108941205,-0.036327593,0.18776451,-0.1151509,0.11740366,0.20913798,-0.09173431,0.3147286,-0.19732493,0.11038478,0.0070188865,0.22141607,-0.10401241,0.17638057,-0.05897691,0.22471945,-0.107315786
12711,0,1,0,0,0,0,0,0,0,0.1347586,0.48071954,-0.34596092,0.39156663,-0.25680804,0.23863228,-0.10387367,0.15281452,-0.018055916,0.2634863,-0.12872769,0.33937505,-0.20461644,0.2557091,0.2793459,-0.023636788,0.471244,-0.2155349,0.3914006,-0.1356915,0.2514475,0.004261613,0.30766815,-0.051959038,0.38282672,-0.1271176
12715,0,1,0,0,0,0,0,0,0,0.010552296,0.10783273,-0.097280435,0.15526338,-0.14471108,0.04373612,-0.03318382,0.01734005,-0.0067877527,0.03190376,-0.021351462,0.06914745,-0.05859516,0.02724848,0.13993405,-0.11268557,0.21301249,-0.18576401,0.0455939,-0.01834542,0.12753482,-0.10028634,0.05678893,-0.02954045,0.15573028,-0.1284818
12719,1,0,0,0,1,0,1,0,0,0.08067386,0.17877446,-0.0981006,0.18079285,-0.100118995,0.109063536,-0.028389677,0.2314629,-0.15078904,0.114652514,-0.033978656,0.25989857,-0.17922471,0.12184796,0.16098417,-0.039136216,0.26217136,-0.1403234,0.15432441,-0.032476455,0.28805473,-0.16620678,0.1912851,-0.069437146,0.27033147,-0.14848351
12720,0,1,0,0,0,0,0,0,0,0.008247124,0.072028786,-0.063781664,0.1408672,-0.13262008,0.048332684,-0.04008556,0.020100255,-0.0118531305,0.02995663,-0.021709505,0.08280469,-0.074557565,0.016793976,0.08320597,-0.066411994,0.105557054,-0.08876308,0.034183584,-0.017389609,0.069949456,-0.05315548,0.04160365,-0.024809675,0.10171148,-0.08491751
12742,0,1,0,0,0,0,0,0,0,0.035695042,0.103454255,-0.067759216,0.12241535,-0.0867203,0.04878254,-0.013087496,0.07051255,-0.034817506,0.053642444,-0.017947402,0.101290345,-0.0655953,0.058511104,0.12529425,-0.066783145,0.14190495,-0.08339384,0.050783645,0.007727459,0.15193275,-0.09342164,0.111185096,-0.05267399,0.12970984,-0.07119873
12758,0,0,1,0,1,0,0,0,0,0.31240728,0.39182147,-0.07941419,0.31234065,6.663799e-05,0.31550637,-0.003099084,0.27339238,0.039014906,0.3344263,-0.022019029,0.39426982,-0.08186254,0.51259506,0.45719397,0.055401087,0.3632889,0.14930615,0.50873345,0.0038616061,0.45470524,0.05788982,0.39752072,0.11507434,0.3767616,0.13583347
12770,0,0,1,1,0,0,0,0,0,0.21075548,0.41655615,-0.20580067,0.38849777,-0.17774229,0.19762298,0.013132498,0.21554266,-0.004787177,0.25562558,-0.044870093,0.29215357,-0.081398085,0.1683027,0.25649497,-0.08819227,0.26533908,-0.09703638,0.20995413,-0.041651428,0.18447253,-0.016169831,0.17568487,-0.0073821694,0.22906904,-0.06076634
12776,0,0,1,0,0,0,0,0,0,0.21705055,0.4564796,-0.23942906,0.38869488,-0.17164433,0.37034103,-0.15329048,0.1637122,0.05333835,0.28866634,-0.071615785,0.36821648,-0.15116593,0.23657703,0.30420038,-0.06762335,0.33605954,-0.09948251,0.38201484,-0.1454378,0.17049336,0.06608367,0.26554456,-0.02896753,0.2893576,-0.05278057
12785,0,0,0,1,0,0,0,0,0,0.25078318,0.39174378,-0.1409606,0.29587525,-0.045092076,0.2309386,0.019844577,0.26439038,-0.013607204,0.34218293,-0.09139976,0.256286,-0.00550282,0.2794562,0.3065234,-0.027067214,0.27372408,0.005732119,0.24345234,0.036003858,0.22553295,0.05392325,0.2754969,0.003959298,0.22953866,0.049917534
12801,0,0,0,1,1,0,0,0,0,0.08505102,0.2050435,-0.11999247,0.12596679,-0.040915765,0.11104006,-0.02598904,0.08021016,0.0048408657,0.115400776,-0.030349754,0.09270862,-0.007657595,0.057012793,0.06676048,-0.009747688,0.0963793,-0.03936651,0.082967006,-0.025954213,0.06749778,-0.01048499,0.07526463,-0.01825184,0.07593856,-0.018925767
12828,0,0,0,0,1,0,0,0,0,0.03675731,0.07220246,-0.03544515,0.1051224,-0.0683651,0.11054819,-0.07379088,0.04779187,-0.011034559,0.046166763,-0.009409454,0.13697119,-0.100213885,0.039827682,0.046944745,-0.007117063,0.09026323,-0.05043555,0.0707017,-0.030874021,0.05428463,-0.014456946,0.04328296,-0.0034552775,0.090274274,-0.050446592
12835,0,1,0,0,0,0,0,0,0,0.022364056,0.12245434,-0.10009028,0.13694544,-0.114581384,0.041422326,-0.01905827,0.045272578,-0.022908522,0.040336836,-0.01797278,0.10560485,-0.08324079,0.042037465,0.1502895,-0.10825204,0.1397445,-0.09770704,0.050660927,-0.008623462,0.1271588,-0.08512134,0.06105023,-0.019012764,0.117179416,-0.07514195
12841,0,0,0,0,1,0,0,0,0,0.03971477,0.28258246,-0.2428677,0.070149526,-0.030434757,0.071563184,-0.031848416,0.04217103,-0.0024562627,0.049122863,-0.009408094,0.06925294,-0.02953817,0.031875875,0.22280295,-0.19092707,0.08026637,-0.048390497,0.064415395,-0.03253952,0.049955897,-0.018080022,0.0704766,-0.038600724,0.07875561,-0.046879735
12870,0,0,0,0,1,0,0,0,0,0.030491501,0.36731568,-0.33682418,0.038525917,-0.008034416,0.042372193,-0.011880692,0.03262869,-0.0021371879,0.04355199,-0.013060488,0.037793048,-0.0073015466,0.022704655,0.21439861,-0.19169395,0.045693282,-0.022988627,0.033905584,-0.011200929,0.027705232,-0.0050005764,0.055057984,-0.032353327,0.03980215,-0.017097494
12886,0,1,0,0,0,0,0,0,0,0.025568124,0.21261936,-0.18705124,0.17477998,-0.14921185,0.06891697,-0.043348845,0.077729724,-0.0521616,0.05261623,-0.027048107,0.13918781,-0.113619685,0.036578204,0.1562374,-0.119659185,0.24143703,-0.20485882,0.057078015,-0.02049981,0.123505734,-0.08692753,0.07978016,-0.043201957,0.14260176,-0.10602355
12919,0,1,0,1,0,0,0,0,0,0.053396005,0.36009577,-0.30669975,0.33772147,-0.28432545,0.15158775,-0.09819175,0.09236292,-0.038966913,0.12691678,-0.07352078,0.21062283,-0.15722683,0.18464316,0.29608333,-0.11144017,0.23650348,-0.051860318,0.1444387,0.040204465,0.24054578,-0.055902615,0.27285418,-0.088211015,0.22328754,-0.038644373
12925,0,1,0,0,0,0,0,0,0,0.030574031,0.23305817,-0.20248413,0.14620835,-0.115634315,0.09516566,-0.06459163,0.05939811,-0.02882408,0.0557561,-0.025182068,0.16399552,-0.13342148,0.051182367,0.14933877,-0.0981564,0.16836865,-0.117186286,0.09149338,-0.040311016,0.14338654,-0.092204176,0.08091941,-0.02973704,0.19416396,-0.14298159
12936,0,0,0,1,1,0,0,0,0,0.07210139,0.20396493,-0.13186353,0.14188865,-0.06978726,0.06829609,0.003805302,0.14926714,-0.077165745,0.1117253,-0.03962391,0.13000076,-0.057899363,0.10736513,0.14322764,-0.035862505,0.11301273,-0.0056475997,0.108344026,-0.0009788945,0.12714355,-0.019778416,0.120695755,-0.0133306235,0.10966067,-0.0022955388
12937,0,0,0,1,0,0,0,0,0,0.059122074,0.18211211,-0.12299004,0.097683564,-0.03856149,0.056689896,0.0024321787,0.12742424,-0.06830217,0.0931752,-0.03405313,0.106614694,-0.04749262,0.12964927,0.20975211,-0.080102846,0.096835725,0.03281354,0.06382676,0.065822504,0.19598821,-0.06633894,0.17243913,-0.04278986,0.087514326,0.04213494
12941,0,0,0,0,1,0,0,0,0,0.19562069,0.46840024,-0.27277955,0.07656515,0.11905554,0.12641716,0.069203526,0.14233328,0.0532874,0.31731242,-0.12169173,0.09704714,0.09857354,0.07388028,0.2434392,-0.16955891,0.098133765,-0.024253488,0.1014087,-0.02752842,0.069208756,0.0046715215,0.13096845,-0.057088174,0.08419552,-0.010315239
12991,0,0,0,0,1,0,0,0,0,0.06895045,0.14730959,-0.078359134,0.1386788,-0.06972835,0.110747494,-0.041797042,0.08048819,-0.011537738,0.09027843,-0.02132798,0.13987245,-0.070921995,0.07003793,0.10718085,-0.037142918,0.09891754,-0.028879605,0.09523691,-0.025198981,0.10564701,-0.03560908,0.11500385,-0.044965915,0.10285866,-0.03282073
12999,0,1,0,0,0,0,0,0,0,0.044544365,0.15158747,-0.1070431,0.10698658,-0.062442217,0.05549966,-0.010955296,0.07346166,-0.028917294,0.091940716,-0.04739635,0.12701434,-0.08246997,0.06224047,0.20012742,-0.13788696,0.12231983,-0.060079362,0.053356297,0.008884173,0.19989024,-0.13764977,0.1470383,-0.08479783,0.12907921,-0.06683874
13006,0,1,0,0,0,0,0,0,0,0.07605266,0.07850267,-0.0024500117,0.11910766,-0.043055005,0.10780429,-0.031751633,0.13758376,-0.061531104,0.09035279,-0.01430013,0.16742812,-0.09137546,0.085092954,0.05974517,0.025347784,0.12676889,-0.041675933,0.09482816,-0.009735204,0.15019426,-0.0651013,0.13738166,-0.052288704,0.123067304,-0.03797435
13007,0,0,1,0,0,0,0,0,0,0.30342245,0.5007581,-0.19733566,0.40957287,-0.10615042,0.4392623,-0.13583985,0.32446876,-0.02104631,0.419683,-0.11626056,0.46153292,-0.15811047,0.4999603,0.3267682,0.17319211,0.40498504,0.09497526,0.5385981,-0.038637817,0.34296158,0.15699872,0.59921503,-0.09925473,0.40256938,0.09739092
13014,0,1,0,0,0,0,0,0,0,0.027958674,0.08783653,-0.05987785,0.07941321,-0.051454537,0.062757805,-0.03479913,0.042114258,-0.014155583,0.04937397,-0.021415295,0.08730984,-0.05935116,0.030880135,0.12075283,-0.08987269,0.051419023,-0.020538889,0.03726308,-0.006382946,0.07862578,-0.04774565,0.10283361,-0.071953475,0.06196096,-0.031080827
13025,0,1,0,0,0,0,0,0,0,0.03365471,0.20811674,-0.17446204,0.14262077,-0.10896607,0.0807586,-0.047103893,0.05779826,-0.02414355,0.07111728,-0.037462573,0.13049264,-0.09683794,0.04165821,0.20158805,-0.15992984,0.11276883,-0.07111062,0.08095197,-0.039293755,0.104372256,-0.06271404,0.07965277,-0.03799456,0.13473,-0.09307179
13035,0,1,0,0,0,0,0,0,0,0.015405157,0.092853546,-0.07744839,0.064231575,-0.04882642,0.05260795,-0.037202794,0.027275212,-0.011870055,0.03226669,-0.016861536,0.07587172,-0.060466565,0.036853958,0.15563984,-0.11878589,0.08759447,-0.050740514,0.0507747,-0.013920743,0.13153219,-0.09467824,0.09582352,-0.05896956,0.13125665,-0.0944027
13052,0,1,0,1,0,0,0,0,0,0.021336893,0.21274479,-0.19140789,0.15313031,-0.13179341,0.08829025,-0.06695336,0.048758492,-0.0274216,0.042129397,-0.020792505,0.14478485,-0.12344796,0.040531144,0.12628022,-0.085749075,0.1014875,-0.06095636,0.055595074,-0.01506393,0.12833059,-0.087799445,0.053380027,-0.012848884,0.1092901,-0.06875896
13058,0,0,0,0,1,0,0,0,0,0.13774979,0.082556196,0.055193596,0.10455967,0.033190124,0.20805624,-0.07030645,0.1171692,0.02058059,0.20097199,-0.0632222,0.17483097,-0.037081182,0.07778191,0.04803583,0.029746078,0.11394234,-0.03616043,0.06948754,0.008294366,0.14327115,-0.06548924,0.111664355,-0.033882447,0.09526072,-0.017478809
13078,0,0,0,0,1,0,0,0,0,0.09287092,0.40170786,-0.30883694,0.16257046,-0.06969954,0.15069135,-0.057820424,0.111959286,-0.019088365,0.14855328,-0.05568236,0.16487043,-0.071999505,0.072412685,0.2009544,-0.12854171,0.13723984,-0.06482716,0.112565935,-0.04015325,0.078233756,-0.0058210716,0.10796905,-0.03555637,0.1143163,-0.041903615
13092,0,1,0,0,0,0,0,0,0,0.021554247,0.13398403,-0.11242978,0.14618966,-0.12463541,0.073385,-0.051830754,0.035231214,-0.0136769675,0.050758928,-0.029204682,0.1147842,-0.09322996,0.027306516,0.11983,-0.092523485,0.2973511,-0.27004457,0.07214586,-0.04483934,0.119079016,-0.0917725,0.08003063,-0.05272411,0.23128784,-0.20398133
13120,0,1,0,0,0,0,0,0,0,0.028627332,0.073203176,-0.044575844,0.079599075,-0.050971743,0.08103797,-0.052410636,0.059344467,-0.030717134,0.02898617,-0.0003588386,0.12758906,-0.098961726,0.035248056,0.09977671,-0.06452865,0.07177213,-0.036524072,0.05527683,-0.020028774,0.06766758,-0.032419525,0.05086252,-0.015614465,0.08285086,-0.047602803
13122,1,0,1,1,0,0,1,0,0,0.39121255,0.27018586,0.121026695,0.3790202,0.012192339,0.33550996,0.055702597,0.52763826,-0.1364257,0.38150352,0.00970903,0.36072612,0.030486435,0.39612967,0.14823127,0.2478984,0.37487206,0.02125761,0.41113472,-0.015005052,0.45062965,-0.054499984,0.24154894,0.15458073,0.44787365,-0.051743984
13139,0,0,1,0,0,0,0,0,0,0.022440614,0.06165541,-0.039214797,0.12533121,-0.102890596,0.06453702,-0.042096406,0.042250033,-0.01980942,0.030699944,-0.00825933,0.13748656,-0.11504595,0.047810525,0.094450414,-0.04663989,0.17282964,-0.12501912,0.08323338,-0.035422854,0.14118724,-0.09337671,0.10036507,-0.052554548,0.1870883,-0.13927777
13143,0,0,1,0,0,0,0,0,0,0.17704764,0.24396268,-0.066915035,0.100387506,0.076660134,0.21103956,-0.033991918,0.14200388,0.03504376,0.17108198,0.005965665,0.1832308,-0.0061831623,0.22827804,0.16389862,0.064379424,0.10661254,0.1216655,0.22869885,-0.0004208088,0.15512568,0.07315236,0.21512437,0.013153672,0.13308863,0.09518941
13145,0,1,0,0,0,0,0,0,0,0.011448693,0.08424238,-0.072793685,0.15958217,-0.14813347,0.04786152,-0.036412828,0.02354807,-0.012099377,0.02766585,-0.016217157,0.08625346,-0.07480476,0.02082945,0.09212712,-0.071297675,0.2803466,-0.25951716,0.051544294,-0.030714843,0.10390769,-0.083078235,0.048233103,-0.027403653,0.18139324,-0.16056378
13158,0,0,0,0,1,0,0,0,0,0.106883034,0.08540808,0.021474957,0.090270326,0.016612709,0.13478619,-0.027903154,0.10818484,-0.0013018027,0.10057073,0.0063123032,0.21429054,-0.10740751,0.0521728,0.07339347,-0.021220673,0.10993885,-0.057766054,0.07719434,-0.025021542,0.14896734,-0.096794546,0.0901688,-0.037995998,0.1468564,-0.0946836
13166,0,0,0,0,1,0,0,0,0,0.3197218,0.23851313,0.08120866,0.12472123,0.19500056,0.20040502,0.11931677,0.3178014,0.001920402,0.38404486,-0.06432307,0.20566693,0.11405486,0.28033724,0.12478386,0.15555339,0.2589906,0.021346658,0.26586488,0.014472365,0.37665558,-0.096318334,0.22215386,0.058183387,0.32794344,-0.0476062
13167,0,0,0,1,0,0,0,0,0,0.06877849,0.18779285,-0.11901436,0.15649308,-0.08771459,0.08991908,-0.02114059,0.09523196,-0.026453465,0.10900992,-0.04023143,0.14496008,-0.07618158,0.13474388,0.1912501,-0.056506217,0.13412157,0.0006223172,0.10354901,0.031194873,0.17121036,-0.03646648,0.16889101,-0.03414713,0.14870478,-0.013960898
13212,0,1,0,0,0,0,0,0,0,0.052400567,0.36349064,-0.31109008,0.17698346,-0.124582894,0.13730484,-0.084904276,0.11255649,-0.06015592,0.10858467,-0.056184106,0.18593623,-0.13353565,0.053445067,0.19396093,-0.14051586,0.16288714,-0.10944207,0.085157014,-0.031711947,0.10949707,-0.056052003,0.11662686,-0.06318179,0.12862882,-0.07518375
13214,0,0,0,1,0,0,0,0,0,0.06680772,0.23442294,-0.16761522,0.22607145,-0.15926373,0.14188892,-0.0750812,0.11810323,-0.05129551,0.10590238,-0.039094664,0.24165949,-0.17485178,0.110309176,0.20217982,-0.09187064,0.18962193,-0.07931275,0.1885623,-0.07825313,0.15576921,-0.045460038,0.12857641,-0.018267237,0.2035,-0.09319083
13227,0,0,1,0,1,0,0,0,0,0.5194252,0.45299956,0.06642565,0.46398944,0.055435777,0.5597675,-0.04034227,0.323853,0.19557223,0.5293993,-0.009974062,0.39586547,0.12355974,0.5601305,0.24837501,0.31175548,0.39490452,0.16522595,0.5725565,-0.012426019,0.34608635,0.21404412,0.4569731,0.10315737,0.32097965,0.23915082
13233,1,0,1,0,1,0,1,0,0,0.5306666,0.61750966,-0.08684307,0.45142186,0.07924473,0.5690443,-0.038377702,0.41782036,0.112846226,0.55321497,-0.022548378,0.40907875,0.12158784,0.5639295,0.2931648,0.2707647,0.46673787,0.09719163,0.6164997,-0.052570224,0.33761,0.22631949,0.4954605,0.06846899,0.38162217,0.18230733
13238,0,0,1,0,0,0,0,0,0,0.09420142,0.2413358,-0.14713436,0.21859203,-0.12439061,0.21152061,-0.11731919,0.09462076,-0.00041933358,0.14176974,-0.047568314,0.19805032,-0.1038489,0.06472116,0.14752571,-0.08280455,0.13737547,-0.072654314,0.106708206,-0.041987047,0.09914017,-0.034419008,0.09711914,-0.032397978,0.120608404,-0.055887245
13248,0,0,1,1,0,0,0,0,0,0.20407522,0.31846073,-0.114385515,0.2126279,-0.008552685,0.32464105,-0.12056583,0.18015027,0.023924947,0.25064617,-0.046570957,0.23824404,-0.034168825,0.2048952,0.21116206,-0.006266862,0.12602927,0.07886593,0.22315127,-0.018256068,0.18458654,0.020308658,0.22914009,-0.02424489,0.12428261,0.080612585
13267,0,1,0,0,0,0,0,0,0,0.010008632,0.13959712,-0.12958848,0.14643177,-0.13642314,0.050284546,-0.040275913,0.024686681,-0.014678049,0.029902695,-0.019894063,0.08473526,-0.07472663,0.031800345,0.17401125,-0.1422109,0.2956496,-0.26384926,0.052907735,-0.02110739,0.14074057,-0.10894023,0.07703898,-0.045238636,0.18177778,-0.14997743
13268,0,1,0,0,0,0,0,0,0,0.009115678,0.08314102,-0.07402534,0.08303804,-0.07392236,0.03756154,-0.028445862,0.019816454,-0.010700776,0.028494552,-0.019378874,0.057266604,-0.048150927,0.019126456,0.12801223,-0.108885765,0.1831882,-0.16406174,0.031367432,-0.012240976,0.087080754,-0.0679543,0.045610454,-0.026483998,0.11542714,-0.09630068
13282,0,1,0,0,0,0,0,0,0,0.027651807,0.21650736,-0.18885556,0.23742563,-0.20977382,0.09302149,-0.06536968,0.063881576,-0.036229767,0.05982427,-0.032172464,0.1787868,-0.151135,0.055037767,0.15856348,-0.10352571,0.26299864,-0.20796087,0.06745507,-0.012417302,0.14562653,-0.09058876,0.103412114,-0.048374347,0.16493405,-0.10989629
13292,1,0,1,0,0,0,0,0,1,0.08669113,0.19805284,-0.111361705,0.083627455,0.0030636787,0.11246597,-0.025774837,0.08619353,0.0004976019,0.14957777,-0.06288663,0.10472836,-0.01803723,0.0939639,0.10258196,-0.008618064,0.11625284,-0.02228894,0.11254891,-0.018585011,0.11532874,-0.021364838,0.120069355,-0.026105456,0.13603981,-0.04207591
13301,1,0,1,0,0,0,0,0,1,0.37332207,0.49515727,-0.1218352,0.33651134,0.036810726,0.3930799,-0.019757837,0.2800062,0.09331587,0.4552884,-0.08196634,0.3210931,0.052228957,0.15864639,0.19791734,-0.039270952,0.2017939,-0.043147504,0.21197009,-0.0533237,0.14708257,0.011563823,0.2023952,-0.04374881,0.18519956,-0.026553169
13314,0,1,0,1,0,0,0,0,0,0.058260445,0.18464425,-0.12638381,0.16774605,-0.10948561,0.109558664,-0.05129822,0.07668582,-0.018425379,0.11946073,-0.061200287,0.19335514,-0.1350947,0.09042071,0.1719095,-0.08148879,0.1455241,-0.05510339,0.11812891,-0.027708203,0.1402592,-0.0498385,0.13258363,-0.042162925,0.14907049,-0.05864978
13333,0,0,1,0,0,0,0,0,0,0.32631767,0.336828,-0.010510325,0.24184836,0.0844693,0.36927155,-0.04295388,0.27723613,0.049081534,0.43308076,-0.106763095,0.2866371,0.03968057,0.30664393,0.28227323,0.0243707,0.37607694,-0.069433,0.38467315,-0.078029215,0.26525173,0.041392207,0.4962561,-0.18961218,0.3490286,-0.042384654
13335,0,0,0,0,1,0,0,0,0,0.13466215,0.36309105,-0.2284289,0.16709784,-0.032435685,0.1857486,-0.051086456,0.16518271,-0.030520558,0.1906151,-0.05595295,0.212331,-0.077668846,0.12538867,0.19214313,-0.06675446,0.17907527,-0.053686604,0.18508321,-0.059694543,0.15391876,-0.028530091,0.16416919,-0.038780525,0.19255364,-0.06716497
13337,0,0,0,1,1,0,0,0,0,0.09676867,0.336698,-0.23992932,0.25265944,-0.15589076,0.19014892,-0.09338025,0.15015234,-0.05338367,0.15173699,-0.05496832,0.24331246,-0.1465438,0.14053763,0.1850685,-0.04453087,0.330131,-0.18959336,0.22619674,-0.0856591,0.16992065,-0.029383019,0.17177843,-0.031240791,0.24655263,-0.106015
13338,0,0,0,1,1,0,0,0,0,0.10070098,0.24038005,-0.13967907,0.18950452,-0.08880354,0.11610224,-0.015401259,0.13430443,-0.033603452,0.17144342,-0.070742436,0.164266,-0.06356502,0.12642276,0.13911554,-0.012692779,0.20355974,-0.07713698,0.13092333,-0.004500568,0.18606888,-0.059646115,0.1412341,-0.014811337,0.20294464,-0.07652187
13349,0,1,0,0,0,0,0,0,0,0.051127214,0.103052,-0.051924784,0.15339215,-0.10226494,0.121845126,-0.070717916,0.08789295,-0.036765736,0.06866085,-0.017533634,0.18315436,-0.13202715,0.06026917,0.1532264,-0.092957236,0.19996087,-0.13969171,0.080657475,-0.020388305,0.18258426,-0.12231509,0.11690146,-0.056632288,0.15082593,-0.09055676
13361,0,0,1,0,0,0,0,0,0,0.060644295,0.31231132,-0.25166702,0.19634484,-0.13570054,0.1847356,-0.1240913,0.07432292,-0.0136786215,0.12787013,-0.06722583,0.22460137,-0.16395707,0.047692243,0.1672373,-0.11954506,0.21021661,-0.16252437,0.11525402,-0.067561775,0.08590505,-0.03821281,0.10413392,-0.056441676,0.16793981,-0.12024757
13370,0,1,0,0,0,0,0,0,0,0.01652431,0.06908213,-0.052557826,0.12743957,-0.110915266,0.04386122,-0.027336912,0.036158133,-0.019633824,0.030136496,-0.013612187,0.08433162,-0.06780731,0.025099382,0.07901065,-0.05391127,0.1678823,-0.14278291,0.042004533,-0.016905151,0.07811433,-0.05301495,0.047565907,-0.022466525,0.12513761,-0.10003823
13380,0,1,0,0,0,0,0,0,0,0.05316205,0.25875032,-0.20558827,0.22996883,-0.17680678,0.15285377,-0.09969172,0.06742291,-0.014260862,0.069183946,-0.016021896,0.17891096,-0.1257489,0.049348608,0.16723357,-0.117884964,0.13680279,-0.087454185,0.085799135,-0.036450528,0.07633732,-0.026988715,0.080894634,-0.031546026,0.119987786,-0.07063918
13397,0,0,1,0,0,0,0,0,0,0.052767362,0.24641682,-0.19364946,0.28568316,-0.23291579,0.17815565,-0.12538828,0.051881775,0.0008855872,0.07518827,-0.02242091,0.19164827,-0.13888091,0.09820176,0.22915119,-0.13094944,0.2817961,-0.18359435,0.15410526,-0.0559035,0.13896328,-0.040761523,0.12833807,-0.03013631,0.22636293,-0.12816116
13398,0,1,0,0,0,0,0,0,0,0.031327948,0.08614241,-0.054814465,0.0642183,-0.03289035,0.04251839,-0.0111904405,0.04890276,-0.017574813,0.06724438,-0.035916433,0.05577418,-0.02444623,0.078336895,0.11700945,-0.03867256,0.10354128,-0.025204383,0.077049226,0.001287669,0.103603974,-0.02526708,0.14076099,-0.062424093,0.10073776,-0.022400863
13400,0,1,0,0,0,0,0,0,0,0.01745982,0.23526333,-0.21780351,0.21354583,-0.196086,0.074717395,-0.057257578,0.051514745,-0.034054928,0.03446578,-0.01700596,0.1342062,-0.11674639,0.035443913,0.16030043,-0.12485652,0.2500664,-0.21462248,0.09154803,-0.05610412,0.13725308,-0.10180916,0.08371341,-0.0482695,0.20311494,-0.16767102
13404,0,1,0,0,0,0,0,0,0,0.04782167,0.13846901,-0.09064734,0.10371389,-0.05589222,0.07406128,-0.026239611,0.09122148,-0.04339981,0.07735408,-0.02953241,0.12356741,-0.07574574,0.07755762,0.13093796,-0.05338034,0.13351479,-0.05595717,0.08114296,-0.0035853386,0.13984251,-0.062284887,0.1247648,-0.047207177,0.1318753,-0.054317683
13405,0,0,0,0,1,0,0,0,0,0.111239254,0.39305684,-0.2818176,0.11377743,-0.0025381744,0.099608414,0.011630841,0.17766607,-0.06642681,0.14815988,-0.036920622,0.1503541,-0.039114848,0.14993837,0.21510407,-0.0651657,0.07980024,0.070138134,0.08175789,0.06818049,0.16602077,-0.016082391,0.15721767,-0.0072792917,0.09607639,0.053861983
13446,0,0,1,0,0,0,0,0,0,0.2957651,0.44620845,-0.15044335,0.36287403,-0.06710893,0.37304664,-0.077281535,0.2774341,0.018330991,0.33923405,-0.043468952,0.3897726,-0.09400749,0.22610667,0.27570805,-0.049601376,0.272325,-0.046218336,0.3436272,-0.11752054,0.19966367,0.026443005,0.22371748,0.0023891926,0.29080424,-0.06469756
13479,0,0,1,0,0,0,0,0,0,0.09714868,0.2846089,-0.18746021,0.2593813,-0.16223261,0.15818661,-0.061037935,0.09983892,-0.0026902407,0.118579395,-0.021430716,0.21303786,-0.115889184,0.09794782,0.19530664,-0.09735882,0.23616955,-0.13822173,0.14045326,-0.042505443,0.1728033,-0.07485548,0.15715255,-0.059204727,0.20938286,-0.11143504
13494,0,1,0,0,0,0,0,0,0,0.20912096,0.39914814,-0.19002718,0.40163353,-0.19251257,0.24333647,-0.03421551,0.26604626,-0.056925297,0.27355823,-0.06443727,0.381082,-0.17196104,0.1507197,0.2177053,-0.06698559,0.26805022,-0.11733052,0.24209286,-0.09137316,0.17282107,-0.022101372,0.15605456,-0.005334854,0.23626189,-0.08554219
13499,0,0,1,1,1,0,0,0,0,0.3915403,0.4980708,-0.10653052,0.21102692,0.18051337,0.33184177,0.059698522,0.2083845,0.18315579,0.5165228,-0.124982536,0.17280671,0.21873358,0.3498724,0.26483262,0.085039794,0.2308203,0.11905211,0.32605547,0.023816943,0.2305145,0.119357914,0.3698051,-0.019932687,0.25130263,0.09856978
13516,0,0,0,0,1,0,0,0,0,0.34146574,0.5351816,-0.19371584,0.20638193,0.13508381,0.25149727,0.08996847,0.30926418,0.03220156,0.45855877,-0.11709303,0.16564274,0.175823,0.2678004,0.21681726,0.05098313,0.18871675,0.07908364,0.20677833,0.061022058,0.2217934,0.046006992,0.2564892,0.011311203,0.16207528,0.10572511
13556,1,0,1,1,1,0,1,0,0,0.17401917,0.4001012,-0.22608204,0.13300928,0.041009888,0.16520528,0.008813888,0.16952315,0.004496023,0.3008024,-0.12678324,0.16133843,0.012680739,0.17609295,0.24098185,-0.064888895,0.1324199,0.043673053,0.19295618,-0.016863227,0.15537485,0.020718098,0.18639015,-0.010297194,0.14848003,0.027612925
13577,0,0,1,0,1,0,0,0,0,0.62875044,0.45207268,0.17667776,0.18449606,0.4442544,0.48738083,0.14136961,0.26957363,0.3591768,0.6423613,-0.01361084,0.13626973,0.4924807,0.42730308,0.31310013,0.11420295,0.27375755,0.15354553,0.5016996,-0.07439655,0.2972737,0.13002938,0.3404974,0.08680567,0.33566067,0.09164241
13595,0,1,0,0,0,0,0,0,0,0.017620519,0.13573262,-0.1181121,0.14017783,-0.12255731,0.06906162,-0.051441103,0.030918166,-0.013297647,0.04206132,-0.024440803,0.10365008,-0.08602956,0.040942848,0.13942438,-0.098481536,0.17848447,-0.13754162,0.0538917,-0.012948852,0.17318787,-0.13224502,0.10082321,-0.05988036,0.15870884,-0.11776599
13612,0,0,0,1,0,0,0,0,0,0.047234174,0.07793081,-0.030696634,0.109608665,-0.06237449,0.055610374,-0.0083762,0.070152126,-0.022917952,0.062832184,-0.01559801,0.12495662,-0.077722445,0.10895164,0.1945236,-0.08557196,0.1339436,-0.02499196,0.09151451,0.01743713,0.19808795,-0.0891363,0.14957286,-0.04062122,0.11972704,-0.010775395
13630,0,1,0,0,0,0,0,0,0,0.011712892,0.08996514,-0.07825225,0.18844855,-0.17673565,0.08740436,-0.07569147,0.026185272,-0.01447238,0.028037328,-0.016324436,0.11770561,-0.10599272,0.035148468,0.1800727,-0.14492422,0.2211907,-0.18604223,0.05641945,-0.021270983,0.14288716,-0.10773869,0.08251601,-0.04736754,0.12570596,-0.090557486
13642,0,1,0,0,0,0,0,0,0,0.03214297,0.122074954,-0.08993198,0.15299357,-0.12085061,0.07867165,-0.04652868,0.053042922,-0.020899951,0.07422141,-0.04207844,0.13004754,-0.09790458,0.038843323,0.15239526,-0.113551944,0.1328476,-0.09400429,0.045191307,-0.006347984,0.1332907,-0.094447374,0.078082375,-0.039239053,0.10250525,-0.06366193
13666,1,0,0,0,0,1,1,0,0,0.14517455,0.23302132,-0.08784677,0.23895514,-0.09378059,0.25969204,-0.114517495,0.09544255,0.049732,0.19572665,-0.0505521,0.2696381,-0.12446354,0.09560124,0.16722849,-0.07162725,0.11735344,-0.021752201,0.107017316,-0.011416078,0.1473428,-0.051741563,0.13623387,-0.040632628,0.14024256,-0.044641323
13711,0,0,0,1,0,0,0,0,0,0.061876953,0.22257784,-0.16070089,0.16193974,-0.10006279,0.08621485,-0.024337895,0.118304916,-0.056427963,0.105444916,-0.043567963,0.15567555,-0.09379859,0.1425252,0.22029592,-0.077770725,0.22991195,-0.08738676,0.058422428,0.084102765,0.22671968,-0.08419448,0.19696155,-0.054436356,0.13198648,0.010538712
13712,0,1,0,0,0,0,0,0,0,0.0066642486,0.11094933,-0.10428508,0.13493587,-0.12827162,0.04159703,-0.03493278,0.017447202,-0.010782953,0.023753298,-0.01708905,0.07120969,-0.064545445,0.017638786,0.14378022,-0.12614143,0.20766345,-0.19002466,0.030026846,-0.01238806,0.08820604,-0.07056725,0.04531482,-0.027676033,0.11398152,-0.096342735
13717,0,1,0,0,0,0,0,0,0,0.01060998,0.09790926,-0.08729928,0.15425631,-0.14364633,0.051521502,-0.04091152,0.018844536,-0.008234556,0.029831842,-0.01922186,0.09673615,-0.08612617,0.027946556,0.16670087,-0.13875431,0.17175148,-0.14380492,0.05290123,-0.024954675,0.11335773,-0.085411176,0.08669487,-0.058748312,0.15930171,-0.13135515
13744,0,0,0,0,1,0,0,0,0,0.038068656,0.109698206,-0.071629554,0.10700034,-0.068931684,0.06393854,-0.025869887,0.09431441,-0.056245755,0.06016201,-0.022093356,0.117029384,-0.07896073,0.08952434,0.16998976,-0.08046542,0.15584162,-0.066317275,0.078524955,0.010999389,0.22227925,-0.1327549,0.16949607,-0.07997173,0.17722698,-0.08770263
13777,0,1,0,0,0,0,0,0,0,0.013850277,0.08028262,-0.06643234,0.13928312,-0.12543285,0.04739131,-0.03354103,0.029905448,-0.01605517,0.024910197,-0.011059919,0.09275136,-0.07890108,0.025074292,0.11516842,-0.090094134,0.12588435,-0.100810066,0.043211643,-0.01813735,0.06622306,-0.04114877,0.059281047,-0.034206755,0.08692424,-0.061849948
13786,0,1,0,0,0,0,0,0,0,0.0059227506,0.07816572,-0.07224297,0.1082625,-0.10233975,0.041517172,-0.035594422,0.012757512,-0.0068347612,0.013304544,-0.007381793,0.06517663,-0.05925388,0.012269929,0.12943478,-0.11716485,0.14116584,-0.12889591,0.030615257,-0.018345328,0.06673085,-0.05446092,0.032437976,-0.020168047,0.08891512,-0.07664519
13812,0,1,0,1,0,0,0,0,0,0.053488728,0.21898396,-0.16549523,0.25702453,-0.2035358,0.11034212,-0.056853395,0.089042015,-0.035553288,0.08014983,-0.026661102,0.21636708,-0.16287835,0.09961234,0.19872476,-0.09911242,0.29416683,-0.1945545,0.14372408,-0.044111744,0.23062117,-0.13100883,0.12967165,-0.030059308,0.30593312,-0.20632078
13819,0,0,0,0,1,0,0,0,0,0.019814191,0.11350316,-0.093688965,0.13593797,-0.11612378,0.05628003,-0.03646584,0.0362904,-0.016476208,0.043950215,-0.024136024,0.13973023,-0.11991604,0.029458625,0.17933251,-0.14987388,0.13419111,-0.10473248,0.044002492,-0.014543867,0.1319934,-0.10253477,0.07065785,-0.041199222,0.13382863,-0.10437
13835,1,0,0,0,1,0,1,0,0,0.2678475,0.42970982,-0.16186231,0.26162434,0.006223172,0.27320153,-0.005354017,0.2812962,-0.013448685,0.27625987,-0.008412361,0.25503972,0.012807786,0.21962954,0.23557201,-0.01594247,0.26210845,-0.042478904,0.27075794,-0.051128402,0.17806615,0.04156339,0.20527972,0.014349818,0.20362401,0.016005531
13847,0,0,1,0,1,0,0,0,0,0.17714526,0.14999385,0.027151406,0.08981164,0.08733362,0.21158941,-0.034444153,0.1870257,-0.009880438,0.20971692,-0.03257166,0.15365104,0.023494214,0.06846453,0.07000862,-0.0015440881,0.07710811,-0.008643575,0.07265879,-0.0041942596,0.113003574,-0.04453904,0.092324734,-0.023860201,0.089603886,-0.021139354
13848,0,1,0,0,0,0,0,0,0,0.016059227,0.10497205,-0.08891282,0.080424815,-0.06436559,0.030715685,-0.014656458,0.036331855,-0.020272627,0.043098103,-0.027038876,0.08122069,-0.06516146,0.035961766,0.15386377,-0.11790201,0.102106325,-0.066144556,0.03871204,-0.0027502738,0.123168506,-0.087206736,0.086459175,-0.05049741,0.10134154,-0.06537977
13849,0,0,0,1,1,0,0,0,0,0.09338205,0.26553005,-0.17214799,0.21158102,-0.11819897,0.083098255,0.010283798,0.10336723,-0.009985179,0.1268499,-0.03346785,0.08884503,0.0045370236,0.10245495,0.0881594,0.014295556,0.16826963,-0.06581468,0.06283163,0.03962332,0.12815864,-0.025703691,0.11398167,-0.011526719,0.090870574,0.011584379
13853,0,0,0,1,1,0,0,0,0,0.09515624,0.35337,-0.25821376,0.17475502,-0.079598784,0.087634645,0.007521592,0.119559005,-0.024402767,0.13907138,-0.043915138,0.0890736,0.006082639,0.08808838,0.08567226,0.002416119,0.13479574,-0.046707362,0.06147335,0.026615027,0.121033676,-0.032945298,0.09410979,-0.00602141,0.093262784,-0.005174406
13855,0,0,1,1,1,0,0,0,0,0.08864852,0.21926372,-0.1306152,0.31516418,-0.22651565,0.09577968,-0.0071311593,0.10649538,-0.01784686,0.11687416,-0.028225638,0.123388305,-0.034739785,0.09587918,0.094115056,0.0017641261,0.19995579,-0.10407661,0.065240026,0.030639157,0.124438226,-0.028559044,0.10443144,-0.008552261,0.11292226,-0.017043076
13860,0,1,0,0,0,0,0,0,0,0.06502685,0.14771743,-0.08269058,0.113687456,-0.048660606,0.09124394,-0.026217088,0.08683246,-0.021805607,0.10307978,-0.03805293,0.1451573,-0.08013046,0.10508403,0.19050178,-0.08541775,0.07997892,0.025105111,0.08398638,0.021097653,0.15767251,-0.052588478,0.1241529,-0.019068867,0.10599539,-0.000911355
13867,0,0,1,0,0,0,0,0,0,0.20165102,0.3912993,-0.18964829,0.23998235,-0.03833133,0.20865959,-0.0070085675,0.17625211,0.02539891,0.30754015,-0.10588913,0.22031444,-0.018663421,0.19369154,0.23139642,-0.037704885,0.2306835,-0.03699197,0.2072825,-0.013590962,0.18362969,0.010061845,0.20261614,-0.008924603,0.18203859,0.0116529465
13879,0,1,0,0,0,0,0,0,0,0.15763599,0.31766,-0.16002402,0.2581991,-0.10056311,0.1758189,-0.018182918,0.20399223,-0.046356246,0.19628905,-0.03865306,0.25247094,-0.09483495,0.12896761,0.2083289,-0.07936129,0.18842499,-0.059457377,0.095907606,0.033060007,0.19677694,-0.06780933,0.17097348,-0.042005867,0.1447974,-0.015829787
13887,0,1,0,0,0,0,0,0,0,0.0064457175,0.04478378,-0.03833806,0.14586197,-0.13941625,0.03172139,-0.025275674,0.0150796585,-0.008633941,0.01105595,-0.0046102325,0.059803545,-0.05335783,0.01374095,0.10670148,-0.09296053,0.27366373,-0.25992277,0.038667314,-0.024926364,0.0773114,-0.06357045,0.030797217,-0.017056268,0.14291519,-0.12917423
13895,0,1,0,0,0,0,0,0,0,0.012404114,0.2349976,-0.22259349,0.2115114,-0.19910729,0.081230395,-0.06882628,0.02180206,-0.009397946,0.043550637,-0.031146523,0.11298309,-0.10057898,0.03163169,0.21314324,-0.18151155,0.24514498,-0.21351328,0.06260743,-0.03097574,0.1339518,-0.102320105,0.08002962,-0.048397932,0.20411152,-0.17247982
13899,1,0,1,0,0,0,1,0,0,0.24063788,0.27984482,-0.039206937,0.33043158,-0.0897937,0.37886968,-0.1382318,0.18226987,0.058368012,0.20367375,0.036964133,0.25614056,-0.015502676,0.32103032,0.23162101,0.08940931,0.22278942,0.0982409,0.45367885,-0.13264853,0.19429477,0.12673555,0.2829594,0.038070917,0.20037745,0.12065287
13908,1,0,0,1,0,0,0,0,1,0.071458325,0.16145416,-0.08999583,0.13359915,-0.062140822,0.12048487,-0.04902655,0.14689228,-0.075433955,0.11614589,-0.04468756,0.21201323,-0.1405549,0.11703537,0.16031727,-0.043281905,0.14861217,-0.031576805,0.065839715,0.05119565,0.22564174,-0.108606376,0.15372163,-0.036686264,0.11703244,2.9280782e-06
13912,0,0,0,0,1,0,0,0,0,0.008198127,0.046370614,-0.038172487,0.07192996,-0.063731834,0.025123622,-0.016925495,0.026015768,-0.01781764,0.017924218,-0.00972609,0.050539117,-0.04234099,0.019737229,0.08425182,-0.06451459,0.13440737,-0.11467014,0.03413431,-0.014397081,0.035828885,-0.016091656,0.044528224,-0.024790995,0.061116777,-0.04137955
13913,0,0,0,1,1,0,0,0,0,0.080745555,0.06177506,0.018970497,0.08643744,-0.005691886,0.09893339,-0.018187836,0.08407344,-0.0033278838,0.07989926,0.00084629655,0.09209723,-0.011351675,0.055069417,0.059803504,-0.0047340877,0.047688574,0.007380843,0.055141125,-7.170811e-05,0.036452074,0.018617343,0.08754517,-0.032475755,0.026395462,0.028673954
13918,0,1,0,0,0,0,0,0,0,0.016006315,0.074884094,-0.05887778,0.14251795,-0.12651163,0.059703913,-0.043697596,0.032581486,-0.01657517,0.028656742,-0.0126504265,0.09684085,-0.08083454,0.027202114,0.106672876,-0.07947076,0.22600572,-0.1988036,0.043346003,-0.016143888,0.097915344,-0.07071323,0.05501653,-0.027814414,0.13967672,-0.112474605
13923,0,1,0,0,0,0,0,0,0,0.071301214,0.28084952,-0.2095483,0.11643116,-0.045129947,0.10514891,-0.033847697,0.13817407,-0.06687286,0.10988847,-0.038587257,0.18535899,-0.11405777,0.092075326,0.16452636,-0.07245103,0.089061506,0.0030138195,0.065542504,0.026532821,0.16548336,-0.07340803,0.14892493,-0.056849606,0.100400165,-0.008324839
13926,0,0,0,1,0,0,0,0,0,0.03478627,0.14477286,-0.10998659,0.1667505,-0.13196424,0.044389565,-0.0096032955,0.080927916,-0.046141647,0.06393843,-0.029152162,0.1038238,-0.069037534,0.09852797,0.20652793,-0.107999966,0.18931009,-0.09078212,0.0924025,0.006125465,0.16417138,-0.065643415,0.12848012,-0.029952154,0.20497483,-0.10644686
13946,1,0,1,0,0,0,0,0,1,0.18018112,0.34118438,-0.16100326,0.095308565,0.08487255,0.16941814,0.010762975,0.19354394,-0.013362825,0.16857642,0.0116046965,0.16530074,0.014880374,0.12846231,0.21791925,-0.08945693,0.06069601,0.06776631,0.09031158,0.038150735,0.13731036,-0.008848041,0.1496228,-0.021160483,0.07962156,0.048840754
13954,0,0,1,1,0,0,0,0,0,0.28229147,0.25429308,0.027998388,0.25536987,0.0269216,0.20780559,0.07448588,0.34452322,-0.06223175,0.31005692,-0.027765453,0.21710372,0.06518775,0.17736867,0.18725409,-0.009885415,0.23769882,-0.060330153,0.14222881,0.03513986,0.2607722,-0.08340353,0.18905519,-0.011686519,0.2217934,-0.044424728
13955,0,0,0,1,0,0,0,0,0,0.031032214,0.12512037,-0.09408816,0.12194653,-0.09091432,0.042752728,-0.011720514,0.06670395,-0.03567174,0.058528367,-0.027496153,0.082444414,-0.051412202,0.10527284,0.19802864,-0.0927558,0.14709581,-0.041822977,0.06225256,0.04302028,0.17015113,-0.06487829,0.14105664,-0.035783805,0.13929051,-0.034017675
13959,0,1,0,0,0,0,0,0,0,0.009944401,0.07341607,-0.06347167,0.13183463,-0.121890225,0.048834074,-0.038889673,0.023696983,-0.0137525825,0.022901872,-0.012957471,0.09349921,-0.08355481,0.019526063,0.108988196,-0.08946213,0.16409671,-0.14457065,0.03779267,-0.018266609,0.09841483,-0.07888877,0.044317327,-0.024791265,0.11552161,-0.095995545
13971,0,1,0,0,0,0,0,0,0,0.06282028,0.15270433,-0.08988405,0.22784422,-0.16502395,0.13227327,-0.06945299,0.0817764,-0.018956125,0.07251495,-0.009694673,0.1869299,-0.12410962,0.09290608,0.1682363,-0.07533022,0.25291193,-0.16000584,0.1338323,-0.040926225,0.18329827,-0.090392195,0.1335241,-0.040618025,0.260664,-0.1677579
13993,0,1,0,0,0,0,0,0,0,0.004647161,0.079601735,-0.07495458,0.05410015,-0.049452987,0.018719193,-0.014072032,0.012104029,-0.007456868,0.023106823,-0.018459663,0.031823445,-0.027176283,0.025407193,0.120610766,-0.09520357,0.20834492,-0.18293773,0.027393,-0.001985807,0.12637287,-0.10096568,0.075979896,-0.0505727,0.11730634,-0.09189914
14004,1,0,1,1,1,0,1,0,0,0.41896337,0.3445775,0.07438588,0.32393295,0.09503043,0.31703866,0.10192472,0.3291165,0.08984688,0.45531416,-0.036350787,0.28423965,0.13472372,0.38231426,0.19067943,0.19163483,0.32922298,0.053091288,0.45530903,-0.07299477,0.3381288,0.04418546,0.24716902,0.13514525,0.38460243,-0.0022881627
14005,0,0,0,1,1,0,0,0,0,0.31707883,0.40697083,-0.089892,0.23642904,0.08064979,0.22361517,0.09346366,0.27253076,0.044548064,0.38861364,-0.07153481,0.22321625,0.09386258,0.10385223,0.088971525,0.014880702,0.11380076,-0.009948529,0.08882676,0.015025467,0.14206414,-0.038211912,0.10380013,5.209446e-05,0.110619284,-0.006767057
14018,0,0,0,0,1,0,0,0,0,0.049818978,0.24855968,-0.1987407,0.09016113,-0.040342152,0.093553685,-0.043734707,0.07929923,-0.029480249,0.083343714,-0.033524737,0.123541676,-0.0737227,0.045083404,0.18620266,-0.14111926,0.096757665,-0.05167426,0.085775614,-0.04069221,0.058822155,-0.013738751,0.07614309,-0.03105969,0.10194174,-0.05685834
14021,0,1,0,0,0,0,0,0,0,0.04748267,0.10988708,-0.06240441,0.09691159,-0.049428917,0.0698979,-0.022415228,0.11976884,-0.07228617,0.054103382,-0.0066207126,0.15117832,-0.103695646,0.060529254,0.12861475,-0.0680855,0.11228032,-0.051751062,0.057993766,0.0025354885,0.16341132,-0.102882065,0.099574186,-0.03904493,0.10040557,-0.039876312
14026,1,0,1,0,0,0,1,0,0,0.5289205,0.5613684,-0.032447934,0.33326554,0.19565493,0.51111054,0.017809927,0.39776826,0.13115221,0.5199193,0.009001195,0.3983476,0.13057289,0.4393221,0.32655117,0.112770945,0.310886,0.12843612,0.45452043,-0.01519832,0.31633928,0.12298283,0.367156,0.072166115,0.3917826,0.047539502
14027,0,1,0,0,0,0,0,0,0,0.033090014,0.09033658,-0.05724657,0.19864686,-0.16555685,0.10956806,-0.07647805,0.050764177,-0.017674163,0.050478958,-0.017388944,0.18350352,-0.15041351,0.059529934,0.13010067,-0.07057074,0.28106847,-0.22153854,0.10377721,-0.044247273,0.142899,-0.083369076,0.0754684,-0.015938465,0.24218541,-0.18265548
14071,0,1,0,0,0,0,0,0,0,0.02704376,0.07228645,-0.04524269,0.124132305,-0.097088546,0.06327276,-0.036229,0.060933176,-0.033889417,0.05033226,-0.0232885,0.12926516,-0.1022214,0.032812703,0.08031184,-0.04749914,0.16396494,-0.13115224,0.056434564,-0.02362186,0.10781443,-0.07500173,0.05808394,-0.025271237,0.13579309,-0.10298039
14097,0,1,0,1,0,0,0,0,0,0.04976938,0.17150523,-0.12173585,0.23862544,-0.18885607,0.100809485,-0.051040106,0.09025202,-0.04048264,0.07409134,-0.024321958,0.17470132,-0.12493194,0.15834542,0.28099784,-0.12265243,0.26448947,-0.106144056,0.1674308,-0.009085387,0.25016525,-0.09181984,0.18569936,-0.027353942,0.25893348,-0.10058807
14107,0,1,0,0,0,0,0,0,0,0.0075569297,0.0917219,-0.08416497,0.0800269,-0.07246997,0.036093447,-0.028536517,0.008912109,-0.0013551791,0.030371819,-0.022814889,0.050534096,-0.042977165,0.026783695,0.17247888,-0.1456952,0.20122185,-0.17443816,0.047530256,-0.02074656,0.101179,-0.07439531,0.061501265,-0.034717567,0.17158562,-0.14480193
14123,0,0,0,1,0,0,0,0,0,0.020873668,0.101932354,-0.08105869,0.060183242,-0.039309576,0.02247539,-0.0016017221,0.04885976,-0.027986092,0.04509366,-0.024219992,0.040007215,-0.019133547,0.051556904,0.16452122,-0.11296432,0.21136352,-0.15980662,0.05687423,-0.0053173266,0.1831063,-0.1315494,0.13126469,-0.07970779,0.15278988,-0.101232976
14131,0,0,1,0,0,0,0,0,0,0.101627186,0.44402316,-0.34239596,0.23229322,-0.13066603,0.19634081,-0.09471363,0.16542107,-0.06379388,0.22176075,-0.120133564,0.2884793,-0.18685211,0.1219648,0.2767782,-0.1548134,0.26906323,-0.14709844,0.1409109,-0.018946096,0.21600763,-0.09404284,0.1810411,-0.05907631,0.21677162,-0.09480682
14138,0,1,0,0,0,0,0,0,0,0.0045007826,0.058729775,-0.05422899,0.10109404,-0.09659325,0.02526764,-0.020766858,0.011954091,-0.007453308,0.01232386,-0.007823078,0.046170227,-0.041669443,0.016199848,0.10882762,-0.09262777,0.27405632,-0.25785646,0.027415646,-0.011215799,0.09463878,-0.07843893,0.039000567,-0.02280072,0.13725084,-0.12105099
14139,0,1,0,0,0,0,0,0,0,0.09904443,0.099754915,-0.00071048737,0.111260176,-0.012215748,0.09944931,-0.00040487945,0.16209735,-0.06305292,0.14435676,-0.04531233,0.14635922,-0.047314793,0.12928532,0.10122752,0.028057799,0.13419576,-0.0049104393,0.111475274,0.017810047,0.16922249,-0.03993717,0.18584327,-0.056557953,0.114348054,0.014937267
14145,0,1,0,0,0,0,0,0,0,0.010671509,0.07817027,-0.06749876,0.048369434,-0.037697926,0.04332801,-0.0326565,0.01532927,-0.0046577603,0.02907367,-0.018402161,0.041776907,-0.031105397,0.023734862,0.1544363,-0.13070144,0.17507765,-0.15134278,0.03318633,-0.009451469,0.11554377,-0.09180891,0.06958204,-0.045847178,0.12645586,-0.102721
14146,0,1,0,0,0,0,0,0,0,0.1295032,0.27015054,-0.14064734,0.11711327,0.012389936,0.13410981,-0.0046066046,0.20143366,-0.07193045,0.15579413,-0.026290923,0.17581616,-0.046312958,0.18051468,0.1824429,-0.0019282252,0.14784649,0.03266819,0.12994762,0.05056706,0.21105863,-0.030543953,0.1806642,-0.00014951825,0.16991991,0.01059477
14149,0,1,0,0,0,0,0,0,0,0.027846947,0.2612219,-0.23337494,0.21078523,-0.18293828,0.0923341,-0.06448715,0.06117459,-0.033327643,0.053050466,-0.025203519,0.12714782,-0.099300876,0.055677865,0.15599585,-0.100317985,0.19773293,-0.14205506,0.089060485,-0.03338262,0.124018334,-0.068340465,0.11706696,-0.061389092,0.17377727,-0.11809941
14159,0,1,0,0,0,0,0,0,0,0.1271399,0.2754541,-0.14831421,0.11353368,0.013606213,0.13596798,-0.008828089,0.17912152,-0.051981628,0.15341212,-0.026272222,0.17458405,-0.04744415,0.11858458,0.17288913,-0.054304548,0.13746767,-0.018883087,0.11414898,0.004435599,0.15352455,-0.034939967,0.17634048,-0.057755895,0.13543501,-0.016850434
14166,0,0,1,1,0,0,0,0,0,0.18104102,0.35694975,-0.17590873,0.19102822,-0.009987205,0.1674893,0.013551712,0.16449624,0.016544774,0.29464412,-0.1136031,0.1908359,-0.009794876,0.121051006,0.15647689,-0.03542588,0.17874557,-0.05769456,0.15684631,-0.03579531,0.17270738,-0.051656373,0.14624052,-0.025189511,0.18705004,-0.06599904
14167,1,0,1,0,0,0,1,0,0,0.3293725,0.5847569,-0.25538442,0.38890335,-0.059530854,0.38705513,-0.057682633,0.34638575,-0.017013252,0.39350134,-0.064128846,0.4462259,-0.116853416,0.3807108,0.3941734,-0.013462603,0.322256,0.05845481,0.3918269,-0.011116087,0.33360118,0.047109634,0.3606206,0.020090222,0.39151576,-0.010804951
14170,0,1,0,0,0,0,0,0,0,0.06412654,0.13799529,-0.073868744,0.22898267,-0.16485614,0.085614495,-0.021487951,0.102751546,-0.038625002,0.10060192,-0.036475375,0.19485562,-0.13072908,0.06241104,0.1602407,-0.097829655,0.22775504,-0.165344,0.089538045,-0.027127005,0.22166419,-0.15925315,0.12562864,-0.063217595,0.1965503,-0.13413925
14177,0,1,0,0,0,0,0,0,0,0.053816784,0.2533124,-0.19949563,0.14674781,-0.09293103,0.1468939,-0.09307712,0.061602496,-0.0077857114,0.09942764,-0.045610856,0.189804,-0.13598722,0.06230333,0.18992147,-0.12761813,0.09563885,-0.033335518,0.074140176,-0.011836845,0.1147965,-0.052493166,0.096198626,-0.033895295,0.11203212,-0.049728792
14184,0,1,0,0,0,0,0,0,0,0.10543607,0.164124,-0.058687925,0.1516891,-0.046253026,0.12001444,-0.014578365,0.17083071,-0.06539464,0.11053774,-0.005101666,0.18779767,-0.082361594,0.124398105,0.21141197,-0.08701386,0.0674277,0.056970403,0.07001775,0.054380357,0.15187608,-0.027477972,0.15284199,-0.02844388,0.07303116,0.051366948
14187,0,1,0,0,0,0,0,0,0,0.038221512,0.18906449,-0.15084298,0.14274845,-0.10452694,0.089292884,-0.051071372,0.094144575,-0.055923063,0.058746755,-0.020525243,0.16165753,-0.12343602,0.06615796,0.1957866,-0.12962863,0.16866364,-0.10250568,0.06632839,-0.00017043203,0.15795264,-0.09179468,0.108931325,-0.042773366,0.104906924,-0.038748965
14192,0,0,0,1,1,0,0,0,0,0.09084278,0.22705002,-0.13620724,0.08287021,0.007972576,0.07087238,0.019970402,0.11379336,-0.022950575,0.13003561,-0.039192826,0.08525952,0.005583264,0.09802041,0.10287009,-0.00484968,0.064971685,0.033048727,0.05930546,0.038714953,0.10333477,-0.0053143576,0.10640721,-0.008386798,0.060576342,0.03744407
14194,0,0,0,1,1,0,0,0,0,0.12977743,0.11642515,0.013352282,0.17216517,-0.04238774,0.1691361,-0.039358675,0.2223994,-0.09262197,0.18168513,-0.051907703,0.2580421,-0.12826467,0.18110879,0.15375204,0.027356744,0.21659625,-0.035487458,0.16093028,0.020178512,0.18948975,-0.008380964,0.20444328,-0.023334488,0.17584704,0.005261749
14201,1,0,1,1,0,0,1,0,0,0.41958204,0.3308173,0.08876473,0.1204014,0.29918063,0.25506422,0.16451782,0.22240114,0.1971809,0.5038179,-0.08423588,0.16174734,0.2578347,0.2174155,0.30413967,-0.08672418,0.25796965,-0.04055415,0.30070403,-0.083288535,0.21360782,0.0038076788,0.17824449,0.03917101,0.3103919,-0.092976406
14205,0,1,0,0,0,0,0,0,0,0.07760116,0.37512258,-0.2975214,0.3228537,-0.24525255,0.16995466,-0.0923535,0.15384723,-0.076246075,0.1485869,-0.07098574,0.27561125,-0.19801009,0.1599085,0.23071066,-0.07080215,0.38698345,-0.22707495,0.1581375,0.001771003,0.23436661,-0.07445811,0.22994351,-0.07003501,0.27200013,-0.11209163
14217,0,0,1,0,0,0,0,0,0,0.08785636,0.17999564,-0.09213928,0.20947564,-0.12161928,0.12476563,-0.036909267,0.14552085,-0.05766449,0.093628176,-0.005771816,0.25917524,-0.17131889,0.15039241,0.17918023,-0.028787822,0.18549672,-0.035104305,0.1502741,0.00011831522,0.20139019,-0.05099778,0.16705522,-0.016662806,0.20518135,-0.054788932
14220,0,1,0,0,0,0,0,0,0,0.03287254,0.14472176,-0.11184922,0.19741175,-0.1645392,0.09517884,-0.062306304,0.08357288,-0.05070034,0.07169982,-0.03882728,0.18844798,-0.15557544,0.05242551,0.13741687,-0.08499136,0.25691465,-0.20448914,0.09475634,-0.04233083,0.17843375,-0.12600824,0.09553812,-0.043112606,0.2376178,-0.18519229
14224,0,0,1,1,0,0,0,0,0,0.4682329,0.48341325,-0.015180349,0.31219822,0.15603468,0.3989076,0.0693253,0.27897578,0.18925712,0.46563438,0.002598524,0.27307236,0.19516054,0.5559774,0.3514418,0.2045356,0.3943985,0.1615789,0.536284,0.019693375,0.4232281,0.13274929,0.45180756,0.104169846,0.43100128,0.12497613
14238,0,0,1,0,0,0,0,0,0,0.20980433,0.2537214,-0.04391706,0.14023884,0.06956549,0.27740037,-0.06759605,0.16729273,0.042511597,0.2315301,-0.021725774,0.28060347,-0.07079914,0.1415972,0.15119475,-0.009597555,0.10958463,0.032012567,0.12670511,0.014892086,0.15590587,-0.014308676,0.14644416,-0.0048469603,0.1324409,0.009156302
14244,0,0,1,0,0,0,0,0,0,0.056398746,0.3151167,-0.25871795,0.14282933,-0.08643058,0.12852164,-0.07212289,0.09561695,-0.039218206,0.09090956,-0.034510817,0.1836539,-0.12725516,0.106639005,0.19498911,-0.08835011,0.1644515,-0.05781249,0.12768748,-0.021048479,0.13402826,-0.02738925,0.13153386,-0.024894856,0.14846161,-0.041822605
14248,0,1,0,0,0,0,0,0,0,0.0053622224,0.066069044,-0.06070682,0.091217615,-0.085855395,0.03035194,-0.024989719,0.011398967,-0.006036745,0.018495597,-0.013133375,0.065451264,-0.06008904,0.015943322,0.11166806,-0.09572473,0.1397259,-0.123782575,0.02747947,-0.011536147,0.10113361,-0.08519028,0.05284164,-0.03689832,0.09871362,-0.0827703
14256,0,1,0,0,0,0,0,0,0,0.029467255,0.20436773,-0.17490047,0.14837663,-0.118909374,0.07378825,-0.044320993,0.04003746,-0.010570206,0.06686803,-0.037400775,0.13295068,-0.10348342,0.04798049,0.18315545,-0.13517496,0.09958368,-0.051603187,0.088300034,-0.040319543,0.104479596,-0.056499105,0.10987115,-0.061890658,0.12445338,-0.07647289
14288,0,1,0,1,0,0,0,0,0,0.03953724,0.2167168,-0.17717956,0.25880483,-0.21926759,0.14343444,-0.1038972,0.065720566,-0.026183326,0.07146696,-0.03192972,0.19750093,-0.1579637,0.056347545,0.17602852,-0.11968097,0.20460317,-0.14825562,0.091749355,-0.03540181,0.12847638,-0.07212883,0.108670115,-0.05232257,0.1516566,-0.09530905
14301,0,1,0,0,0,0,0,0,0,0.028797053,0.093270674,-0.06447362,0.13183828,-0.103041224,0.055069868,-0.026272815,0.04781303,-0.019015979,0.043644782,-0.014847729,0.090103805,-0.061306752,0.036707707,0.11737667,-0.08066896,0.21867871,-0.18197101,0.056080427,-0.01937272,0.11656167,-0.07985397,0.064112134,-0.027404428,0.13734928,-0.10064157
14304,0,1,0,0,0,0,0,0,0,0.026946032,0.2299407,-0.20299466,0.29158327,-0.26463723,0.100940004,-0.07399397,0.08086293,-0.0539169,0.062445138,-0.035499103,0.16878788,-0.14184184,0.10226478,0.21912728,-0.116862506,0.3398865,-0.23762171,0.119295806,-0.017031029,0.2587953,-0.15653051,0.15294302,-0.05067824,0.26064903,-0.15838425
14314,0,0,0,0,1,0,0,0,0,0.07699767,0.16148676,-0.08448909,0.10980173,-0.032804064,0.06617679,0.0108208805,0.095106885,-0.018109217,0.10105804,-0.024060376,0.095492534,-0.018494867,0.07175396,0.117567256,-0.0458133,0.07267145,-0.0009174943,0.035792623,0.035961334,0.094444394,-0.022690438,0.10439258,-0.032638624,0.05598586,0.015768096
14315,1,0,0,0,0,1,0,1,0,0.024636468,0.13646415,-0.11182768,0.1087545,-0.08411803,0.030541971,-0.0059055034,0.05054986,-0.025913393,0.057130728,-0.03249426,0.07247678,-0.047840312,0.052775335,0.11909054,-0.066315204,0.23783284,-0.1850575,0.062082298,-0.0093069635,0.16730122,-0.114525884,0.10806631,-0.05529098,0.17943758,-0.12666224
14350,1,0,1,0,1,0,1,0,0,0.11549249,0.17042434,-0.05493185,0.1327069,-0.017214403,0.30179736,-0.18630487,0.10035889,0.015133604,0.1400407,-0.024548203,0.23397851,-0.11848602,0.15336221,0.17540158,-0.022039369,0.09909847,0.05426375,0.2736837,-0.12032148,0.09967405,0.05368816,0.17070171,-0.017339498,0.13403161,0.019330606
14356,0,1,0,0,0,0,0,0,0,0.013642513,0.12671441,-0.113071896,0.22431755,-0.21067503,0.09556859,-0.08192608,0.018772539,-0.0051300256,0.043035876,-0.029393364,0.1021047,-0.08846219,0.027614046,0.14473297,-0.117118925,0.23149578,-0.20388174,0.065653056,-0.03803901,0.100284845,-0.0726708,0.07364619,-0.046032142,0.17270677,-0.14509273
14375,0,1,0,0,0,0,0,0,0,0.03130976,0.10920034,-0.07789058,0.19167605,-0.1603663,0.08679695,-0.055487186,0.06658528,-0.03527552,0.05129353,-0.019983768,0.14063777,-0.10932801,0.04565184,0.13572744,-0.0900756,0.26276323,-0.2171114,0.06745426,-0.021802425,0.11704574,-0.0713939,0.06371977,-0.018067934,0.14209887,-0.096447036
14382,0,0,0,0,1,0,0,0,0,0.08394502,0.08620918,-0.002264157,0.083189435,0.00075558573,0.10939721,-0.02545219,0.104496755,-0.020551734,0.11534807,-0.03140305,0.100155264,-0.016210243,0.08540911,0.053600933,0.03180818,0.05726918,0.028139934,0.062684014,0.022725098,0.09915896,-0.013749845,0.114263274,-0.028854162,0.043395117,0.042013995
14384,0,0,1,0,0,0,0,0,0,0.45032474,0.38131657,0.06900817,0.35446525,0.0958595,0.41195175,0.038372993,0.33128732,0.11903742,0.48203355,-0.031708807,0.38526827,0.06505647,0.5572052,0.33765262,0.21955258,0.359705,0.1975002,0.42525762,0.13194758,0.38604546,0.17115974,0.4816839,0.07552129,0.39721894,0.15998626
14392,0,0,1,0,0,0,0,0,0,0.31267548,0.5294908,-0.21681535,0.42330584,-0.11063036,0.45619676,-0.14352128,0.29892755,0.0137479305,0.37236905,-0.059693575,0.4613154,-0.14863992,0.19984838,0.2636859,-0.06383753,0.30727968,-0.10743129,0.38797975,-0.18813136,0.18374237,0.01610601,0.20998897,-0.010140583,0.31160402,-0.11175564
14400,0,0,0,1,1,0,0,0,0,0.070685156,0.07299692,-0.0023117661,0.08669665,-0.016011491,0.09489002,-0.024204865,0.060887244,0.009797912,0.0863842,-0.015699044,0.08585544,-0.015170284,0.11085397,0.09964041,0.011213563,0.05533253,0.05552144,0.075666346,0.035187624,0.12683915,-0.015985176,0.15121832,-0.040364355,0.056741152,0.054112818
14409,0,1,0,0,0,0,0,0,0,0.01981331,0.060281515,-0.040468205,0.11163082,-0.09181751,0.043835692,-0.024022382,0.038051356,-0.018238045,0.04067092,-0.02085761,0.0678389,-0.04802559,0.043348532,0.1320388,-0.088690266,0.2687067,-0.22535817,0.048010733,-0.004662201,0.16809803,-0.1247495,0.08819198,-0.044843446,0.1537602,-0.11041166
14424,0,0,0,0,1,0,0,0,0,0.052543554,0.22579521,-0.17325166,0.097036526,-0.04449297,0.096057884,-0.04351433,0.050131366,0.0024121888,0.079044245,-0.02650069,0.07324474,-0.020701189,0.11206298,0.12588167,-0.013818689,0.104050584,0.008012399,0.13453938,-0.022476397,0.085085325,0.026977658,0.13544437,-0.02338139,0.08394774,0.028115243
14427,0,0,0,1,0,0,0,0,0,0.49881577,0.4287043,0.07011148,0.46834213,0.03047365,0.4629164,0.03589937,0.53714955,-0.038333774,0.49049,0.008325785,0.4472041,0.051611662,0.45385495,0.21797207,0.23588288,0.47461545,-0.020760506,0.46135888,-0.0075039268,0.50457686,-0.050721914,0.3445521,0.10930285,0.47911528,-0.02526033
14446,0,0,1,0,1,0,0,0,0,0.32598546,0.31422275,0.011762708,0.26309416,0.062891304,0.40571553,-0.07973006,0.28544858,0.04053688,0.43035495,-0.10436949,0.35473484,-0.028749377,0.15145257,0.123284966,0.028167605,0.13908623,0.01236634,0.1774868,-0.026034236,0.11549598,0.03595659,0.24504066,-0.093588084,0.11270534,0.03874723
14448,1,0,1,0,0,0,0,0,0,0.101900645,0.24882266,-0.14692202,0.18401316,-0.08211251,0.12896098,-0.027060337,0.18066613,-0.07876549,0.15136631,-0.049465664,0.19300997,-0.09110933,0.1073444,0.16753346,-0.06018906,0.19916305,-0.09181865,0.12399764,-0.016653247,0.13528845,-0.02794405,0.136738,-0.029393606,0.13639437,-0.02904997
14457,0,1,0,0,0,0,0,0,0,0.085170984,0.35722685,-0.27205586,0.33562082,-0.25044984,0.2197166,-0.13454561,0.097843826,-0.012672842,0.14970139,-0.0645304,0.24328916,-0.15811817,0.17265515,0.2816709,-0.10901575,0.31753948,-0.14488433,0.24175811,-0.06910296,0.19455017,-0.021895021,0.22482745,-0.052172303,0.23783112,-0.065175965
14459,0,1,0,0,0,0,0,0,0,0.058569893,0.3145879,-0.25601798,0.3025193,-0.2439494,0.14376862,-0.08519873,0.111241974,-0.05267208,0.085225746,-0.026655853,0.30499953,-0.24642964,0.07112859,0.21059968,-0.13947108,0.31468505,-0.24355645,0.15108192,-0.07995333,0.20790726,-0.13677867,0.1087265,-0.03759791,0.27117243,-0.20004384
14501,0,1,0,0,0,0,0,0,0,0.16837965,0.50732,-0.33894032,0.37223926,-0.20385961,0.31605485,-0.1476752,0.28727615,-0.1188965,0.24063408,-0.072254434,0.3915205,-0.22314085,0.19045301,0.28883502,-0.09838201,0.37012044,-0.17966743,0.30782336,-0.11737035,0.2456304,-0.05517739,0.21165802,-0.021205008,0.3595695,-0.16911648
14534,0,0,0,1,1,0,0,0,0,0.14791095,0.25039205,-0.1024811,0.29036352,-0.14245257,0.20381932,-0.055908367,0.20271489,-0.054803938,0.17667407,-0.028763115,0.2780498,-0.13013884,0.12559998,0.14340937,-0.017809391,0.1857318,-0.060131818,0.13056144,-0.004961461,0.15460894,-0.029008955,0.13571262,-0.010112643,0.15128131,-0.025681332
14565,0,1,0,0,0,0,0,0,0,0.02473156,0.08548023,-0.060748667,0.16601701,-0.14128545,0.079279125,-0.054547563,0.04927668,-0.02454512,0.05567076,-0.0309392,0.14799751,-0.12326595,0.03132904,0.11499917,-0.083670124,0.19154663,-0.1602176,0.05446514,-0.023136102,0.1110318,-0.079702765,0.068082325,-0.036753286,0.15618752,-0.12485848
14580,0,1,0,0,0,0,0,0,0,0.060860027,0.13881107,-0.077951044,0.2913482,-0.23048817,0.09187609,-0.031016063,0.10681912,-0.045959096,0.096674114,-0.035814088,0.13937618,-0.078516155,0.08409388,0.14651826,-0.062424377,0.33832577,-0.25423187,0.10954426,-0.025450379,0.18595737,-0.10186349,0.14849067,-0.06439678,0.22376457,-0.13967068
14585,0,0,1,0,1,0,0,0,0,0.3177935,0.42496476,-0.10717127,0.14014976,0.17764373,0.3852467,-0.067453206,0.16138318,0.1564103,0.36610183,-0.048308343,0.16565718,0.15213631,0.20588443,0.23182541,-0.025940984,0.16025159,0.04563284,0.21248509,-0.006600663,0.19752726,0.008357167,0.20539992,0.00048451126,0.16911043,0.036773995
14597,0,1,0,0,0,0,0,0,0,0.065725826,0.1674591,-0.101733275,0.20222577,-0.13649994,0.07566538,-0.009939551,0.12359935,-0.057873525,0.10386581,-0.038139984,0.1823543,-0.116628475,0.08652183,0.17900258,-0.09248076,0.21408117,-0.12755933,0.113941975,-0.027420148,0.201488,-0.11496618,0.14214303,-0.0556212,0.21029022,-0.1237684
14613,0,1,0,0,0,0,0,0,0,0.011155533,0.07733964,-0.06618411,0.14935133,-0.1381958,0.05499575,-0.043840215,0.020070063,-0.00891453,0.022918802,-0.011763269,0.09334744,-0.08219191,0.029881455,0.16473933,-0.13485786,0.2188335,-0.18895206,0.055380058,-0.025498603,0.18015927,-0.15027782,0.08308,-0.053198546,0.18519482,-0.15531337
14620,0,1,0,0,0,0,0,0,0,0.0124887815,0.04261622,-0.030127436,0.086580396,-0.07409161,0.02438616,-0.011897379,0.025989616,-0.013500835,0.032096487,-0.019607704,0.052997302,-0.04050852,0.02021443,0.06811324,-0.047898807,0.2062554,-0.18604098,0.03313214,-0.0129177105,0.096276596,-0.076062165,0.05618608,-0.03597165,0.14092638,-0.120711945
14627,0,0,0,0,1,0,0,0,0,0.07264686,0.22896563,-0.15631877,0.07148788,0.0011589751,0.07986798,-0.007221125,0.09333691,-0.020690054,0.10849669,-0.035849832,0.09647556,-0.0238287,0.086402334,0.18845072,-0.10204839,0.06373021,0.022672124,0.056462083,0.029940251,0.09680428,-0.010401949,0.14181454,-0.05541221,0.057132564,0.02926977
14628,0,0,1,0,0,0,0,0,0,0.08427525,0.15564981,-0.07137456,0.16876264,-0.084487386,0.113784075,-0.029508822,0.10623599,-0.021960735,0.113690585,-0.029415332,0.23864776,-0.15437251,0.043290917,0.075016946,-0.03172603,0.115053706,-0.071762785,0.0649197,-0.021628786,0.082456015,-0.0391651,0.06290215,-0.019611236,0.09342954,-0.050138626
14634,0,1,0,0,0,0,0,0,0,0.05962658,0.27379864,-0.21417207,0.23155725,-0.17193067,0.16920857,-0.10958199,0.08304446,-0.023417883,0.11980275,-0.06017617,0.2179127,-0.15828612,0.06425222,0.25807324,-0.19382101,0.13549162,-0.071239404,0.1005317,-0.036279477,0.1272466,-0.06299438,0.100642025,-0.036389805,0.16072226,-0.096470036
14637,0,1,0,0,0,0,0,0,0,0.013266807,0.15009671,-0.13682991,0.12319929,-0.10993248,0.054933257,-0.041666448,0.021828039,-0.008561231,0.028432107,-0.015165299,0.09565772,-0.08239091,0.032133672,0.16617067,-0.134037,0.19840863,-0.16627496,0.072670296,-0.040536623,0.111754104,-0.079620436,0.058708273,-0.0265746,0.19761339,-0.16547972
14647,0,0,0,0,1,0,0,0,0,0.036834966,0.072544314,-0.035709348,0.19293,-0.15609503,0.09199036,-0.055155393,0.11237526,-0.07554029,0.033969,0.0028659664,0.22873046,-0.19189548,0.039505802,0.063582964,-0.024077162,0.12119932,-0.081693515,0.070360996,-0.030855194,0.09165121,-0.052145407,0.045111697,-0.005605895,0.13662076,-0.09711496
14653,0,0,0,1,0,0,0,0,0,0.17906149,0.299561,-0.12049951,0.22685881,-0.047797322,0.18575962,-0.0066981316,0.28905907,-0.109997585,0.16846088,0.010600612,0.32012525,-0.14106376,0.2349822,0.34128627,-0.106304064,0.21615133,0.01883088,0.21891981,0.016062394,0.3153961,-0.08041389,0.24009442,-0.005112216,0.2611607,-0.026178494
14662,0,1,0,0,0,0,0,0,0,0.02888131,0.091012195,-0.062130883,0.12324064,-0.09435933,0.075773016,-0.046891704,0.033181086,-0.0042997766,0.051752407,-0.022871098,0.09688568,-0.06800437,0.036665034,0.11702781,-0.08036278,0.22783682,-0.19117178,0.060624175,-0.023959141,0.11991077,-0.08324574,0.085870914,-0.04920588,0.15185677,-0.11519173
14667,0,0,0,0,1,0,0,0,0,0.031145787,0.1739082,-0.14276242,0.12847109,-0.0973253,0.056099083,-0.024953296,0.0762383,-0.04509251,0.056309745,-0.025163958,0.11701021,-0.085864425,0.041376255,0.08950563,-0.048129372,0.17399237,-0.1326161,0.05764527,-0.016269013,0.077120855,-0.0357446,0.0689743,-0.027598046,0.0914565,-0.050080247
14670,1,0,1,0,0,0,1,0,0,0.3065702,0.33044866,-0.023878455,0.18208723,0.124482974,0.22554304,0.081027165,0.27689692,0.029673278,0.30299723,0.0035729706,0.22515312,0.081417084,0.45330682,0.19566442,0.2576424,0.3328122,0.120494634,0.3763311,0.07697573,0.36746278,0.08584404,0.37409806,0.07920876,0.35251957,0.10078725
14674,0,0,1,0,0,0,0,0,0,0.08252728,0.26156422,-0.17903695,0.20517455,-0.12264727,0.19443733,-0.111910045,0.1239589,-0.04143162,0.1053767,-0.022849418,0.2631763,-0.18064901,0.068806686,0.15058976,-0.08178308,0.121812865,-0.05300618,0.11745,-0.048643313,0.09201579,-0.023209102,0.11277489,-0.043968208,0.13121524,-0.06240856
14678,0,0,0,1,0,0,0,0,0,0.077514604,0.20674549,-0.12923089,0.24837585,-0.17086124,0.09917699,-0.021662384,0.19538777,-0.11787316,0.122340426,-0.044825822,0.3049157,-0.2274011,0.15143299,0.2075265,-0.056093514,0.17415035,-0.022717357,0.12993023,0.021502763,0.18889983,-0.03746684,0.17426446,-0.02283147,0.19205748,-0.040624484
14713,0,0,0,0,1,0,0,0,0,0.018940037,0.06489809,-0.04595805,0.1659698,-0.14702977,0.07094712,-0.05200708,0.041442927,-0.02250289,0.025285013,-0.006344976,0.123016395,-0.104076356,0.04443143,0.080255635,-0.035824206,0.14367771,-0.09924628,0.07400821,-0.029576782,0.11549425,-0.07106282,0.07052949,-0.026098061,0.1396196,-0.09518817
14729,1,0,1,1,1,0,1,0,1,0.0858771,0.20547692,-0.11959983,0.17421806,-0.08834096,0.2206061,-0.134729,0.076026045,0.009851053,0.11606618,-0.030189082,0.20688052,-0.12100343,0.1720361,0.18450876,-0.012472659,0.20627223,-0.034236133,0.22802827,-0.05599217,0.15353073,0.018505365,0.15433596,0.017700136,0.17711848,-0.0050823838
14731,0,0,0,1,1,0,0,0,0,0.05926033,0.18377772,-0.12451739,0.101117276,-0.041856945,0.036898278,0.022362053,0.13715,-0.07788967,0.09593151,-0.036671177,0.082052544,-0.022792213,0.12721412,0.19334038,-0.06612626,0.14626454,-0.01905042,0.057821654,0.069392465,0.20717771,-0.079963595,0.17148617,-0.04427205,0.1229651,0.0042490214
14745,1,0,1,0,0,0,1,0,0,0.61403567,0.6390172,-0.024981558,0.58498836,0.02904731,0.64017546,-0.026139796,0.60193443,0.012101233,0.65365875,-0.03962308,0.5911852,0.022850454,0.6814483,0.3610306,0.32041767,0.5800759,0.10137236,0.6875037,-0.0060554147,0.57163554,0.10981274,0.63469696,0.04675132,0.56745404,0.11399424
14746,0,1,0,0,0,0,0,0,0,0.016717514,0.23825414,-0.22153664,0.1138528,-0.09713528,0.09151637,-0.07479885,0.030728986,-0.014011472,0.03871992,-0.022002405,0.13240606,-0.11568854,0.02670751,0.17848562,-0.1517781,0.089664675,-0.06295717,0.057728738,-0.031021228,0.08618931,-0.0594818,0.075100765,-0.048393257,0.09997206,-0.073264554
14762,0,0,0,0,1,0,0,0,0,0.020722043,0.08924063,-0.068518594,0.08318076,-0.06245872,0.040826835,-0.020104792,0.034517452,-0.013795409,0.033066384,-0.012344342,0.08208589,-0.06136385,0.035672408,0.11861907,-0.08294666,0.10393733,-0.06826492,0.049955264,-0.014282856,0.07424807,-0.03857566,0.08456521,-0.0488928,0.09456902,-0.058896612
14771,0,1,0,0,0,0,0,0,0,0.05324473,0.38589773,-0.332653,0.20642813,-0.1531834,0.08125944,-0.028014708,0.11146104,-0.058216315,0.08992017,-0.036675442,0.14505176,-0.09180704,0.21572895,0.32985482,-0.11412586,0.29064396,-0.07491501,0.17638083,0.039348125,0.31760162,-0.10187267,0.27785423,-0.06212528,0.26193962,-0.04621066
14775,0,1,0,0,0,0,0,0,0,0.04461034,0.18863703,-0.1440267,0.22838405,-0.18377371,0.115514174,-0.07090384,0.10190187,-0.057291526,0.04976725,-0.005156908,0.22056195,-0.17595161,0.08065485,0.13042128,-0.04976643,0.22588328,-0.14522842,0.12007403,-0.039419174,0.17247772,-0.09182287,0.09568684,-0.015031986,0.25688586,-0.176231
14781,0,0,0,1,1,0,0,0,0,0.1780801,0.18068922,-0.0026091188,0.14971916,0.028360933,0.15968283,0.018397272,0.21962763,-0.041547537,0.17437607,0.0037040263,0.16483745,0.013242647,0.12158944,0.16620746,-0.044618025,0.11210992,0.009479515,0.12532584,-0.0037364066,0.114629686,0.0069597512,0.12517074,-0.0035813004,0.09848814,0.0231013
14805,1,0,0,0,0,1,1,0,0,0.014851511,0.11917622,-0.104324706,0.13524972,-0.12039821,0.04177875,-0.02692724,0.037263628,-0.022412118,0.02157666,-0.0067251483,0.095815495,-0.080963984,0.03241739,0.15250067,-0.12008329,0.25662503,-0.22420764,0.045882355,-0.013464965,0.109660394,-0.077243,0.070644386,-0.038226996,0.13837257,-0.10595518
14814,0,1,0,0,0,0,0,0,0,0.036943454,0.097827956,-0.0608845,0.13305567,-0.09611222,0.077614054,-0.0406706,0.08332947,-0.046386015,0.0699086,-0.032965142,0.16146901,-0.12452556,0.039085142,0.11498208,-0.07589694,0.09694087,-0.057855725,0.048582923,-0.00949778,0.08167974,-0.042594597,0.0736336,-0.034548454,0.09065658,-0.051571436
14836,1,0,1,1,0,0,1,0,0,0.3215744,0.5470374,-0.22546303,0.40685374,-0.085279346,0.42097408,-0.099399686,0.24751903,0.07405536,0.43274295,-0.11116856,0.34384346,-0.02226907,0.3477123,0.36362177,-0.015909463,0.333295,0.0144173205,0.41866282,-0.07095051,0.25987384,0.08783847,0.44749877,-0.09978646,0.29129693,0.05641538
14851,0,1,0,0,0,0,0,0,0,0.027671168,0.08012959,-0.052458428,0.10193232,-0.07426115,0.07534936,-0.047678195,0.07684225,-0.049171083,0.049436785,-0.021765618,0.15711817,-0.129447,0.04382546,0.13834384,-0.09451838,0.12402942,-0.080203965,0.07060636,-0.0267809,0.11414883,-0.07032338,0.07656643,-0.03274097,0.1353572,-0.09153174
14869,1,0,1,0,0,0,1,0,0,0.5010802,0.5130483,-0.011968076,0.29432428,0.20675594,0.5016945,-0.00061428547,0.3143712,0.18670902,0.47794032,0.023139894,0.32420373,0.17687649,0.5055514,0.29915237,0.20639902,0.32916328,0.17638811,0.50843614,-0.0028847456,0.34042776,0.16512364,0.41985163,0.08569977,0.35256508,0.15298632
14912,0,0,0,0,1,0,0,0,0,0.043711178,0.24490593,-0.20119476,0.12454941,-0.08083823,0.076363616,-0.032652438,0.07801308,-0.0343019,0.075532265,-0.031821087,0.12644547,-0.082734294,0.048932906,0.097721495,-0.04878859,0.121340945,-0.072408035,0.0634322,-0.0144992955,0.06197939,-0.013046484,0.089441285,-0.04050838,0.07158508,-0.022652175
14923,0,1,0,0,0,0,0,0,0,0.028490141,0.10153405,-0.07304391,0.0894835,-0.06099336,0.074259855,-0.045769714,0.058445774,-0.029955633,0.052039,-0.02354886,0.122590944,-0.0941008,0.06902163,0.18828183,-0.11926021,0.118440956,-0.04941933,0.06845013,0.0005714968,0.1578694,-0.08884777,0.100495145,-0.031473517,0.11317635,-0.044154726
14937,0,0,0,1,1,0,0,0,0,0.39907852,0.5343113,-0.13523278,0.1788959,0.22018261,0.39448464,0.004593879,0.29686242,0.102216095,0.5133035,-0.114225,0.22137432,0.1777042,0.20671783,0.2942984,-0.08758058,0.34661022,-0.13989238,0.31077915,-0.10406132,0.2693218,-0.062603965,0.1912808,0.015437037,0.36106014,-0.15434231
14938,0,1,0,0,0,0,0,0,0,0.007216583,0.08303731,-0.07582073,0.12006311,-0.11284653,0.04618493,-0.038968347,0.017976679,-0.010760096,0.01884051,-0.011623927,0.08024827,-0.073031686,0.019604033,0.16956848,-0.14996445,0.1906724,-0.17106837,0.039867092,-0.020263059,0.11089052,-0.09128649,0.03615674,-0.016552707,0.14892058,-0.12931655
14944,0,1,0,0,0,0,0,0,0,0.02075979,0.11502093,-0.09426114,0.08555323,-0.06479344,0.028321056,-0.0075612664,0.044322297,-0.023562508,0.04750538,-0.02674559,0.062415365,-0.041655578,0.04417367,0.13633397,-0.0921603,0.12903166,-0.084857985,0.053034656,-0.008860987,0.12156067,-0.077387005,0.11209269,-0.067919016,0.09159448,-0.04742081
14946,0,1,0,0,0,0,0,0,0,0.03384982,0.09180301,-0.057953186,0.10268119,-0.06883137,0.08453547,-0.05068565,0.049423277,-0.015573457,0.045425873,-0.011576053,0.11055754,-0.07670772,0.028221797,0.10261991,-0.074398115,0.1469522,-0.118730396,0.052667946,-0.024446148,0.087191544,-0.058969747,0.059252333,-0.031030536,0.12429712,-0.096075326
14965,1,0,1,0,0,0,1,0,0,0.26242092,0.41685706,-0.15443614,0.09758815,0.16483277,0.22612876,0.036292166,0.15815873,0.10426219,0.2774007,-0.01497978,0.1319128,0.13050812,0.35152727,0.33416963,0.017357647,0.14914258,0.2023847,0.3013542,0.050173074,0.25473014,0.09679714,0.26397482,0.08755246,0.16821401,0.18331327
14976,0,1,0,0,0,0,0,0,0,0.020809446,0.16206957,-0.14126013,0.18883346,-0.16802402,0.07177066,-0.050961215,0.042352654,-0.021543209,0.037150342,-0.016340896,0.13665845,-0.115849,0.036759384,0.16680618,-0.13004678,0.28456298,-0.2478036,0.081741855,-0.04498247,0.11439134,-0.07763196,0.07749306,-0.040733673,0.20232761,-0.16556823
15001,0,1,0,0,0,0,0,0,0,0.009730759,0.07168672,-0.061955962,0.16113341,-0.15140265,0.04516346,-0.0354327,0.027562218,-0.01783146,0.019865366,-0.010134607,0.091452874,-0.08172212,0.030349955,0.15369208,-0.12334213,0.25759035,-0.2272404,0.036800098,-0.0064501427,0.15844963,-0.12809968,0.052110944,-0.021760989,0.124101676,-0.09375172
15015,0,1,0,0,0,0,0,0,0,0.044730175,0.10063543,-0.055905256,0.054385435,-0.00965526,0.03891041,0.005819764,0.06258661,-0.017856438,0.09505103,-0.050320853,0.057196617,-0.012466442,0.06934183,0.1465717,-0.077229865,0.12630445,-0.056962617,0.060144145,0.009197686,0.22399564,-0.15465382,0.1694067,-0.100064866,0.13671832,-0.06737649
15024,0,0,1,0,1,0,0,0,0,0.19230515,0.321253,-0.12894785,0.23178467,-0.039479524,0.37433875,-0.1820336,0.12478912,0.06751603,0.26390922,-0.07160407,0.2938111,-0.101505965,0.1642268,0.2529496,-0.088722795,0.089471,0.0747558,0.20108075,-0.036853954,0.108156785,0.056070015,0.22519332,-0.06096652,0.088651694,0.075575106
15034,0,0,0,0,1,0,0,0,0,0.045006994,0.101761006,-0.05675401,0.07783154,-0.032824542,0.053627223,-0.008620229,0.083370365,-0.03836337,0.07097393,-0.025966939,0.07805383,-0.033046838,0.08376911,0.10854988,-0.024780765,0.08692925,-0.003160134,0.05491276,0.028856352,0.18348826,-0.09971915,0.17249334,-0.088724226,0.07387245,0.009896666
15057,0,1,0,0,0,0,0,0,0,0.06379862,0.16853677,-0.104738146,0.13300888,-0.06921026,0.081956826,-0.018158205,0.14107561,-0.07727699,0.0937127,-0.029914081,0.16490583,-0.10110721,0.13576876,0.2529902,-0.11722143,0.15309563,-0.017326877,0.10676565,0.029003106,0.22288266,-0.0871139,0.15364882,-0.017880067,0.18023422,-0.044465467
15059,0,0,0,1,1,0,0,0,0,0.3373998,0.3545226,-0.017122775,0.34691182,-0.009512007,0.32332057,0.014079243,0.31642005,0.020979762,0.3884383,-0.051038504,0.2721052,0.06529462,0.19334267,0.11393387,0.0794088,0.36653474,-0.17319207,0.23321036,-0.039867684,0.17904611,0.0142965615,0.15234146,0.041001216,0.21330608,-0.019963413
15064,0,0,1,1,0,0,0,0,0,0.47920018,0.46315894,0.016041249,0.35105613,0.12814406,0.410845,0.06835517,0.49757335,-0.018373162,0.50615764,-0.026957452,0.3324942,0.14670599,0.3038962,0.19895571,0.104940474,0.36272275,-0.058826566,0.34229285,-0.038396657,0.29762217,0.0062740147,0.23630027,0.067595914,0.28224972,0.02164647
15074,0,1,0,0,0,0,0,0,0,0.010367154,0.08484943,-0.07448228,0.08868265,-0.0783155,0.043983378,-0.033616222,0.02688754,-0.016520385,0.01969253,-0.009325377,0.08604809,-0.075680934,0.030717673,0.10840192,-0.077684246,0.18125726,-0.15053959,0.048472926,-0.017755253,0.0913691,-0.06065143,0.046106514,-0.015388841,0.14805417,-0.1173365
15090,0,1,0,0,0,0,0,0,0,0.07254002,0.29314935,-0.22060934,0.1675724,-0.09503237,0.17886268,-0.10632265,0.09701114,-0.024471119,0.105634555,-0.033094533,0.27337173,-0.20083171,0.09318989,0.20779997,-0.11461008,0.20345998,-0.11027009,0.14517204,-0.051982157,0.15383284,-0.06064295,0.13984337,-0.046653487,0.2141444,-0.120954506
15094,0,1,0,0,0,0,0,0,0,0.02009507,0.11725261,-0.09715754,0.14590387,-0.1258088,0.064766906,-0.044671834,0.050216343,-0.030121272,0.03501058,-0.014915509,0.14358023,-0.123485155,0.033914723,0.12972163,-0.095806904,0.19994411,-0.1660294,0.07261782,-0.0387031,0.15544821,-0.12153349,0.07172939,-0.03781467,0.18549703,-0.1515823
15101,0,0,0,1,0,0,0,0,0,0.14384338,0.17484903,-0.03100565,0.16926332,-0.025419936,0.14233945,0.0015039295,0.17624004,-0.03239666,0.21170108,-0.0678577,0.15438308,-0.010539696,0.1321754,0.09100478,0.04117062,0.2766856,-0.1445102,0.19889903,-0.06672363,0.21334492,-0.081169516,0.1256824,0.006493002,0.34113836,-0.20896296
15136,0,1,0,0,0,0,0,0,0,0.07121761,0.16046178,-0.08924417,0.15006074,-0.07884313,0.1522833,-0.081065685,0.1303214,-0.059103787,0.077247255,-0.006029643,0.20402642,-0.1328088,0.088649884,0.1929597,-0.10430981,0.20444693,-0.11579704,0.14439315,-0.055743262,0.15425603,-0.06560615,0.121594355,-0.03294447,0.15286794,-0.06421806
15139,0,0,1,0,0,0,0,0,0,0.12493158,0.22051315,-0.09558157,0.14382268,-0.018891104,0.2288076,-0.10387602,0.14370738,-0.018775798,0.16883403,-0.04390245,0.24427259,-0.11934101,0.07402281,0.17247261,-0.098449804,0.12506755,-0.05104474,0.10111995,-0.027097143,0.10660208,-0.032579273,0.11063336,-0.03661055,0.108786955,-0.03476415
15141,0,0,0,0,1,0,0,0,0,0.25788286,0.24129952,0.016583338,0.20916727,0.04871559,0.32738358,-0.069500715,0.2048481,0.053034768,0.28261203,-0.024729162,0.2906276,-0.032744735,0.393497,0.18004802,0.21344897,0.3642371,0.02925989,0.4574347,-0.06393772,0.28607908,0.10741791,0.52323216,-0.12973517,0.34391534,0.049581647
15180,0,0,0,0,1,0,0,0,0,0.07902946,0.076193236,0.0028362274,0.07225934,0.0067701265,0.1125568,-0.033527337,0.082718454,-0.003688991,0.09512987,-0.016100407,0.0890879,-0.01005844,0.09144099,0.10914922,-0.017708227,0.0777981,0.013642892,0.07510893,0.01633206,0.069870286,0.021570705,0.13627197,-0.044830978,0.057413567,0.034027424
15203,0,0,0,1,1,0,0,0,0,0.054578874,0.1824381,-0.12785923,0.07472524,-0.020146366,0.04172254,0.012856334,0.104680866,-0.05010199,0.103612214,-0.04903334,0.06428273,-0.009703856,0.10217607,0.115199305,-0.013023235,0.06655833,0.03561774,0.059309214,0.042866856,0.14012866,-0.037952587,0.12484445,-0.022668377,0.07278529,0.029390782
15207,0,0,0,0,1,0,0,0,0,0.05329211,0.21644138,-0.16314927,0.22274886,-0.16945675,0.121855125,-0.068563014,0.085296735,-0.032004625,0.12095993,-0.06766782,0.15772025,-0.10442814,0.13167796,0.17768417,-0.046006218,0.28627425,-0.1545963,0.13580628,-0.004128322,0.19888936,-0.067211404,0.21750373,-0.08582577,0.20261027,-0.070932314
15221,0,1,0,0,0,0,0,0,0,0.024211824,0.13156506,-0.10735324,0.13629362,-0.112081796,0.05605124,-0.031839415,0.037610535,-0.013398711,0.044677973,-0.020466149,0.087318465,-0.06310664,0.06032502,0.15550326,-0.09517824,0.1887417,-0.12841669,0.08287715,-0.022552133,0.12437455,-0.064049534,0.10175239,-0.041427374,0.15647824,-0.09615322
15227,0,0,0,0,1,0,0,0,0,0.018374247,0.09362767,-0.07525342,0.07800682,-0.05963257,0.038178537,-0.01980429,0.03967207,-0.021297822,0.027488912,-0.009114664,0.07650411,-0.058129862,0.040115185,0.07158128,-0.031466097,0.11372257,-0.073607385,0.064495414,-0.02438023,0.073887356,-0.03377217,0.06406043,-0.023945242,0.096654266,-0.05653908
15235,0,0,0,0,1,0,0,0,0,0.05638151,0.32198432,-0.26560283,0.10068198,-0.044300474,0.11987958,-0.06349807,0.050318178,0.006063331,0.078501254,-0.022119746,0.08557889,-0.02919738,0.079284064,0.16668656,-0.0874025,0.123197205,-0.04391314,0.11572749,-0.036443427,0.08006551,-0.0007814467,0.12347025,-0.044186182,0.095274836,-0.015990771
15259,0,0,1,0,1,0,0,0,0,0.0641818,0.1369734,-0.0727916,0.1343662,-0.0701844,0.17145707,-0.10727527,0.07987865,-0.015696853,0.1261522,-0.061970405,0.21706875,-0.15288696,0.047161117,0.061663445,-0.014502328,0.13395633,-0.08679521,0.10498771,-0.057826594,0.099554434,-0.052393317,0.12355,-0.07638888,0.1456637,-0.09850258
15279,0,0,1,1,1,0,0,0,0,0.2964076,0.2821428,0.014264822,0.10367227,0.19273534,0.23994139,0.05646622,0.12727116,0.16913645,0.34911075,-0.052703142,0.12404621,0.1723614,0.28046235,0.24400197,0.036460385,0.21506675,0.06539561,0.33932367,-0.058861315,0.215075,0.06538735,0.22956075,0.050901607,0.29529867,-0.014836311
15297,0,0,1,1,0,0,0,0,0,0.07789762,0.367337,-0.28943938,0.10732628,-0.029428653,0.09102928,-0.013131656,0.086656146,-0.008758523,0.10776282,-0.029865198,0.10595145,-0.028053828,0.17656985,0.2600235,-0.083453655,0.15703207,0.019537777,0.1283085,0.048261344,0.20608333,-0.029513478,0.17546931,0.0011005402,0.17101938,0.005550474
15377,0,1,0,0,0,0,0,0,0,0.021589976,0.13336904,-0.111779064,0.08729665,-0.06570667,0.05036956,-0.028779585,0.027137024,-0.0055470485,0.050206427,-0.02861645,0.055325132,-0.033735156,0.028704444,0.15468726,-0.1259828,0.14502864,-0.116324194,0.056468304,-0.02776386,0.09932135,-0.07061691,0.06730279,-0.03859835,0.11812627,-0.08942183
15384,1,0,1,0,0,0,1,0,0,0.39276555,0.44861755,-0.055851996,0.27815253,0.11461303,0.46354178,-0.070776224,0.37385762,0.018907934,0.5386455,-0.14587995,0.34326053,0.049505025,0.51421446,0.34330174,0.17091271,0.41287547,0.10133898,0.56942457,-0.055210114,0.36059934,0.15361512,0.6105052,-0.09629077,0.39334977,0.12086469
15391,0,1,0,0,0,0,0,0,0,0.0031245889,0.051972482,-0.048847895,0.065730534,-0.06260595,0.023427056,-0.020302467,0.006068994,-0.002944405,0.011423928,-0.008299339,0.031617396,-0.028492806,0.013031727,0.108777426,-0.0957457,0.19217405,-0.17914233,0.023974016,-0.01094229,0.075301945,-0.062270217,0.0315231,-0.018491374,0.119363025,-0.106331296
15400,0,0,0,0,1,0,0,0,0,0.036894288,0.26641876,-0.22952446,0.20412439,-0.1672301,0.08736092,-0.05046663,0.14948338,-0.11258909,0.0871137,-0.050219413,0.23382741,-0.19693312,0.074383184,0.21788126,-0.14349808,0.1980604,-0.12367721,0.0928478,-0.018464617,0.14333464,-0.06895146,0.15285942,-0.078476235,0.15885657,-0.08447339
15421,0,0,0,1,1,0,0,0,0,0.20724365,0.3275332,-0.120289534,0.11835029,0.08889336,0.19720711,0.010036543,0.1821313,0.025112346,0.24765392,-0.040410265,0.1577215,0.049522147,0.1654657,0.23542322,-0.069957525,0.11023081,0.055234887,0.1636935,0.0017721951,0.16985263,-0.0043869317,0.17375922,-0.008293524,0.10978982,0.05567588
15438,0,0,0,1,0,0,0,0,0,0.060400203,0.34259436,-0.28219414,0.33807552,-0.27767533,0.17492485,-0.11452465,0.16920748,-0.10880728,0.20766833,-0.14726813,0.23154286,-0.17114265,0.087801695,0.17172107,-0.083919376,0.3558704,-0.2680687,0.1715477,-0.083746,0.1668882,-0.07908651,0.11133751,-0.023535818,0.35835987,-0.27055818
15447,0,0,0,1,0,0,0,0,0,0.48616996,0.5869234,-0.10075346,0.28586727,0.20030269,0.34665063,0.13951933,0.47569013,0.010479838,0.62161666,-0.1354467,0.3289797,0.15719026,0.34457195,0.3447003,-0.0001283586,0.50969815,-0.1651262,0.3576608,-0.013088852,0.41547266,-0.07090071,0.42442417,-0.07985222,0.5039476,-0.15937567
15461,0,1,0,0,0,0,0,0,0,0.08852263,0.37487066,-0.28634804,0.2195407,-0.13101807,0.12149471,-0.032972082,0.17195284,-0.083430216,0.1387019,-0.050179273,0.2081252,-0.119602576,0.12637076,0.2555167,-0.12914595,0.2776232,-0.15125245,0.12379611,0.002574645,0.22569366,-0.0993229,0.1954099,-0.069039136,0.22143711,-0.09506635
15484,0,1,0,0,0,0,0,0,0,0.0566786,0.13670692,-0.08002832,0.23320158,-0.17652297,0.13816449,-0.08148589,0.09150202,-0.034823418,0.08416309,-0.027484491,0.22390854,-0.16722995,0.05768859,0.077067316,-0.019378725,0.17386366,-0.11617507,0.101609096,-0.043920506,0.11047681,-0.052788217,0.05079569,0.006892901,0.16052485,-0.10283625
15487,0,1,0,0,0,0,0,0,0,0.021583319,0.12871788,-0.107134566,0.109763786,-0.08818047,0.04923671,-0.027653392,0.044954546,-0.023371227,0.045722444,-0.024139125,0.08968231,-0.06809899,0.03341237,0.1301875,-0.09677513,0.18755962,-0.15414725,0.054569405,-0.021157034,0.11897297,-0.085560605,0.08540754,-0.05199517,0.14012742,-0.10671505
15500,1,0,1,0,1,0,1,0,0,0.26812172,0.34834883,-0.08022711,0.45139524,-0.18327352,0.39123055,-0.123108834,0.27062154,-0.0024998188,0.37695584,-0.10883412,0.4444614,-0.17633969,0.39808008,0.19814095,0.19993913,0.43659618,-0.038516104,0.4899374,-0.091857314,0.29481706,0.10326302,0.36218694,0.035893142,0.3826132,0.015466869
15507,0,1,0,0,0,0,0,0,0,0.007944046,0.064980045,-0.057035998,0.11889749,-0.11095344,0.040578462,-0.032634415,0.015357733,-0.007413687,0.014068164,-0.0061241183,0.06772335,-0.0597793,0.0143559715,0.1330282,-0.11867222,0.09914621,-0.08479024,0.03850434,-0.024148367,0.0754348,-0.061078824,0.04216246,-0.027806487,0.10596699,-0.09161102
15526,0,0,0,1,0,0,0,0,0,0.16368411,0.4073444,-0.24366029,0.10411058,0.05957353,0.1099473,0.053736813,0.24209173,-0.078407615,0.21780753,-0.054123417,0.10960151,0.054082602,0.09977884,0.114245445,-0.014466606,0.040105097,0.05967374,0.052125916,0.047652923,0.1211498,-0.021370962,0.10277804,-0.0029992014,0.046889793,0.052889045
15532,0,0,0,1,0,0,0,0,0,0.13626525,0.33998203,-0.20371678,0.23485029,-0.09858504,0.1765959,-0.04033065,0.2177385,-0.081473246,0.18269952,-0.04643427,0.27107078,-0.13480553,0.12994139,0.16581507,-0.03587368,0.12771945,0.002221942,0.12903468,0.00090670586,0.1538234,-0.023882017,0.13629945,-0.0063580573,0.15109468,-0.021153286
15548,0,1,0,0,0,0,0,0,0,0.040054306,0.3425015,-0.3024472,0.17114891,-0.1310946,0.12172679,-0.08167248,0.058168683,-0.018114377,0.06821488,-0.028160572,0.18894339,-0.14888908,0.048760373,0.20698045,-0.15822008,0.13001385,-0.081253484,0.071862526,-0.023102153,0.09203806,-0.043277685,0.089838065,-0.041077692,0.119801015,-0.071040645
15549,0,0,0,0,1,0,0,0,0,0.020714894,0.08782672,-0.06711183,0.059168465,-0.03845357,0.045034047,-0.024319153,0.035809472,-0.015094578,0.045576338,-0.024861444,0.049644697,-0.028929804,0.04765182,0.1712594,-0.12360758,0.09042751,-0.04277569,0.04650037,0.00115145,0.12925252,-0.0816007,0.11636545,-0.06871363,0.08580087,-0.03814905
15573,0,0,0,1,1,0,0,0,0,0.100630164,0.34598762,-0.24535745,0.11951409,-0.018883929,0.10787861,-0.0072484463,0.13865948,-0.038029313,0.14986452,-0.04923436,0.11909468,-0.018464513,0.10803493,0.12778725,-0.019752316,0.08303697,0.024997965,0.089033335,0.019001596,0.12415645,-0.016121522,0.11816142,-0.010126486,0.08926426,0.018770672
15575,0,1,0,0,0,0,0,0,0,0.012849768,0.13584587,-0.1229961,0.11997989,-0.10713012,0.042123385,-0.029273618,0.027162237,-0.014312469,0.032550603,-0.019700836,0.11062599,-0.09777622,0.036646195,0.18163112,-0.14498493,0.1387559,-0.10210971,0.05112433,-0.014478136,0.110387936,-0.07374174,0.069049545,-0.03240335,0.11842501,-0.08177882
15588,0,1,0,0,0,0,0,0,0,0.089284614,0.2670383,-0.17775367,0.121170826,-0.031886213,0.12866263,-0.039378017,0.10555681,-0.016272195,0.15990691,-0.070622295,0.16655111,-0.0772665,0.092075266,0.121066965,-0.0289917,0.20913224,-0.11705697,0.10544767,-0.013372406,0.15602715,-0.06395189,0.19765419,-0.10557892,0.12388696,-0.03181169
15631,0,0,1,0,0,0,0,0,0,0.19647777,0.20317519,-0.0066974163,0.10550434,0.09097343,0.2038811,-0.007403329,0.26893803,-0.072460264,0.22084174,-0.024363965,0.21644951,-0.019971743,0.15952808,0.13392517,0.025602907,0.16067852,-0.0011504441,0.16366036,-0.0041322857,0.17181757,-0.012289494,0.15300298,0.0065250993,0.18793109,-0.028403014
15638,0,1,0,0,0,0,0,0,0,0.015117937,0.045382667,-0.030264731,0.08598459,-0.07086665,0.04331004,-0.028192103,0.020124717,-0.00500678,0.03084733,-0.015729394,0.062350944,-0.047233008,0.03164677,0.07917943,-0.04753266,0.15578787,-0.1241411,0.044012133,-0.012365364,0.104722135,-0.07307537,0.04959489,-0.01794812,0.117050156,-0.08540338
15647,0,0,0,0,1,0,0,0,0,0.09112369,0.14054672,-0.04942303,0.12797584,-0.036852144,0.104777396,-0.013653703,0.122817926,-0.031694233,0.10886841,-0.01774472,0.11134355,-0.020219855,0.08322004,0.049981114,0.03323893,0.07940237,0.00381767,0.05623098,0.026989061,0.09756453,-0.014344491,0.090056844,-0.006836802,0.0514407,0.03177934
15652,0,1,0,0,0,0,0,0,0,0.025181312,0.17929594,-0.15411463,0.10804807,-0.08286676,0.067969576,-0.042788263,0.03291588,-0.007734567,0.06463678,-0.03945547,0.096380726,-0.07119942,0.049819507,0.14072953,-0.090910025,0.15641002,-0.10659052,0.068487205,-0.018667698,0.12792173,-0.07810222,0.10307479,-0.053255282,0.13884003,-0.08902053
15674,0,1,0,0,0,0,0,0,0,0.06639007,0.29836464,-0.23197457,0.1678134,-0.10142334,0.12307298,-0.056682914,0.098827824,-0.032437757,0.113095425,-0.046705358,0.20573165,-0.13934158,0.09009557,0.20504002,-0.11494445,0.1768558,-0.08676023,0.15520088,-0.06510531,0.16403885,-0.07394328,0.111184984,-0.021089412,0.24803115,-0.15793559
15677,0,1,0,0,0,0,0,0,0,0.0059189,0.07225281,-0.06633391,0.13687345,-0.13095455,0.04476366,-0.038844757,0.009378815,-0.003459915,0.019518806,-0.013599906,0.07373172,-0.06781282,0.014310767,0.10886927,-0.0945585,0.14516036,-0.1308496,0.033406265,-0.019095499,0.103345215,-0.089034446,0.04429457,-0.029983804,0.14269653,-0.12838577
15689,0,1,0,1,0,0,0,0,0,0.0524845,0.1681683,-0.11568381,0.19188768,-0.13940318,0.09465878,-0.042174276,0.08834232,-0.035857815,0.08045171,-0.02796721,0.1764552,-0.1239707,0.04666385,0.18323952,-0.13657567,0.29537147,-0.24870762,0.068170674,-0.021506824,0.15653287,-0.10986902,0.08622638,-0.03956253,0.1944299,-0.14776605
15715,0,1,0,0,0,0,0,0,0,0.02396681,0.16596135,-0.14199455,0.1725365,-0.1485697,0.075934865,-0.051968053,0.060048904,-0.036082096,0.041711207,-0.017744398,0.1752937,-0.1513269,0.04503257,0.16509312,-0.120060556,0.3122683,-0.26723573,0.07297149,-0.027938925,0.1457547,-0.10072213,0.0899168,-0.044884235,0.20237568,-0.15734312
15723,0,1,0,0,0,0,0,0,0,0.035267748,0.14928135,-0.114013605,0.12247944,-0.08721169,0.06831412,-0.033046372,0.07118107,-0.03591332,0.05803215,-0.022764403,0.11104498,-0.07577723,0.079313,0.19817954,-0.11886654,0.087254405,-0.0079414025,0.048904378,0.030408625,0.13976271,-0.060449712,0.13197622,-0.052663215,0.07409437,0.0052186325
15729,0,0,1,0,0,0,0,0,0,0.2049192,0.34842235,-0.14350314,0.17377822,0.031140983,0.21326977,-0.008350566,0.21464099,-0.009721786,0.2609736,-0.0560544,0.23319359,-0.028274387,0.17373799,0.22867756,-0.054939568,0.19033049,-0.016592503,0.18316728,-0.009429291,0.17656016,-0.0028221756,0.17682143,-0.0030834377,0.18631315,-0.012575164
15732,0,1,0,0,0,0,0,0,0,0.04461296,0.13724758,-0.09263462,0.10894737,-0.06433441,0.10013057,-0.055517614,0.07792634,-0.03331338,0.04664749,-0.00203453,0.14177172,-0.09715876,0.06364194,0.18609,-0.122448064,0.10888197,-0.04524003,0.062114734,0.0015272088,0.15164264,-0.08800069,0.09346262,-0.02982068,0.08196594,-0.018323995
15737,0,1,0,0,0,0,0,0,0,0.05174857,0.37070963,-0.31896105,0.29904547,-0.2472969,0.2200617,-0.16831313,0.06832864,-0.016580071,0.08523364,-0.033485074,0.2560607,-0.20431212,0.11175883,0.23011887,-0.11836004,0.2158504,-0.10409157,0.17237562,-0.06061679,0.15282407,-0.041065246,0.13593109,-0.024172261,0.20623688,-0.094478056
15744,0,0,1,0,0,0,0,0,0,0.10389336,0.2859269,-0.18203354,0.24584486,-0.1419515,0.23839727,-0.1345039,0.09115036,0.012743004,0.14866169,-0.044768326,0.22953294,-0.12563959,0.12380488,0.21540095,-0.09159607,0.17230341,-0.048498526,0.17837217,-0.054567292,0.116256066,0.0075488165,0.15973258,-0.035927698,0.14988416,-0.026079282
15757,0,0,1,0,0,0,0,0,0,0.25562853,0.243142,0.012486532,0.13778839,0.11784014,0.23395233,0.021676198,0.2687918,-0.013163269,0.29134202,-0.035713494,0.2128482,0.042780325,0.18524745,0.1938835,-0.0086360425,0.19440088,-0.009153426,0.18506542,0.00018203259,0.20154265,-0.016295195,0.18395641,0.0012910366,0.21306162,-0.027814165
15787,1,0,1,0,0,0,1,0,0,0.49419206,0.38664672,0.107545346,0.4280442,0.066147864,0.53669673,-0.04250467,0.3606567,0.13353536,0.46033898,0.033853084,0.33776498,0.15642709,0.43845555,0.2049736,0.23348196,0.3539616,0.084493965,0.46074048,-0.022284925,0.26581147,0.17264408,0.3485413,0.08991426,0.3132555,0.12520006
15795,0,0,1,0,0,0,0,0,0,0.014602757,0.113738455,-0.0991357,0.07800591,-0.06340315,0.042120133,-0.027517375,0.03816489,-0.023562133,0.022677755,-0.008074998,0.108233355,-0.0936306,0.02230369,0.09966043,-0.07735674,0.07630345,-0.053999763,0.037392292,-0.015088603,0.042767365,-0.020463675,0.04317908,-0.02087539,0.05529974,-0.03299605
15796,0,1,0,0,0,0,0,0,0,0.010915139,0.1554457,-0.14453055,0.18809105,-0.17717591,0.05116268,-0.04024754,0.030342596,-0.019427456,0.03363878,-0.022723641,0.09377313,-0.08285799,0.038223073,0.19564916,-0.15742609,0.17773002,-0.13950695,0.042641304,-0.0044182315,0.13264602,-0.09442295,0.09652712,-0.05830405,0.13609822,-0.09787515
15797,1,0,1,0,0,0,1,0,0,0.5956995,0.54284966,0.05284983,0.44326714,0.15243235,0.40789825,0.18780124,0.5797096,0.0159899,0.630569,-0.034869492,0.4640653,0.13163418,0.6248445,0.3857291,0.23911539,0.51973253,0.10511196,0.498006,0.1268385,0.5253657,0.09947878,0.5922646,0.0325799,0.5002078,0.12463671
15798,0,0,0,1,0,0,0,0,0,0.07320729,0.15611649,-0.0829092,0.15073986,-0.077532575,0.15211742,-0.07891013,0.1859728,-0.112765506,0.16107325,-0.08786596,0.12438835,-0.051181063,0.11666311,0.12287089,-0.006207779,0.3326899,-0.2160268,0.21701556,-0.10035245,0.16579634,-0.049133226,0.13564652,-0.018983409,0.32637295,-0.20970984
15800,0,0,1,0,0,0,0,0,0,0.22309045,0.31767783,-0.09458737,0.31504494,-0.091954485,0.27691934,-0.05382888,0.29339492,-0.07030447,0.26166156,-0.038571104,0.3649552,-0.14186473,0.25678477,0.20736776,0.049417004,0.28089413,-0.024109364,0.30729198,-0.050507218,0.26080856,-0.0040237904,0.269709,-0.012924224,0.25963774,-0.0028529763
15803,0,1,0,0,0,0,0,0,0,0.01030581,0.08201723,-0.07171142,0.11450242,-0.104196616,0.029115183,-0.018809374,0.019862475,-0.009556665,0.02767438,-0.01736857,0.054482676,-0.044176865,0.028443867,0.1360567,-0.10761284,0.2531663,-0.22472242,0.02941053,-0.00096666254,0.13989276,-0.11144889,0.073322594,-0.04487873,0.1286897,-0.10024584
15809,1,0,1,0,1,0,1,0,0,0.08870162,0.35228515,-0.26358354,0.22030407,-0.13160245,0.13962193,-0.050920308,0.11885823,-0.030156612,0.10187643,-0.0131748095,0.18267661,-0.09397499,0.27723965,0.29661518,-0.019375533,0.272633,0.004606664,0.29034764,-0.013107985,0.24709685,0.030142799,0.31105232,-0.033812672,0.23608272,0.041156933
15810,0,0,0,1,1,0,0,0,0,0.124366075,0.4102869,-0.28592083,0.12759317,-0.0032270998,0.10450407,0.019862004,0.16721173,-0.04284565,0.19617,-0.07180393,0.14284638,-0.0184803,0.124456264,0.18564647,-0.06119021,0.11638433,0.008071937,0.09335641,0.031099856,0.14135319,-0.016896926,0.12704945,-0.002593182,0.12210967,0.0023465976
15817,0,0,0,1,0,0,0,0,0,0.06024688,0.19995108,-0.1397042,0.12109057,-0.060843688,0.064844444,-0.0045975633,0.110070206,-0.049823325,0.12241125,-0.06216437,0.1190666,-0.058819722,0.13339593,0.21828562,-0.084889695,0.1161595,0.017236426,0.099125005,0.03427092,0.19178352,-0.058387592,0.14327358,-0.009877652,0.13234782,0.001048103
15821,0,1,0,0,0,0,0,0,0,0.017653732,0.10400021,-0.08634648,0.10961237,-0.091958635,0.07034154,-0.05268781,0.03488723,-0.017233497,0.030973196,-0.013319464,0.11824977,-0.10059603,0.030092446,0.11595747,-0.08586502,0.09381094,-0.06371849,0.05296108,-0.022868635,0.112750374,-0.082657926,0.060715754,-0.030623307,0.102079526,-0.07198708
15852,0,0,0,1,1,0,0,0,0,0.19140518,0.21189697,-0.020491794,0.19859095,-0.007185772,0.19330099,-0.0018958151,0.16740967,0.023995504,0.22196527,-0.030560091,0.19520344,-0.0037982613,0.1798498,0.13418068,0.045669124,0.14538978,0.034460023,0.24630016,-0.06645036,0.1679514,0.011898398,0.17225212,0.007597685,0.17914517,0.0007046312
15858,0,0,1,0,0,0,0,0,0,0.27315113,0.3912011,-0.11804998,0.27389497,-0.00074383616,0.2755274,-0.0023762584,0.31382123,-0.040670097,0.32661134,-0.05346021,0.3009804,-0.02782926,0.082020074,0.117266595,-0.03524652,0.094938606,-0.012918532,0.08002987,0.0019902065,0.18367693,-0.101656854,0.07745385,0.0045662224,0.085723594,-0.0037035197
15863,1,0,1,0,0,0,1,0,0,0.55005664,0.6518602,-0.10180354,0.43978515,0.11027148,0.63212734,-0.08207071,0.36366683,0.1863898,0.5975504,-0.047493756,0.44208333,0.10797331,0.51537097,0.2284067,0.28696427,0.30944106,0.2059299,0.52541155,-0.010040581,0.33914277,0.1762282,0.35102105,0.16434991,0.3837408,0.13163015
15864,0,0,1,0,0,0,0,0,0,0.018385844,0.15179183,-0.13340598,0.17150544,-0.1531196,0.087879404,-0.06949356,0.04789324,-0.029507397,0.033079907,-0.014694063,0.13060832,-0.11222248,0.040421683,0.15418205,-0.11376037,0.11894375,-0.07852207,0.074026234,-0.03360455,0.09588274,-0.05546106,0.09598574,-0.055564057,0.10045242,-0.06003074
15865,0,0,0,0,1,0,0,0,0,0.17799903,0.38194028,-0.20394124,0.23373757,-0.05573854,0.26302674,-0.08502771,0.15621567,0.021783367,0.17055799,0.007441044,0.22711414,-0.049115106,0.12999253,0.18195717,-0.05196464,0.21577445,-0.08578192,0.2549577,-0.124965176,0.124593705,0.005398825,0.110073455,0.019919075,0.22000453,-0.090012
15871,1,0,1,0,1,0,1,0,0,0.5449562,0.5614972,-0.016541004,0.58609456,-0.04113835,0.46954986,0.07540634,0.51774347,0.027212739,0.5778187,-0.032862484,0.58041704,-0.03546083,0.4715841,0.32919613,0.14238799,0.5940322,-0.12244812,0.5816642,-0.11008009,0.38739482,0.084189296,0.4445233,0.027060807,0.524039,-0.05245486
15874,0,0,1,0,0,0,0,0,0,0.10137616,0.25325805,-0.15188189,0.17151684,-0.070140675,0.15376566,-0.052389503,0.17390488,-0.07252872,0.12698482,-0.025608659,0.22595622,-0.124580055,0.10480435,0.2013874,-0.09658305,0.16097909,-0.05617474,0.1410827,-0.036278352,0.15643701,-0.051632658,0.1622501,-0.05744575,0.15858826,-0.05378391
15897,0,1,0,0,0,0,0,0,0,0.015514496,0.115192406,-0.09967791,0.18202825,-0.16651376,0.06402933,-0.04851483,0.032674875,-0.017160378,0.040179167,-0.02466467,0.1312062,-0.11569171,0.03939594,0.1760672,-0.13667126,0.25847402,-0.21907808,0.07754354,-0.038147602,0.17993653,-0.14054058,0.09320152,-0.05380558,0.20835659,-0.16896065
15898,0,1,0,0,0,0,0,0,0,0.0071838815,0.058448154,-0.05126427,0.079347804,-0.072163925,0.026221681,-0.0190378,0.020105375,-0.0129214935,0.01581088,-0.008626999,0.061178107,-0.053994223,0.015834983,0.0982253,-0.08239032,0.16622573,-0.15039074,0.025893573,-0.010058589,0.07395947,-0.058124486,0.042030018,-0.026195034,0.08312132,-0.06728634
15899,0,0,0,1,0,0,0,0,0,0.04415592,0.13133013,-0.08717421,0.1284317,-0.08427577,0.07430924,-0.030153316,0.09862265,-0.054466728,0.08437605,-0.04022013,0.12679334,-0.082637414,0.082597,0.19307303,-0.11047603,0.18806781,-0.10547081,0.060502034,0.022094969,0.20838715,-0.12579015,0.1614138,-0.0788168,0.13742137,-0.054824367
15900,0,1,0,0,0,0,0,0,0,0.0057443962,0.13383274,-0.12808834,0.15467231,-0.14892791,0.04631255,-0.04056815,0.013118919,-0.0073745227,0.022283964,-0.016539568,0.0763193,-0.0705749,0.017202334,0.15410924,-0.1369069,0.1986944,-0.18149206,0.040301505,-0.023099171,0.08979579,-0.07259346,0.053098466,-0.03589613,0.13856208,-0.12135975
15901,0,1,0,0,0,0,0,0,0,0.117213994,0.14652224,-0.029308245,0.14600885,-0.028794855,0.11512881,0.0020851865,0.18082215,-0.063608155,0.15217721,-0.03496322,0.18625635,-0.069042355,0.09275637,0.11459619,-0.02183982,0.13866076,-0.04590439,0.091141015,0.0016153529,0.15704788,-0.064291514,0.16801582,-0.075259455,0.15466397,-0.061907597
15924,0,0,0,0,1,0,0,0,0,0.026322026,0.049480204,-0.023158178,0.077160046,-0.05083802,0.03699748,-0.010675453,0.07143312,-0.045111094,0.04561614,-0.019294113,0.07006179,-0.043739762,0.042266857,0.09286983,-0.050602976,0.095601045,-0.053334188,0.04091045,0.001356408,0.16095461,-0.11868775,0.08602565,-0.04375879,0.096234225,-0.053967368
15926,0,0,1,0,0,0,0,0,0,0.19671929,0.4139509,-0.2172316,0.13911542,0.057603866,0.16737905,0.029340237,0.20269862,-0.0059793293,0.22383049,-0.027111202,0.17453557,0.022183716,0.11267905,0.28284165,-0.1701626,0.078351304,0.034327745,0.121734366,-0.009055316,0.13220997,-0.019530922,0.13984112,-0.027162075,0.08856583,0.024113223
15930,0,1,0,0,0,0,0,0,0,0.012945503,0.061513856,-0.048568353,0.21228568,-0.19934018,0.048857357,-0.035911854,0.028320346,-0.015374843,0.0297879,-0.016842397,0.09513882,-0.082193315,0.025427232,0.14982186,-0.12439463,0.26925996,-0.24383272,0.040749002,-0.015321771,0.12174005,-0.09631282,0.058053788,-0.032626554,0.12912108,-0.10369385
15948,0,1,0,0,0,0,0,0,0,0.0052500335,0.09846684,-0.09321681,0.08243237,-0.07718233,0.028634837,-0.023384804,0.0124991955,-0.007249162,0.015885461,-0.010635428,0.050035212,-0.04478518,0.015816446,0.1300533,-0.11423685,0.19238023,-0.17656378,0.03316353,-0.017347082,0.07146149,-0.055645045,0.039563216,-0.02374677,0.12191962,-0.10610317
15950,0,0,0,0,1,0,0,0,0,0.056881703,0.09654228,-0.039660573,0.14451891,-0.08763721,0.09435137,-0.03746967,0.1556265,-0.0987448,0.052144732,0.004736971,0.16500053,-0.108118825,0.093680955,0.13906527,-0.04538431,0.10908571,-0.015404753,0.095857814,-0.0021768585,0.16295242,-0.06927147,0.13644716,-0.042766206,0.11468202,-0.021001063
15954,1,0,0,1,0,0,0,1,0,0.058103707,0.17085522,-0.11275151,0.1855458,-0.12744209,0.056206614,0.0018970929,0.13916019,-0.081056476,0.105872974,-0.047769267,0.12625796,-0.068154246,0.14957432,0.22180267,-0.07222834,0.26486033,-0.11528601,0.108312935,0.04126139,0.23770331,-0.088128984,0.18673307,-0.037158743,0.2559872,-0.10641287
15958,0,0,0,1,1,0,0,0,0,0.10186827,0.25687155,-0.15500328,0.11446354,-0.012595266,0.1152162,-0.013347931,0.12111079,-0.019242518,0.16579738,-0.06392911,0.12945242,-0.02758415,0.13844043,0.09706492,0.04137551,0.15563504,-0.017194614,0.14516275,-0.006722316,0.16478486,-0.026344433,0.12555398,0.01288645,0.18862778,-0.05018735
15959,0,1,0,0,0,0,0,0,0,0.007085655,0.09159502,-0.08450936,0.18356663,-0.17648098,0.05192456,-0.044838905,0.013538133,-0.0064524785,0.025417726,-0.018332072,0.082255945,-0.07517029,0.018271504,0.13561761,-0.11734611,0.20869263,-0.19042112,0.046286374,-0.02801487,0.104939885,-0.08666838,0.06027258,-0.042001076,0.16328545,-0.14501394
15988,0,1,0,0,0,0,0,0,0,0.013367387,0.16514577,-0.15177839,0.19519174,-0.18182436,0.059719622,-0.046352237,0.02464452,-0.011277134,0.053347964,-0.039980575,0.08766908,-0.0743017,0.027019076,0.1886043,-0.16158521,0.25004116,-0.22302207,0.04974289,-0.022723813,0.15935962,-0.13234055,0.08156706,-0.05454798,0.2035811,-0.17656201
16003,0,1,0,0,0,0,0,0,0,0.010112792,0.06662524,-0.056512445,0.059327092,-0.0492143,0.03183305,-0.021720257,0.025652139,-0.015539346,0.021800917,-0.011688124,0.055390153,-0.04527736,0.019555872,0.1281628,-0.10860693,0.12974854,-0.110192664,0.030014493,-0.01045862,0.08217601,-0.06262013,0.054948162,-0.03539229,0.08024307,-0.0606872
16010,0,0,1,0,1,0,0,0,0,0.20570499,0.4859601,-0.2802551,0.24301755,-0.037312567,0.31661135,-0.11090636,0.12865682,0.07704817,0.25532496,-0.049619973,0.21502744,-0.00932245,0.2340877,0.22790632,0.006181389,0.21657272,0.017514989,0.3170037,-0.08291599,0.14979962,0.08428809,0.23910323,-0.0050155222,0.19803464,0.03605306
16024,0,1,0,0,0,0,0,0,0,0.05118866,0.10260509,-0.05141643,0.12539375,-0.074205086,0.070017405,-0.018828746,0.08378697,-0.032598313,0.064109795,-0.012921136,0.11585658,-0.064667925,0.06753839,0.18709685,-0.11955846,0.14806259,-0.0805242,0.079066396,-0.011528008,0.16762824,-0.100089855,0.13686612,-0.069327734,0.16120796,-0.09366957
16035,0,1,0,1,0,0,0,0,0,0.04198125,0.16451149,-0.12253024,0.20513743,-0.16315618,0.050109968,-0.008128718,0.09654904,-0.05456779,0.08651693,-0.04453568,0.08878767,-0.046806417,0.052508604,0.22192685,-0.16941825,0.27070785,-0.21819924,0.034969468,0.017539136,0.19639975,-0.14389114,0.12185763,-0.06934902,0.13574928,-0.08324067
16038,1,0,1,1,1,0,1,0,0,0.37232938,0.46217722,-0.08984783,0.21803372,0.15429567,0.3530006,0.019328773,0.20435221,0.16797717,0.42664567,-0.054316282,0.15975516,0.21257423,0.29409707,0.25120455,0.042892516,0.31449154,-0.020394474,0.3402515,-0.04615444,0.3368458,-0.04274872,0.25412723,0.03996983,0.26009446,0.034002602
16045,1,0,0,0,0,1,1,0,0,0.033814315,0.18515924,-0.15134493,0.15700766,-0.12319335,0.08316238,-0.049348067,0.075326785,-0.04151247,0.06338109,-0.029566776,0.15252718,-0.11871287,0.08102752,0.1650397,-0.08401218,0.20137239,-0.12034486,0.095861144,-0.014833622,0.17577244,-0.09474492,0.13028523,-0.04925771,0.16927458,-0.08824706
16046,0,0,0,1,0,0,0,0,0,0.43891388,0.57672226,-0.13780838,0.15877151,0.28014237,0.39902446,0.039889425,0.25146562,0.18744826,0.5047597,-0.06584585,0.16286612,0.27604777,0.28349438,0.32699886,-0.043504477,0.18193237,0.10156201,0.40304083,-0.11954644,0.28746685,-0.0039724708,0.23198879,0.051505595,0.22817422,0.05532016
16061,1,0,1,0,1,0,1,0,1,0.5587923,0.5312571,0.0275352,0.30330557,0.25548673,0.49965084,0.059141457,0.48844048,0.07035181,0.58485776,-0.026065469,0.3593597,0.19943258,0.6201115,0.36381224,0.2562993,0.44667792,0.1734336,0.6457749,-0.025663376,0.4595227,0.16058883,0.57642084,0.04369068,0.47338587,0.14672565
16077,0,0,0,1,1,0,0,0,0,0.11075902,0.2430007,-0.13224168,0.10870197,0.0020570531,0.10438501,0.006374009,0.11771505,-0.0069560334,0.14695933,-0.036200315,0.09530403,0.015454993,0.11941079,0.11808379,0.0013270006,0.14264853,-0.023237742,0.10330615,0.016104639,0.13605446,-0.016643666,0.11841647,0.0009943172,0.11774178,0.001669012
16100,0,0,0,1,0,0,0,0,0,0.09873212,0.37012428,-0.27139217,0.34556556,-0.24683344,0.19858943,-0.09985731,0.33515114,-0.23641902,0.22964393,-0.1309118,0.3176242,-0.2188921,0.08573157,0.17316434,-0.087432764,0.35729283,-0.27156126,0.1890844,-0.10335282,0.19582564,-0.11009406,0.115613006,-0.029881433,0.47912014,-0.39338857
16101,0,0,1,0,0,0,0,0,0,0.090941645,0.15881304,-0.0678714,0.17379759,-0.08285595,0.16139217,-0.07045052,0.13581157,-0.044869922,0.10491698,-0.013975337,0.21542473,-0.124483086,0.3133307,0.1476302,0.16570051,0.18159285,0.13173786,0.3389106,-0.0255799,0.19861856,0.11471215,0.25534722,0.057983488,0.22365649,0.08967422
16119,0,0,1,0,0,0,0,0,0,0.18609291,0.38303918,-0.19694626,0.3175908,-0.13149789,0.2700967,-0.08400378,0.17003863,0.016054288,0.23461998,-0.048527062,0.32577005,-0.13967714,0.21816327,0.28151828,-0.063355014,0.32363668,-0.105473414,0.26938638,-0.051223114,0.1822988,0.035864472,0.2880463,-0.06988303,0.25822893,-0.04006566
16127,0,0,0,1,1,0,0,0,0,0.16349949,0.30688035,-0.14338087,0.2328976,-0.069398105,0.16400704,-0.00050754845,0.25385398,-0.09035449,0.21476835,-0.05126886,0.23946062,-0.07596113,0.20411506,0.21907254,-0.014957473,0.22285461,-0.018739551,0.20678346,-0.0026683956,0.23268338,-0.028568313,0.18314867,0.020966396,0.23755512,-0.033440053
16129,0,1,0,0,0,0,0,0,0,0.017423853,0.1036148,-0.08619095,0.05815152,-0.040727668,0.031172058,-0.013748204,0.035189014,-0.01776516,0.037751306,-0.020327453,0.052789073,-0.03536522,0.029340906,0.117572024,-0.08823112,0.13429661,-0.1049557,0.037251215,-0.007910309,0.08888486,-0.059543952,0.06738045,-0.038039543,0.08423017,-0.05488926
16132,0,0,1,0,0,0,0,0,0,0.4584405,0.43803835,0.020402163,0.2956567,0.1627838,0.39751253,0.060927987,0.42233726,0.03610325,0.5393032,-0.08086267,0.30353114,0.15490937,0.417021,0.32306162,0.09395939,0.38978145,0.027239561,0.42821506,-0.01119405,0.35864326,0.058377743,0.54192066,-0.124899656,0.36941072,0.047610283
16135,0,0,0,0,1,0,0,0,0,0.021584662,0.13756172,-0.115977064,0.086772285,-0.065187626,0.053703286,-0.032118626,0.03793847,-0.016353806,0.039180454,-0.017595792,0.0787451,-0.057160437,0.048963986,0.14431486,-0.09535087,0.10818516,-0.05922117,0.06210967,-0.013145685,0.08008069,-0.031116702,0.09637006,-0.047406077,0.09183253,-0.042868547
16144,0,1,0,0,0,0,0,0,0,0.0450634,0.09174772,-0.046684325,0.088981874,-0.043918476,0.096622914,-0.051559515,0.0715321,-0.026468702,0.07264629,-0.027582891,0.13079116,-0.08572776,0.030141056,0.12279073,-0.092649676,0.04631656,-0.016175505,0.03764786,-0.0075068027,0.055094376,-0.02495332,0.07194701,-0.041805953,0.043507975,-0.013366919
16147,0,1,0,0,0,0,0,0,0,0.09086856,0.26794213,-0.17707357,0.29271212,-0.20184356,0.21621157,-0.12534301,0.11036399,-0.019495428,0.12203032,-0.031161755,0.22574048,-0.13487191,0.105801746,0.19053286,-0.08473112,0.2933627,-0.18756096,0.1552697,-0.04946795,0.1532782,-0.047476456,0.14913201,-0.043330267,0.21534121,-0.109539464
16149,0,1,0,0,0,0,0,0,0,0.014322401,0.11769119,-0.10336879,0.21709828,-0.20277588,0.059962787,-0.045640387,0.03250534,-0.01818294,0.03256764,-0.018245239,0.096250065,-0.081927665,0.04008336,0.17586863,-0.13578527,0.29868224,-0.2585989,0.07161046,-0.0315271,0.14367042,-0.10358706,0.09455445,-0.054471087,0.18140502,-0.14132166
16150,0,1,0,0,0,0,0,0,0,0.02615455,0.096560456,-0.07040591,0.13690998,-0.11075543,0.04180596,-0.01565141,0.046651486,-0.020496937,0.054895133,-0.028740583,0.07745543,-0.051300883,0.086741194,0.13939358,-0.05265239,0.20017326,-0.113432065,0.0779841,0.008757092,0.20513557,-0.118394375,0.16153555,-0.07479435,0.17644854,-0.089707345
16152,0,0,0,0,1,0,0,0,0,0.11877684,0.43293774,-0.31416088,0.09662275,0.022154093,0.11509063,0.003686212,0.12881681,-0.01003997,0.17084919,-0.052072346,0.102265365,0.016511478,0.06058582,0.14306952,-0.0824837,0.07750948,-0.016923659,0.048182458,0.0124033615,0.116136394,-0.055550575,0.08338139,-0.022795573,0.068940945,-0.008355126
16168,0,0,0,1,1,0,0,0,0,0.1648673,0.42454425,-0.25967693,0.15902117,0.005846128,0.17231569,-0.00744839,0.20196748,-0.03710018,0.21637407,-0.051506773,0.16325696,0.0016103387,0.07663279,0.14195879,-0.065326,0.111684255,-0.035051465,0.07412255,0.0025102422,0.10738762,-0.030754827,0.08773595,-0.011103161,0.09273934,-0.016106553
16182,1,0,0,0,0,1,1,0,0,0.32769886,0.43395913,-0.10626027,0.35161987,-0.023921013,0.44628274,-0.11858389,0.26629958,0.06139928,0.42183715,-0.094138294,0.32556203,0.0021368265,0.3362071,0.3330131,0.0031940043,0.33910784,-0.0029007494,0.37870738,-0.042500287,0.22030383,0.11590326,0.41363636,-0.077429265,0.2410024,0.095204696
16187,0,1,0,0,0,0,0,0,0,0.009109254,0.10269631,-0.093587056,0.13747878,-0.12836953,0.061814737,-0.05270548,0.0195511,-0.010441846,0.030007347,-0.020898093,0.099768505,-0.09065925,0.023751995,0.16041613,-0.13666414,0.15456036,-0.13080837,0.051764823,-0.028012829,0.09650197,-0.07274997,0.060524266,-0.036772273,0.14204967,-0.118297674
16193,0,1,0,0,0,0,0,0,0,0.02458525,0.13308829,-0.10850304,0.20652883,-0.18194358,0.07167834,-0.04709309,0.05731552,-0.03273027,0.062411122,-0.03782587,0.11485322,-0.09026797,0.0374753,0.15952381,-0.12204851,0.2858642,-0.2483889,0.05105094,-0.01357564,0.17405973,-0.13658443,0.08528331,-0.04780801,0.18048613,-0.14301082
16205,0,1,0,1,0,0,0,0,0,0.03590581,0.13728784,-0.10138203,0.10454502,-0.06863921,0.043928824,-0.008023016,0.08010879,-0.044202983,0.047651645,-0.011745837,0.07991655,-0.044010743,0.057110466,0.12587853,-0.06876806,0.16121005,-0.10409958,0.04658286,0.010527607,0.12383572,-0.066725254,0.08395265,-0.026842184,0.09404237,-0.036931902
16214,1,0,1,0,0,0,1,0,0,0.33444914,0.3635895,-0.029140353,0.20875193,0.12569721,0.31262243,0.021826714,0.2898489,0.04460025,0.2991849,0.035264254,0.29312918,0.041319966,0.47425053,0.30267984,0.17157069,0.31237563,0.16187489,0.4939513,-0.019700766,0.34095976,0.13329077,0.3344291,0.13982144,0.36563236,0.10861817
16224,1,0,1,0,0,0,1,0,0,0.27118134,0.3947172,-0.12353584,0.22544594,0.045735404,0.39626545,-0.1250841,0.15756308,0.11361827,0.35931307,-0.088131726,0.2307758,0.04040554,0.19946338,0.28440472,-0.08494134,0.16455524,0.034908146,0.2702874,-0.07082401,0.12717997,0.07228342,0.27459487,-0.07513149,0.18936305,0.010100335
16225,0,0,0,0,1,0,0,0,0,0.015112173,0.041489515,-0.026377343,0.073429175,-0.058317002,0.034012668,-0.018900495,0.0354465,-0.020334326,0.026693707,-0.0115815345,0.057155367,-0.042043194,0.038230173,0.086137585,-0.047907412,0.08722291,-0.048992738,0.040646408,-0.0024162345,0.115131184,-0.07690101,0.0879119,-0.049681723,0.069976516,-0.031746343
16233,0,1,0,0,0,0,0,0,0,0.014210751,0.08667902,-0.072468266,0.0756474,-0.061436646,0.047941025,-0.033730276,0.023865202,-0.009654451,0.033056337,-0.018845586,0.0638925,-0.049681745,0.03418466,0.13306333,-0.09887867,0.17411287,-0.1399282,0.03138017,0.0028044917,0.14728321,-0.11309855,0.08813452,-0.05394986,0.11713504,-0.08295038
16239,0,0,1,0,0,0,0,0,0,0.28783286,0.36732158,-0.079488724,0.2979324,-0.01009953,0.3464306,-0.058597744,0.27027616,0.017556697,0.32383147,-0.035998613,0.36329043,-0.07545757,0.20613845,0.22938418,-0.023245737,0.23600098,-0.029862538,0.31298807,-0.106849626,0.19053608,0.015602365,0.21064945,-0.0045109987,0.23064846,-0.024510011
16260,0,0,1,1,0,0,0,0,0,0.36391714,0.5653518,-0.20143464,0.2988261,0.06509104,0.13551165,0.22840549,0.4822762,-0.11835906,0.53163975,-0.16772261,0.22320376,0.14071338,0.29271686,0.28516057,0.0075562894,0.5736755,-0.28095865,0.2272201,0.06549676,0.31110874,-0.018391877,0.39136812,-0.09865126,0.4666626,-0.17394572
16261,0,1,0,0,0,0,0,0,0,0.007840358,0.076651976,-0.06881162,0.09096443,-0.08312407,0.02723729,-0.019396933,0.012060187,-0.004219829,0.020433621,-0.012593264,0.040319216,-0.032478858,0.014151849,0.12752317,-0.11337132,0.14159894,-0.1274471,0.026853627,-0.012701778,0.06618041,-0.05202856,0.033404477,-0.019252628,0.08550365,-0.071351804
16264,0,1,0,0,0,0,0,0,0,0.035449,0.2284486,-0.1929996,0.16026014,-0.12481114,0.067315266,-0.031866267,0.050018646,-0.014569648,0.06527382,-0.029824823,0.12523586,-0.08978686,0.059836328,0.21602191,-0.15618558,0.12974504,-0.06990871,0.089944415,-0.030108087,0.13990383,-0.0800675,0.12140291,-0.061566584,0.1643584,-0.10452208
16272,0,0,1,1,1,0,0,0,0,0.12316615,0.2610528,-0.13788664,0.18015881,-0.056992657,0.10735097,0.015815184,0.18729953,-0.06413338,0.16319375,-0.040027596,0.15452193,-0.031355776,0.09869067,0.14179516,-0.043104485,0.14416215,-0.045471475,0.072595686,0.026094988,0.13858652,-0.039895847,0.111739844,-0.01304917,0.13858177,-0.039891094
16288,0,1,0,0,0,0,0,0,0,0.028311905,0.20144895,-0.17313704,0.09825464,-0.06994274,0.06730691,-0.03899501,0.05590596,-0.027594056,0.051624637,-0.023312733,0.09724184,-0.06892994,0.0325458,0.124775514,-0.09222971,0.16346078,-0.13091497,0.045876868,-0.013331067,0.10120101,-0.06865521,0.06937511,-0.03682931,0.11245586,-0.079910055
16340,0,0,0,0,1,0,0,0,0,0.05553842,0.2878296,-0.23229119,0.11211256,-0.05657414,0.056891013,-0.0013525933,0.08724625,-0.031707827,0.09357913,-0.03804071,0.085034974,-0.029496554,0.057867084,0.18713689,-0.12926981,0.080926776,-0.023059692,0.04974869,0.008118395,0.059357386,-0.0014903024,0.12480134,-0.06693426,0.053231265,0.0046358183
16355,0,1,0,0,0,0,0,0,0,0.022070343,0.10007345,-0.07800311,0.09861005,-0.07653971,0.057446472,-0.03537613,0.050920125,-0.028849782,0.03278389,-0.010713546,0.09018419,-0.06811385,0.031077987,0.14241935,-0.111341365,0.18989582,-0.15881784,0.045978174,-0.014900187,0.11605005,-0.08497206,0.054003492,-0.022925505,0.11066823,-0.07959024
16357,1,0,1,1,1,0,1,0,0,0.43182057,0.47783655,-0.046015978,0.27987713,0.15194345,0.4454313,-0.013610721,0.40661654,0.025204033,0.37073925,0.06108132,0.28919265,0.14262792,0.4258717,0.2333093,0.1925624,0.38993928,0.03593242,0.5156513,-0.089779586,0.44705454,-0.021182835,0.27299866,0.15287304,0.4584013,-0.032529593
16407,0,1,0,0,0,0,0,0,0,0.026668927,0.12932172,-0.102652796,0.09988292,-0.073213995,0.044174463,-0.017505536,0.03712544,-0.010456512,0.07349572,-0.046826795,0.064313784,-0.037644856,0.038060155,0.1711414,-0.13308124,0.19305027,-0.1549901,0.04036665,-0.0023064949,0.16988938,-0.13182922,0.096189566,-0.05812941,0.14680941,-0.108749256
16425,0,1,0,0,0,0,0,0,0,0.051621415,0.16706629,-0.115444876,0.15886319,-0.10724177,0.0959653,-0.04434389,0.10486943,-0.053248018,0.06122986,-0.009608444,0.15531404,-0.10369263,0.08156718,0.122737825,-0.04117064,0.1767458,-0.09517862,0.09145147,-0.00988429,0.19078882,-0.10922164,0.09512112,-0.01355394,0.16046195,-0.078894764
16427,0,0,0,1,1,0,0,0,0,0.037432536,0.06592804,-0.028495505,0.10159177,-0.06415924,0.05943047,-0.021997932,0.092571795,-0.05513926,0.05745661,-0.020024072,0.112583324,-0.07515079,0.068312295,0.06856322,-0.0002509281,0.13860641,-0.07029412,0.08593103,-0.017618738,0.13333873,-0.06502644,0.116413176,-0.04810088,0.1263287,-0.058016412
16463,0,0,0,0,1,0,0,0,0,0.13017291,0.35622224,-0.22604933,0.15942176,-0.029248849,0.19221008,-0.06203717,0.101412155,0.028760754,0.15831442,-0.028141513,0.1803293,-0.050156385,0.09464781,0.21094161,-0.1162938,0.16631491,-0.071667105,0.13337892,-0.038731113,0.09325398,0.0013938323,0.10972554,-0.0150777325,0.14846171,-0.053813905
16465,0,0,0,1,1,0,0,0,0,0.08723417,0.16035157,-0.073117405,0.20635845,-0.11912428,0.14339617,-0.056162,0.10864804,-0.02141387,0.10317933,-0.015945159,0.1947486,-0.107514426,0.090494476,0.10253965,-0.012045175,0.1822935,-0.09179903,0.10889027,-0.018395796,0.15811369,-0.06761921,0.122558504,-0.032064028,0.15921795,-0.06872348
16468,0,1,0,0,0,0,0,0,0,0.053132564,0.11675735,-0.063624784,0.15683769,-0.10370512,0.107447445,-0.05431488,0.128676,-0.07554343,0.07422085,-0.021088287,0.19013804,-0.13700548,0.07815647,0.095565066,-0.017408594,0.18348871,-0.10533224,0.07988011,-0.0017236397,0.18555918,-0.10740271,0.11528182,-0.03712535,0.14802973,-0.06987326
16469,0,1,0,0,0,0,0,0,0,0.058688458,0.1993311,-0.14064264,0.14743416,-0.0887457,0.06711311,-0.008424651,0.105017416,-0.046328958,0.114737034,-0.056048576,0.1983112,-0.13962273,0.12693796,0.17238428,-0.04544632,0.11332267,0.013615288,0.057872962,0.06906499,0.21963897,-0.09270102,0.18143623,-0.05449827,0.12802076,-0.0010828078
16499,0,1,0,0,0,0,0,0,0,0.0067936243,0.060069386,-0.05327576,0.07065212,-0.063858494,0.0249184,-0.018124776,0.01874915,-0.011955526,0.015987558,-0.0091939345,0.03838473,-0.031591106,0.02251749,0.1135492,-0.091031715,0.2170467,-0.1945292,0.028496629,-0.0059791394,0.09709196,-0.07457447,0.039990574,-0.017473085,0.11686196,-0.094344474
16511,0,0,1,0,0,0,0,0,0,0.1364281,0.199723,-0.0632949,0.24420825,-0.10778014,0.2589632,-0.122535095,0.09937458,0.037053525,0.16705263,-0.030624524,0.25889114,-0.12246303,0.116838634,0.1836343,-0.06679566,0.22280483,-0.105966195,0.21101202,-0.09417339,0.14494872,-0.028110087,0.16039841,-0.043559775,0.21706313,-0.100224495
16526,0,0,0,1,0,0,0,0,0,0.03478438,0.14574248,-0.1109581,0.09743205,-0.06264767,0.034528673,0.00025570765,0.07125719,-0.03647281,0.06247547,-0.027691089,0.07088862,-0.036104243,0.083634004,0.1462507,-0.06261669,0.15570667,-0.07207267,0.03531187,0.048322134,0.18377368,-0.10013968,0.12668747,-0.043053463,0.093828596,-0.010194592
16529,0,0,0,1,0,0,0,0,0,0.059294686,0.28053463,-0.22123994,0.08996022,-0.030665532,0.06270302,-0.0034083351,0.115627006,-0.05633232,0.12172786,-0.062433176,0.098927714,-0.03963303,0.14271916,0.22552723,-0.08280806,0.12520398,0.017515182,0.0930159,0.049703263,0.18483047,-0.042111307,0.15504342,-0.012324259,0.1193251,0.023394063
16532,0,0,0,0,1,0,0,0,0,0.02975306,0.14476182,-0.11500876,0.09225748,-0.06250442,0.0552237,-0.02547064,0.08448949,-0.054736428,0.045932814,-0.016179755,0.12350233,-0.09374927,0.043375105,0.14081743,-0.09744233,0.08174949,-0.038374387,0.046955068,-0.003579963,0.090498835,-0.04712373,0.06087536,-0.017500255,0.08267863,-0.039303526
16534,0,1,0,0,0,0,0,0,0,0.09564086,0.3362969,-0.24065602,0.42694068,-0.3312998,0.223354,-0.12771314,0.19708595,-0.10144509,0.15984072,-0.06419986,0.37098056,-0.2753397,0.15931746,0.23780178,-0.07848431,0.4046877,-0.24537024,0.29783872,-0.13852125,0.20015877,-0.04084131,0.20993508,-0.05061762,0.3428718,-0.18355432
16535,0,0,1,0,0,0,0,0,0,0.26687533,0.3098438,-0.04296848,0.52590835,-0.25903302,0.45465043,-0.1877751,0.2588527,0.008022636,0.22909924,0.037776083,0.49711,-0.23023468,0.18126246,0.20411812,-0.022855654,0.3406666,-0.15940413,0.38857526,-0.20731279,0.21571513,-0.034452662,0.21926847,-0.038006008,0.28795442,-0.10669196
16537,0,1,0,0,0,0,0,0,0,0.10802709,0.36388287,-0.25585577,0.17696312,-0.06893603,0.24826038,-0.14023328,0.1091637,-0.0011366084,0.23202726,-0.12400017,0.19335648,-0.08532939,0.10599412,0.14784528,-0.041851163,0.15278691,-0.04679279,0.096600495,0.009393625,0.13762803,-0.031633914,0.12914161,-0.023147494,0.10966082,-0.003666699
16542,0,1,0,0,0,0,0,0,0,0.020197889,0.10426159,-0.0840637,0.11448691,-0.09428902,0.0712392,-0.051041313,0.027885595,-0.0076877065,0.03401435,-0.013816463,0.12009452,-0.09989663,0.036953367,0.1355319,-0.098578535,0.12800924,-0.09105588,0.06923528,-0.032281913,0.108916834,-0.07196347,0.08318075,-0.04622738,0.14206731,-0.105113946
16543,0,0,0,0,1,0,0,0,0,0.06829269,0.43007144,-0.36177874,0.08717439,-0.018881701,0.11774149,-0.049448796,0.06368852,0.0046041757,0.09657306,-0.02828037,0.096431024,-0.028138332,0.09002723,0.24207143,-0.1520442,0.11750412,-0.027476892,0.12016818,-0.030140951,0.090403415,-0.00037618726,0.12901235,-0.03898512,0.1171489,-0.02712167
16563,0,1,0,0,0,0,0,0,0,0.13617739,0.26659995,-0.13042256,0.15202835,-0.015850961,0.17650858,-0.040331185,0.13562715,0.0005502403,0.21044116,-0.07426377,0.17335819,-0.037180796,0.13054577,0.14312766,-0.0125819,0.19417308,-0.06362732,0.124970086,0.0055756792,0.17798664,-0.04744087,0.15641572,-0.02586995,0.14551203,-0.014966264
16564,0,0,0,0,1,0,0,0,0,0.2728615,0.39604843,-0.123186916,0.0926641,0.18019742,0.18446544,0.08839607,0.25633967,0.016521841,0.31744036,-0.04457885,0.17530455,0.09755696,0.21936968,0.26311812,-0.04374844,0.19021301,0.02915667,0.24085811,-0.021488428,0.20156723,0.017802447,0.29186618,-0.0724965,0.19838782,0.020981863
16566,0,0,0,0,1,0,0,0,0,0.29804724,0.23528263,0.062764615,0.2699602,0.02808705,0.24409339,0.053953856,0.3273349,-0.029287666,0.35490403,-0.05685678,0.23317716,0.06487009,0.17031743,0.060260773,0.11005665,0.22270904,-0.05239162,0.1685451,0.0017723292,0.20427035,-0.03395292,0.14456691,0.025750518,0.16268934,0.007628083
16572,0,1,0,0,0,0,0,0,0,0.030989515,0.19124818,-0.16025867,0.20188044,-0.17089093,0.12873486,-0.097745344,0.056237586,-0.025248071,0.05667799,-0.025688475,0.1660568,-0.13506728,0.04935139,0.17276128,-0.12340988,0.16758148,-0.11823009,0.098097466,-0.048746075,0.11319214,-0.06384075,0.0886121,-0.03926071,0.14115845,-0.09180705
16591,0,0,1,0,0,0,0,0,0,0.42908612,0.42546883,0.0036172867,0.49189153,-0.062805414,0.4508103,-0.021724194,0.30861717,0.120468944,0.46015868,-0.031072557,0.47534877,-0.04626265,0.38213953,0.3348963,0.047243237,0.39996898,-0.017829448,0.50658774,-0.12444821,0.25412935,0.12801018,0.32514018,0.056999356,0.38811526,-0.0059757233
16596,0,1,0,0,0,0,0,0,0,0.006045459,0.109301865,-0.103256404,0.09207272,-0.08602726,0.035086345,-0.029040886,0.014091477,-0.008046018,0.018484235,-0.012438776,0.055642825,-0.049597368,0.024424931,0.17249294,-0.14806801,0.24895513,-0.2245302,0.037620045,-0.013195114,0.13845474,-0.1140298,0.058518082,-0.03409315,0.16274661,-0.13832168
16602,0,0,1,1,0,0,0,0,0,0.24753357,0.43350446,-0.18597089,0.3242244,-0.07669084,0.28026173,-0.03272815,0.24888538,-0.0013518035,0.2572127,-0.009679124,0.26271853,-0.015184954,0.31342468,0.24456371,0.06886096,0.4176846,-0.10425994,0.41430143,-0.10087675,0.25532663,0.058098048,0.24400835,0.06941633,0.37514225,-0.06171757
16603,0,1,0,0,0,0,0,0,0,0.01099493,0.051328912,-0.040333983,0.1930539,-0.18205898,0.07963621,-0.068641275,0.022435896,-0.011440966,0.031720433,-0.020725504,0.11820672,-0.10721178,0.025392946,0.0627269,-0.037333954,0.1387622,-0.113369256,0.053526726,-0.02813378,0.106939696,-0.08154675,0.052300133,-0.026907187,0.1250599,-0.09966695
16609,1,0,1,0,1,0,1,0,0,0.25745457,0.3565987,-0.09914413,0.2255742,0.03188038,0.20340085,0.054053724,0.32094082,-0.06348625,0.2552758,0.0021787882,0.2479616,0.009492978,0.17388268,0.20414165,-0.030258968,0.19809298,-0.024210304,0.15351367,0.020369008,0.20139307,-0.02751039,0.1698852,0.003997475,0.22767502,-0.053792343
16637,0,1,0,0,0,0,0,0,0,0.02171631,0.15586478,-0.13414846,0.14206745,-0.120351136,0.07291323,-0.051196918,0.021902867,-0.00018655695,0.061885163,-0.04016885,0.08486843,-0.06315212,0.043066207,0.17385274,-0.13078654,0.15164648,-0.10858028,0.06497638,-0.021910172,0.12854877,-0.08548257,0.10121966,-0.058153454,0.13787834,-0.09481214
16647,0,1,0,0,0,0,0,0,0,0.066600926,0.05989965,0.0067012757,0.072369136,-0.0057682097,0.06365341,0.0029475167,0.121581964,-0.054981038,0.07000564,-0.0034047142,0.118035,-0.051434077,0.10625598,0.12845695,-0.022200972,0.18698518,-0.0807292,0.06355878,0.0426972,0.24144554,-0.13518956,0.13443945,-0.028183475,0.1334269,-0.027170926
16651,0,1,0,0,0,0,0,0,0,0.05952853,0.1806152,-0.12108667,0.16899855,-0.109470025,0.09534903,-0.0358205,0.15678902,-0.09726049,0.066811554,-0.0072830245,0.18976831,-0.13023978,0.09727772,0.13044757,-0.033169843,0.18943581,-0.09215809,0.094947435,0.0023302883,0.23142597,-0.13414824,0.12457581,-0.027298085,0.17600425,-0.07872652
16658,0,0,1,0,0,0,0,0,0,0.21871045,0.3247477,-0.10603726,0.3717248,-0.15301436,0.27755493,-0.058844477,0.2868531,-0.06814265,0.19800214,0.020708308,0.38616443,-0.16745397,0.19618407,0.27857736,-0.08239329,0.29913622,-0.10295215,0.34963518,-0.15345111,0.21846032,-0.022276253,0.1658207,0.030363366,0.29371384,-0.09752977
16674,0,0,0,1,0,0,0,0,0,0.054130625,0.080635056,-0.02650443,0.09015245,-0.036021825,0.06735758,-0.013226952,0.11870021,-0.06456958,0.08558045,-0.03144983,0.11153448,-0.05740385,0.100348555,0.10451003,-0.004161477,0.19181474,-0.09146618,0.07750678,0.022841774,0.21908325,-0.118734695,0.13711818,-0.03676962,0.15058754,-0.05023899
16692,0,0,0,0,1,0,0,0,0,0.059358466,0.24876593,-0.18940747,0.16378005,-0.104421586,0.122808665,-0.0634502,0.1351653,-0.07580684,0.09610468,-0.036746215,0.20521395,-0.14585549,0.068061076,0.1721114,-0.10405033,0.12303423,-0.054973155,0.07460554,-0.0065444633,0.11959566,-0.051534586,0.12844446,-0.060383387,0.11288517,-0.044824094
16700,0,0,0,1,0,0,0,0,0,0.108071186,0.2957198,-0.18764862,0.13107249,-0.023001306,0.10078496,0.0072862282,0.13153717,-0.023465984,0.1359638,-0.027892612,0.10254599,0.005525194,0.1029848,0.049853053,0.053131748,0.09868249,0.004302308,0.07738694,0.025597863,0.14096862,-0.03798382,0.10099018,0.0019946173,0.07634349,0.02664131
16707,0,0,1,0,0,0,0,0,0,0.080168165,0.27997532,-0.19980717,0.23689224,-0.15672407,0.22359027,-0.1434221,0.12696695,-0.046798788,0.19851269,-0.11834452,0.26033944,-0.18017128,0.095614836,0.22327662,-0.12766178,0.23081298,-0.13519815,0.14411512,-0.048500285,0.11793374,-0.022318907,0.2364678,-0.14085296,0.15077536,-0.055160522
16712,0,0,0,0,1,0,0,0,0,0.013177827,0.06972732,-0.05654949,0.069860846,-0.05668302,0.032080207,-0.01890238,0.025956726,-0.012778899,0.022935295,-0.0097574685,0.057746504,-0.044568677,0.025817009,0.09901296,-0.07319596,0.16600917,-0.14019217,0.0416577,-0.015840692,0.10600745,-0.08019044,0.06128616,-0.035469152,0.12040784,-0.094590835
16735,0,0,1,1,0,0,0,0,0,0.12090919,0.45460194,-0.33369276,0.19883193,-0.07792274,0.1275517,-0.006642513,0.15398672,-0.03307753,0.19701257,-0.07610338,0.16601568,-0.045106493,0.15021043,0.23051974,-0.08030932,0.14361405,0.0065963715,0.17615274,-0.02594231,0.1594498,-0.009239376,0.1720848,-0.021874368,0.1590112,-0.008800775
16748,1,0,0,1,0,0,0,1,0,0.11137002,0.23306127,-0.12169125,0.15216874,-0.040798716,0.11162586,-0.00025583804,0.15112904,-0.039759018,0.14564532,-0.0342753,0.13442518,-0.023055159,0.13628423,0.17617269,-0.039888456,0.11650599,0.019778244,0.10554367,0.03074056,0.14001064,-0.003726408,0.1403398,-0.0040555745,0.09936463,0.0369196
16750,0,0,1,0,0,0,0,0,0,0.32047862,0.32580993,-0.0053313076,0.22531106,0.09516756,0.3703734,-0.04989478,0.2540578,0.06642082,0.29755768,0.022920936,0.32224607,-0.0017674565,0.30866927,0.17388363,0.13478564,0.27899915,0.02967012,0.38564935,-0.076980084,0.27144474,0.03722453,0.2432993,0.06536996,0.29466444,0.014004827
16780,0,1,0,0,0,0,0,0,0,0.01646039,0.13119234,-0.11473195,0.17351326,-0.15705287,0.05945453,-0.04299414,0.06531001,-0.04884962,0.028691847,-0.012231456,0.16192366,-0.14546327,0.035475906,0.1419686,-0.10649268,0.17681591,-0.14134,0.05063787,-0.015161965,0.13183886,-0.09636295,0.0625591,-0.027083192,0.13334258,-0.09786667
16782,0,0,0,0,1,0,0,0,0,0.39461905,0.5007142,-0.106095135,0.42408255,-0.0294635,0.4026124,-0.0079933405,0.28085712,0.11376193,0.48160425,-0.0869852,0.39966315,-0.0050441027,0.23668835,0.2789193,-0.042230964,0.21007892,0.02660942,0.3114287,-0.07474035,0.1877765,0.04891184,0.2847115,-0.048023164,0.22026293,0.016425416
16783,1,0,1,0,0,0,1,0,1,0.1700012,0.3821614,-0.21216021,0.08144499,0.0885562,0.16852541,0.0014757812,0.22473356,-0.054732367,0.20875214,-0.038750947,0.1426605,0.027340695,0.20737313,0.24707289,-0.039699763,0.13065408,0.076719046,0.17157565,0.035797477,0.26435453,-0.0569814,0.22922723,-0.021854103,0.14939111,0.057982013
16792,0,1,0,0,0,0,0,0,0,0.026759332,0.11427219,-0.08751286,0.2202205,-0.19346118,0.07517851,-0.048419178,0.047903247,-0.021143915,0.04091613,-0.014156798,0.1304384,-0.10367907,0.03619508,0.1242431,-0.088048026,0.20499071,-0.16879563,0.074009486,-0.037814405,0.08013566,-0.043940578,0.06509931,-0.028904226,0.14216271,-0.105967626
16803,0,1,0,0,0,0,0,0,0,0.012490799,0.06342441,-0.05093361,0.11510124,-0.10261044,0.03838473,-0.025893934,0.025798619,-0.01330782,0.023218641,-0.010727842,0.079482846,-0.066992044,0.026730437,0.131594,-0.10486357,0.19737378,-0.17064334,0.047521513,-0.020791076,0.13261855,-0.10588811,0.054810178,-0.02807974,0.16608323,-0.1393528
16807,0,0,1,0,1,0,0,0,0,0.22759868,0.14962478,0.0779739,0.30279952,-0.07520084,0.20816371,0.019434974,0.314785,-0.08718632,0.21558736,0.012011319,0.26888138,-0.0412827,0.22196478,0.18847251,0.033492267,0.27355266,-0.05158788,0.22243157,-0.00046679378,0.30678558,-0.08482081,0.20275152,0.01921326,0.28360403,-0.06163925
16815,0,1,0,0,0,0,0,0,0,0.006584548,0.04281306,-0.03622851,0.0833717,-0.07678715,0.026634939,-0.020050392,0.015075482,-0.008490935,0.019282784,-0.012698237,0.041695733,-0.035111185,0.017203012,0.09625083,-0.07904782,0.20992185,-0.19271883,0.02485749,-0.007654477,0.0816238,-0.06442079,0.045820594,-0.028617581,0.10386755,-0.08666454
16817,0,1,0,0,0,0,0,0,0,0.042093802,0.05629005,-0.014196247,0.07761639,-0.03552259,0.073393695,-0.031299893,0.05549803,-0.013404228,0.07610959,-0.034015786,0.084631436,-0.042537633,0.033156335,0.0785099,-0.04535356,0.074765176,-0.04160884,0.04123964,-0.008083306,0.06780574,-0.034649402,0.062282436,-0.0291261,0.06884776,-0.035691425
16861,0,0,0,1,1,0,0,0,0,0.13447642,0.22886887,-0.09439245,0.19751427,-0.06303784,0.1463423,-0.011865884,0.15882051,-0.024344087,0.16166742,-0.027190998,0.19007957,-0.055603147,0.10392941,0.10613631,-0.0022068992,0.11752064,-0.01359123,0.11172106,-0.0077916533,0.113171935,-0.009242527,0.10401019,-8.0779195e-05,0.1181602,-0.014230795
16865,0,1,0,0,0,0,0,0,0,0.0548714,0.16327043,-0.10839903,0.1792256,-0.1243542,0.06775411,-0.012882713,0.0901884,-0.035317,0.089972354,-0.035100956,0.16792756,-0.11305617,0.07969566,0.17882386,-0.0991282,0.24077019,-0.16107453,0.08426378,-0.0045681223,0.2115848,-0.13188915,0.14848427,-0.06878862,0.22910559,-0.14940993
16871,0,0,1,0,0,0,0,0,0,0.07137124,0.2968758,-0.22550456,0.22861105,-0.15723981,0.15676573,-0.08539449,0.10090905,-0.029537804,0.11573005,-0.044358805,0.1867933,-0.115422055,0.16357154,0.24159618,-0.07802464,0.17275661,-0.009185076,0.10338921,0.060182326,0.18918917,-0.02561763,0.19698907,-0.033417538,0.12834544,0.03522609
16876,1,0,1,0,0,0,1,0,0,0.51779014,0.4090685,0.10872164,0.3341955,0.18359464,0.5406595,-0.022869349,0.37693667,0.14085346,0.53129953,-0.013509393,0.46188575,0.05590439,0.45687437,0.3122977,0.14457667,0.3789791,0.07789528,0.5577392,-0.10086483,0.28838632,0.16848806,0.47104263,-0.0141682625,0.35651535,0.10035902
16883,0,0,0,1,0,0,0,0,0,0.09145561,0.2637858,-0.1723302,0.26880106,-0.17734545,0.13797899,-0.046523377,0.16062912,-0.069173515,0.21284015,-0.121384546,0.2108265,-0.11937089,0.1153624,0.13379069,-0.018428288,0.27782705,-0.16246465,0.20224254,-0.08688014,0.16572143,-0.050359033,0.12502508,-0.00966268,0.34773314,-0.23237073
16898,0,0,0,1,1,0,0,0,0,0.08814397,0.2063589,-0.11821493,0.08761786,0.00052610785,0.120464385,-0.032320417,0.1269766,-0.038832627,0.096231654,-0.008087687,0.12193265,-0.03378868,0.07366616,0.13097918,-0.057313018,0.077066995,-0.0034008324,0.0900568,-0.016390637,0.070522815,0.0031433478,0.10380907,-0.03014291,0.08075715,-0.007090986
16905,0,0,0,0,1,0,0,0,0,0.2774294,0.44856277,-0.17113337,0.28484288,-0.0074134767,0.22264637,0.05478303,0.2207514,0.056677997,0.3607065,-0.08327711,0.23561083,0.041818574,0.15316375,0.30253017,-0.14936642,0.11064816,0.042515583,0.22561887,-0.07245512,0.08796796,0.065195784,0.26184064,-0.108676895,0.10064624,0.052517503
16908,0,0,1,0,0,0,0,0,0,0.377829,0.30790237,0.06992662,0.4304967,-0.052667707,0.38947687,-0.01164788,0.35331422,0.024514765,0.3574187,0.0204103,0.4564127,-0.07858372,0.27787375,0.22051565,0.0573581,0.40554354,-0.12766978,0.4375663,-0.15969256,0.27347022,0.0044035316,0.25233072,0.025543034,0.4105112,-0.13263744
16915,0,0,1,0,0,0,0,0,0,0.060000304,0.30882254,-0.24882224,0.16718943,-0.107189134,0.1480042,-0.0880039,0.10404042,-0.044040117,0.08498978,-0.024989475,0.2191027,-0.1591024,0.0643392,0.20282999,-0.1384908,0.11190869,-0.04756949,0.09935467,-0.03501547,0.08842859,-0.024089389,0.112522714,-0.048183516,0.10835432,-0.044015124
16920,0,0,0,1,0,0,0,0,0,0.097055495,0.20734587,-0.11029038,0.09981844,-0.0027629435,0.14691345,-0.04985796,0.12610249,-0.029046997,0.12888551,-0.031830013,0.11265092,-0.015595429,0.11902476,0.1395623,-0.020537533,0.13467698,-0.015652217,0.17135084,-0.052326076,0.12751248,-0.008487724,0.119144805,-0.000120043755,0.14860834,-0.02958358
16944,1,0,0,0,0,1,1,0,0,0.14767194,0.27644065,-0.12876871,0.3179121,-0.17024016,0.22758104,-0.0799091,0.1695921,-0.02192016,0.19858815,-0.05091621,0.2306591,-0.08298716,0.18808775,0.26532832,-0.07724057,0.33701187,-0.14892413,0.2117406,-0.023652852,0.2173392,-0.029251456,0.20328853,-0.015200779,0.25456148,-0.06647374
16952,0,0,0,0,1,0,0,0,0,0.06679321,0.16290894,-0.09611573,0.09158839,-0.024795182,0.10370055,-0.036907338,0.11411013,-0.047316916,0.080148436,-0.013355225,0.14936462,-0.08257141,0.04503544,0.07106888,-0.026033442,0.07013544,-0.025099996,0.069440246,-0.024404805,0.108985625,-0.06395018,0.10327834,-0.0582429,0.10362433,-0.05858889
16955,0,1,0,0,0,0,0,0,0,0.07072304,0.25558892,-0.18486588,0.26317045,-0.19244741,0.17140791,-0.10068487,0.12848811,-0.057765067,0.15347837,-0.08275533,0.23847407,-0.16775103,0.08570104,0.14478533,-0.05908429,0.316136,-0.23043495,0.10253142,-0.016830377,0.1882804,-0.10257936,0.15542649,-0.06972545,0.20502213,-0.119321086
16975,0,1,1,0,0,0,0,0,0,0.04733752,0.17626883,-0.12893131,0.2201439,-0.17280638,0.17801346,-0.13067594,0.12204157,-0.07470405,0.075087525,-0.027750004,0.27239424,-0.22505672,0.055963468,0.16105005,-0.10508658,0.18473153,-0.12876806,0.07683771,-0.020874243,0.20231797,-0.1463545,0.10737599,-0.05141252,0.1702162,-0.11425273
16993,0,1,0,0,0,0,0,0,0,0.09980165,0.17851457,-0.07871292,0.11700059,-0.017198935,0.109930925,-0.010129273,0.16069956,-0.06089791,0.12959693,-0.029795282,0.2222475,-0.122445844,0.061669752,0.16556986,-0.103900105,0.099647835,-0.037978083,0.06409845,-0.0024286956,0.09654844,-0.034878686,0.103994116,-0.042324364,0.11100378,-0.049334027
16994,0,1,0,0,0,0,0,0,0,0.044728626,0.24906592,-0.2043373,0.20144995,-0.15672132,0.1381446,-0.093415976,0.08227299,-0.037544366,0.07540178,-0.030673157,0.22222218,-0.17749356,0.09722556,0.23804536,-0.1408198,0.1621331,-0.064907536,0.12903512,-0.031809554,0.17233294,-0.07510738,0.1358295,-0.03860393,0.18653817,-0.08931261
17000,0,0,0,1,1,0,0,0,0,0.11136233,0.23884875,-0.12748641,0.14195019,-0.03058786,0.11044717,0.00091516227,0.14436664,-0.033004306,0.18529518,-0.07393285,0.12829646,-0.016934134,0.07525916,0.15192942,-0.07667027,0.071768835,0.0034903213,0.08572004,-0.010460883,0.081119135,-0.0058599785,0.124491915,-0.04923276,0.07023997,0.005019188
17007,0,0,0,1,1,0,0,0,0,0.10374359,0.2092548,-0.10551121,0.1246819,-0.020938307,0.10210847,0.0016351193,0.11993514,-0.01619155,0.14649966,-0.042756073,0.12613048,-0.022386886,0.0968061,0.2080761,-0.11127,0.09810369,-0.0012975857,0.101013646,-0.004207544,0.112524174,-0.015718073,0.12109759,-0.024291486,0.089252666,0.007553436
17021,0,1,0,0,0,0,0,0,0,0.021210644,0.1017792,-0.08056855,0.1553329,-0.13412225,0.071576335,-0.05036569,0.06975249,-0.048541848,0.037725426,-0.016514782,0.1445094,-0.123298764,0.04888158,0.14186098,-0.0929794,0.23413378,-0.1852522,0.07667276,-0.027791183,0.15893954,-0.110057965,0.08684837,-0.03796679,0.17157663,-0.12269506
17083,0,0,0,0,1,0,0,0,0,0.28351486,0.43715695,-0.15364209,0.16243136,0.1210835,0.22169971,0.061815143,0.30135053,-0.017835677,0.31435433,-0.030839473,0.23857374,0.044941112,0.20797825,0.19335328,0.014624968,0.19530566,0.012672588,0.22387555,-0.015897304,0.21545373,-0.0074754804,0.18867241,0.01930584,0.21701925,-0.009040996
17084,0,0,0,1,0,0,0,0,0,0.01899325,0.15706953,-0.13807629,0.29641512,-0.27742186,0.08626706,-0.06727381,0.057973865,-0.038980618,0.04247735,-0.023484102,0.16411366,-0.14512041,0.059148073,0.19059177,-0.1314437,0.24650939,-0.18736131,0.07991912,-0.020771049,0.18594088,-0.1267928,0.10003171,-0.040883638,0.19529007,-0.136142
17091,0,0,0,0,1,0,0,0,0,0.1518285,0.43562612,-0.28379762,0.21302143,-0.06119293,0.17319219,-0.02136369,0.27272737,-0.12089887,0.17042997,-0.018601477,0.26974612,-0.11791763,0.17809764,0.27553895,-0.097441316,0.19868985,-0.020592213,0.18250187,-0.004404232,0.20609128,-0.02799365,0.19734628,-0.01924865,0.19574308,-0.017645448
17140,0,0,1,0,0,0,0,0,0,0.11039788,0.46399468,-0.3535968,0.22553301,-0.115135126,0.23265778,-0.12225989,0.112306535,-0.0019086525,0.17916806,-0.06877018,0.2519487,-0.14155084,0.117903255,0.27182516,-0.1539219,0.18031417,-0.062410913,0.16058584,-0.04268258,0.14228246,-0.024379201,0.13658984,-0.018686585,0.1673581,-0.049454845
17169,0,1,0,1,0,0,0,0,0,0.117894426,0.3360464,-0.21815197,0.35922122,-0.2413268,0.16670334,-0.048808917,0.1526255,-0.034731075,0.18853666,-0.07064223,0.26186067,-0.14396624,0.11845779,0.20428622,-0.08582843,0.25748524,-0.13902745,0.15483224,-0.036374457,0.17854835,-0.060090564,0.17967017,-0.061212383,0.19603789,-0.0775801
17176,0,1,0,0,0,0,0,0,0,0.012052422,0.16340338,-0.15135096,0.12942751,-0.11737508,0.047527373,-0.03547495,0.019881124,-0.007828701,0.042100247,-0.030047825,0.08650212,-0.074449696,0.020310264,0.15264755,-0.13233729,0.07949247,-0.059182208,0.035656787,-0.015346523,0.09276265,-0.07245238,0.053795327,-0.033485062,0.10518937,-0.0848791
17192,0,1,0,1,0,0,0,0,0,0.060571626,0.107626975,-0.04705535,0.08590731,-0.025335684,0.039771553,0.020800073,0.107540816,-0.04696919,0.06979186,-0.009220235,0.108827904,-0.048256278,0.089508876,0.14704032,-0.057531446,0.07643241,0.013076469,0.041376445,0.04813243,0.17107002,-0.08156115,0.12307458,-0.033565708,0.05668818,0.032820698
17193,0,1,0,0,0,0,0,0,0,0.0579442,0.10877253,-0.05082833,0.1059584,-0.0480142,0.06629068,-0.008346476,0.1555481,-0.097603895,0.0806612,-0.022716999,0.14421654,-0.08627234,0.07692391,0.13742642,-0.060502514,0.089584604,-0.012660697,0.08040955,-0.0034856424,0.12779798,-0.05087407,0.100828074,-0.023904167,0.11320705,-0.036283143
17202,0,0,0,1,0,0,0,0,0,0.07545752,0.29572096,-0.22026345,0.31539673,-0.23993921,0.12844092,-0.052983396,0.22077246,-0.14531493,0.12035028,-0.044892758,0.31138486,-0.23592734,0.19107284,0.24067573,-0.049602896,0.3285254,-0.13745256,0.18203549,0.009037346,0.30689996,-0.11582713,0.23536584,-0.044293,0.28131098,-0.09023814
17214,0,1,0,0,0,0,0,0,0,0.10597451,0.1911364,-0.085161895,0.16384213,-0.057867616,0.20893414,-0.10295963,0.14580138,-0.03982687,0.15844424,-0.05246973,0.22344847,-0.11747396,0.10294624,0.1806447,-0.07769847,0.09602193,0.006924309,0.096464865,0.006481372,0.11913137,-0.016185135,0.13901378,-0.036067545,0.09399952,0.008946717
17226,1,0,0,0,0,1,1,0,0,0.08050171,0.27581984,-0.19531813,0.24073859,-0.16023687,0.19977285,-0.11927114,0.08784981,-0.007348098,0.12258722,-0.042085506,0.22496998,-0.14446828,0.0683082,0.1692986,-0.10099041,0.21336341,-0.1450552,0.10873161,-0.040423416,0.12345819,-0.055149995,0.100971326,-0.03266313,0.17896093,-0.11065274
17244,0,0,0,1,0,0,0,0,0,0.15738526,0.22415803,-0.066772774,0.13740635,0.01997891,0.12789495,0.029490307,0.2037331,-0.04634784,0.20083915,-0.043453887,0.17783883,-0.020453572,0.13394812,0.14857392,-0.014625803,0.07655576,0.05739236,0.09844183,0.035506286,0.13159558,0.0023525357,0.13634102,-0.002392903,0.09238394,0.041564174
17247,0,0,0,1,0,0,0,0,0,0.0974313,0.20238605,-0.10495475,0.12757699,-0.03014569,0.103908315,-0.006477013,0.16453007,-0.06709877,0.13272375,-0.035292447,0.17011072,-0.072679415,0.12529956,0.14049429,-0.015194729,0.07285435,0.05244521,0.07637715,0.048922405,0.13394237,-0.008642808,0.18357629,-0.058276728,0.07891688,0.04638268
17252,0,0,1,0,0,0,0,0,0,0.072170615,0.22799969,-0.15582907,0.170842,-0.09867139,0.11285554,-0.040684924,0.12432409,-0.052153476,0.12800786,-0.055837244,0.19635826,-0.12418765,0.08913589,0.21751137,-0.12837547,0.117216684,-0.028080791,0.09957293,-0.010437034,0.17029229,-0.081156395,0.1748241,-0.08568821,0.131427,-0.042291112
17259,0,0,1,0,0,0,0,0,0,0.043420766,0.24212728,-0.19870652,0.25367558,-0.21025482,0.12308283,-0.07966207,0.1015592,-0.058138434,0.07561502,-0.032194253,0.26588446,-0.2224637,0.075806215,0.1969255,-0.12111929,0.17794852,-0.102142304,0.10668598,-0.030879766,0.17726545,-0.101459235,0.12358129,-0.047775075,0.19335358,-0.11754736
17286,1,0,1,0,1,0,1,0,0,0.49879295,0.4966991,0.0020938516,0.43673396,0.062058985,0.57347524,-0.074682295,0.27904907,0.21974388,0.5209379,-0.022144973,0.42517385,0.0736191,0.2909654,0.1831078,0.107857615,0.28370723,0.007258177,0.34382817,-0.052862763,0.26043046,0.030534953,0.21923275,0.071732655,0.26692414,0.024041265
17290,0,1,0,0,0,0,0,0,0,0.010017263,0.11089287,-0.10087561,0.15034981,-0.14033255,0.041443177,-0.031425916,0.022116104,-0.012098841,0.029164458,-0.019147195,0.065445185,-0.055427924,0.023658039,0.20447761,-0.18081957,0.1512115,-0.12755346,0.039655052,-0.015997013,0.08171489,-0.058056854,0.05820385,-0.03454581,0.100511745,-0.07685371
17297,0,0,0,1,0,0,0,0,0,0.063427866,0.15798654,-0.09455867,0.15857247,-0.0951446,0.070653826,-0.0072259605,0.12563102,-0.062203154,0.11254124,-0.049113378,0.13553427,-0.072106406,0.08662841,0.17393702,-0.087308615,0.12446996,-0.03784155,0.07205028,0.014578126,0.13654502,-0.04991661,0.1403788,-0.053750396,0.09787071,-0.0112423
17298,1,0,1,0,0,0,1,0,0,0.16256836,0.34154785,-0.17897949,0.25133014,-0.08876178,0.30842435,-0.145856,0.19117182,-0.028603464,0.15112022,0.011448145,0.31591657,-0.15334821,0.19270416,0.24976942,-0.057065263,0.20216924,-0.0094650835,0.3055266,-0.11282246,0.21566188,-0.022957727,0.17772052,0.014983639,0.24080367,-0.048099518
17309,1,0,1,0,0,0,1,0,0,0.44376177,0.4565506,-0.012788832,0.28890762,0.15485415,0.24008057,0.2036812,0.35257334,0.09118843,0.4915074,-0.047745645,0.3129638,0.13079795,0.57099754,0.39738077,0.17361677,0.5652344,0.0057631135,0.45420793,0.11678961,0.4672622,0.10373533,0.6100641,-0.039066553,0.49108183,0.0799157
17316,0,0,1,0,0,0,0,0,0,0.11736915,0.35171807,-0.23434892,0.08547698,0.031892173,0.17688812,-0.05951897,0.11929779,-0.0019286349,0.1268734,-0.009504251,0.15302852,-0.035659365,0.10493604,0.18280831,-0.07787227,0.097008266,0.007927775,0.16449657,-0.05956053,0.086956605,0.017979436,0.14066124,-0.0357252,0.13006826,-0.025132217
17323,0,0,1,0,0,0,0,0,0,0.35606858,0.5213478,-0.16527924,0.24001163,0.11605695,0.31902263,0.037045956,0.2623139,0.09375468,0.50688446,-0.15081587,0.2826748,0.07339379,0.31593958,0.34304646,-0.027106881,0.30110472,0.014834851,0.37259993,-0.056660354,0.2066478,0.10929178,0.42670664,-0.11076707,0.2765797,0.039359868
17325,1,0,0,0,0,1,1,0,0,0.04981118,0.07672522,-0.026914041,0.1108226,-0.061011422,0.060022924,-0.010211743,0.06523746,-0.015426282,0.07105053,-0.021239351,0.09502134,-0.045210157,0.07790203,0.067781806,0.0101202205,0.19108802,-0.113185994,0.09872597,-0.02082394,0.12701152,-0.049109496,0.092698544,-0.014796518,0.13547687,-0.057574846
17358,0,1,0,0,0,0,0,0,0,0.027872762,0.21183169,-0.18395893,0.21209602,-0.18422326,0.084404804,-0.05653204,0.07691127,-0.049038507,0.05400411,-0.026131349,0.1759149,-0.14804214,0.066933446,0.18194504,-0.115011595,0.2666315,-0.19969806,0.062344946,0.0045884997,0.1933967,-0.12646326,0.13952482,-0.07259137,0.17016321,-0.10322977
17370,0,1,0,0,0,0,0,0,0,0.05464345,0.12823898,-0.073595524,0.10495944,-0.050315995,0.06847147,-0.013828021,0.11382347,-0.059180025,0.0779539,-0.023310449,0.14428888,-0.08964543,0.077248946,0.094910525,-0.017661579,0.10164112,-0.024392173,0.08354403,-0.006295085,0.09835054,-0.021101594,0.100972794,-0.023723848,0.08529224,-0.008043297
17371,0,0,0,1,0,0,0,0,0,0.027898828,0.046075676,-0.018176848,0.06468266,-0.036783837,0.03911591,-0.011217082,0.08519279,-0.057293966,0.0379516,-0.010052772,0.08429775,-0.05639892,0.042812325,0.05513904,-0.012326714,0.04939319,-0.006580863,0.037248354,0.0055639707,0.07131338,-0.028501056,0.07786305,-0.035050727,0.04632288,-0.0035105534
17401,0,0,0,1,1,0,0,0,0,0.05904233,0.0717592,-0.012716871,0.10988442,-0.050842088,0.11290396,-0.05386163,0.11674506,-0.05770273,0.083228305,-0.024185974,0.1278229,-0.06878057,0.081344604,0.05066214,0.030682463,0.11866794,-0.037323333,0.09335354,-0.012008935,0.08068918,0.0006554276,0.11165952,-0.030314915,0.076530546,0.0048140585
17403,0,0,0,0,1,0,0,0,0,0.07800939,0.08726569,-0.009256303,0.07314442,0.0048649684,0.13524453,-0.057235144,0.05865467,0.01935472,0.11288207,-0.03487268,0.08195586,-0.0039464682,0.068058185,0.031959802,0.036098383,0.07794725,-0.009889066,0.08790253,-0.019844346,0.050842423,0.017215762,0.111791655,-0.04373347,0.05840807,0.009650115
17404,0,0,1,0,1,0,0,0,0,0.027273644,0.17414905,-0.14687541,0.05931265,-0.032039005,0.06765014,-0.040376496,0.036869228,-0.009595584,0.03854931,-0.011275668,0.06612992,-0.03885628,0.04169271,0.12718064,-0.085487925,0.047141343,-0.005448632,0.05226937,-0.010576658,0.050429434,-0.008736722,0.079369545,-0.037676834,0.05727842,-0.015585709
17419,0,0,0,0,1,0,0,0,0,0.045392647,0.11201356,-0.066620916,0.2958037,-0.25041103,0.10237044,-0.056977794,0.08407591,-0.038683265,0.06770986,-0.022317216,0.14353026,-0.09813762,0.06760934,0.11460045,-0.04699111,0.358236,-0.29062667,0.08854889,-0.020939551,0.15381028,-0.08620094,0.1102452,-0.042635858,0.2548839,-0.18727455
17420,0,0,0,0,1,0,0,0,0,0.021063592,0.07934377,-0.05828018,0.12994657,-0.10888298,0.033484254,-0.012420662,0.061591987,-0.040528394,0.03018649,-0.009122897,0.10464798,-0.08358438,0.036858827,0.16317914,-0.12632032,0.18098375,-0.14412493,0.036787253,7.1574e-05,0.17259145,-0.13573262,0.07346416,-0.036605336,0.13078696,-0.09392813
17430,0,0,0,0,1,0,0,0,0,0.060228955,0.20264594,-0.14241698,0.06916849,-0.008939538,0.09296384,-0.032734882,0.07187614,-0.011647183,0.09916549,-0.038936537,0.089245655,-0.0290167,0.046831533,0.13009158,-0.083260044,0.054753613,-0.007922079,0.0651148,-0.01828327,0.06043688,-0.013605345,0.09173423,-0.044902697,0.066993386,-0.020161852
17431,0,0,0,1,1,0,0,0,0,0.07553133,0.089909405,-0.014378071,0.08152714,-0.00599581,0.123616636,-0.048085302,0.0901947,-0.014663368,0.09597603,-0.020444699,0.10169502,-0.02616369,0.057820015,0.031392433,0.026427582,0.07079349,-0.0129734725,0.0841129,-0.026292883,0.046672303,0.011147711,0.08689157,-0.029071555,0.067760445,-0.0099404305
17455,0,1,0,0,0,0,0,0,0,0.022934312,0.10459134,-0.08165703,0.129584,-0.10664969,0.06385771,-0.0409234,0.051669545,-0.028735233,0.044633962,-0.02169965,0.13202728,-0.10909297,0.04810381,0.13141233,-0.08330852,0.13908485,-0.09098104,0.061702646,-0.013598837,0.16031265,-0.11220884,0.07846536,-0.030361548,0.13938597,-0.09128216
17482,0,0,0,1,1,0,0,0,0,0.054213706,0.1797835,-0.12556979,0.07320768,-0.01899397,0.08304049,-0.028826784,0.041382182,0.012831524,0.065592036,-0.011378329,0.059877776,-0.005664069,0.06516944,0.14488289,-0.07971345,0.08276936,-0.017599918,0.08052884,-0.015359402,0.07121373,-0.006044291,0.084794,-0.019624561,0.07223153,-0.0070620924
17511,0,1,0,0,0,0,0,0,0,0.017351761,0.059996918,-0.042645156,0.11395036,-0.096598595,0.0621284,-0.044776637,0.045756325,-0.028404564,0.022021223,-0.0046694614,0.10786691,-0.09051515,0.040459357,0.10520508,-0.064745724,0.26884237,-0.228383,0.08499745,-0.044538096,0.14671393,-0.10625457,0.05767722,-0.017217863,0.2059332,-0.16547385
17525,0,1,0,0,0,0,0,0,0,0.05133464,0.21289064,-0.161556,0.12930088,-0.07796624,0.11401541,-0.062680766,0.10372673,-0.05239209,0.08693751,-0.03560287,0.20399001,-0.15265538,0.05865479,0.16890316,-0.11024837,0.1084202,-0.04976541,0.07553426,-0.016879473,0.1346882,-0.07603341,0.12047017,-0.061815385,0.11459937,-0.05594458
17536,0,0,1,0,0,0,0,0,0,0.16253468,0.18489645,-0.02236177,0.32521078,-0.1626761,0.27374324,-0.11120856,0.11455714,0.047977544,0.17186376,-0.009329081,0.2622244,-0.09968972,0.22305562,0.18237348,0.040682137,0.30456597,-0.08151035,0.27348378,-0.050428167,0.18879375,0.034261867,0.23584329,-0.01278767,0.2805013,-0.05744569
17539,0,0,0,1,0,0,0,0,0,0.13820763,0.21032615,-0.07211852,0.093674235,0.044533394,0.13165465,0.0065529794,0.12639955,0.011808082,0.18022312,-0.042015493,0.12409829,0.014109336,0.16099618,0.14864825,0.012347937,0.16554983,-0.004553646,0.18060537,-0.019609183,0.18341391,-0.022417724,0.15748496,0.0035112202,0.2493912,-0.088395014
17547,0,1,0,0,0,0,0,0,0,0.011249334,0.1518801,-0.14063077,0.2182158,-0.20696646,0.076202355,-0.06495302,0.01618644,-0.0049371067,0.043915465,-0.03266613,0.09702939,-0.085780054,0.03196658,0.17827293,-0.14630635,0.24624518,-0.2142786,0.06397597,-0.03200939,0.13948819,-0.10752161,0.07000358,-0.038037,0.19956087,-0.16759428
17575,0,0,0,0,1,0,0,0,0,0.037844803,0.13745935,-0.099614546,0.14867999,-0.11083518,0.08205202,-0.04420722,0.07846018,-0.040615376,0.05260492,-0.014760118,0.1330124,-0.09516759,0.04377811,0.11063175,-0.06685364,0.1291872,-0.08540909,0.07607552,-0.032297406,0.08830086,-0.04452275,0.07984585,-0.036067743,0.12186975,-0.07809164
17577,0,1,0,0,0,0,0,0,0,0.017520174,0.28298083,-0.26546067,0.18565506,-0.16813488,0.09152817,-0.074007995,0.04305275,-0.025532577,0.06102657,-0.043506395,0.14614682,-0.12862664,0.030614568,0.19784668,-0.16723211,0.14140984,-0.110795274,0.049324375,-0.018709807,0.096779205,-0.066164635,0.074848674,-0.044234104,0.11864248,-0.08802791
17590,0,0,1,0,0,0,0,0,0,0.36631906,0.44324848,-0.07692942,0.4572218,-0.090902746,0.3815324,-0.0152133405,0.35525477,0.011064291,0.42747337,-0.061154306,0.4008972,-0.034578145,0.42228672,0.25844538,0.16384134,0.5537009,-0.1314142,0.4990048,-0.07671809,0.3787689,0.043517828,0.4515348,-0.029248089,0.46918577,-0.04689905
17592,0,1,0,0,0,0,0,0,0,0.008909535,0.054646354,-0.04573682,0.17906097,-0.17015143,0.042397257,-0.033487722,0.016624454,-0.0077149197,0.032903317,-0.023993783,0.064554885,-0.05564535,0.017447151,0.08311348,-0.065666325,0.25284198,-0.23539484,0.040152613,-0.022705462,0.08057252,-0.06312537,0.04991717,-0.032470018,0.1360686,-0.118621446
17593,0,1,0,0,0,0,0,0,0,0.030463947,0.13692823,-0.10646428,0.16861124,-0.1381473,0.08688145,-0.056417502,0.04725214,-0.016788194,0.0631571,-0.032693148,0.11065093,-0.08018698,0.04184433,0.11362692,-0.07178259,0.2237952,-0.18195087,0.067094155,-0.025249824,0.13010293,-0.0882586,0.075414844,-0.033570513,0.17288278,-0.13103846
17608,0,1,0,0,0,0,0,0,0,0.026716528,0.10699503,-0.0802785,0.115686476,-0.088969946,0.0766244,-0.04990787,0.059303284,-0.032586753,0.040699616,-0.013983088,0.12511207,-0.09839554,0.051740505,0.11364654,-0.061906032,0.22286816,-0.17112765,0.07150104,-0.019760534,0.13446389,-0.08272339,0.06995687,-0.018216364,0.13435492,-0.082614414
17617,0,0,0,1,0,0,0,0,0,0.020808026,0.112752505,-0.09194448,0.090663165,-0.06985514,0.029536208,-0.008728182,0.04894651,-0.028138485,0.04510423,-0.024296205,0.060791694,-0.039983667,0.08171525,0.17679788,-0.09508263,0.20093213,-0.11921688,0.06659808,0.015117168,0.19004552,-0.10833027,0.18012494,-0.09840969,0.12637727,-0.04466202
17621,0,1,0,0,0,0,0,0,0,0.010988741,0.11035406,-0.09936532,0.14003973,-0.12905098,0.043636784,-0.03264804,0.0253785,-0.014389758,0.022995597,-0.012006856,0.07799563,-0.067006886,0.023628604,0.12895848,-0.10532987,0.33679968,-0.3131711,0.055895794,-0.03226719,0.08054002,-0.056911413,0.052260444,-0.02863184,0.15901765,-0.13538904
17623,0,1,0,0,0,0,0,0,0,0.1612442,0.2661168,-0.1048726,0.23769693,-0.07645273,0.24228983,-0.08104563,0.15895799,0.0022862107,0.21373397,-0.052489772,0.26659587,-0.10535167,0.121631846,0.18184249,-0.060210645,0.24280192,-0.121170074,0.16188344,-0.040251598,0.1814131,-0.059781253,0.17222357,-0.050591722,0.1835899,-0.06195806
17638,1,0,0,1,0,0,1,0,1,0.08900611,0.2466084,-0.1576023,0.20655051,-0.1175444,0.13215043,-0.043144315,0.15598896,-0.06698285,0.09437424,-0.0053681284,0.2682776,-0.17927147,0.1493072,0.1454187,0.0038885027,0.23405845,-0.08475125,0.15917557,-0.0098683685,0.2177894,-0.06848219,0.12638362,0.022923589,0.2141213,-0.06481409
17641,0,1,0,0,0,0,0,0,0,0.008708992,0.06678898,-0.058079988,0.12035969,-0.1116507,0.030868208,-0.022159215,0.014370937,-0.005661945,0.020931108,-0.012222116,0.05106592,-0.04235693,0.020622635,0.12092177,-0.100299135,0.15520594,-0.1345833,0.034481667,-0.013859032,0.081535876,-0.060913242,0.055009376,-0.03438674,0.100103326,-0.07948069
17648,0,0,1,0,0,0,0,0,0,0.026103383,0.09254969,-0.066446304,0.150047,-0.12394362,0.08878178,-0.0626784,0.059119694,-0.03301631,0.03783755,-0.011734167,0.17139734,-0.14529397,0.07376974,0.16405198,-0.09028224,0.21094602,-0.13717628,0.1398163,-0.06604656,0.22758047,-0.15381074,0.13742788,-0.06365814,0.24113578,-0.16736603
17655,0,0,1,0,0,0,0,0,0,0.2060012,0.39267626,-0.18667506,0.16860884,0.037392363,0.171661,0.034340203,0.18316077,0.02284044,0.2622841,-0.056282893,0.19599324,0.010007963,0.142361,0.20111585,-0.058754846,0.14927015,-0.006909147,0.17893036,-0.036569357,0.14326553,-0.0009045303,0.21034262,-0.067981616,0.15064031,-0.008279309
17658,0,0,1,0,1,0,0,0,0,0.084520645,0.10231007,-0.017789423,0.20546801,-0.12094737,0.11578852,-0.031267874,0.24815069,-0.16363004,0.105472304,-0.020951658,0.26550132,-0.18098068,0.15943748,0.12693068,0.032506794,0.24088588,-0.081448406,0.15711582,0.0023216605,0.26411667,-0.1046792,0.20586458,-0.0464271,0.27793923,-0.11850175
17661,0,1,0,0,0,0,0,0,0,0.014405627,0.103171386,-0.088765755,0.1277648,-0.11335918,0.04851918,-0.034113552,0.018815093,-0.004409466,0.03592214,-0.021516513,0.068869635,-0.05446401,0.027991442,0.172715,-0.14472355,0.24739534,-0.2194039,0.04139639,-0.013404949,0.15148968,-0.12349823,0.061858803,-0.03386736,0.16706504,-0.1390736
17676,0,1,0,0,0,0,0,0,0,0.021029035,0.079076424,-0.05804739,0.12380078,-0.102771744,0.057498615,-0.03646958,0.036041267,-0.015012233,0.04590264,-0.024873605,0.08474933,-0.0637203,0.03597485,0.12316993,-0.08719508,0.22213207,-0.18615723,0.05094671,-0.01497186,0.120252974,-0.08427812,0.07808786,-0.04211301,0.14623298,-0.11025813
17689,0,1,0,1,0,0,0,0,0,0.034314103,0.18131183,-0.14699772,0.12694536,-0.09263126,0.036239363,-0.0019252598,0.08165621,-0.047342107,0.058251757,-0.023937654,0.0833448,-0.0490307,0.075906664,0.17477286,-0.098866194,0.14497797,-0.06907131,0.036510058,0.039396606,0.18122688,-0.105320215,0.11854589,-0.042639226,0.09787847,-0.021971807
17690,1,0,1,1,0,0,1,0,0,0.37038928,0.6187787,-0.24838942,0.18248269,0.1879066,0.37699497,-0.0066056848,0.26985982,0.10052946,0.62292093,-0.25253165,0.21933657,0.15105271,0.15559635,0.32849854,-0.1729022,0.35250026,-0.19690391,0.2798496,-0.12425324,0.19670732,-0.041110978,0.29343593,-0.13783959,0.4111198,-0.25552344
17700,0,0,0,1,0,0,0,0,0,0.09958105,0.14471279,-0.045131743,0.18233797,-0.08275692,0.13092172,-0.031340674,0.100435525,-0.0008544773,0.16240562,-0.06282458,0.2033083,-0.10372725,0.1471615,0.108506076,0.038655423,0.17413256,-0.026971057,0.14506607,0.002095431,0.16883048,-0.021668985,0.16106342,-0.013901919,0.19395828,-0.046796784
17701,1,0,0,0,0,1,1,0,0,0.023652378,0.15536734,-0.13171497,0.18879597,-0.1651436,0.06372856,-0.040076185,0.056837182,-0.033184804,0.044117175,-0.020464797,0.14509255,-0.12144017,0.030617088,0.15467438,-0.12405729,0.15335625,-0.122739166,0.052561317,-0.021944229,0.08767177,-0.057054684,0.06541751,-0.034800425,0.1004951,-0.06987801
17711,0,1,0,0,0,0,0,0,0,0.030226583,0.053008314,-0.022781732,0.176847,-0.14662041,0.062368352,-0.032141767,0.07226291,-0.042036332,0.054140802,-0.02391422,0.12460118,-0.0943746,0.047183055,0.06840332,-0.021220263,0.32101703,-0.27383396,0.061965156,-0.014782101,0.17074133,-0.12355828,0.113403216,-0.066220164,0.19862308,-0.15144002
17719,0,0,0,1,1,0,0,0,0,0.19193496,0.41920245,-0.22726749,0.23087773,-0.03894277,0.20836154,-0.016426578,0.27302274,-0.08108778,0.2526698,-0.060734853,0.2621055,-0.07017054,0.15610364,0.14748757,0.008616075,0.22716777,-0.07106413,0.21612927,-0.060025632,0.17417483,-0.01807119,0.16891357,-0.012809932,0.25952828,-0.10342464
17731,0,1,0,0,0,0,0,0,0,0.020724347,0.11874337,-0.09801902,0.21496134,-0.194237,0.092531405,-0.07180706,0.039575882,-0.018851535,0.058426503,-0.037702158,0.14731428,-0.12658994,0.05263431,0.1137115,-0.06107719,0.28587595,-0.23324163,0.09563622,-0.04300191,0.20514385,-0.15250954,0.10068872,-0.04805441,0.2966442,-0.2440099
17737,0,1,0,0,0,0,0,0,0,0.013506609,0.058033712,-0.044527102,0.09635146,-0.08284485,0.04545513,-0.03194852,0.039045054,-0.025538445,0.019650595,-0.0061439862,0.09257399,-0.07906739,0.028956218,0.08481277,-0.05585655,0.13975216,-0.110795945,0.03950333,-0.010547111,0.082660675,-0.053704455,0.044500742,-0.015544524,0.08759436,-0.05863814
17739,0,1,0,0,0,0,0,0,0,0.017785987,0.14084311,-0.12305712,0.1835818,-0.16579582,0.057543788,-0.039757803,0.047880698,-0.030094711,0.031860974,-0.014074987,0.12432112,-0.10653513,0.031552,0.17019081,-0.13863881,0.32928872,-0.2977367,0.083293036,-0.051741034,0.09806263,-0.066510625,0.06933095,-0.03777895,0.20474902,-0.17319702
17744,0,0,0,0,1,0,0,0,0,0.10525346,0.41831625,-0.3130628,0.12186958,-0.016616121,0.12421121,-0.018957749,0.11382372,-0.008570261,0.13404904,-0.028795585,0.13155615,-0.026302695,0.098079704,0.19818436,-0.10010465,0.099805936,-0.0017262325,0.1544916,-0.0564119,0.07719784,0.020881861,0.10462782,-0.006548114,0.0844572,0.013622507
17748,0,1,0,0,0,0,0,0,0,0.058960266,0.20817149,-0.14921123,0.12174319,-0.06278292,0.08290912,-0.023948856,0.077189595,-0.018229328,0.11088758,-0.051927313,0.11905011,-0.06008984,0.078419186,0.20787781,-0.12945864,0.16321167,-0.08479249,0.082381606,-0.00396242,0.18493229,-0.106513105,0.10827709,-0.029857904,0.1834807,-0.10506151
17749,0,1,0,0,0,0,0,0,0,0.01792352,0.16471888,-0.14679536,0.1465995,-0.12867598,0.056073464,-0.038149945,0.03562282,-0.0176993,0.037076533,-0.019153012,0.10852736,-0.09060384,0.041078996,0.18616793,-0.14508893,0.21212243,-0.17104343,0.06375194,-0.022672947,0.12863304,-0.08755404,0.0920061,-0.050927106,0.15152931,-0.11045031
17780,0,1,0,0,0,0,0,0,0,0.06503151,0.2763528,-0.21132128,0.17822734,-0.11319582,0.109621696,-0.044590183,0.09712774,-0.03209623,0.11800533,-0.052973814,0.19455098,-0.12951946,0.08102158,0.16756032,-0.08653875,0.21542668,-0.1344051,0.11944229,-0.038420714,0.17880291,-0.09778133,0.13382293,-0.052801356,0.25489947,-0.1738779
17805,0,1,0,0,0,0,0,0,0,0.02260757,0.13042577,-0.107818194,0.16415808,-0.14155051,0.054086134,-0.03147856,0.053670995,-0.031063424,0.05081027,-0.0282027,0.09367555,-0.071067974,0.03822203,0.12971476,-0.09149273,0.25910088,-0.22087885,0.051240213,-0.013018183,0.10597428,-0.06775225,0.08188599,-0.043663964,0.14315918,-0.10493715
17808,0,0,0,0,1,0,0,0,0,0.0460995,0.10047633,-0.054376833,0.10098999,-0.05489049,0.06626656,-0.02016706,0.100946546,-0.054847047,0.06520305,-0.01910355,0.09471455,-0.048615053,0.07779762,0.123400845,-0.045603223,0.11571505,-0.037917428,0.0702051,0.0075925216,0.108334675,-0.030537054,0.1013901,-0.02359248,0.105172336,-0.027374715
17818,0,0,1,0,0,0,0,0,0,0.1652504,0.30846107,-0.14321066,0.5687473,-0.40349686,0.35499445,-0.18974404,0.1585925,0.0066578984,0.2537851,-0.0885347,0.3945834,-0.229333,0.2545496,0.31927034,-0.06472075,0.51219594,-0.25764635,0.39579475,-0.14124516,0.2689872,-0.014437616,0.29285195,-0.038302362,0.41177848,-0.15722889
17827,0,1,0,0,0,0,0,0,0,0.049689643,0.24864489,-0.19895524,0.21484585,-0.16515622,0.15764041,-0.10795077,0.06813724,-0.0184476,0.07443227,-0.024742626,0.22154747,-0.17185783,0.11754917,0.20421018,-0.086661,0.16505411,-0.04750494,0.139379,-0.021829821,0.17063037,-0.053081192,0.1383662,-0.020817019,0.17916417,-0.061614998
17839,0,0,1,0,0,0,0,0,0,0.14313777,0.50834566,-0.3652079,0.36364123,-0.22050346,0.24473216,-0.10159439,0.17277768,-0.029639915,0.20515232,-0.06201455,0.31614274,-0.17300497,0.21778758,0.39459574,-0.17680816,0.30722594,-0.089438364,0.2616641,-0.043876514,0.21898748,-0.0011999011,0.18578969,0.03199789,0.27127546,-0.053487882
17860,0,0,1,1,0,0,0,0,0,0.253526,0.4068693,-0.15334329,0.24352753,0.009998471,0.18272656,0.07079944,0.2956035,-0.04207751,0.2938683,-0.0403423,0.24872261,0.0048033893,0.17713998,0.24763489,-0.070494905,0.25449002,-0.077350035,0.19387671,-0.016736731,0.20968267,-0.03254269,0.23480678,-0.057666793,0.24216816,-0.065028176
17865,0,1,0,0,0,0,0,0,0,0.05404709,0.13422902,-0.08018193,0.112224296,-0.058177207,0.099437565,-0.045390476,0.08041931,-0.02637222,0.090284795,-0.036237705,0.15249088,-0.09844379,0.061305225,0.1586792,-0.09737398,0.15578358,-0.094478354,0.09836606,-0.037060834,0.18913496,-0.12782973,0.10739627,-0.046091042,0.1954543,-0.13414907
17866,1,0,0,0,1,0,1,0,0,0.25959775,0.2156235,0.04397425,0.17645375,0.083143994,0.20763955,0.051958203,0.29519886,-0.03560111,0.2824575,-0.022859752,0.22021806,0.039379686,0.17105237,0.17425735,-0.0032049865,0.2788596,-0.10780722,0.17831111,-0.007258743,0.20418553,-0.033133164,0.16372177,0.0073305964,0.24807064,-0.077018276
17868,1,0,0,0,1,0,1,0,0,0.28133824,0.35900357,-0.07766533,0.24033113,0.041007116,0.35389385,-0.0725556,0.26888233,0.01245591,0.31805497,-0.03671673,0.2874912,-0.0061529577,0.27738848,0.25179768,0.025590807,0.34687883,-0.06949034,0.41078237,-0.13339388,0.21923298,0.058155507,0.23270284,0.044685647,0.32481557,-0.047427088
17870,0,0,1,1,0,0,0,0,0,0.14979944,0.2685896,-0.11879015,0.20934702,-0.05954759,0.15952675,-0.009727314,0.20557812,-0.055778682,0.23326321,-0.08346377,0.20853655,-0.058737114,0.17514545,0.17039686,0.004748583,0.17291816,0.0022272915,0.115245126,0.05990032,0.19254866,-0.017403215,0.1929241,-0.01777865,0.16007946,0.015065983
17885,0,0,0,1,0,0,0,0,0,0.18431453,0.3912613,-0.20694678,0.3209629,-0.13664837,0.13641779,0.047896743,0.28066525,-0.096350715,0.29203874,-0.107724205,0.22759134,-0.0432768,0.21946676,0.23934364,-0.019876882,0.44604695,-0.22658019,0.1561201,0.063346654,0.36359835,-0.14413159,0.2913711,-0.07190435,0.36844155,-0.14897479
17888,0,1,0,1,0,0,0,0,0,0.06749655,0.2188531,-0.15135655,0.2374988,-0.17000225,0.18616104,-0.11866449,0.09979247,-0.03229592,0.0766301,-0.009133548,0.24217767,-0.17468111,0.123632476,0.18805939,-0.064426914,0.21877156,-0.095139086,0.19261713,-0.06898466,0.1757918,-0.052159324,0.14789216,-0.024259686,0.2578254,-0.13419293
17891,0,1,0,0,0,0,0,0,0,0.05347031,0.2881818,-0.2347115,0.33785927,-0.28438896,0.1401387,-0.08666839,0.12156839,-0.06809808,0.11950202,-0.06603171,0.26894754,-0.21547723,0.07202928,0.26298803,-0.19095875,0.33943456,-0.26740527,0.10357327,-0.031543992,0.2105513,-0.13852203,0.13419075,-0.062161475,0.26597932,-0.19395004
17904,0,0,0,0,1,0,0,0,0,0.23162805,0.1798943,0.051733747,0.23606081,-0.0044327676,0.23773691,-0.006108865,0.20777364,0.023854405,0.23559956,-0.003971517,0.21792813,0.013699919,0.059464745,0.060982045,-0.0015172996,0.117481165,-0.05801642,0.06350921,-0.0040444657,0.0780971,-0.018632352,0.07652384,-0.017059095,0.07363344,-0.014168695
17906,0,0,0,1,0,0,0,0,0,0.11139749,0.36873838,-0.2573409,0.18457164,-0.07317415,0.1954712,-0.08407371,0.18493359,-0.0735361,0.2853353,-0.17393781,0.1831686,-0.071771115,0.112300254,0.17796041,-0.06566016,0.23489408,-0.12259383,0.18289174,-0.07059149,0.15718982,-0.04488956,0.12942906,-0.017128803,0.24264926,-0.13034901
17909,0,0,0,1,0,0,0,0,0,0.05047688,0.20223238,-0.1517555,0.23535179,-0.1848749,0.09499664,-0.04451976,0.076332144,-0.025855266,0.08192655,-0.031449668,0.1412707,-0.09079382,0.11455758,0.25191006,-0.13735248,0.19716142,-0.08260384,0.09369154,0.020866036,0.2014918,-0.086934224,0.16588506,-0.051327482,0.16376631,-0.04920873
17910,0,0,0,0,1,0,0,0,0,0.020896623,0.26353976,-0.24264313,0.12251547,-0.10161885,0.049472585,-0.028575962,0.06996097,-0.049064346,0.045644596,-0.024747973,0.14853552,-0.12763889,0.03234775,0.1595012,-0.12715344,0.133111,-0.10076325,0.049648814,-0.017301064,0.10817957,-0.075831816,0.069307454,-0.036959704,0.13965744,-0.107309684
17918,0,1,0,0,0,0,0,0,0,0.02018207,0.13564464,-0.11546257,0.204032,-0.18384993,0.06532744,-0.045145374,0.042130463,-0.021948393,0.049548335,-0.029366266,0.119380064,-0.099198,0.03872906,0.13751225,-0.098783195,0.24857038,-0.20984133,0.053416006,-0.014686946,0.13405298,-0.09532392,0.07701356,-0.0382845,0.14295672,-0.10422766
17919,0,1,0,0,0,0,0,0,0,0.14683887,0.23015617,-0.083317295,0.17889138,-0.032052502,0.18189879,-0.035059914,0.14401472,0.0028241575,0.18258521,-0.035746336,0.2086307,-0.061791822,0.06915557,0.15125431,-0.082098745,0.09400815,-0.024852581,0.07667488,-0.007519312,0.13794637,-0.0687908,0.124314986,-0.05515942,0.11814583,-0.048990265
17920,0,0,0,1,0,0,0,0,0,0.10967977,0.35185277,-0.242173,0.1377009,-0.028021127,0.0918419,0.017837875,0.15766394,-0.047984168,0.13986678,-0.03018701,0.11155538,-0.0018756092,0.099188894,0.10280526,-0.0036163628,0.08342878,0.015760116,0.06683216,0.03235673,0.11615891,-0.016970016,0.106249005,-0.0070601106,0.07001576,0.029173136
17921,0,1,0,0,0,0,0,0,0,0.029443752,0.11440155,-0.08495779,0.139538,-0.11009425,0.05973364,-0.030289888,0.043853384,-0.0144096315,0.049970422,-0.02052667,0.09685589,-0.06741214,0.034405753,0.11332071,-0.078914955,0.1102568,-0.075851046,0.041477513,-0.0070717596,0.1086108,-0.07420505,0.07345423,-0.039048478,0.102175064,-0.06776931
17935,0,1,0,0,0,0,0,0,0,0.07435402,0.19802718,-0.123673156,0.15750618,-0.08315216,0.22022045,-0.14586642,0.08754735,-0.013193324,0.06838175,0.0059722736,0.20020553,-0.12585151,0.110021055,0.1412979,-0.031276852,0.13807417,-0.02805312,0.18557827,-0.07555722,0.15327649,-0.043255433,0.14184077,-0.031819716,0.21114472,-0.10112366
17936,0,0,0,1,0,0,0,0,0,0.016295414,0.114438385,-0.09814297,0.10873983,-0.09244442,0.039069284,-0.02277387,0.03750331,-0.021207895,0.03083285,-0.014537435,0.06281415,-0.04651873,0.04812076,0.1704764,-0.12235565,0.20479976,-0.156679,0.034512922,0.013607837,0.1843145,-0.13619375,0.09505402,-0.046933264,0.12490756,-0.0767868
17937,1,0,0,1,0,0,0,0,1,0.10469051,0.14716892,-0.042478412,0.15890093,-0.054210424,0.1200981,-0.015407592,0.117868885,-0.013178378,0.14632292,-0.041632414,0.19610772,-0.09141721,0.1261178,0.11604963,0.010068163,0.14500496,-0.018887162,0.12867,-0.0025522113,0.17539124,-0.049273446,0.17568773,-0.049569935,0.16229881,-0.036181018
17951,0,0,0,0,1,0,0,0,0,0.037517443,0.07099315,-0.033475704,0.16320647,-0.12568903,0.06103975,-0.023522306,0.103453875,-0.06593643,0.03845184,-0.00093439594,0.12193518,-0.08441774,0.08133458,0.10650895,-0.025174364,0.19838202,-0.11704744,0.090125464,-0.00879088,0.2582393,-0.17690471,0.13247493,-0.051140346,0.18739402,-0.10605944
17959,0,0,1,0,0,0,0,0,0,0.12809125,0.4346538,-0.30656254,0.2065917,-0.07850045,0.24069387,-0.11260262,0.12530811,0.0027831346,0.16966645,-0.04157521,0.23051582,-0.10242458,0.13621652,0.29193893,-0.15572241,0.15210547,-0.015888944,0.1839747,-0.047758177,0.115706116,0.020510405,0.16921254,-0.032996014,0.14247581,-0.0062592924
17970,0,1,0,0,0,0,0,0,0,0.018553423,0.05296278,-0.03440936,0.18286283,-0.16430941,0.0577777,-0.039224274,0.037283313,-0.01872989,0.04382761,-0.025274185,0.09892883,-0.08037541,0.024314621,0.10363039,-0.07931577,0.2652248,-0.24091019,0.044780925,-0.020466303,0.116886556,-0.09257194,0.052361097,-0.028046476,0.13731426,-0.11299964
17983,0,0,1,0,0,0,0,0,0,0.09380413,0.1247653,-0.03096117,0.06603875,0.027765378,0.090212286,0.003591843,0.20441149,-0.11060736,0.05823776,0.035566367,0.12680419,-0.03300006,0.08279777,0.12908532,-0.046287544,0.099569246,-0.016771473,0.096740976,-0.013943203,0.13663222,-0.053834446,0.07972473,0.0030730441,0.13927135,-0.056473576
17995,1,0,1,1,0,0,0,0,1,0.32604873,0.47087145,-0.14482272,0.40925214,-0.083203405,0.44769672,-0.121647984,0.2552558,0.07079294,0.41519007,-0.08914134,0.38937986,-0.06333113,0.44442946,0.29630142,0.14812803,0.46226105,-0.017831594,0.48091698,-0.03648752,0.3013536,0.14307585,0.4151142,0.029315263,0.38442585,0.06000361
17996,0,1,0,0,0,0,0,0,0,0.012123824,0.10206565,-0.08994183,0.17840183,-0.166278,0.059061702,-0.04693788,0.03743251,-0.025308687,0.036674716,-0.024550892,0.110201575,-0.09807775,0.026808571,0.14209893,-0.11529036,0.17200246,-0.14519389,0.042212844,-0.015404273,0.09548922,-0.068680644,0.08731597,-0.060507398,0.11936653,-0.09255795
18017,1,0,0,0,0,1,1,0,0,0.14036368,0.17139009,-0.031026408,0.19140866,-0.051044986,0.3013277,-0.16096403,0.24338982,-0.10302614,0.11173635,0.028627329,0.29392114,-0.15355746,0.21196868,0.29537988,-0.0834112,0.10780311,0.10416557,0.11350393,0.09846474,0.23552483,-0.023556158,0.23202577,-0.020057097,0.15440178,0.057566896
18019,0,0,1,0,1,0,0,0,0,0.017907556,0.039009076,-0.02110152,0.1257625,-0.10785495,0.055071443,-0.037163887,0.02206657,-0.0041590147,0.02383311,-0.005925555,0.0770536,-0.059146043,0.016271766,0.03382293,-0.017551165,0.12875676,-0.11248499,0.032007087,-0.01573532,0.017203528,-0.00093176216,0.026902827,-0.01063106,0.0389846,-0.022712834
18055,0,1,0,0,0,0,0,0,0,0.07982256,0.2869395,-0.20711693,0.43578,-0.35595742,0.2111414,-0.13131884,0.1712648,-0.091442235,0.17702639,-0.09720383,0.3214048,-0.24158224,0.08716378,0.2058971,-0.11873331,0.3647092,-0.27754542,0.12666668,-0.039502896,0.18015413,-0.092990346,0.19762647,-0.11046269,0.24691264,-0.15974885
18056,0,0,0,0,1,0,0,0,0,0.008407335,0.06256589,-0.054158557,0.052460466,-0.04405313,0.019790713,-0.011383378,0.031605154,-0.023197819,0.018283911,-0.009876576,0.04438486,-0.035977524,0.023227023,0.11663005,-0.09340303,0.07945846,-0.05623144,0.034354467,-0.011127444,0.06427675,-0.041049726,0.05753577,-0.034308746,0.060039945,-0.036812924
18057,0,0,1,0,1,0,0,0,0,0.020342827,0.032385428,-0.012042601,0.09673568,-0.07639285,0.06109054,-0.040747713,0.017954309,0.0023885183,0.02408941,-0.003746584,0.071598835,-0.05125601,0.015175794,0.022263525,-0.007087731,0.091575995,-0.0764002,0.026862625,-0.011686831,0.01622888,-0.0010530865,0.023805879,-0.008630085,0.032614756,-0.017438963
18068,0,1,0,0,0,0,0,0,0,0.032385144,0.13799053,-0.10560539,0.20879474,-0.1764096,0.10119704,-0.06881189,0.057329267,-0.024944123,0.041500743,-0.009115599,0.1953692,-0.16298406,0.042675897,0.14607981,-0.10340391,0.11891056,-0.07623466,0.100855514,-0.058179617,0.08059809,-0.037922196,0.06234613,-0.019670233,0.14169607,-0.09902017
18111,0,1,0,0,0,0,0,0,0,0.031982057,0.17914252,-0.14716047,0.14918807,-0.117206015,0.079499185,-0.04751713,0.05438392,-0.022401862,0.04953369,-0.017551634,0.16746213,-0.13548008,0.04247956,0.18341665,-0.14093709,0.17798978,-0.13551022,0.07678425,-0.034304693,0.11718429,-0.07470473,0.07609596,-0.0336164,0.18155284,-0.13907328
18121,0,0,0,1,0,0,0,0,0,0.094102636,0.23133922,-0.13723658,0.17140782,-0.07730518,0.13831191,-0.04420927,0.14764783,-0.053545192,0.14362638,-0.04952374,0.17289452,-0.07879189,0.22735234,0.26621285,-0.038860515,0.21609885,0.011253491,0.2003876,0.026964739,0.2544429,-0.027090564,0.22362733,0.0037250072,0.2711742,-0.043821856
18131,0,0,0,1,1,0,0,0,0,0.29736137,0.25271988,0.044641495,0.31198505,-0.014623672,0.4540863,-0.15672493,0.299534,-0.002172619,0.30377898,-0.0064176023,0.40510038,-0.107739,0.18997492,0.18996203,1.2889504e-05,0.24812727,-0.058152348,0.40746686,-0.21749194,0.16957359,0.020401329,0.18046975,0.009505168,0.25220168,-0.062226757
18132,0,1,0,0,0,0,0,0,0,0.028629877,0.09922638,-0.0705965,0.1310004,-0.10237052,0.05333576,-0.024705883,0.084260724,-0.055630848,0.045733854,-0.017103978,0.16057703,-0.13194716,0.07017452,0.09805914,-0.027884617,0.18669969,-0.116525166,0.07820239,-0.0080278665,0.20113538,-0.13096085,0.08637863,-0.016204104,0.19420353,-0.124029
18134,0,1,0,0,0,0,0,0,0,0.04330767,0.09749701,-0.05418934,0.10239555,-0.05908788,0.060123336,-0.016815666,0.09287883,-0.049571164,0.07066001,-0.02735234,0.10395307,-0.0606454,0.06652881,0.08383745,-0.017308637,0.10767086,-0.041142046,0.05455322,0.011975594,0.15467498,-0.088146165,0.1501713,-0.08364248,0.10367868,-0.03714987
18140,0,0,1,1,0,0,0,0,0,0.19022724,0.2504959,-0.06026867,0.15883797,0.031389266,0.14572856,0.044498682,0.25608915,-0.06586191,0.23497723,-0.04474999,0.17388803,0.016339213,0.16676696,0.1696924,-0.0029254407,0.14829329,0.01847367,0.12109365,0.045673303,0.18746752,-0.020700559,0.16804254,-0.0012755841,0.15962598,0.007140979
18162,1,0,1,0,0,0,1,0,0,0.37756133,0.60445285,-0.22689152,0.2561838,0.12137753,0.4289817,-0.05142036,0.21956849,0.15799284,0.48803312,-0.110471785,0.31166852,0.065892816,0.4211063,0.41361523,0.007491082,0.25830472,0.1628016,0.39992693,0.021179378,0.24760205,0.17350426,0.44574395,-0.02463764,0.23776242,0.18334389
18172,0,1,0,0,0,0,0,0,0,0.009906465,0.039529853,-0.029623387,0.11566223,-0.10575577,0.038422238,-0.028515773,0.024749788,-0.014843322,0.014141367,-0.0042349016,0.07228007,-0.06237361,0.033770557,0.127954,-0.094183445,0.09104865,-0.057278093,0.04477741,-0.011006851,0.10613665,-0.07236609,0.06768741,-0.03391685,0.07217278,-0.038402226
18175,0,1,0,0,0,0,0,0,0,0.0063944072,0.099328026,-0.09293362,0.15219606,-0.14580166,0.060896352,-0.054501943,0.011518184,-0.005123777,0.021567475,-0.015173068,0.08762093,-0.08122652,0.018097281,0.14345649,-0.1253592,0.14651686,-0.12841958,0.052364152,-0.03426687,0.06780827,-0.04971099,0.06692851,-0.048831232,0.13210984,-0.114012554
18200,0,1,0,0,0,0,0,0,0,0.030156232,0.15219331,-0.122037075,0.22032939,-0.19017315,0.0791644,-0.04900817,0.07796766,-0.047811426,0.065626204,-0.03546997,0.16623074,-0.13607451,0.04765803,0.18779783,-0.1401398,0.14271536,-0.09505734,0.05993696,-0.012278929,0.16608693,-0.1184289,0.11274606,-0.06508803,0.15984902,-0.11219099
18202,0,0,0,1,0,0,0,0,0,0.079439536,0.31037405,-0.23093452,0.12040972,-0.040970184,0.083830014,-0.004390478,0.13567021,-0.05623068,0.15193866,-0.072499126,0.13526277,-0.055823237,0.14592518,0.21825086,-0.07232568,0.12203005,0.02389513,0.124228574,0.021696605,0.19091992,-0.04499474,0.14450899,0.0014161915,0.15123774,-0.005312562
18232,0,1,0,0,0,0,0,0,0,0.0071505206,0.06412816,-0.05697764,0.098953255,-0.09180273,0.030251872,-0.023101352,0.016272483,-0.009121963,0.016631791,-0.009481271,0.06140183,-0.05425131,0.022963982,0.13170317,-0.10873918,0.16461952,-0.14165553,0.041873764,-0.018909782,0.087638155,-0.06467417,0.057069294,-0.034105312,0.13569534,-0.11273135
18234,1,0,1,0,0,0,1,0,0,0.06819019,0.45449406,-0.38630387,0.21237534,-0.14418516,0.22152169,-0.1533315,0.14090085,-0.07271066,0.11300538,-0.04481519,0.3551142,-0.286924,0.2661013,0.3337306,-0.06762931,0.1960834,0.070017904,0.321602,-0.055500686,0.20018369,0.06591761,0.29353344,-0.027432144,0.2399592,0.026142105
18240,0,0,0,1,0,0,0,0,0,0.07402336,0.10493942,-0.030916065,0.1215246,-0.047501244,0.07591908,-0.0018957183,0.1940517,-0.12002834,0.111581646,-0.037558287,0.165882,-0.09185865,0.13815136,0.12745637,0.0106949955,0.1375161,0.0006352663,0.11581098,0.02234038,0.20031272,-0.062161356,0.13941574,-0.0012643784,0.15519841,-0.017047048
18256,0,0,1,0,1,0,0,0,0,0.19787824,0.36578375,-0.16790551,0.121433266,0.076444976,0.13469215,0.063186094,0.26571932,-0.06784108,0.250207,-0.052328765,0.20966442,-0.011786178,0.098613925,0.14501671,-0.04640279,0.10520587,-0.006591946,0.077688836,0.02092509,0.091883846,0.0067300797,0.12791333,-0.0292994,0.09116796,0.0074459687
18266,0,1,1,0,0,0,0,0,0,0.07419555,0.37309757,-0.29890203,0.18591611,-0.11172056,0.08204674,-0.007851191,0.12539093,-0.051195383,0.13220121,-0.05800566,0.16685455,-0.092659,0.11449971,0.2313772,-0.11687749,0.15645453,-0.041954823,0.08409605,0.030403659,0.20023768,-0.085737966,0.15777938,-0.04327967,0.14962316,-0.035123445
18295,0,0,0,1,1,0,0,0,0,0.043955747,0.03703317,0.0069225766,0.11231079,-0.06835504,0.07024157,-0.026285823,0.09803346,-0.05407771,0.04463355,-0.00067780167,0.15284772,-0.10889198,0.06340464,0.048537496,0.014867146,0.106582455,-0.043177813,0.07859777,-0.015193127,0.10985131,-0.046446666,0.07383739,-0.01043275,0.08628524,-0.022880599
18296,0,0,1,0,0,0,0,0,0,0.10863044,0.32498452,-0.21635407,0.39797243,-0.289342,0.29765403,-0.18902358,0.085811555,0.022818886,0.18964477,-0.08101433,0.29451904,-0.18588859,0.40932408,0.33671457,0.072609514,0.5078205,-0.09849641,0.49941686,-0.09009278,0.32528046,0.08404362,0.43311223,-0.023788154,0.41035715,-0.0010330677
18332,0,1,0,1,0,0,0,0,0,0.046112712,0.22072616,-0.17461345,0.24029236,-0.19417964,0.05810535,-0.011992637,0.110326216,-0.0642135,0.075946845,-0.029834133,0.17892048,-0.13280776,0.08595624,0.20404316,-0.11808693,0.19418669,-0.10823045,0.060292345,0.025663894,0.24374469,-0.15778846,0.17422988,-0.08827364,0.19333084,-0.1073746
18363,0,0,1,0,1,0,0,0,0,0.061213415,0.048768423,0.012444992,0.07618089,-0.014967475,0.11092593,-0.049712513,0.065410346,-0.0041969307,0.10392678,-0.042713363,0.084098116,-0.0228847,0.04890828,0.033548836,0.015359443,0.050188832,-0.0012805536,0.055924818,-0.0070165396,0.06795037,-0.01904209,0.075359724,-0.026451446,0.05354181,-0.004633531
18364,0,0,0,0,1,0,0,0,0,0.1168904,0.101708755,0.015181646,0.07130815,0.04558225,0.11534228,0.0015481189,0.082727805,0.034162596,0.14810787,-0.03121747,0.081690505,0.035199896,0.0846713,0.059793662,0.024877641,0.09417321,-0.009501904,0.074732415,0.009938888,0.12949616,-0.044824854,0.13872434,-0.05405304,0.08016978,0.0045015216
18365,0,1,0,0,0,0,0,0,0,0.01933407,0.15531349,-0.13597941,0.13252915,-0.113195084,0.06265523,-0.043321162,0.024422249,-0.0050881784,0.042888265,-0.023554195,0.09463684,-0.07530277,0.02996862,0.1464103,-0.11644168,0.19321,-0.16324139,0.048217915,-0.018249296,0.13472007,-0.10475145,0.066496186,-0.036527567,0.15394655,-0.12397793
18367,0,1,0,0,0,0,0,0,0,0.038439393,0.21041648,-0.17197709,0.145272,-0.10683261,0.10723186,-0.06879247,0.0707126,-0.03227321,0.053776514,-0.015337121,0.16952623,-0.13108684,0.059365258,0.18369499,-0.12432973,0.20392601,-0.14456075,0.102846384,-0.043481126,0.12435331,-0.064988054,0.1051266,-0.04576134,0.17998601,-0.12062076
18392,0,1,0,0,0,0,0,0,0,0.027724981,0.089214586,-0.061489604,0.1078017,-0.08007672,0.046474934,-0.018749952,0.040710986,-0.012986004,0.051657297,-0.023932315,0.09275144,-0.06502646,0.05580698,0.16880585,-0.11299887,0.19552378,-0.1397168,0.07931039,-0.023503408,0.1663994,-0.110592425,0.10840805,-0.05260107,0.17152774,-0.115720764
18416,0,1,0,0,0,0,0,0,0,0.028043618,0.053742014,-0.025698395,0.105946526,-0.077902906,0.04721643,-0.019172812,0.09218586,-0.06414224,0.047800105,-0.019756487,0.101139106,-0.073095486,0.04782457,0.091709204,-0.043884635,0.09075878,-0.04293421,0.05462473,-0.00680016,0.10809656,-0.060271993,0.11726008,-0.069435515,0.08491792,-0.03709335
18421,0,0,0,1,1,0,0,0,0,0.109029554,0.2923116,-0.18328205,0.1352024,-0.02617284,0.13135505,-0.022325493,0.2500683,-0.14103875,0.13293429,-0.023904733,0.24333031,-0.13430077,0.04879101,0.120064735,-0.07127373,0.09127969,-0.042488683,0.06515049,-0.016359482,0.090465054,-0.041674044,0.09270159,-0.04391058,0.09542544,-0.046634432
18422,0,0,1,0,0,0,0,0,0,0.3456239,0.3453696,0.00025430322,0.18550141,0.1601225,0.3445226,0.001101315,0.28628784,0.059336066,0.38241708,-0.036793172,0.23272833,0.11289558,0.37910074,0.29987872,0.07922202,0.2881373,0.09096345,0.40413472,-0.02503398,0.25620925,0.122891486,0.32050124,0.0585995,0.2673688,0.11173195
18425,0,0,1,0,0,0,0,0,0,0.19638716,0.39869526,-0.2023081,0.28760034,-0.09121318,0.2976706,-0.101283446,0.18150945,0.014877707,0.20005675,-0.0036695898,0.28856695,-0.09217979,0.19862285,0.27166048,-0.073037624,0.3076196,-0.10899675,0.32881474,-0.13019189,0.20552585,-0.0069029927,0.22226457,-0.02364172,0.29918605,-0.1005632
18432,1,0,1,1,1,0,1,0,0,0.22601226,0.28991082,-0.06389856,0.13004683,0.09596543,0.28681758,-0.06080532,0.09234453,0.13366774,0.27442256,-0.048410296,0.18614271,0.039869547,0.35405108,0.22617626,0.12787482,0.22296043,0.13109066,0.28214565,0.071905434,0.22645572,0.12759537,0.33546805,0.01858303,0.23377195,0.12027913
18464,0,0,1,0,0,0,0,0,0,0.024266273,0.059409298,-0.035143025,0.14864552,-0.12437925,0.09763223,-0.07336596,0.039506543,-0.015240271,0.03421686,-0.009950586,0.124259196,-0.09999292,0.03785666,0.10239037,-0.06453371,0.12208675,-0.08423009,0.07076575,-0.032909088,0.06984695,-0.03199029,0.06492199,-0.02706533,0.095095,-0.05723834
18473,0,1,0,0,0,0,0,0,0,0.028474836,0.16030973,-0.1318349,0.14191875,-0.11344391,0.07794554,-0.0494707,0.046727464,-0.018252628,0.04801038,-0.019535543,0.12631264,-0.097837806,0.05521431,0.16740309,-0.11218878,0.14251043,-0.08729612,0.064026244,-0.008811936,0.11003517,-0.054820865,0.12169396,-0.06647965,0.10205343,-0.046839125
18490,0,0,0,0,1,0,0,0,0,0.027667223,0.039656986,-0.011989763,0.064040266,-0.03637304,0.055947907,-0.028280685,0.09260405,-0.064936824,0.02062042,0.007046802,0.11310836,-0.085441135,0.04555563,0.059041254,-0.013485625,0.07071934,-0.02516371,0.06893248,-0.023376852,0.08911932,-0.043563694,0.04658091,-0.0010252818,0.103328474,-0.057772845
18499,0,0,0,1,0,0,0,0,0,0.1238168,0.41581756,-0.29200077,0.24639487,-0.12257807,0.29057005,-0.16675325,0.19593266,-0.07211585,0.2778171,-0.1540003,0.23930284,-0.11548604,0.11039157,0.16736734,-0.056975767,0.29765347,-0.1872619,0.1873643,-0.07697272,0.19089577,-0.080504194,0.12740013,-0.017008558,0.29370078,-0.18330921
18501,0,1,0,0,0,0,0,0,0,0.04208388,0.15781413,-0.11573025,0.17167416,-0.12959027,0.09991919,-0.05783531,0.07035869,-0.028274812,0.070528224,-0.028444342,0.16017716,-0.118093275,0.07244182,0.16062683,-0.08818501,0.19490887,-0.122467056,0.092633955,-0.020192139,0.13726024,-0.06481843,0.12858532,-0.056143507,0.16537124,-0.09292942
18506,0,0,0,0,1,0,0,0,0,0.1614992,0.23606801,-0.07456881,0.16415267,-0.0026534647,0.19490267,-0.03340347,0.10229284,0.05920636,0.19839595,-0.03689675,0.11589756,0.045601644,0.09749849,0.12550794,-0.028009444,0.1495412,-0.052042708,0.15450561,-0.05700712,0.05906306,0.038435433,0.10221741,-0.004718922,0.08751113,0.009987362
18519,0,1,0,0,0,0,0,0,0,0.018054333,0.098034516,-0.07998018,0.10759648,-0.08954215,0.05496849,-0.03691416,0.050070807,-0.032016475,0.028920308,-0.010865975,0.12194562,-0.10389128,0.035781626,0.12602252,-0.090240896,0.13350902,-0.0977274,0.06746753,-0.031685907,0.08760305,-0.05182142,0.06913613,-0.033354502,0.123430915,-0.087649286
18520,0,0,1,1,1,0,0,0,0,0.51679134,0.62049174,-0.1037004,0.15960927,0.3571821,0.41379905,0.102992296,0.42945734,0.08733401,0.52977693,-0.012985587,0.25054345,0.2662479,0.20271519,0.2246237,-0.021908507,0.15220004,0.050515145,0.23967627,-0.03696108,0.24485208,-0.042136893,0.16473234,0.03798285,0.21939132,-0.016676128
18548,0,0,0,1,0,0,0,0,0,0.037793767,0.30379575,-0.266002,0.1749313,-0.13713753,0.2002441,-0.16245033,0.07456216,-0.036768395,0.10303652,-0.06524275,0.19754525,-0.15975147,0.08747258,0.15470316,-0.067230575,0.254782,-0.1673094,0.15847006,-0.070997484,0.16284439,-0.07537181,0.09801934,-0.010546759,0.31228095,-0.22480837
18592,0,0,0,0,1,0,0,0,0,0.08173431,0.27250552,-0.19077122,0.06090456,0.020829748,0.079061985,0.002672322,0.073764496,0.007969812,0.12980428,-0.048069976,0.0588635,0.022870809,0.12142926,0.11926336,0.0021658987,0.07829165,0.04313761,0.1359242,-0.014494948,0.121922225,-0.00049296767,0.16558982,-0.044160567,0.090887085,0.030542172
18612,0,1,0,0,0,0,0,0,0,0.0062119653,0.0594807,-0.053268734,0.0708147,-0.06460273,0.024043659,-0.017831694,0.017598923,-0.011386958,0.016819268,-0.010607303,0.045229234,-0.039017268,0.021914287,0.09570663,-0.07379234,0.18634447,-0.16443019,0.029711625,-0.007797338,0.08796094,-0.066046655,0.04794452,-0.026030233,0.09611638,-0.07420209
18620,0,1,0,0,0,0,0,0,0,0.03245912,0.11900288,-0.086543754,0.07866691,-0.04620779,0.052351624,-0.019892503,0.054783527,-0.022324406,0.057902414,-0.025443293,0.07215906,-0.03969994,0.049094778,0.1453631,-0.096268326,0.24653912,-0.19744433,0.057653986,-0.008559208,0.17472728,-0.1256325,0.10509475,-0.055999976,0.1663318,-0.11723702
18638,0,0,0,1,0,0,0,0,0,0.13458754,0.30544782,-0.17086028,0.29339522,-0.15880768,0.18469636,-0.05010882,0.24939743,-0.114809886,0.18667895,-0.052091405,0.3043726,-0.16978507,0.16468321,0.21262245,-0.04793924,0.1922823,-0.027599096,0.15026931,0.014413893,0.19329764,-0.028614432,0.15891437,0.0057688355,0.21910991,-0.0544267
18639,0,1,0,0,0,0,0,0,0,0.05969342,0.17620514,-0.116511725,0.15464415,-0.09495073,0.102097385,-0.042403966,0.13950682,-0.0798134,0.06180804,-0.00211462,0.19203615,-0.13234273,0.0592877,0.14327458,-0.08398688,0.103186965,-0.043899264,0.06589148,-0.006603781,0.17260835,-0.11332065,0.12003548,-0.060747776,0.11082413,-0.05153643
18644,1,0,0,0,1,0,1,0,0,0.24099988,0.3930717,-0.15207183,0.22921363,0.011786252,0.24195215,-0.0009522736,0.22776149,0.013238385,0.31366694,-0.07266706,0.24217805,-0.0011781752,0.23618521,0.2559831,-0.019797906,0.20360862,0.03257659,0.25088206,-0.014696851,0.23198451,0.004200697,0.23560694,0.00057826936,0.23275161,0.0034336
18656,0,1,0,0,0,0,0,0,0,0.022290612,0.17723446,-0.15494384,0.2394046,-0.21711399,0.09838874,-0.07609813,0.06200946,-0.03971885,0.043199915,-0.020909304,0.20009866,-0.17780805,0.055296954,0.14032592,-0.08502896,0.20792146,-0.1526245,0.10379717,-0.048500214,0.1496184,-0.094321445,0.09896521,-0.04366826,0.21814883,-0.16285187
18661,0,1,0,0,0,0,0,0,0,0.014754189,0.101626,-0.08687181,0.08512856,-0.07037437,0.039742235,-0.024988046,0.025105469,-0.01035128,0.03740747,-0.02265328,0.066776805,-0.052022614,0.028972069,0.12466144,-0.09568937,0.1026849,-0.07371283,0.040802713,-0.011830645,0.07575655,-0.046784483,0.07413699,-0.04516492,0.08847291,-0.059500843
18671,0,0,0,1,0,0,0,0,0,0.13070358,0.4212359,-0.2905323,0.23851392,-0.10781033,0.17754771,-0.046844125,0.21523951,-0.08453593,0.184589,-0.053885415,0.26629516,-0.13559158,0.13690457,0.2038453,-0.06694074,0.099529065,0.037375502,0.11837927,0.018525295,0.15031344,-0.0134088695,0.14411198,-0.0072074085,0.10766069,0.029243879
18673,0,1,0,0,0,0,0,0,0,0.019268533,0.17653015,-0.15726162,0.11738099,-0.09811246,0.05606319,-0.036794655,0.057157446,-0.037888914,0.043153554,-0.023885021,0.11867637,-0.09940784,0.06945836,0.18007298,-0.11061462,0.17596574,-0.10650738,0.098417096,-0.028958738,0.1551684,-0.08571004,0.11941911,-0.049960755,0.17118733,-0.10172897
18676,1,0,1,0,0,0,1,0,0,0.11125483,0.1814004,-0.07014557,0.19024177,-0.078986935,0.17547587,-0.06422103,0.17337403,-0.062119193,0.15044999,-0.039195158,0.20029168,-0.089036845,0.20451507,0.079133585,0.12538148,0.28076395,-0.076248884,0.25484172,-0.050326645,0.20604663,-0.0015315562,0.17796806,0.026547015,0.23899285,-0.034477785
18708,0,0,1,0,0,0,0,0,0,0.17956667,0.23033595,-0.050769284,0.2931944,-0.11362775,0.25656268,-0.07699601,0.16829681,0.0112698525,0.19414075,-0.014574081,0.26208064,-0.08251397,0.13809203,0.1726136,-0.03452158,0.25839606,-0.12030403,0.2001374,-0.06204538,0.1735917,-0.035499677,0.15279129,-0.014699265,0.21403183,-0.075939804
18710,0,0,0,1,1,0,0,0,0,0.12692066,0.13159078,-0.004670128,0.09278302,0.034137636,0.12196247,0.0049581826,0.111329354,0.015591301,0.15518492,-0.02826427,0.10135027,0.025570385,0.11563875,0.07716838,0.038470365,0.10325322,0.012385525,0.11824533,-0.0026065856,0.1253185,-0.00967975,0.13107228,-0.015433535,0.08946641,0.02617234
18712,1,0,1,0,1,0,1,0,0,0.51832014,0.49325627,0.025063872,0.4603657,0.05795443,0.56197107,-0.043650925,0.35762557,0.16069457,0.56590265,-0.047582507,0.4382077,0.08011246,0.6507013,0.29110742,0.35959387,0.47105116,0.17965013,0.6505894,0.00011187792,0.43118006,0.21952122,0.5990053,0.051696002,0.40875092,0.24195036
18737,0,0,0,0,1,0,0,0,0,0.038855046,0.3532491,-0.31439406,0.055884574,-0.017029528,0.070640884,-0.03178584,0.034555722,0.004299324,0.057125542,-0.018270496,0.052920792,-0.014065746,0.04321236,0.18092667,-0.1377143,0.06375578,-0.020543419,0.07069746,-0.027485095,0.03647129,0.006741073,0.0642827,-0.021070339,0.047777813,-0.0045654513
18739,0,0,0,0,1,0,0,0,0,0.30119702,0.21949212,0.0817049,0.25677848,0.044418544,0.28232867,0.018868357,0.29542097,0.0057760477,0.33192924,-0.030732214,0.24381046,0.057386562,0.21717013,0.14111345,0.07605669,0.2326468,-0.015476659,0.23948416,-0.022314027,0.22822878,-0.011058643,0.19225404,0.024916098,0.18720114,0.029968992
18740,0,0,0,0,1,0,0,0,0,0.018117238,0.084583014,-0.06646578,0.0832596,-0.06514236,0.050665233,-0.032547995,0.03638122,-0.01826398,0.032050535,-0.013933297,0.095135465,-0.07701823,0.029459387,0.09906573,-0.06960634,0.07132524,-0.041865855,0.045625832,-0.016166445,0.048729237,-0.01926985,0.08807276,-0.058613375,0.0648832,-0.035423815
18742,0,1,0,0,0,0,0,0,0,0.028560089,0.14758106,-0.11902097,0.120423496,-0.09186341,0.0733887,-0.044828616,0.06759344,-0.039033353,0.04817066,-0.01961057,0.14445704,-0.115896955,0.046368264,0.15127742,-0.10490916,0.22079529,-0.17442703,0.07716053,-0.030792266,0.1415458,-0.09517754,0.09461555,-0.048247285,0.1814576,-0.13508934
18752,0,0,1,1,1,0,0,0,0,0.14767087,0.29135576,-0.1436849,0.1114974,0.036173463,0.15598434,-0.008313477,0.0802465,0.067424364,0.18335965,-0.035688788,0.091747776,0.05592309,0.09652795,0.06885881,0.02766914,0.08025234,0.016275607,0.08460146,0.011926487,0.08491333,0.011614621,0.08319817,0.013329782,0.044225767,0.05230218
18756,0,0,1,0,1,0,0,0,0,0.45910686,0.52866185,-0.069554985,0.19438355,0.2647233,0.3313245,0.12778237,0.38703275,0.072074115,0.5318305,-0.07272363,0.23280245,0.22630441,0.24329615,0.22031356,0.022982582,0.17883621,0.064459935,0.2812132,-0.037917048,0.21927027,0.024025872,0.18457854,0.05871761,0.19067264,0.05262351
18758,0,0,0,0,1,0,0,0,0,0.029229656,0.2851036,-0.25587392,0.11664845,-0.087418795,0.0542917,-0.025062043,0.09038653,-0.061156876,0.060139667,-0.030910011,0.15898062,-0.12975097,0.0516733,0.17645308,-0.12477978,0.14877738,-0.09710408,0.046920855,0.004752446,0.15213789,-0.10046459,0.09773119,-0.046057887,0.12882999,-0.077156685
18761,0,1,0,0,0,0,0,0,0,0.11321159,0.2919805,-0.17876892,0.23331587,-0.12010428,0.14845805,-0.03524646,0.14656486,-0.03335327,0.18666789,-0.0734563,0.19150439,-0.0782928,0.11828943,0.23230904,-0.11401961,0.21081644,-0.09252701,0.092180595,0.026108839,0.1699004,-0.05161097,0.17618498,-0.05789555,0.1988607,-0.08057127
18762,0,0,0,0,1,0,0,0,0,0.19387385,0.33336362,-0.13948977,0.17168556,0.022188291,0.26931465,-0.075440794,0.22397383,-0.030099973,0.22351083,-0.02963698,0.24208412,-0.048210263,0.13326968,0.26096973,-0.12770005,0.13113986,0.002129823,0.20065881,-0.06738913,0.11286681,0.020402871,0.20276886,-0.06949918,0.13686223,-0.0035925508
18775,0,0,0,1,1,0,0,0,0,0.044123605,0.07698579,-0.032862186,0.10453581,-0.060412206,0.05225657,-0.008132964,0.09344042,-0.049316816,0.060587555,-0.01646395,0.092956275,-0.04883267,0.061170682,0.12367831,-0.06250763,0.18981065,-0.12863997,0.08881912,-0.027648434,0.18681343,-0.12564275,0.11324845,-0.05207777,0.1502844,-0.08911371
18777,0,0,0,1,0,0,0,0,0,0.084511384,0.29825875,-0.21374737,0.16915998,-0.084648594,0.28288296,-0.19837157,0.16947459,-0.0849632,0.1789027,-0.094391316,0.18078667,-0.096275285,0.09310842,0.10046761,-0.0073591843,0.26066986,-0.16756144,0.16061917,-0.06751075,0.15498956,-0.061881132,0.109239124,-0.0161307,0.20104367,-0.10793524
18797,0,0,0,1,1,0,0,0,0,0.18400787,0.52894795,-0.34494007,0.1906158,-0.006607935,0.17433056,0.009677306,0.22192785,-0.037919983,0.21957646,-0.035568595,0.24239078,-0.058382913,0.17174695,0.26308286,-0.09133591,0.17817202,-0.006425068,0.16974965,0.001997307,0.19202095,-0.020273998,0.17965747,-0.00791052,0.19053778,-0.018790826
18802,0,1,0,0,0,0,0,0,0,0.022391539,0.30917454,-0.286783,0.1379645,-0.11557296,0.066088945,-0.043697406,0.06604435,-0.043652814,0.044103563,-0.021712024,0.1395732,-0.11718166,0.042346235,0.17149505,-0.12914881,0.23746084,-0.1951146,0.059303474,-0.016957238,0.12370435,-0.08135812,0.07894636,-0.036600124,0.13933666,-0.09699042
18808,0,0,1,0,0,0,0,0,0,0.095857486,0.15298095,-0.057123467,0.1636032,-0.067745715,0.13239077,-0.03653328,0.14311348,-0.047255993,0.12485619,-0.028998703,0.19476415,-0.098906666,0.09105192,0.14774849,-0.056696564,0.11235322,-0.0213013,0.09146629,-0.0004143715,0.1783269,-0.08727498,0.16317452,-0.0721226,0.13737147,-0.046319544
18831,0,0,0,1,0,0,0,0,0,0.059400562,0.12861565,-0.06921509,0.17272957,-0.11332901,0.0995253,-0.04012474,0.08587736,-0.026476797,0.08074987,-0.021349307,0.1881197,-0.12871914,0.058088128,0.12067779,-0.06258966,0.0885101,-0.030421976,0.04988387,0.008204259,0.08486515,-0.026777025,0.096122086,-0.03803396,0.077643126,-0.019554999
18847,0,1,0,0,0,0,0,0,0,0.009632789,0.032237392,-0.022604603,0.12837993,-0.11874714,0.032475542,-0.022842754,0.022451684,-0.012818895,0.018806653,-0.0091738645,0.052721545,-0.043088757,0.01872652,0.095129214,-0.076402694,0.16467759,-0.14595106,0.029091496,-0.010364976,0.07553007,-0.056803547,0.040098436,-0.021371916,0.097501785,-0.078775264
18859,0,0,1,1,1,0,0,0,0,0.19266488,0.4136626,-0.22099774,0.16878802,0.02387686,0.20392983,-0.01126495,0.18629654,0.006368339,0.26436204,-0.07169716,0.16804548,0.0246194,0.19361976,0.27931145,-0.08569169,0.13552587,0.05809389,0.17274842,0.020871341,0.16808926,0.025530502,0.23126003,-0.037640274,0.110809594,0.08281016
18882,0,1,0,0,0,0,0,0,0,0.061553895,0.21684454,-0.15529065,0.24930249,-0.1877486,0.14256206,-0.081008166,0.087361716,-0.02580782,0.09895192,-0.037398025,0.24947326,-0.18791936,0.0489101,0.14745292,-0.098542824,0.22728689,-0.1783768,0.09679786,-0.04788776,0.10279514,-0.05388504,0.085628346,-0.036718246,0.17672214,-0.12781204
18888,0,1,0,0,0,0,0,0,0,0.05432704,0.0969349,-0.04260786,0.12595218,-0.07162514,0.0762957,-0.021968663,0.10685602,-0.052528977,0.074684635,-0.020357594,0.17356649,-0.11923945,0.046400946,0.0880847,-0.041683752,0.07045091,-0.024049964,0.053794596,-0.0073936507,0.10568784,-0.059286896,0.11400409,-0.06760314,0.07828074,-0.031879794
18891,0,0,0,1,0,0,0,0,0,0.050927576,0.21685256,-0.16592498,0.17941032,-0.12848274,0.05969759,-0.008770015,0.10557108,-0.054643508,0.08616058,-0.035233002,0.12516588,-0.0742383,0.11799367,0.21793872,-0.09994505,0.20383893,-0.08584526,0.08804228,0.029951386,0.21579511,-0.09780145,0.15885133,-0.040857658,0.15656921,-0.038575545
18914,0,0,0,1,0,0,0,0,0,0.1410341,0.25181898,-0.11078489,0.21815655,-0.07712245,0.19964902,-0.058614925,0.14447404,-0.003439948,0.21048604,-0.06945194,0.21098125,-0.06994715,0.15037173,0.20250483,-0.0521331,0.1419516,0.008420125,0.18466048,-0.03428875,0.16720904,-0.016837314,0.16532955,-0.014957815,0.18525866,-0.034886926
18916,0,0,0,1,0,0,0,0,0,0.25161308,0.41721562,-0.16560254,0.14305708,0.108556,0.3250014,-0.07338831,0.39201242,-0.14039934,0.44455957,-0.1929465,0.26886144,-0.017248362,0.11980066,0.17682411,-0.05702345,0.3755622,-0.25576153,0.21477376,-0.0949731,0.1994747,-0.07967405,0.1872512,-0.06745054,0.35882026,-0.2390196
18937,0,0,1,0,0,0,0,0,0,0.05036987,0.25395706,-0.20358719,0.13940832,-0.08903845,0.13218725,-0.08181737,0.07080436,-0.020434488,0.06447793,-0.014108058,0.20213369,-0.15176381,0.0799677,0.2096002,-0.1296325,0.10938119,-0.029413491,0.1329812,-0.053013496,0.121637955,-0.041670255,0.09590939,-0.015941687,0.16140234,-0.081434645
18974,0,0,0,1,0,0,0,0,0,0.060702264,0.27979732,-0.21909505,0.2992582,-0.23855594,0.15614544,-0.095443174,0.11893412,-0.058231853,0.13345024,-0.072747976,0.26697123,-0.20626897,0.08180352,0.18829042,-0.106486894,0.2723612,-0.19055766,0.13946937,-0.057665847,0.20035376,-0.11855023,0.16623662,-0.0844331,0.24445152,-0.16264799
18982,0,1,0,0,0,0,0,0,0,0.10338123,0.29850623,-0.195125,0.15544778,-0.05206655,0.13076265,-0.02738142,0.12522107,-0.021839842,0.19909999,-0.09571876,0.18415801,-0.08077678,0.1085496,0.1555954,-0.047045805,0.19843282,-0.089883216,0.11002306,-0.0014734566,0.17615685,-0.06760725,0.14450395,-0.03595435,0.20718788,-0.098638274
19017,0,0,0,0,1,0,0,0,0,0.04118274,0.13595247,-0.09476973,0.21025354,-0.1690708,0.11080696,-0.069624215,0.07512808,-0.033945337,0.08314786,-0.04196512,0.17371906,-0.13253632,0.13968256,0.16884744,-0.02916488,0.2399514,-0.10026884,0.113130726,0.026551835,0.22092554,-0.08124298,0.23865634,-0.09897378,0.20784563,-0.06816307
19042,0,1,0,0,0,0,0,0,0,0.011021656,0.09090125,-0.07987959,0.23099227,-0.21997061,0.052099843,-0.041078188,0.023360036,-0.01233838,0.020463279,-0.0094416225,0.091470495,-0.080448836,0.02467121,0.15749688,-0.13282567,0.30831507,-0.28364387,0.07270081,-0.0480296,0.10989605,-0.08522484,0.048722822,-0.024051612,0.1996411,-0.17496988
19053,0,0,0,0,1,0,0,0,0,0.014319898,0.07742472,-0.06310482,0.08456578,-0.070245884,0.03888823,-0.024568334,0.038535085,-0.024215188,0.038151704,-0.023831807,0.07662456,-0.06230466,0.049333654,0.1423845,-0.093050845,0.14088173,-0.09154808,0.06771637,-0.018382713,0.15169974,-0.10236608,0.123747654,-0.074414,0.13833918,-0.08900552
19054,0,0,0,0,1,0,0,0,0,0.13519149,0.30456442,-0.16937293,0.06847764,0.06671385,0.13465579,0.00053569674,0.10978097,0.025410518,0.20686425,-0.07167277,0.07713791,0.058053575,0.06355307,0.08638748,-0.022834405,0.061104603,0.0024484694,0.06401922,-0.00046614558,0.07124605,-0.007692978,0.091066465,-0.027513392,0.070900135,-0.007347062
19067,0,0,0,0,1,0,0,0,0,0.06342056,0.13125822,-0.06783766,0.06751052,-0.0040899664,0.085384786,-0.02196423,0.06136937,0.0020511858,0.06768597,-0.0042654127,0.062433984,0.0009865724,0.053167645,0.075585924,-0.02241828,0.089272164,-0.03610452,0.04598608,0.007181566,0.059027404,-0.0058597587,0.07552466,-0.022357013,0.045875102,0.0072925426
19074,0,0,0,1,1,0,0,0,0,0.058960304,0.16041668,-0.101456374,0.17538656,-0.11642626,0.07369165,-0.014731348,0.13729991,-0.07833961,0.097356245,-0.03839594,0.15905102,-0.10009071,0.12431482,0.17582715,-0.051512323,0.24195537,-0.11764055,0.11064199,0.013672829,0.2634145,-0.13909969,0.19499484,-0.070680015,0.21929571,-0.09498089
19077,0,1,0,0,0,0,0,0,0,0.01732224,0.12410585,-0.106783606,0.13944411,-0.12212187,0.07447353,-0.057151288,0.059163045,-0.041840807,0.028869314,-0.011547074,0.16217238,-0.14485013,0.026350023,0.1541127,-0.12776268,0.12585507,-0.09950505,0.049067207,-0.022717183,0.09011764,-0.06376762,0.061130088,-0.034780063,0.11134355,-0.08499353
19081,0,0,0,1,0,0,0,0,0,0.00961553,0.07600595,-0.06639042,0.09051195,-0.080896415,0.032863613,-0.023248084,0.02550488,-0.01588935,0.019577913,-0.009962383,0.064088166,-0.054472636,0.033740953,0.1505989,-0.116857946,0.14099085,-0.1072499,0.036897693,-0.0031567402,0.14417066,-0.110429704,0.05509028,-0.021349326,0.10460035,-0.070859395
19097,0,0,1,0,1,0,0,0,0,0.29713765,0.20221296,0.09492469,0.38357264,-0.08643499,0.31202474,-0.0148870945,0.2525282,0.044609457,0.3138069,-0.016669244,0.2924933,0.0046443343,0.20947954,0.10647079,0.10300875,0.27616304,-0.0666835,0.24909781,-0.03961827,0.19618271,0.013296828,0.17337754,0.036101997,0.1880631,0.02141644
19104,0,0,0,0,1,0,0,0,0,0.17099932,0.13845243,0.032546893,0.14651513,0.024484187,0.15118304,0.01981628,0.24450761,-0.07350829,0.1937099,-0.022710577,0.25811282,-0.0871135,0.1380108,0.083618015,0.054392785,0.08382216,0.05418864,0.10581906,0.03219174,0.13407385,0.0039369464,0.1669405,-0.028929695,0.100499414,0.037511386
19134,0,0,0,1,0,0,0,0,0,0.13935284,0.29925275,-0.1598999,0.1368433,0.0025095493,0.19098143,-0.05162859,0.18305294,-0.0437001,0.2103411,-0.07098825,0.23611945,-0.096766606,0.13705784,0.1720006,-0.03494276,0.100118354,0.036939487,0.1131573,0.023900539,0.1499625,-0.012904659,0.1317376,0.005320236,0.12843898,0.008618861
19147,0,0,0,1,0,0,0,0,0,0.027637467,0.13316342,-0.105525956,0.20832546,-0.180688,0.052118,-0.024480533,0.05740264,-0.029765174,0.057853587,-0.03021612,0.09018877,-0.062551305,0.041969597,0.09671633,-0.054746732,0.27363938,-0.23166978,0.048362203,-0.0063926056,0.10269672,-0.06072712,0.08829654,-0.046326943,0.12095761,-0.078988016
19164,0,0,1,1,0,0,0,0,0,0.31648618,0.4203407,-0.10385451,0.2113862,0.105099976,0.29087374,0.025612444,0.32968852,-0.013202339,0.37122944,-0.05474326,0.28670764,0.02977854,0.23635586,0.22990616,0.0064496994,0.27274457,-0.03638871,0.29521966,-0.058863804,0.27402142,-0.03766556,0.24887076,-0.012514904,0.3041032,-0.06774734
19187,0,0,0,0,1,0,0,0,0,0.04222362,0.15341116,-0.11118755,0.09162545,-0.04940183,0.05972233,-0.01749871,0.1090016,-0.066777974,0.07833105,-0.036107432,0.112890095,-0.07066648,0.108130194,0.17467307,-0.06654287,0.18557818,-0.07744799,0.0831882,0.024941996,0.20515104,-0.09702084,0.18027022,-0.07214003,0.13047832,-0.022348128
19208,0,1,0,0,0,0,0,0,0,0.03307167,0.16211455,-0.12904288,0.26988533,-0.23681366,0.10672462,-0.07365295,0.0656813,-0.03260963,0.047059033,-0.013987362,0.17768785,-0.14461619,0.044173133,0.15600358,-0.11183044,0.19344316,-0.14927003,0.08723436,-0.04306123,0.11659606,-0.07242292,0.08175415,-0.037581015,0.12734874,-0.0831756
19209,0,0,1,0,0,0,0,0,0,0.055836286,0.28226128,-0.22642499,0.17659652,-0.12076023,0.1759924,-0.12015611,0.07270245,-0.016866166,0.0901961,-0.034359816,0.24301194,-0.18717565,0.05823923,0.22758235,-0.16934311,0.15640612,-0.09816689,0.1158348,-0.057595573,0.12520815,-0.066968925,0.0910104,-0.03277117,0.19086929,-0.13263005
19213,0,1,0,0,0,0,0,0,0,0.03738638,0.09466714,-0.057280757,0.06159478,-0.0242084,0.045706507,-0.008320127,0.08446524,-0.047078863,0.057564404,-0.020178024,0.08251237,-0.04512599,0.049485926,0.10428711,-0.054801185,0.06673085,-0.017244924,0.042084325,0.0074016005,0.10724245,-0.057756525,0.11811762,-0.06863169,0.06880021,-0.019314285
19217,0,1,0,0,0,0,0,0,0,0.03715592,0.16540037,-0.12824446,0.108918086,-0.07176217,0.051116034,-0.013960116,0.050690975,-0.013535056,0.08072581,-0.043569893,0.07852161,-0.04136569,0.043808997,0.17439623,-0.13058724,0.18688388,-0.14307489,0.04466927,-0.00086027384,0.14820586,-0.104396865,0.1076896,-0.0638806,0.13837893,-0.09456994
19226,0,0,1,0,0,0,0,0,0,0.07065024,0.22088328,-0.15023303,0.20941946,-0.13876921,0.17767501,-0.10702477,0.06838181,0.0022684336,0.09978237,-0.029132128,0.20030186,-0.1296516,0.056527674,0.20953056,-0.15300289,0.083143786,-0.026616111,0.079664014,-0.02313634,0.06999304,-0.013465367,0.11670038,-0.060172707,0.072834074,-0.0163064
19231,0,1,0,0,0,0,0,0,0,0.03743082,0.08218144,-0.04475062,0.15641403,-0.11898321,0.06482941,-0.02739859,0.0902613,-0.052830484,0.046040304,-0.008609485,0.121862926,-0.08443211,0.06105837,0.12446677,-0.063408405,0.15467775,-0.09361938,0.07014034,-0.009081971,0.24590747,-0.1848491,0.09362978,-0.03257141,0.17171547,-0.110657096
19250,0,0,1,0,0,0,0,0,0,0.07282754,0.3239359,-0.25110835,0.26728514,-0.19445759,0.18598656,-0.11315902,0.123495385,-0.050667845,0.14329179,-0.070464246,0.23705263,-0.1642251,0.07903588,0.165839,-0.08680312,0.18713966,-0.10810378,0.09496164,-0.015925765,0.12926881,-0.050232932,0.1307828,-0.05174692,0.14886445,-0.06982857
19251,0,0,1,0,0,0,0,0,0,0.146846,0.4595714,-0.3127254,0.34328791,-0.19644192,0.2896406,-0.14279461,0.15918902,-0.012343019,0.20869045,-0.061844453,0.31417847,-0.16733247,0.13216224,0.27608818,-0.14392594,0.19582875,-0.06366651,0.21680059,-0.08463834,0.123370275,0.008791968,0.19887479,-0.06671254,0.21709289,-0.08493064
19254,0,1,0,0,0,0,0,0,0,0.13845755,0.4245173,-0.28605974,0.23928694,-0.10082939,0.21722493,-0.078767374,0.20514898,-0.06669143,0.22230142,-0.08384387,0.25845474,-0.11999719,0.14638343,0.23248614,-0.08610271,0.24954052,-0.10315709,0.19068184,-0.04429841,0.17045897,-0.024075538,0.18313375,-0.036750317,0.21347804,-0.06709461
19256,0,1,0,0,0,0,0,0,0,0.06301311,0.21433593,-0.15132283,0.114705324,-0.051692218,0.08781288,-0.024799772,0.0704475,-0.0074343905,0.10843704,-0.045423932,0.12120929,-0.058196187,0.07216436,0.17034261,-0.09817825,0.091517,-0.019352645,0.093027726,-0.02086337,0.10160777,-0.029443413,0.12433953,-0.05217517,0.11893666,-0.0467723
19267,1,0,1,1,0,0,1,0,0,0.2922694,0.555476,-0.2632066,0.34594476,-0.053675354,0.34643942,-0.054170012,0.27436247,0.017906934,0.34497425,-0.05270484,0.34060335,-0.048333943,0.377758,0.4019981,-0.024240106,0.24268638,0.13507162,0.3448582,0.032899797,0.29346052,0.08429748,0.34072253,0.037035465,0.25415865,0.12359935
19268,0,0,1,0,0,0,0,0,0,0.12172043,0.24830647,-0.12658603,0.13260257,-0.010882139,0.1289687,-0.0072482675,0.1332303,-0.0115098655,0.22189978,-0.100179344,0.14975499,-0.028034553,0.1741941,0.19935259,-0.025158495,0.17620052,-0.0020064265,0.19621804,-0.022023946,0.18863739,-0.014443293,0.17057908,0.0036150217,0.19617629,-0.021982193
19271,0,1,0,0,0,0,0,0,0,0.011715883,0.0685262,-0.05681032,0.08763524,-0.07591936,0.04136873,-0.029652847,0.023786925,-0.012071041,0.025004424,-0.013288541,0.062344722,-0.05062884,0.017162282,0.096202895,-0.07904062,0.1425673,-0.12540503,0.0341956,-0.017033316,0.07533877,-0.05817649,0.039015543,-0.02185326,0.10110643,-0.08394414
19286,0,1,0,0,0,0,0,0,0,0.024046166,0.13875091,-0.11470474,0.21361557,-0.1895694,0.06436251,-0.040316343,0.05011599,-0.026069826,0.053245615,-0.02919945,0.11623572,-0.09218955,0.056065183,0.18096384,-0.12489866,0.21943463,-0.16336945,0.059435576,-0.003370393,0.173169,-0.117103815,0.11137637,-0.055311184,0.17568836,-0.11962317
19287,0,1,0,0,0,0,0,0,0,0.056340348,0.24237616,-0.18603581,0.23785211,-0.18151176,0.16376649,-0.10742614,0.11996427,-0.06362392,0.096306615,-0.039966267,0.24610895,-0.1897686,0.058643557,0.14972736,-0.0910838,0.23982461,-0.18118104,0.09910008,-0.040456526,0.15111473,-0.092471175,0.08821084,-0.029567286,0.19501035,-0.13636678
19291,0,1,0,0,0,0,0,0,0,0.10498914,0.1708231,-0.065833956,0.09825216,0.006736979,0.111444645,-0.0064555034,0.11002912,-0.0050399825,0.17410547,-0.069116324,0.11961157,-0.0146224275,0.07512688,0.114461794,-0.039334916,0.1038036,-0.028676718,0.06680855,0.008318327,0.124067634,-0.048940755,0.12196393,-0.046837054,0.10945369,-0.034326814
19293,0,1,0,0,0,0,0,0,0,0.06283238,0.13902096,-0.07618859,0.116313115,-0.053480737,0.05568155,0.007150829,0.11276673,-0.04993435,0.09402038,-0.031188004,0.10236028,-0.0395279,0.08996178,0.13044803,-0.040486246,0.19449987,-0.10453808,0.081920125,0.0080416575,0.23567939,-0.1457176,0.1679954,-0.07803361,0.18834025,-0.098378465
19305,0,0,0,1,0,0,0,0,0,0.09674458,0.163772,-0.06702742,0.2011128,-0.104368225,0.10496383,-0.00821925,0.1459788,-0.04923421,0.1241238,-0.027379215,0.17218068,-0.0754361,0.10629652,0.14149104,-0.035194524,0.13570842,-0.029411905,0.08935025,0.016946264,0.13967033,-0.03337381,0.11531387,-0.009017356,0.13895822,-0.0326617
19314,0,1,0,0,0,0,0,0,0,0.06304769,0.29307148,-0.23002379,0.16258936,-0.099541664,0.08966051,-0.026612818,0.09411789,-0.031070195,0.10557427,-0.04252658,0.15576865,-0.092720956,0.08770339,0.22992328,-0.14221989,0.13360013,-0.04589674,0.10182005,-0.01411666,0.1639543,-0.07625091,0.14985844,-0.062155053,0.1486964,-0.060993
19316,0,0,0,0,1,0,0,0,0,0.14354652,0.21468067,-0.07113415,0.081421696,0.062124826,0.13376008,0.009786442,0.11348651,0.030060008,0.15525055,-0.011704028,0.09595988,0.047586642,0.1516127,0.21275668,-0.06114398,0.087681554,0.063931145,0.16557957,-0.013966873,0.14267838,0.008934319,0.1672122,-0.015599504,0.103805035,0.047807664
19324,0,1,0,0,0,0,0,0,0,0.029529516,0.17513113,-0.14560162,0.19932291,-0.1697934,0.100896135,-0.07136662,0.073300906,-0.04377139,0.07553779,-0.046008278,0.19836216,-0.16883264,0.046362583,0.16602832,-0.11966574,0.1498496,-0.103487015,0.052852508,-0.006489925,0.12852028,-0.0821577,0.09007122,-0.04370864,0.12089924,-0.07453665
19328,0,0,1,0,0,0,0,0,0,0.2524839,0.45498118,-0.20249727,0.27147153,-0.018987626,0.3893265,-0.13684261,0.19975358,0.052730322,0.3024212,-0.049937308,0.35060412,-0.09812021,0.21923178,0.2513403,-0.032108516,0.32884276,-0.109610975,0.40244249,-0.1832107,0.20731114,0.011920646,0.22625425,-0.0070224702,0.3277644,-0.10853261
19330,0,0,0,1,0,0,0,0,0,0.05999427,0.14642327,-0.086429,0.16440764,-0.104413375,0.078811325,-0.018817056,0.10106024,-0.041065972,0.10033424,-0.040339973,0.14452909,-0.084534824,0.093186684,0.17808755,-0.08490086,0.1910185,-0.09783182,0.06982775,0.023358934,0.21482907,-0.12164239,0.16569035,-0.07250366,0.20174564,-0.10855896
19333,0,1,0,0,0,0,0,0,0,0.014998235,0.079402134,-0.0644039,0.081536375,-0.06653814,0.03969706,-0.024698824,0.04135223,-0.026353996,0.04247824,-0.027480006,0.07351341,-0.058515176,0.061281558,0.11661389,-0.05533233,0.16189773,-0.10061617,0.07335988,-0.012078319,0.16568513,-0.10440357,0.11824533,-0.056963775,0.15040478,-0.08912322
19334,0,0,0,0,1,0,0,0,0,0.01105214,0.059753586,-0.048701447,0.053458028,-0.04240589,0.028235637,-0.017183498,0.02355828,-0.012506139,0.019675963,-0.008623823,0.052064717,-0.041012578,0.019311622,0.12627956,-0.10696794,0.10563307,-0.08632145,0.02745714,-0.008145519,0.08422085,-0.06490923,0.050566476,-0.031254854,0.07173255,-0.05242093
19345,0,0,0,1,0,0,0,0,0,0.06977765,0.17984298,-0.110065326,0.17719488,-0.107417226,0.10842992,-0.03865227,0.15094236,-0.0811647,0.15548104,-0.08570339,0.16590723,-0.09612958,0.11862825,0.12784067,-0.009212419,0.33202055,-0.2133923,0.25064552,-0.13201727,0.19889979,-0.08027154,0.113280274,0.0053479746,0.38567337,-0.26704514
19350,0,1,0,0,0,0,0,0,0,0.0072155963,0.04343293,-0.036217332,0.08159094,-0.07437535,0.030190077,-0.02297448,0.019331178,-0.012115581,0.015887907,-0.00867231,0.06423347,-0.05701787,0.017580993,0.0881396,-0.07055861,0.15985006,-0.14226907,0.031638015,-0.014057022,0.07118341,-0.05360242,0.041507978,-0.023926985,0.09409725,-0.076516256
19353,0,0,0,0,1,0,0,0,0,0.07746917,0.17232995,-0.09486078,0.07752248,-5.3308904e-05,0.10050967,-0.023040503,0.07525046,0.0022187084,0.121274985,-0.043805815,0.074007116,0.0034620538,0.09347236,0.06847072,0.025001645,0.12193876,-0.028466396,0.15087543,-0.057403073,0.07228066,0.021191701,0.11804008,-0.024567716,0.09492293,-0.0014505684
19370,0,0,0,0,1,0,0,0,0,0.12250468,0.25427124,-0.13176656,0.07249413,0.050010554,0.16037157,-0.03786689,0.087228365,0.035276316,0.16943945,-0.04693477,0.08779495,0.03470973,0.18221323,0.24475427,-0.06254104,0.12274912,0.059464112,0.23462372,-0.052410483,0.14883916,0.03337407,0.20863578,-0.026422545,0.13698447,0.045228764
19376,0,1,0,0,0,0,0,0,0,0.019378439,0.07387147,-0.054493032,0.081187196,-0.061808757,0.026865523,-0.0074870847,0.040194526,-0.020816088,0.047421496,-0.028043058,0.054095034,-0.034716595,0.08120431,0.15308172,-0.071877405,0.1850443,-0.10383999,0.07318933,0.008014977,0.18923761,-0.1080333,0.16135289,-0.08014858,0.13536206,-0.05415775
19388,0,0,1,0,1,0,0,0,0,0.20090263,0.13359605,0.06730658,0.22056308,-0.019660458,0.2524052,-0.05150257,0.16126837,0.039634258,0.21945563,-0.018553004,0.21666172,-0.015759096,0.15279987,0.1034063,0.049393572,0.14064626,0.012153611,0.1916107,-0.03881082,0.15029426,0.0025056154,0.1341694,0.018630475,0.13851647,0.014283404
19396,0,0,0,0,1,0,0,0,0,0.11562632,0.26089838,-0.14527206,0.093835786,0.021790534,0.16050363,-0.044877306,0.08816194,0.027464382,0.18209347,-0.06646715,0.09143723,0.024189092,0.15316372,0.17073797,-0.01757425,0.14631987,0.00684385,0.26857352,-0.11540981,0.09674769,0.056416027,0.17179912,-0.018635407,0.12519014,0.027973577
19402,0,0,0,0,1,0,0,0,0,0.02328205,0.24149263,-0.21821058,0.13445139,-0.11116934,0.0569734,-0.033691354,0.07814499,-0.05486294,0.045160156,-0.021878107,0.1711355,-0.14785345,0.044097796,0.16990578,-0.12580799,0.14317171,-0.09907392,0.04560147,-0.0015036725,0.18343161,-0.13933381,0.07335792,-0.029260121,0.14936718,-0.10526939
19408,0,0,1,1,0,0,0,0,0,0.20963751,0.46326223,-0.25362474,0.1785613,0.031076208,0.18556583,0.024071679,0.23084469,-0.021207184,0.27140513,-0.061767623,0.19595796,0.013679549,0.1830168,0.37688127,-0.19386446,0.15832928,0.024687529,0.20328951,-0.020272702,0.16211349,0.02090332,0.18551321,-0.0024964064,0.17859568,0.00442113
19409,0,0,0,0,1,0,0,0,0,0.13958484,0.27222145,-0.1326366,0.19802564,-0.058440804,0.12245502,0.017129816,0.29053685,-0.15095201,0.1901188,-0.050533965,0.16234423,-0.022759393,0.10577443,0.14002745,-0.034253016,0.110716276,-0.0049418435,0.059856277,0.045918155,0.18655615,-0.08078171,0.1400934,-0.03431897,0.095369354,0.0104050785
19412,0,1,0,0,0,0,0,0,0,0.28936875,0.4705745,-0.18120575,0.34115168,-0.051782936,0.30722192,-0.01785317,0.30527243,-0.015903682,0.35506567,-0.065696925,0.34488147,-0.055512726,0.23818949,0.26113835,-0.022948861,0.39998016,-0.16179067,0.23268817,0.005501315,0.28585938,-0.047669888,0.23900302,-0.0008135289,0.34454623,-0.10635674
19424,0,1,0,0,0,0,0,0,0,0.02843282,0.09426365,-0.06583083,0.13284855,-0.10441573,0.058292393,-0.029859573,0.04377823,-0.0153454095,0.05291406,-0.02448124,0.103839,-0.07540618,0.040045563,0.16272514,-0.12267958,0.15987226,-0.119826704,0.07281878,-0.032773215,0.100987814,-0.06094225,0.085199505,-0.045153942,0.14285855,-0.10281299
19427,0,0,1,0,0,0,0,0,0,0.17261936,0.52212286,-0.34950352,0.42733333,-0.25471395,0.32723954,-0.15462019,0.29667702,-0.124057665,0.25390553,-0.08128618,0.4044451,-0.23182575,0.36730438,0.38655928,-0.019254893,0.45281002,-0.085505635,0.45546797,-0.088163584,0.39739394,-0.030089557,0.44823003,-0.08092564,0.4459603,-0.07865593
19432,0,1,0,0,0,0,0,0,0,0.039986286,0.2585539,-0.21856761,0.31219593,-0.27220964,0.09307361,-0.05308732,0.13545136,-0.09546508,0.077850066,-0.03786378,0.21185674,-0.17187046,0.07479918,0.20809624,-0.13329706,0.26750523,-0.19270605,0.093551196,-0.018752016,0.19490328,-0.120104104,0.13827235,-0.063473165,0.20870692,-0.13390774
19461,0,1,0,1,0,0,0,0,0,0.0150436675,0.10849817,-0.0934545,0.16081972,-0.14577606,0.053178445,-0.038134776,0.027442869,-0.012399201,0.029582141,-0.014538473,0.079338826,-0.06429516,0.02452992,0.10619314,-0.08166322,0.23341188,-0.20888196,0.0452912,-0.02076128,0.09671906,-0.07218914,0.055572797,-0.031042876,0.11261178,-0.08808186
19466,0,1,0,0,0,0,0,0,0,0.05084276,0.24717027,-0.19632751,0.121733375,-0.07089062,0.14117713,-0.09033437,0.072491564,-0.021648806,0.06449609,-0.013653334,0.16916214,-0.11831938,0.047872994,0.15352426,-0.105651274,0.08897538,-0.041102383,0.099561505,-0.05168851,0.083330065,-0.03545707,0.07106379,-0.023190793,0.12315758,-0.075284585
19507,0,0,0,0,1,0,0,0,0,0.20247209,0.2017113,0.0007607937,0.11235464,0.09011745,0.1674158,0.035056293,0.19814506,0.004327029,0.24451599,-0.042043895,0.13122994,0.07124215,0.12750603,0.10392933,0.0235767,0.10407097,0.023435064,0.107783034,0.019722998,0.1522984,-0.024792373,0.1570566,-0.029550567,0.11839853,0.0091075
19517,0,0,1,0,0,0,0,0,0,0.08035348,0.12185601,-0.041502528,0.08754595,-0.00719247,0.0866016,-0.0062481165,0.08177325,-0.0014197677,0.10389983,-0.023546346,0.07949303,0.00086045265,0.10417678,0.12794822,-0.023771442,0.10160126,0.0025755242,0.07328191,0.030894876,0.122144245,-0.017967463,0.14871027,-0.044533484,0.08922628,0.014950499
19526,1,0,1,0,1,0,1,0,0,0.31374952,0.4305739,-0.11682439,0.31385142,-0.00010189414,0.4148992,-0.10114968,0.15765223,0.1560973,0.32801762,-0.0142681,0.2977614,0.015988111,0.28029278,0.2560236,0.024269193,0.24117182,0.039120957,0.35293606,-0.07264328,0.21095923,0.06933355,0.24896167,0.031331107,0.2391659,0.041126877
19547,0,0,1,0,0,0,0,0,0,0.08151121,0.21153896,-0.13002774,0.24976276,-0.16825154,0.22277704,-0.14126584,0.08726493,-0.0057537258,0.13479823,-0.05328702,0.20783977,-0.12632856,0.06932461,0.19060221,-0.1212776,0.11239106,-0.04306645,0.10137299,-0.032048374,0.10813047,-0.038805857,0.1348835,-0.06555888,0.11512103,-0.045796417
19571,0,0,0,0,1,0,0,0,0,0.08045704,0.13517593,-0.05471889,0.117519304,-0.037062265,0.0898927,-0.009435661,0.08925015,-0.008793108,0.09370061,-0.013243571,0.09764807,-0.01719103,0.07587423,0.10425381,-0.028379582,0.057465654,0.018408578,0.051269658,0.024604574,0.0743959,0.0014783293,0.08416381,-0.008289576,0.048660785,0.027213447
19572,0,0,0,0,1,0,0,0,0,0.069346845,0.3319708,-0.26262397,0.06795131,0.0013955384,0.072052084,-0.0027052388,0.08674597,-0.017399125,0.1451433,-0.075796455,0.08213227,-0.012785427,0.06435192,0.22395866,-0.15960674,0.048204504,0.016147412,0.041423306,0.02292861,0.06341518,0.00093673915,0.13060477,-0.06625286,0.038511436,0.02584048
19605,0,1,0,0,0,0,0,0,0,0.017700886,0.090435006,-0.07273412,0.06745563,-0.04975474,0.037479717,-0.01977883,0.035887368,-0.018186482,0.04306896,-0.025368074,0.07028836,-0.052587472,0.027438344,0.1275541,-0.10011576,0.092526555,-0.06508821,0.026008464,0.00142988,0.092189655,-0.06475131,0.06845892,-0.04102058,0.06794675,-0.040508404
19661,0,0,0,0,1,0,0,0,0,0.030459525,0.12136195,-0.090902425,0.06451199,-0.03405247,0.04626835,-0.015808826,0.04868333,-0.018223805,0.04958318,-0.019123657,0.05573519,-0.025275664,0.042767446,0.15213059,-0.10936314,0.14231671,-0.09954926,0.05582485,-0.013057403,0.10209225,-0.059324805,0.08932537,-0.046557922,0.10752198,-0.06475453
19664,1,0,0,1,0,0,0,0,1,0.032005038,0.05623103,-0.024225991,0.09815525,-0.06615022,0.051824864,-0.019819826,0.091007575,-0.059002537,0.045002516,-0.012997478,0.12080078,-0.08879574,0.057449024,0.07291431,-0.015465286,0.115519136,-0.058070112,0.075915664,-0.01846664,0.1295874,-0.07213837,0.102795765,-0.04534674,0.12530163,-0.0678526
19669,0,1,0,0,0,0,0,0,0,0.016222563,0.16502745,-0.14880489,0.1788554,-0.16263284,0.07242668,-0.056204114,0.04267585,-0.026453286,0.04389039,-0.027667828,0.13544692,-0.119224355,0.036051787,0.16822658,-0.13217479,0.16927877,-0.13322699,0.0640184,-0.027966611,0.11391952,-0.07786773,0.07231627,-0.03626448,0.1380014,-0.10194961
19670,0,1,0,0,0,0,0,0,0,0.017345706,0.052372694,-0.03502699,0.10960515,-0.092259444,0.059933737,-0.042588033,0.01842212,-0.0010764133,0.035990328,-0.018644622,0.07327038,-0.055924676,0.022789018,0.106648535,-0.08385952,0.20101503,-0.17822601,0.041334163,-0.018545145,0.110756494,-0.08796748,0.058335703,-0.035546683,0.14454041,-0.1217514
19686,1,0,0,1,1,0,0,1,0,0.15066954,0.33852673,-0.18785718,0.1140574,0.036612146,0.10885641,0.041813135,0.17934123,-0.028671682,0.18868646,-0.038016915,0.15846074,-0.0077911913,0.19093125,0.21699414,-0.02606289,0.2517884,-0.060857162,0.19425312,-0.0033218712,0.19474655,-0.0038153082,0.23015329,-0.039222047,0.2139146,-0.022983357
19695,0,0,0,1,0,0,0,0,0,0.07693032,0.17857806,-0.10164774,0.1882065,-0.11127617,0.10586737,-0.02893705,0.14140484,-0.064474516,0.12133558,-0.04440526,0.18762247,-0.11069215,0.11008313,0.14543867,-0.035355538,0.18880603,-0.078722894,0.124134146,-0.014051013,0.1731473,-0.06306417,0.17126311,-0.06117998,0.19201498,-0.081931844
19701,0,0,0,1,0,0,0,0,0,0.029795514,0.1407352,-0.11093968,0.11910415,-0.089308634,0.06860013,-0.03880462,0.06886494,-0.03906943,0.052446224,-0.02265071,0.11850444,-0.08870893,0.057174683,0.19692953,-0.13975485,0.1460123,-0.08883762,0.046621136,0.010553546,0.18130939,-0.124134704,0.1014017,-0.04422702,0.10040944,-0.043234758
19703,0,1,0,0,0,0,0,0,0,0.03390963,0.13134134,-0.097431704,0.14180069,-0.10789105,0.07987564,-0.04596601,0.04457174,-0.010662109,0.056696884,-0.022787254,0.11891138,-0.08500175,0.061197694,0.15849367,-0.09729597,0.13413863,-0.07294093,0.06645568,-0.0052579828,0.16851957,-0.10732187,0.11852467,-0.057326976,0.14525594,-0.08405824
19723,0,1,0,0,0,0,0,0,0,0.020107472,0.15096183,-0.13085435,0.13785179,-0.11774432,0.055799406,-0.03569193,0.040293775,-0.020186303,0.030435175,-0.010327702,0.107576035,-0.087468565,0.025395123,0.15291615,-0.12752102,0.13764337,-0.11224824,0.035446018,-0.010050895,0.09282676,-0.067431636,0.044610314,-0.01921519,0.100610964,-0.07521584
19726,0,0,0,1,1,0,0,0,0,0.20144494,0.20350988,-0.0020649433,0.13940232,0.062042624,0.14871922,0.052725717,0.13421892,0.06722602,0.23005281,-0.028607875,0.12181834,0.0796266,0.124383464,0.14486532,-0.020481855,0.13921429,-0.014830828,0.119950354,0.0044331104,0.14763077,-0.023247302,0.123209685,0.0011737794,0.12681952,-0.0024360567
19780,0,0,0,1,1,0,0,0,0,0.1036998,0.29141548,-0.18771568,0.152847,-0.049147204,0.10216932,0.0015304834,0.17906095,-0.07536115,0.16147573,-0.05777593,0.1758841,-0.072184294,0.17445374,0.210399,-0.035945266,0.19228086,-0.017827123,0.19361734,-0.019163609,0.22872658,-0.054272845,0.15755333,0.016900405,0.21616259,-0.041708857
19848,0,0,0,1,1,0,0,0,0,0.22642761,0.30588615,-0.079458535,0.13773108,0.08869654,0.15855248,0.06787513,0.24227905,-0.015851438,0.33035582,-0.10392821,0.14742373,0.079003885,0.16208643,0.108920306,0.05316612,0.13463803,0.0274484,0.1356319,0.026454523,0.16062161,0.001464814,0.17262264,-0.010536209,0.12641697,0.03566946
19853,0,1,0,0,0,0,0,0,0,0.030767541,0.1551411,-0.124373555,0.24119794,-0.2104304,0.096142426,-0.06537488,0.05665867,-0.025891129,0.06230103,-0.031533487,0.16787681,-0.13710926,0.046658166,0.18226266,-0.1356045,0.21953891,-0.17288074,0.07117331,-0.024515145,0.1238568,-0.07719863,0.09820078,-0.051542617,0.14676663,-0.10010847
19858,0,0,0,1,0,0,0,0,0,0.04216735,0.3154174,-0.27325004,0.26276723,-0.22059987,0.11581863,-0.07365128,0.09739851,-0.05523116,0.0934339,-0.05126655,0.17932552,-0.13715817,0.06801636,0.15805103,-0.09003467,0.2172067,-0.14919034,0.15790993,-0.08989357,0.124423064,-0.056406707,0.09268994,-0.024673581,0.25094903,-0.18293267
19867,0,1,0,0,0,0,0,0,0,0.009663036,0.059472933,-0.049809895,0.12603806,-0.11637502,0.03611761,-0.026454573,0.024650296,-0.01498726,0.026357505,-0.01669447,0.060429126,-0.050766088,0.016066637,0.07445001,-0.05838337,0.2624055,-0.24633887,0.02671411,-0.010647474,0.070984,-0.05491736,0.049196336,-0.0331297,0.10683602,-0.09076938
19877,0,0,0,0,1,0,0,0,0,0.06655412,0.2510851,-0.18453097,0.09742253,-0.030868411,0.056818563,0.009735558,0.093960315,-0.027406193,0.08348364,-0.016929515,0.07180392,-0.0052497983,0.08341445,0.16211458,-0.078700125,0.06067318,0.02274127,0.059360586,0.024053864,0.08103095,0.0023835003,0.09381246,-0.010398008,0.056528844,0.026885606
19882,0,0,0,1,0,0,0,0,0,0.08244247,0.3371316,-0.25468913,0.15752774,-0.075085275,0.095565625,-0.013123155,0.13930011,-0.056857638,0.12911448,-0.04667201,0.15894294,-0.07650047,0.09908696,0.21142304,-0.11233608,0.24670455,-0.14761758,0.13534527,-0.036258303,0.18687905,-0.08779209,0.14863661,-0.049549647,0.22024007,-0.12115311
19884,0,1,0,0,0,0,0,0,0,0.0333999,0.13732626,-0.10392636,0.117928915,-0.08452901,0.05259746,-0.01919756,0.08859647,-0.055196572,0.055064086,-0.021664187,0.11936634,-0.08596644,0.07432757,0.19182989,-0.11750232,0.21234548,-0.13801791,0.06700523,0.007322341,0.19470964,-0.12038207,0.118971415,-0.04464384,0.15351695,-0.079189375
19893,0,1,0,0,0,0,0,0,0,0.09198824,0.38138443,-0.2893962,0.15047793,-0.058489688,0.145646,-0.053657763,0.13457744,-0.042589195,0.16474958,-0.072761334,0.17967011,-0.08768187,0.10944766,0.19532219,-0.08587453,0.16815814,-0.058710486,0.13275787,-0.023310214,0.12552467,-0.016077012,0.13007641,-0.02062875,0.15060091,-0.041153252
19906,0,0,0,1,1,0,0,0,0,0.11924284,0.3361848,-0.21694195,0.21249515,-0.09325231,0.14844093,-0.029198088,0.15266073,-0.033417888,0.16388993,-0.04464709,0.18426283,-0.06501999,0.15076186,0.14023457,0.010527283,0.114966586,0.03579527,0.116716176,0.03404568,0.16867332,-0.017911464,0.15529133,-0.004529476,0.11902425,0.03173761
19914,0,0,1,0,0,0,0,0,0,0.040761173,0.24114811,-0.20038694,0.37075174,-0.32999057,0.17663747,-0.1358763,0.06274905,-0.021987878,0.052769337,-0.012008164,0.24251704,-0.20175587,0.1226836,0.21345954,-0.09077594,0.24845603,-0.12577243,0.197999,-0.0753154,0.17485033,-0.05216673,0.14679947,-0.024115875,0.21335864,-0.09067504
19920,0,0,0,1,0,0,0,0,0,0.15285139,0.10762776,0.04522363,0.07229962,0.080551766,0.15581772,-0.0029663295,0.10662067,0.04623072,0.18724716,-0.03439577,0.116799876,0.03605151,0.14557457,0.13133079,0.014243782,0.13448018,0.011094391,0.11948939,0.026085183,0.23838194,-0.09280737,0.17351262,-0.027938053,0.15817156,-0.012596995
19924,0,1,0,0,0,0,0,0,0,0.06748899,0.17270471,-0.10521572,0.15754293,-0.09005394,0.12812771,-0.06063872,0.092059046,-0.024570055,0.1116518,-0.04416281,0.19209084,-0.12460185,0.09838886,0.18139462,-0.08300576,0.15703288,-0.05864402,0.099019155,-0.00063029677,0.15441419,-0.056025334,0.1639296,-0.06554074,0.17879397,-0.08040511
19929,0,1,0,0,0,0,0,0,0,0.032918602,0.23671682,-0.20379822,0.3043645,-0.2714459,0.10835494,-0.07543634,0.05989946,-0.026980858,0.08213291,-0.04921431,0.17357159,-0.14065298,0.055805817,0.18924055,-0.13343473,0.2706645,-0.2148587,0.085456,-0.029650182,0.14905535,-0.09324953,0.116764136,-0.06095832,0.1696275,-0.113821685
19935,0,0,1,1,1,0,0,0,0,0.12890682,0.44075158,-0.31184477,0.17334114,-0.044434324,0.23760757,-0.10870075,0.18111312,-0.052206308,0.27823994,-0.14933312,0.17930129,-0.050394475,0.10784762,0.16764604,-0.059798412,0.17250344,-0.06465582,0.17976853,-0.07192091,0.15000568,-0.04215806,0.1309185,-0.02307088,0.2276106,-0.11976298
19942,0,1,0,0,0,0,0,0,0,0.03895418,0.17388478,-0.1349306,0.15032731,-0.11137313,0.08546531,-0.046511132,0.09579704,-0.05684286,0.065495744,-0.026541565,0.17485441,-0.13590023,0.11588562,0.17467897,-0.058793344,0.19908129,-0.083195664,0.11886587,-0.0029802471,0.19438334,-0.078497715,0.17758892,-0.061703302,0.20301077,-0.087125145
19951,0,0,0,1,0,0,0,0,0,0.050451636,0.19227885,-0.14182721,0.2332021,-0.18275046,0.08855847,-0.038106836,0.09195051,-0.041498877,0.09603137,-0.04557973,0.14731576,-0.09686412,0.119803414,0.19330776,-0.07350434,0.13549475,-0.01569134,0.052323796,0.06747962,0.16963,-0.049826592,0.16021171,-0.0404083,0.10207804,0.01772537
19955,0,1,0,0,0,0,0,0,0,0.036935706,0.23074396,-0.19380826,0.19572589,-0.15879019,0.08945015,-0.052514445,0.07204507,-0.035109367,0.06342121,-0.026485506,0.1695948,-0.13265909,0.067013,0.22977225,-0.16275924,0.32011008,-0.2530971,0.096626334,-0.029613331,0.18953294,-0.12251993,0.13364208,-0.066629075,0.2329736,-0.16596061
19956,0,0,0,0,1,0,0,0,0,0.18015394,0.26330864,-0.08315471,0.37831256,-0.19815862,0.1736906,0.006463334,0.27443483,-0.0942809,0.19935977,-0.019205838,0.29674345,-0.11658952,0.17490458,0.19326401,-0.018359423,0.26007345,-0.08516887,0.1741845,0.0007200837,0.24766566,-0.07276107,0.24463077,-0.069726184,0.2340725,-0.05916792
19959,0,1,0,0,0,0,0,0,0,0.019797018,0.11572524,-0.09592822,0.18719897,-0.16740195,0.08041836,-0.060621344,0.052337468,-0.032540448,0.046691157,-0.02689414,0.12551986,-0.10572284,0.03294227,0.13742201,-0.104479745,0.13613935,-0.10319708,0.050673712,-0.017731443,0.0828355,-0.049893234,0.06314315,-0.03020088,0.09011485,-0.057172578
19960,0,1,0,0,0,0,0,0,0,0.106670715,0.37341028,-0.26673958,0.13689958,-0.03022886,0.13312612,-0.02645541,0.16738895,-0.06071823,0.18196127,-0.07529055,0.17607494,-0.06940422,0.11226597,0.24509925,-0.13283327,0.102806315,0.009459652,0.11625359,-0.0039876252,0.17600502,-0.063739054,0.14832242,-0.03605645,0.13243142,-0.02016545
19981,0,1,0,0,0,0,0,0,0,0.07159381,0.2011123,-0.12951848,0.219125,-0.14753118,0.14156681,-0.069973,0.10518699,-0.033593178,0.1384193,-0.06682549,0.20464997,-0.13305616,0.119552515,0.22137128,-0.10181876,0.18693094,-0.067378424,0.104381464,0.015171051,0.17343809,-0.05388557,0.17993777,-0.06038525,0.18362407,-0.06407156
19987,0,1,0,0,0,0,0,0,0,0.011836651,0.104107544,-0.092270896,0.1471967,-0.13536005,0.04113055,-0.029293898,0.026962385,-0.015125734,0.030926337,-0.019089688,0.07813358,-0.066296935,0.027032267,0.12318703,-0.096154764,0.28596056,-0.2589283,0.041980643,-0.0149483755,0.11748103,-0.09044877,0.052829742,-0.025797475,0.14561105,-0.11857878
19990,0,0,1,0,0,0,0,0,0,0.062181685,0.122719206,-0.06053752,0.22954339,-0.1673617,0.13828538,-0.0761037,0.117850184,-0.0556685,0.0939203,-0.031738613,0.28622204,-0.22404036,0.16497068,0.1379794,0.026991278,0.26140666,-0.09643598,0.17638198,-0.011411294,0.23741218,-0.0724415,0.2065419,-0.041571215,0.24225096,-0.07728028
20023,0,1,0,0,0,0,0,0,0,0.030595941,0.10900879,-0.078412846,0.09181551,-0.061219566,0.062023297,-0.031427354,0.05304098,-0.02244504,0.06337349,-0.032777548,0.122318834,-0.09172289,0.05542208,0.23306501,-0.17764293,0.08725021,-0.03182813,0.04555561,0.009866469,0.14831868,-0.092896596,0.13449456,-0.079072475,0.08129597,-0.025873888
20024,0,0,1,0,0,0,0,0,0,0.23393548,0.41472906,-0.18079358,0.19634292,0.03759256,0.2626808,-0.028745323,0.20184359,0.032091886,0.26873192,-0.034796447,0.18115135,0.05278413,0.15027036,0.29427,-0.14399965,0.15298703,-0.0027166754,0.20199871,-0.051728353,0.15813315,-0.007862791,0.20250611,-0.052235752,0.15382852,-0.0035581589
20037,0,1,0,0,0,0,0,0,0,0.035887856,0.13699321,-0.10110536,0.111964524,-0.07607667,0.084835455,-0.0489476,0.064319365,-0.028431509,0.053508002,-0.017620146,0.122382075,-0.08649422,0.039766256,0.16222246,-0.12245621,0.078666344,-0.03890009,0.057692897,-0.01792664,0.0818502,-0.042083945,0.08734359,-0.047577333,0.08554007,-0.045773815
20049,0,0,1,0,0,0,0,0,0,0.098987915,0.3362726,-0.23728469,0.2291994,-0.13021147,0.23015678,-0.13116887,0.106984146,-0.007996231,0.10057199,-0.0015840754,0.24679415,-0.14780623,0.14479864,0.23699187,-0.09219323,0.20581664,-0.061018005,0.23239036,-0.08759172,0.17117746,-0.026378825,0.17206457,-0.027265936,0.23994009,-0.095141456
20068,0,0,1,0,0,0,0,0,0,0.25874093,0.46090472,-0.20216379,0.4333264,-0.17458546,0.39575768,-0.13701674,0.26371983,-0.004978895,0.36659396,-0.107853025,0.39189318,-0.13315225,0.3688196,0.31453538,0.054284215,0.43267903,-0.06385943,0.4789737,-0.11015409,0.27769265,0.09112695,0.41761562,-0.048796028,0.38339642,-0.0145768225
20079,0,0,0,0,1,0,0,0,0,0.15067297,0.38023654,-0.22956356,0.098414175,0.052258797,0.12481785,0.025855124,0.1781827,-0.027509734,0.18091257,-0.030239597,0.09755148,0.053121492,0.026375048,0.05791481,-0.03153976,0.05534516,-0.028970111,0.024755621,0.0016194265,0.16401875,-0.1376437,0.045449443,-0.019074395,0.067220934,-0.040845886
20084,0,0,1,0,0,0,0,0,0,0.42357516,0.4105935,0.012981653,0.34540257,0.078172594,0.4934721,-0.06989694,0.3062256,0.117349565,0.47499418,-0.05141902,0.3627963,0.060778856,0.43278947,0.3033203,0.12946919,0.50422657,-0.07143709,0.5059023,-0.073112816,0.36400017,0.0687893,0.4981776,-0.06538811,0.46212187,-0.0293324
20100,0,0,0,1,0,0,0,0,0,0.09253297,0.15874514,-0.06621217,0.11866056,-0.026127592,0.114750415,-0.022217445,0.13274378,-0.040210806,0.12668632,-0.03415335,0.13298367,-0.0404507,0.1181458,0.10786058,0.010285221,0.14566171,-0.02751591,0.14376578,-0.025619976,0.13862973,-0.020483933,0.11096957,0.007176228,0.20006646,-0.08192066
20117,0,1,0,0,0,0,0,0,0,0.012685142,0.10705365,-0.09436851,0.17462873,-0.16194358,0.05496708,-0.042281937,0.030840475,-0.018155333,0.01811748,-0.0054323375,0.10248802,-0.089802876,0.022483103,0.1482266,-0.12574351,0.26622918,-0.24374607,0.055931058,-0.033447955,0.09865039,-0.076167285,0.0445236,-0.022040498,0.1432035,-0.120720394
20120,0,0,0,1,0,0,0,0,0,0.0743227,0.24151433,-0.16719162,0.13905923,-0.06473653,0.10750186,-0.033179156,0.14297579,-0.06865309,0.10666104,-0.032338336,0.15296678,-0.07864408,0.08969914,0.098759815,-0.009060673,0.12000856,-0.030309416,0.13385442,-0.044155277,0.12539677,-0.03569763,0.09612382,-0.0064246804,0.16462485,-0.07492571
20127,0,1,0,0,0,0,0,0,0,0.0110602835,0.08813707,-0.077076785,0.16635756,-0.15529728,0.04431039,-0.03325011,0.029244917,-0.018184632,0.020914875,-0.009854591,0.10835951,-0.097299226,0.027027445,0.12986276,-0.10283531,0.21225189,-0.18522444,0.06139287,-0.034365423,0.1157881,-0.08876066,0.062205635,-0.035178192,0.18481416,-0.15778671
20141,0,0,0,1,0,0,0,0,0,0.1380943,0.21998388,-0.08188957,0.165717,-0.0276227,0.12750785,0.010586455,0.17642128,-0.03832698,0.15760985,-0.019515544,0.16816814,-0.030073836,0.10665393,0.15674049,-0.050086558,0.1003353,0.006318629,0.08367003,0.022983901,0.108007334,-0.0013534054,0.117140196,-0.0104862675,0.08930038,0.01735355
20149,0,1,0,0,0,0,0,0,0,0.019723235,0.31088468,-0.29116145,0.18806343,-0.16834019,0.094961405,-0.07523817,0.05921615,-0.039492913,0.060616598,-0.04089336,0.17834641,-0.15862317,0.053103205,0.2346787,-0.18157549,0.17559181,-0.1224886,0.0952644,-0.042161193,0.1720277,-0.1189245,0.12436933,-0.07126613,0.23765472,-0.1845515
20152,0,0,1,0,0,0,0,0,0,0.08763133,0.13545522,-0.04782389,0.08259392,0.005037412,0.10875088,-0.02111955,0.098122485,-0.010491155,0.104520425,-0.016889095,0.13425665,-0.046625316,0.05567537,0.07769682,-0.022021454,0.06547782,-0.0098024495,0.06887653,-0.0132011585,0.06906188,-0.013386514,0.09633445,-0.04065908,0.06443364,-0.008758273
20198,0,1,0,0,0,0,0,0,0,0.04056019,0.25783744,-0.21727726,0.15619555,-0.115635365,0.0750035,-0.034443308,0.0910687,-0.05050851,0.06962162,-0.029061433,0.1394563,-0.098896116,0.08120687,0.1741203,-0.092913434,0.27164155,-0.19043468,0.09998706,-0.018780187,0.17425184,-0.09304497,0.13174996,-0.050543085,0.1985451,-0.117338225
20211,1,0,0,0,0,1,1,0,0,0.080061965,0.29676354,-0.21670157,0.18090093,-0.10083897,0.10333731,-0.023275346,0.16234021,-0.082278244,0.13567455,-0.055612586,0.20244434,-0.12238238,0.100568034,0.15319572,-0.05262769,0.13214667,-0.031578638,0.064066865,0.03650117,0.2198067,-0.11923867,0.120328486,-0.019760452,0.14404584,-0.04347781
20214,1,0,1,1,1,0,1,0,0,0.5980436,0.621131,-0.023087382,0.39637455,0.20166907,0.56095374,0.037089884,0.3875336,0.21051002,0.6329333,-0.034889698,0.28997403,0.3080696,0.6761507,0.42382812,0.25232255,0.53862715,0.13752353,0.6737655,0.002385199,0.5335713,0.14257938,0.60391736,0.07223332,0.494728,0.18142268
20220,0,1,0,0,0,0,0,0,0,0.06620322,0.239732,-0.17352878,0.23500727,-0.16880405,0.14609385,-0.07989062,0.09788902,-0.0316858,0.0971519,-0.030948676,0.20862003,-0.1424168,0.086217724,0.19313377,-0.10691605,0.2133613,-0.12714356,0.12607358,-0.03985586,0.12948522,-0.043267496,0.13979594,-0.05357822,0.1436978,-0.057480074
20224,0,0,0,1,1,0,0,0,0,0.57435036,0.6021667,-0.027816355,0.3704984,0.20385197,0.5423829,0.03196746,0.3071736,0.26717675,0.6167142,-0.042363822,0.2659476,0.30840275,0.56949943,0.33211294,0.2373865,0.49272943,0.07677001,0.5891934,-0.01969397,0.47408688,0.09541255,0.501852,0.06764746,0.4703169,0.099182546
20236,1,0,1,0,0,0,1,0,0,0.41928098,0.5941121,-0.17483112,0.4509502,-0.03166923,0.51523674,-0.09595576,0.26425168,0.1550293,0.5342312,-0.11495021,0.34848812,0.070792854,0.4800699,0.2684727,0.2115972,0.5441372,-0.064067274,0.6244062,-0.14433631,0.3041996,0.1758703,0.3984888,0.081581116,0.4921303,-0.012060404
20240,0,0,1,0,1,0,0,0,0,0.07361984,0.1946649,-0.12104505,0.09773871,-0.02411887,0.16020833,-0.08658849,0.083364934,-0.009745091,0.0741933,-0.0005734563,0.17621714,-0.102597296,0.09199459,0.09100454,0.000990048,0.107950844,-0.015956253,0.15022153,-0.058226936,0.10628934,-0.014294751,0.07914203,0.012852564,0.15042712,-0.058432527
20241,0,1,0,0,0,0,0,0,0,0.026372796,0.17439266,-0.14801987,0.1130381,-0.0866653,0.061085396,-0.034712598,0.04454977,-0.018176975,0.054676753,-0.028303957,0.08582533,-0.059452534,0.0333369,0.15888663,-0.12554973,0.16833046,-0.13499355,0.04537079,-0.012033891,0.09054819,-0.057211287,0.075377285,-0.042040385,0.11290781,-0.07957091
20242,1,0,0,0,0,1,1,0,0,0.040646378,0.2174989,-0.17685252,0.1558337,-0.11518733,0.10697975,-0.06633337,0.0785624,-0.037916023,0.045512225,-0.0048658475,0.1694107,-0.12876433,0.085581236,0.2340262,-0.14844495,0.15975712,-0.07417589,0.08630261,-0.00072137266,0.19969645,-0.114115216,0.10889815,-0.023316912,0.14900534,-0.0634241
20252,0,0,0,1,0,0,0,0,0,0.15438066,0.34930936,-0.19492869,0.14124826,0.013132408,0.18755157,-0.03317091,0.16667162,-0.012290955,0.21265917,-0.0582785,0.21081267,-0.05643201,0.14539501,0.16588175,-0.020486742,0.059024565,0.086370446,0.07253179,0.07286322,0.14814553,-0.002750516,0.15093759,-0.0055425763,0.07414618,0.07124883
20280,0,1,0,0,0,0,0,0,0,0.031452194,0.107657455,-0.07620526,0.20236258,-0.17091039,0.09214357,-0.06069138,0.040631123,-0.009178929,0.09046814,-0.059015945,0.116571575,-0.08511938,0.041368056,0.08529985,-0.043931793,0.28609413,-0.24472608,0.07205488,-0.030686822,0.15538746,-0.11401941,0.10210479,-0.060736734,0.2117456,-0.17037755
20288,0,0,0,0,1,0,0,0,0,0.050903026,0.13290884,-0.08200581,0.078343004,-0.027439978,0.08789387,-0.036990847,0.059770152,-0.008867126,0.10233848,-0.051435452,0.07693882,-0.026035797,0.054581005,0.09864657,-0.04406557,0.09289663,-0.038315628,0.077248946,-0.02266794,0.074831784,-0.020250779,0.12809637,-0.07351537,0.086988665,-0.03240766
20301,0,0,0,1,1,0,0,0,0,0.123127244,0.35494485,-0.2318176,0.18990703,-0.066779785,0.11979517,0.003332071,0.19571981,-0.072592564,0.16573659,-0.04260934,0.20171253,-0.07858529,0.09812422,0.122521274,-0.024397053,0.119339004,-0.021214783,0.09307532,0.005048901,0.12098718,-0.022862956,0.110770136,-0.012645915,0.11074803,-0.012623809
20313,0,0,0,1,1,0,0,0,0,0.40041295,0.41396,-0.013547063,0.28728327,0.113129675,0.32278508,0.07762787,0.38109207,0.019320875,0.47929004,-0.07887709,0.30115196,0.099260986,0.23572227,0.26798448,-0.032262206,0.22458574,0.011136532,0.2713746,-0.03565234,0.23125426,0.004468009,0.21414275,0.021579519,0.20951185,0.026210427
20317,0,0,0,0,1,0,0,0,0,0.15268399,0.3671874,-0.21450342,0.11898396,0.033700027,0.16570961,-0.013025627,0.1530947,-0.0004107058,0.18523215,-0.03254816,0.1055872,0.04709679,0.026861008,0.11888106,-0.09202005,0.097692005,-0.070831,0.067752846,-0.040891837,0.055124927,-0.028263919,0.03357406,-0.0067130513,0.083582304,-0.056721296
20330,0,0,0,0,1,0,0,0,0,0.038769912,0.17035194,-0.13158202,0.08739018,-0.048620265,0.038924005,-0.00015409291,0.06919637,-0.030426461,0.06360971,-0.0248398,0.06188414,-0.023114227,0.0920066,0.17609796,-0.08409136,0.05974886,0.032257743,0.048510626,0.043495975,0.13230547,-0.04029887,0.095326,-0.0033193976,0.05703869,0.03496791
20356,0,1,0,0,0,0,0,0,0,0.01184948,0.22514686,-0.21329738,0.19378833,-0.18193886,0.056011125,-0.044161648,0.026151216,-0.014301736,0.033001557,-0.021152077,0.0893693,-0.07751982,0.022846559,0.17649172,-0.15364516,0.2326564,-0.20980984,0.046043757,-0.023197198,0.10538238,-0.082535826,0.07102096,-0.048174404,0.14674388,-0.12389732
20369,1,0,0,0,0,1,1,0,0,0.011276622,0.17131042,-0.1600338,0.14199899,-0.13072237,0.05022219,-0.038945567,0.042523067,-0.031246446,0.03377158,-0.022494957,0.1224422,-0.111165576,0.024790015,0.15772061,-0.13293059,0.15847115,-0.13368113,0.044664998,-0.019874983,0.11078007,-0.08599006,0.054667495,-0.02987748,0.11567206,-0.09088205
20387,0,1,0,0,0,0,0,0,0,0.030058187,0.22007349,-0.1900153,0.21852827,-0.18847008,0.07917201,-0.04911382,0.093629755,-0.06357157,0.07206982,-0.04201163,0.19159365,-0.16153546,0.04033285,0.16043092,-0.12009807,0.20798974,-0.16765688,0.061811168,-0.021478318,0.13723195,-0.09689909,0.08950738,-0.04917453,0.13572729,-0.09539443
20401,0,1,0,0,0,0,0,0,0,0.04108363,0.10275977,-0.06167614,0.13596575,-0.094882116,0.06691431,-0.025830682,0.049820345,-0.008736715,0.09568075,-0.05459712,0.11832422,-0.07724059,0.043950435,0.12438829,-0.080437854,0.10740963,-0.0634592,0.07360364,-0.029653203,0.15660462,-0.11265418,0.11802022,-0.07406978,0.15267399,-0.10872355
20402,0,1,0,0,0,0,0,0,0,0.016898293,0.116620325,-0.09972203,0.11196766,-0.09506936,0.043496676,-0.026598383,0.026938053,-0.01003976,0.05783652,-0.04093823,0.07746484,-0.06056655,0.036758576,0.17624383,-0.13948525,0.29895002,-0.26219144,0.06285247,-0.026093896,0.15387237,-0.1171138,0.10851563,-0.07175705,0.22801015,-0.19125158
20515,0,0,0,1,1,0,0,0,0,0.2376524,0.1364775,0.101174906,0.19989055,0.037761852,0.22180973,0.015842676,0.25278732,-0.015134916,0.24008326,-0.0024308562,0.243018,-0.005365595,0.11823475,0.09092486,0.027309895,0.14399636,-0.025761604,0.07972889,0.038505867,0.15290533,-0.034670576,0.12075711,-0.0025223568,0.13270819,-0.014473438
20523,0,1,0,0,0,0,0,0,0,0.0061051003,0.11044978,-0.10434468,0.08349198,-0.07738688,0.029886797,-0.023781696,0.01820841,-0.01210331,0.017929692,-0.011824591,0.068345085,-0.062239986,0.01766077,0.1391825,-0.121521726,0.21268424,-0.19502348,0.030952565,-0.013291795,0.08265946,-0.06499869,0.048338,-0.03067723,0.117487326,-0.09982656
20536,0,0,0,1,1,0,0,0,0,0.2548119,0.25363773,0.0011741817,0.13062063,0.124191284,0.18473287,0.07007904,0.27616894,-0.02135703,0.26709467,-0.012282759,0.17711578,0.07769613,0.1053329,0.14684682,-0.041513912,0.0962098,0.009123102,0.08441706,0.020915844,0.102936596,0.002396308,0.12770472,-0.022371821,0.09972374,0.005609162
20549,0,1,0,0,0,0,0,0,0,0.0521504,0.104294755,-0.052144356,0.17513667,-0.12298627,0.11686444,-0.064714044,0.06794619,-0.01579579,0.06095509,-0.00880469,0.1552572,-0.1031068,0.073877595,0.18356268,-0.109685086,0.17924654,-0.10536895,0.09849798,-0.024620384,0.22839187,-0.15451428,0.12392211,-0.050044514,0.17473856,-0.10086096
20563,0,0,1,0,0,0,0,0,0,0.10232731,0.38189045,-0.27956313,0.20690913,-0.104581825,0.14489624,-0.04256893,0.17097779,-0.06865048,0.22908787,-0.12676057,0.26522452,-0.1628972,0.14160612,0.20122461,-0.059618488,0.19926919,-0.05766307,0.08787369,0.053732432,0.20475121,-0.063145086,0.174035,-0.032428876,0.17557335,-0.033967227
20566,0,0,1,0,0,0,0,0,0,0.06615,0.34315702,-0.277007,0.24760936,-0.18145937,0.2565584,-0.19040838,0.06074069,0.0054093115,0.106934175,-0.040784173,0.21402454,-0.14787453,0.13316832,0.21658184,-0.08341351,0.15950356,-0.02633524,0.18646455,-0.053296223,0.13148594,0.0016823858,0.18083365,-0.047665328,0.16349977,-0.030331448
20576,0,1,0,0,0,0,0,0,0,0.0070000985,0.062273316,-0.055273216,0.07825756,-0.071257465,0.0314009,-0.024400802,0.01736113,-0.010361033,0.018732874,-0.011732776,0.061310258,-0.054310158,0.028693799,0.12744929,-0.098755494,0.17416969,-0.1454759,0.045610614,-0.016916815,0.12127305,-0.092579246,0.08209306,-0.05339926,0.14066099,-0.11196719
20602,0,0,1,1,0,0,0,0,0,0.19152346,0.27619535,-0.084671885,0.12718014,0.06434332,0.19700795,-0.0054844916,0.18808086,0.0034426004,0.25773546,-0.066212,0.1933729,-0.0018494427,0.15962863,0.18290046,-0.023271829,0.09799483,0.061633803,0.11117574,0.04845289,0.15020138,0.009427249,0.15151942,0.008109212,0.13400389,0.025624737
20603,0,1,0,0,0,0,0,0,0,0.020351624,0.13300288,-0.11265125,0.094474174,-0.07412255,0.059224505,-0.038872883,0.046942953,-0.026591329,0.036800724,-0.0164491,0.1261777,-0.10582607,0.048511792,0.13445632,-0.08594453,0.087164596,-0.038652804,0.054159656,-0.005647864,0.1299154,-0.08140361,0.10809277,-0.059580978,0.08875565,-0.04024386
20624,0,1,0,0,0,0,0,0,0,0.007757335,0.07271505,-0.064957716,0.10605021,-0.09829287,0.033124685,-0.02536735,0.0151380915,-0.0073807565,0.026063256,-0.01830592,0.05504149,-0.047284152,0.022880351,0.12059021,-0.09770986,0.20370564,-0.1808253,0.034636978,-0.011756627,0.107108966,-0.08422861,0.049139988,-0.026259637,0.11657415,-0.0936938
20646,0,0,0,1,1,0,0,0,0,0.13166378,0.15357897,-0.021915182,0.105268255,0.02639553,0.10778578,0.023878,0.14110577,-0.009441987,0.1702986,-0.03863482,0.11552415,0.016139634,0.103479736,0.106031746,-0.0025520101,0.04981801,0.053661726,0.06898623,0.034493506,0.100257054,0.0032226816,0.11648167,-0.013001934,0.049837872,0.053641863
20671,0,1,0,0,0,0,0,0,0,0.053271897,0.3198472,-0.2665753,0.13149145,-0.078219555,0.06798219,-0.014710292,0.08436512,-0.031093225,0.08606333,-0.032791436,0.12689391,-0.07362201,0.09564938,0.22041686,-0.12476748,0.21863963,-0.12299025,0.072150104,0.023499273,0.2042308,-0.108581424,0.1394723,-0.04382293,0.2019755,-0.10632612
20674,0,0,0,1,0,0,0,0,0,0.1008743,0.20669888,-0.10582458,0.19293381,-0.092059515,0.11580758,-0.014933281,0.20045242,-0.09957812,0.1702238,-0.069349505,0.24386872,-0.14299443,0.13371469,0.1747688,-0.041054115,0.20262714,-0.06891245,0.10489318,0.028821513,0.19047962,-0.05676493,0.14527157,-0.011556879,0.2577672,-0.12405251
20684,0,1,0,0,0,0,0,0,0,0.015638987,0.12367602,-0.10803703,0.12663136,-0.11099238,0.05082853,-0.035189547,0.052775603,-0.037136614,0.028240707,-0.01260172,0.11646882,-0.10082983,0.029154582,0.15215833,-0.12300375,0.16241299,-0.1332584,0.048469804,-0.019315222,0.09487562,-0.065721035,0.0559491,-0.026794517,0.11358684,-0.08443226
20724,0,1,0,0,0,0,0,0,0,0.06709905,0.18928997,-0.12219092,0.16426997,-0.09717092,0.1350469,-0.06794785,0.13431096,-0.06721191,0.08282992,-0.015730873,0.21516605,-0.148067,0.080678545,0.14878422,-0.068105675,0.14808181,-0.067403264,0.1077533,-0.027074754,0.1318673,-0.05118876,0.1300554,-0.049376853,0.1374961,-0.056817554
20730,0,1,0,0,0,0,0,0,0,0.10951514,0.2549931,-0.14547798,0.14199738,-0.032482244,0.12007365,-0.010558508,0.12136742,-0.011852279,0.15079957,-0.041284434,0.16311303,-0.05359789,0.07441433,0.17153992,-0.09712559,0.14808461,-0.07367028,0.071034,0.0033803284,0.13011171,-0.05569738,0.097645655,-0.023231328,0.13767906,-0.06326473
20753,0,0,1,0,0,0,0,0,0,0.12135337,0.38437527,-0.2630219,0.21094327,-0.089589894,0.25062853,-0.12927516,0.12390327,-0.0025498942,0.16305888,-0.041705504,0.28879896,-0.16744559,0.11587062,0.29955447,-0.18368384,0.16535862,-0.049488,0.24226248,-0.12639186,0.110387586,0.0054830313,0.16127035,-0.045399733,0.20269544,-0.08682483
20775,0,0,0,0,1,0,0,0,0,0.07872451,0.21068846,-0.13196394,0.11856781,-0.0398433,0.068985485,0.009739026,0.1765627,-0.097838186,0.12250527,-0.04378076,0.15375099,-0.075026475,0.075678654,0.18854558,-0.11286693,0.14272909,-0.067050435,0.085449025,-0.009770371,0.12665345,-0.050974794,0.13063556,-0.054956906,0.13243416,-0.056755506
20776,0,0,1,0,0,0,0,0,0,0.053520575,0.18436661,-0.13084604,0.115391046,-0.06187047,0.13483976,-0.08131918,0.06449391,-0.010973334,0.06109765,-0.0075770766,0.15088542,-0.09736484,0.051090743,0.16324362,-0.112152874,0.05451392,-0.0034231767,0.058341384,-0.0072506405,0.06923182,-0.01814108,0.09259982,-0.041509073,0.06307744,-0.011986699
20801,0,0,1,0,0,0,0,0,0,0.17446749,0.43253258,-0.2580651,0.45310938,-0.27864188,0.30624038,-0.13177289,0.19262925,-0.018161759,0.20449732,-0.030029833,0.3080848,-0.1336173,0.32027674,0.34231016,-0.022033423,0.35413426,-0.033857524,0.4120658,-0.09178907,0.24754415,0.07273258,0.3236331,-0.0033563673,0.30367142,0.016605318
20831,0,1,0,0,0,0,0,0,0,0.0144922845,0.06331036,-0.048818078,0.07524612,-0.060753834,0.02730008,-0.012807796,0.04106055,-0.026568264,0.029928708,-0.015436424,0.08118471,-0.06669243,0.027448164,0.1035798,-0.076131634,0.17199168,-0.14454351,0.034994476,-0.0075463112,0.120487586,-0.09303942,0.054589506,-0.027141342,0.11448766,-0.0870395
20865,0,0,0,1,1,0,0,0,0,0.10176035,0.27341393,-0.17165357,0.15027203,-0.048511676,0.1034134,-0.0016530529,0.14890634,-0.047145985,0.16137034,-0.059609987,0.15074848,-0.048988126,0.11985865,0.11047199,0.009386659,0.18119463,-0.06133598,0.109973595,0.009885058,0.18396822,-0.064109564,0.122635216,-0.0027765632,0.20511885,-0.0852602
20873,0,0,1,0,0,0,0,0,0,0.16711405,0.3170557,-0.14994165,0.28044513,-0.11333108,0.30170986,-0.13459581,0.22639616,-0.05928211,0.2802964,-0.113182336,0.3492902,-0.18217614,0.102059774,0.24598823,-0.14392847,0.14947928,-0.04741951,0.18247867,-0.08041889,0.11608792,-0.014028147,0.19736405,-0.09530427,0.19412558,-0.0920658
20887,0,1,0,0,0,0,0,0,0,0.018113103,0.15942526,-0.14131215,0.14168327,-0.12357016,0.0596061,-0.041493,0.032829553,-0.01471645,0.035257436,-0.017144334,0.10722344,-0.089110345,0.036232203,0.1748606,-0.1386284,0.22655377,-0.19032156,0.044760197,-0.008527994,0.12357472,-0.087342516,0.07789598,-0.041663773,0.1290494,-0.0928172
20891,0,1,0,0,0,0,0,0,0,0.040137336,0.22308438,-0.18294704,0.24918175,-0.20904441,0.12969647,-0.08955914,0.077416,-0.037278667,0.1000414,-0.05990406,0.2086658,-0.16852847,0.089288354,0.15732934,-0.06804098,0.22459954,-0.13531119,0.12487748,-0.03558913,0.18453498,-0.09524663,0.13902178,-0.04973343,0.21834977,-0.12906142
20893,0,0,0,1,0,0,0,0,0,0.31508404,0.45747793,-0.14239389,0.16256055,0.15252349,0.3420857,-0.02700165,0.41459683,-0.099512786,0.4683146,-0.15323055,0.2053215,0.109762534,0.17208008,0.20201336,-0.029933274,0.436255,-0.26417494,0.2750227,-0.1029426,0.3109937,-0.13891362,0.19630842,-0.024228334,0.43069094,-0.25861084
20902,0,0,0,1,1,0,0,0,0,0.0986173,0.45664346,-0.35802615,0.19668137,-0.098064065,0.07968975,0.018927552,0.2307502,-0.1321329,0.16245933,-0.06384203,0.15923591,-0.06061861,0.101607464,0.16437607,-0.0627686,0.11600587,-0.0143984035,0.07552603,0.026081435,0.1277594,-0.026151933,0.117633514,-0.01602605,0.09996679,0.0016406775
20905,0,1,0,0,0,0,0,0,0,0.010805734,0.058224477,-0.047418743,0.10760906,-0.09680333,0.035049316,-0.024243582,0.017604563,-0.006798829,0.02836125,-0.017555516,0.051108863,-0.04030313,0.02447617,0.12952171,-0.10504554,0.28368938,-0.2592132,0.035479166,-0.011002995,0.17845333,-0.15397716,0.05743544,-0.03295927,0.18443966,-0.15996349
20939,0,0,1,0,0,0,0,0,0,0.0690909,0.21296051,-0.14386961,0.3306299,-0.26153898,0.16376321,-0.09467231,0.107447445,-0.038356543,0.09991087,-0.030819967,0.2766292,-0.2075383,0.15655136,0.20145637,-0.044905007,0.3852133,-0.22866192,0.29690632,-0.14035496,0.20929272,-0.052741364,0.15999675,-0.003445387,0.32783595,-0.17128459
20943,0,1,0,0,0,0,0,0,0,0.047494303,0.21520928,-0.16771497,0.2177486,-0.17025429,0.17216894,-0.12467463,0.060083196,-0.012588892,0.09959866,-0.052104358,0.19438457,-0.14689027,0.06885629,0.20152815,-0.13267186,0.15700547,-0.08814918,0.088707134,-0.019850843,0.13628852,-0.06743223,0.15152346,-0.082667165,0.1390829,-0.0702266
20950,1,0,0,1,0,0,0,0,1,0.119507335,0.5239568,-0.40444943,0.25081283,-0.13130549,0.22156498,-0.10205764,0.23401842,-0.11451108,0.25556982,-0.13606247,0.22827789,-0.10877056,0.14553195,0.28456706,-0.1390351,0.18594679,-0.04041484,0.2054082,-0.05987625,0.16228352,-0.016751572,0.15576833,-0.0102363825,0.20924538,-0.06371343
20958,0,0,0,0,1,0,0,0,0,0.10016595,0.118862264,-0.018696316,0.108523235,-0.008357286,0.099068135,0.0010978132,0.099890165,0.00027578324,0.10924438,-0.009078428,0.10242807,-0.002262123,0.09229445,0.10599431,-0.013699859,0.07962659,0.012667857,0.055183623,0.037110824,0.09908503,-0.006790586,0.09103291,0.0012615398,0.06511229,0.027182154
20966,0,0,0,1,0,0,0,0,0,0.09297604,0.30665675,-0.21368071,0.15376696,-0.06079092,0.21241498,-0.11943894,0.21930632,-0.12633029,0.25007054,-0.15709451,0.24929057,-0.15631452,0.108781874,0.14533715,-0.036555275,0.4541481,-0.34536624,0.28635186,-0.17756999,0.19943245,-0.09065057,0.13686094,-0.028079063,0.4667159,-0.35793403
20974,0,0,0,0,1,0,0,0,0,0.14482597,0.42961612,-0.28479016,0.1829018,-0.038075835,0.15512203,-0.010296062,0.21112514,-0.06629917,0.17880625,-0.03398028,0.18404192,-0.039215952,0.16978309,0.23949444,-0.06971136,0.21005495,-0.040271863,0.17767036,-0.007887274,0.17363971,-0.0038566291,0.16412722,0.00565587,0.19223057,-0.022447482
21004,0,0,1,0,1,0,0,0,0,0.5658024,0.540139,0.025663376,0.26631412,0.29948828,0.42361182,0.14219058,0.37148598,0.19431642,0.59078795,-0.024985552,0.31143478,0.25436762,0.3625613,0.28059456,0.08196673,0.29354548,0.0690158,0.38425338,-0.021692097,0.26534024,0.09722105,0.2959834,0.06657788,0.28017446,0.08238682
21011,0,0,0,1,0,0,0,0,0,0.021165298,0.09843345,-0.07726815,0.09255871,-0.071393415,0.07776186,-0.056596562,0.040932823,-0.019767525,0.04404392,-0.022878623,0.13909943,-0.11793414,0.06447535,0.10136379,-0.036888443,0.07751348,-0.013038129,0.08443921,-0.01996386,0.118687995,-0.054212645,0.11595669,-0.051481336,0.09708603,-0.032610677
21017,0,0,1,0,0,0,0,0,0,0.031559236,0.17685263,-0.14529338,0.10779065,-0.07623141,0.07656731,-0.04500807,0.05321696,-0.021657724,0.067661054,-0.036101818,0.1371764,-0.10561716,0.063904375,0.12151465,-0.057610273,0.10581598,-0.041911602,0.08750416,-0.023599789,0.14743568,-0.083531305,0.11057998,-0.046675608,0.1328622,-0.06895782
21021,1,0,1,0,0,0,1,0,0,0.278883,0.4487027,-0.16981968,0.27210632,0.0067766905,0.3348002,-0.055917203,0.17957339,0.09930962,0.40328467,-0.12440166,0.27122045,0.0076625645,0.0633874,0.12764318,-0.06425578,0.1402384,-0.076851,0.12585193,-0.062464528,0.06642626,-0.0030388609,0.17326781,-0.10988041,0.09896221,-0.03557481
21028,0,0,0,0,1,0,0,0,0,0.03882621,0.13538541,-0.0965592,0.12867033,-0.08984412,0.06257212,-0.023745913,0.07398794,-0.03516173,0.07223984,-0.03341363,0.12135135,-0.082525134,0.06099647,0.101709254,-0.040712785,0.10633477,-0.0453383,0.056687143,0.0043093264,0.10804283,-0.04704636,0.11706131,-0.05606484,0.084906876,-0.023910407
21036,0,1,0,0,0,0,0,0,0,0.021201761,0.15411724,-0.13291548,0.11994363,-0.098741874,0.054499555,-0.033297792,0.065005034,-0.043803275,0.035607584,-0.014405822,0.13139236,-0.1101906,0.045871135,0.14179483,-0.09592369,0.232014,-0.18614286,0.064144135,-0.018273,0.16620217,-0.120331034,0.08035112,-0.034479987,0.17437863,-0.1285075
21085,0,0,0,1,0,0,0,0,0,0.25251758,0.4675874,-0.21506983,0.18734375,0.065173835,0.3539266,-0.10140902,0.42248857,-0.16997099,0.44849738,-0.1959798,0.32962364,-0.07710606,0.14505383,0.20600809,-0.060954258,0.47469398,-0.32964015,0.32618767,-0.18113384,0.26037914,-0.1153253,0.18586074,-0.040806904,0.505016,-0.3599622
21093,0,0,0,1,0,0,0,0,0,0.21774724,0.54463136,-0.32688412,0.22634207,-0.008594826,0.30868152,-0.09093428,0.36548886,-0.14774162,0.43594807,-0.21820083,0.29192635,-0.07417911,0.14262311,0.25299618,-0.110373065,0.38889766,-0.24627455,0.26334536,-0.12072225,0.20906062,-0.06643751,0.18386151,-0.041238397,0.39597476,-0.25335163
21099,0,0,1,0,0,0,0,0,0,0.1451865,0.35583904,-0.21065255,0.41586304,-0.27067655,0.26524794,-0.12006144,0.15461552,-0.009429023,0.26363352,-0.11844702,0.322497,-0.17731051,0.18131623,0.27109203,-0.0897758,0.355397,-0.17408076,0.3071836,-0.12586737,0.1762319,0.005084321,0.26935214,-0.08803591,0.28722942,-0.10591319
21104,1,0,1,0,1,0,1,0,0,0.16022761,0.38513562,-0.22490801,0.07872012,0.08150749,0.13726452,0.022963092,0.13053137,0.029696241,0.24520805,-0.08498044,0.09591737,0.064310245,0.25562066,0.3074811,-0.05186045,0.14067614,0.11494452,0.23650225,0.019118413,0.19738613,0.058234528,0.37825653,-0.12263587,0.13065706,0.1249636
21111,0,0,0,1,0,0,0,0,0,0.14920211,0.4720448,-0.3228427,0.19909163,-0.04988952,0.1405873,0.008614808,0.2124416,-0.063239485,0.24476524,-0.09556313,0.20801522,-0.05881311,0.14335313,0.18405496,-0.04070182,0.13283242,0.010520712,0.14041263,0.0029405057,0.16740766,-0.024054527,0.16365096,-0.020297825,0.15077458,-0.007421449
21148,0,0,0,1,0,0,0,0,0,0.21878785,0.40346456,-0.1846767,0.1641636,0.054624245,0.18195914,0.03682871,0.19992308,0.018864766,0.32526845,-0.1064806,0.17362377,0.04516408,0.1486654,0.17986646,-0.031201065,0.3383217,-0.18965629,0.20239927,-0.05373387,0.18052505,-0.03185965,0.22347271,-0.074807316,0.30191594,-0.15325055
21163,0,0,0,1,1,0,0,0,0,0.25661612,0.44870892,-0.1920928,0.17335661,0.08325951,0.23347296,0.023143157,0.20636879,0.050247326,0.3828465,-0.12623039,0.18171152,0.07490459,0.14759855,0.22427255,-0.076674,0.3240363,-0.17643775,0.19363369,-0.04603514,0.16992354,-0.022324994,0.23130074,-0.08370219,0.2881302,-0.14053164
21173,1,0,1,0,1,0,1,0,0,0.21735542,0.47086623,-0.25351083,0.14064027,0.07671514,0.25885767,-0.041502252,0.13598104,0.08137438,0.3246049,-0.10724948,0.13971552,0.07763989,0.1214719,0.30554843,-0.18407653,0.11674774,0.00472416,0.18493672,-0.06346482,0.089064084,0.032407813,0.15456235,-0.033090457,0.11507633,0.0063955635
21177,0,1,0,0,0,0,0,0,0,0.019242406,0.15073903,-0.13149662,0.27135202,-0.25210962,0.099331416,-0.08008901,0.033051863,-0.013809457,0.036786526,-0.01754412,0.15702352,-0.13778111,0.041392636,0.14363065,-0.102238014,0.20460534,-0.1632127,0.11955546,-0.07816282,0.09216044,-0.050767805,0.0780746,-0.03668196,0.20475687,-0.16336423
21181,0,0,0,1,0,0,0,0,0,0.24524471,0.3569854,-0.11174068,0.16105464,0.08419007,0.20300008,0.042244628,0.21119487,0.03404984,0.37704292,-0.13179821,0.1608293,0.084415406,0.1422304,0.17542925,-0.03319885,0.3666002,-0.22436978,0.16571645,-0.023486048,0.16970088,-0.02747047,0.23628145,-0.09405105,0.28742722,-0.14519681
21205,0,0,0,0,1,0,0,0,0,0.16347294,0.34171414,-0.17824121,0.33930963,-0.1758367,0.2145443,-0.05107136,0.10168513,0.061787806,0.24385273,-0.0803798,0.1037424,0.059730537,0.30659568,0.1222907,0.18430498,0.39045772,-0.08386204,0.38158426,-0.074988574,0.25740075,0.049194932,0.3052189,0.0013767779,0.2721785,0.034417182
21306,0,0,0,0,1,0,0,0,0,0.029807026,0.106711045,-0.07690402,0.09605658,-0.06624956,0.06538863,-0.035581604,0.059830975,-0.03002395,0.057921484,-0.028114459,0.10812824,-0.07832122,0.06063689,0.116174236,-0.055537347,0.12016667,-0.059529778,0.08018458,-0.01954769,0.093099326,-0.032462437,0.13193808,-0.07130119,0.09388212,-0.033245232
21325,1,0,0,1,0,0,1,0,0,0.14287055,0.26054484,-0.11767429,0.109226756,0.03364379,0.12485708,0.018013462,0.23369695,-0.09082641,0.15219304,-0.009322494,0.17397058,-0.031100035,0.1337356,0.1430324,-0.009296805,0.13455074,-0.0008151382,0.10287745,0.030858144,0.15907922,-0.025343627,0.13863814,-0.0049025416,0.16044073,-0.026705131
21363,0,0,0,0,1,0,0,0,0,0.25339502,0.2719614,-0.01856637,0.2872872,-0.033892184,0.36782634,-0.11443132,0.28103694,-0.027641922,0.25099945,0.0023955703,0.3135115,-0.06011647,0.2917141,0.14827782,0.14343628,0.326242,-0.034527898,0.3958846,-0.1041705,0.22354111,0.06817299,0.23413911,0.057574987,0.26617813,0.02553597
21385,0,1,0,0,0,0,0,0,0,0.020579105,0.08010168,-0.05952257,0.13929534,-0.11871623,0.08355528,-0.062976174,0.024049189,-0.0034700837,0.03930262,-0.018723516,0.10542897,-0.084849864,0.022885995,0.09863314,-0.07574715,0.2818078,-0.2589218,0.06637621,-0.043490216,0.09798268,-0.07509669,0.07055389,-0.0476679,0.22034962,-0.19746363
21391,0,1,0,0,0,0,0,0,0,0.0161121,0.05916641,-0.04305431,0.094682835,-0.07857074,0.03667629,-0.020564191,0.031848386,-0.015736286,0.028131612,-0.012019511,0.09236133,-0.07624923,0.019610642,0.10495958,-0.085348934,0.2077198,-0.18810916,0.034552574,-0.014941933,0.090641305,-0.07103066,0.03893328,-0.01932264,0.123453066,-0.10384242
21431,1,0,1,1,0,0,1,0,0,0.25433084,0.43523246,-0.18090162,0.50399643,-0.24966559,0.41267228,-0.15834144,0.25561726,-0.0012864172,0.33006746,-0.07573661,0.37835607,-0.124025226,0.37921825,0.35772493,0.021493316,0.49189913,-0.11268088,0.44008186,-0.060863614,0.37414962,0.00506863,0.45620915,-0.0769909,0.3710238,0.008194447
21444,0,1,0,0,0,0,0,0,0,0.017381664,0.084749885,-0.067368224,0.16486673,-0.14748506,0.104596704,-0.087215036,0.03207806,-0.014696397,0.025250405,-0.007868741,0.15981327,-0.1424316,0.024094714,0.12663907,-0.10254435,0.06173546,-0.037640743,0.05291733,-0.028822618,0.06842843,-0.04433371,0.0522578,-0.028163085,0.075673215,-0.0515785
21555,1,0,1,0,0,0,1,0,0,0.26330113,0.45947543,-0.1961743,0.35727292,-0.09397179,0.3286564,-0.06535527,0.26841474,-0.0051136017,0.29655457,-0.03325343,0.33781293,-0.074511796,0.24799244,0.26985055,-0.021858111,0.34388515,-0.09589271,0.37634924,-0.1283568,0.20519793,0.04279451,0.22221074,0.025781706,0.31555408,-0.06756164
21584,0,0,0,0,1,0,0,0,0,0.09955988,0.16733912,-0.067779236,0.17943896,-0.07987908,0.13335818,-0.0337983,0.111356266,-0.011796385,0.17753494,-0.07797506,0.16306409,-0.06350421,0.120946564,0.11357926,0.0073673055,0.11741127,0.003535293,0.086778365,0.0341682,0.15011045,-0.02916389,0.15707898,-0.036132418,0.1103338,0.010612763
21622,0,1,0,0,0,0,0,0,0,0.024713097,0.14149442,-0.116781324,0.1425317,-0.117818594,0.052902024,-0.028188927,0.069548845,-0.044835746,0.041421775,-0.016708678,0.1407018,-0.1159887,0.04577893,0.14668685,-0.10090792,0.13990952,-0.09413059,0.045729358,4.9572438e-05,0.12516004,-0.07938111,0.09538176,-0.04960283,0.11879502,-0.07301609
21673,1,0,1,0,0,0,1,0,0,0.61689943,0.38138437,0.23551506,0.25269616,0.36420327,0.50815123,0.1087482,0.28232965,0.33456978,0.541388,0.075511456,0.25808924,0.3588102,0.593345,0.26005617,0.33328882,0.43364656,0.15969843,0.60775876,-0.014413774,0.43121725,0.16212773,0.45875415,0.13459083,0.4185116,0.17483339
21675,1,0,1,1,0,0,1,0,0,0.6804964,0.4050488,0.2754476,0.3074401,0.3730563,0.5422471,0.13824928,0.4958353,0.18466109,0.65155107,0.028945327,0.3442205,0.3362759,0.68838257,0.32095113,0.36743143,0.55972743,0.12865514,0.69702506,-0.008642495,0.56046045,0.12792212,0.5795704,0.10881215,0.56962484,0.118757725
21764,0,0,0,1,1,0,0,0,0,0.17881905,0.09433655,0.0844825,0.17192115,0.0068978965,0.14605966,0.032759383,0.14686745,0.03195159,0.23799193,-0.059172884,0.10745474,0.071364306,0.10683618,0.084437355,0.022398822,0.15013433,-0.043298148,0.08383032,0.023005858,0.16290665,-0.05607047,0.112783164,-0.0059469864,0.13250086,-0.02566468
21796,0,0,0,1,1,0,0,0,0,0.114714414,0.20541623,-0.09070182,0.15465133,-0.039936915,0.1238193,-0.009104885,0.1971817,-0.08246729,0.12755145,-0.012837037,0.16889143,-0.054177016,0.12603956,0.13714023,-0.011100665,0.08600507,0.040034495,0.09463504,0.031404525,0.15252191,-0.026482344,0.11836437,0.0076751933,0.08676102,0.039278544
21809,0,1,0,0,0,0,0,0,0,0.024370406,0.07918476,-0.054814357,0.08239466,-0.058024254,0.052999932,-0.028629526,0.07591509,-0.051544685,0.03033636,-0.0059659537,0.12335166,-0.09898126,0.046735547,0.09780488,-0.051069334,0.08888488,-0.042149335,0.05327377,-0.0065382235,0.100717284,-0.053981736,0.07472979,-0.027994245,0.10960615,-0.0628706
21812,0,0,0,1,0,0,0,0,0,0.054891013,0.16124424,-0.10635323,0.16839838,-0.11350737,0.053355392,0.0015356205,0.13544528,-0.08055427,0.0955175,-0.04062649,0.1444214,-0.089530386,0.10819503,0.15946457,-0.05126954,0.138511,-0.030315973,0.10738531,0.00080972165,0.13265134,-0.024456315,0.13110007,-0.022905044,0.1550999,-0.04690487
21818,0,1,0,0,0,0,0,0,0,0.038077965,0.19816609,-0.16008812,0.107389085,-0.06931112,0.06148376,-0.023405794,0.093226925,-0.05514896,0.07445441,-0.036376446,0.10750241,-0.06942444,0.055131264,0.15627782,-0.10114656,0.1444014,-0.08927014,0.062168606,-0.0070373416,0.13216387,-0.0770326,0.10608631,-0.05095505,0.1280607,-0.072929434
21819,0,0,0,1,0,0,0,0,0,0.11422021,0.21443233,-0.10021212,0.121367514,-0.0071473047,0.11407621,0.00014399737,0.14095797,-0.026737757,0.14320716,-0.028986953,0.17128386,-0.057063647,0.13700199,0.18845394,-0.05145195,0.13467628,0.0023257136,0.11448123,0.022520758,0.17434457,-0.03734258,0.13097185,0.0060301423,0.13927172,-0.00226973
21826,0,0,0,0,1,0,0,0,0,0.07363733,0.20773162,-0.1340943,0.08997384,-0.016336508,0.08752314,-0.013885811,0.103235796,-0.029598467,0.10006413,-0.0264268,0.10040443,-0.026767097,0.11182316,0.1647085,-0.05288534,0.08826559,0.023557566,0.08080227,0.031020887,0.12147999,-0.009656832,0.15718903,-0.04536587,0.08260399,0.029219165
